symbol,screener_company_id,statement_type,financial_reporting_date,pe_average_3y,pe_median_3y,pe_average_5y,pe_median_5y,pe_average_10y,pe_median_10y,sales_growth_3y,sales_growth_5y,sales_growth_10y,profit_growth_3y,profit_growth_5y,profit_growth_10y,eps_growth_3y,eps_growth_5y,eps_growth_10y,debt_to_equity,roe,opm,source_url,refreshed_at
20MICRONS.NS,11,consolidated,2026-03-31,12.0,11.7,10.3732,10.0,9.8929,9.95,11.0,23.0,20.0,17.0,23.0,20.0,16.919569634326372,23.81116132628234,19.80141801671,0.3223140495867768,14.5,13.0,https://www.screener.in/company/20MICRONS/consolidated/,2026-08-01T22:43:49.792457+00:00
21STCENMGM.NS,3504,consolidated,2026-03-31,3.2241,2.0,2.6964,1.9,4.35,2.9,23.0,,,-13.0,11.0,9.0,,,,0.0,-57.2,17.0,https://www.screener.in/company/21STCENMGM/consolidated/,2026-08-01T22:43:49.792457+00:00
360ONE.NS,1274695,consolidated,2026-03-31,36.4459,36.9,32.4766,33.5,33.3757,34.6,28.0,27.0,,23.0,27.0,,17.449167573234714,23.314032361039928,,1.6196624644164297,14.4,62.0,https://www.screener.in/company/360ONE/consolidated/,2026-08-01T22:43:49.792457+00:00
3BBLACKBIO.NS,1778,consolidated,2026-03-31,25.1433,24.2,19.3464,19.3,17.9358,16.2,32.0,-12.0,68.0,31.0,15.0,61.0,25.48561699587985,-14.754439580276236,63.1796407525814,0.0092307692307692,19.8,40.0,https://www.screener.in/company/3BBLACKBIO/consolidated/,2026-08-01T22:43:49.792457+00:00
3IINFOLTD.NS,12,consolidated,2026-03-31,9.7406,9.4,12.2128,9.95,9.9834,9.1,-2.0,14.0,8.0,133.0,21.0,17.0,190.15675801088005,-2.88950138320514,,0.1627296587926509,11.1,-1.4,https://www.screener.in/company/3IINFOLTD/consolidated/,2026-08-01T22:43:49.792457+00:00
3MINDIA.NS,13,consolidated,2024-03-31,61.9274,62.7,73.1299,65.6,82.2647,67.6,17.0,10.0,,53.0,7.0,10.0,53.16297654396451,9.763128266206444,,0.0083837913367489,30.5,19.0,https://www.screener.in/company/3MINDIA/consolidated/,2026-08-01T22:43:49.792457+00:00
3PLAND.NS,2591,consolidated,2026-03-31,34.7917,34.5,32.9337,31.9,41.7546,31.1,23.0,77.0,28.0,12.0,15.0,12.0,12.054415102248006,,28.315327585610216,0.0,1.78,64.86,https://www.screener.in/company/3PLAND/consolidated/,2026-08-01T22:43:49.792457+00:00
5PAISA.NS,1274195,consolidated,2026-03-31,32.5376,32.6,50.9375,39.6,58.5607,40.85,-2.0,25.0,,0.0,-8.0,,-0.140994194744537,19.683999505668616,,0.5839753466872111,7.05,31.0,https://www.screener.in/company/5PAISA/consolidated/,2026-08-01T22:43:49.792457+00:00
63MOONS.NS,1018,consolidated,2026-03-31,23.2076,14.1,23.2076,14.1,25.2687,21.2,-10.0,,5.0,-9.0,54.0,28.0,,,,0.0008445945945945,-1.6,-133.0,https://www.screener.in/company/63MOONS/consolidated/,2026-08-01T22:43:49.792457+00:00
A2ZINFRA.NS,16,consolidated,2026-03-31,25.3226,23.4,25.3226,23.4,22.328,22.1,3.0,16.0,7.0,-22.0,25.0,-9.0,,,,1.9795918367346936,15.4,2.2,https://www.screener.in/company/A2ZINFRA/consolidated/,2026-08-01T22:43:49.792457+00:00
AADHARHFC.NS,1284772,consolidated,2026-03-31,21.9931,21.2,21.9931,21.2,21.9931,21.2,22.0,27.0,,25.0,,,22.14798328902503,23.8814114047321,,,15.9,,https://www.screener.in/company/AADHARHFC/consolidated/,2026-08-01T22:43:49.792457+00:00
AAKASH.NS,1274334,consolidated,2024-09-30,18.9146,18.5,18.6151,18.2,18.6151,18.2,,,,,-19.0,,,,,0.2333333333333333,11.2,14.0,https://www.screener.in/company/AAKASH/consolidated/,2026-08-01T22:43:49.792457+00:00
AARTIDRUGS.NS,20,consolidated,2026-03-31,24.5599,25.4,23.7636,23.7,21.1077,21.1,-2.0,-7.0,11.0,5.0,-9.0,13.0,5.9493521191184895,-6.623882553668247,11.659454370351853,0.3724983860555197,13.4,12.0,https://www.screener.in/company/AARTIDRUGS/consolidated/,2026-08-01T22:43:49.792457+00:00
AARTIIND.NS,21,consolidated,2026-03-31,46.0427,45.1,40.5092,41.5,34.7102,32.2,8.0,-5.0,5.0,-9.0,-11.0,15.0,-8.39834240219396,-5.101886237013186,4.13347123277954,0.8339210747271201,7.13,15.0,https://www.screener.in/company/AARTIIND/consolidated/,2026-08-01T22:43:49.792457+00:00
AARTIPHARM.NS,1275418,consolidated,2026-03-31,26.2611,26.5,25.6172,26.1,25.6172,26.1,-2.0,,,-3.0,,,-3.3590304331914456,,,0.3549905838041431,8.59,20.0,https://www.screener.in/company/AARTIPHARM/consolidated/,2026-08-01T22:43:49.792457+00:00
AARTISURF.NS,1274763,consolidated,2026-03-31,32.4535,29.8,49.9548,37.2,104.7537,39.9,13.0,-11.0,,-1.0,-24.0,,-0.8097521382163131,-10.54307873974324,,0.4262295081967213,5.17,6.0,https://www.screener.in/company/AARTISURF/consolidated/,2026-08-01T22:43:49.792457+00:00
AARVI.NS,1274156,consolidated,2026-03-31,15.828,15.7,14.4333,14.0,10.7392,11.3,14.0,11.0,22.0,6.0,17.0,,6.64962138437013,10.943724300935664,-17.51397825001061,0.1901408450704225,13.4,3.5,https://www.screener.in/company/AARVI/consolidated/,2026-08-01T22:43:49.792457+00:00
AAVAS.NS,1274569,consolidated,2024-03-31,26.2873,26.6,34.9552,28.3,44.626,38.5,22.0,23.0,,19.0,-11.0,,18.99113953037732,22.42991713805236,,,13.9,,https://www.screener.in/company/AAVAS/consolidated/,2026-08-01T22:43:49.792457+00:00
ABB.NS,27,consolidated,2026-06-30,80.9026,80.4,80.9026,80.4,80.9026,80.4,,,,,34.0,21.0,108.22902015389552,,,0.0155262876110932,22.4,14.0,https://www.screener.in/company/ABB/consolidated/,2026-08-01T22:43:49.792457+00:00
ABCAPITAL.NS,1274128,consolidated,2026-03-31,19.4013,18.1,18.7414,18.0,22.4858,20.8,15.0,28.0,22.0,-7.0,28.0,,-9.394109024525132,25.916087505854748,8.406821905502282,,12.0,,https://www.screener.in/company/ABCAPITAL/consolidated/,2026-08-01T22:43:49.792457+00:00
ABCOTS.NS,1275148,consolidated,2026-03-31,53.0753,47.9,53.0753,47.9,53.0753,47.9,21.0,,,89.0,,,46.65570029175372,,,0.9607843137254902,9.87,13.0,https://www.screener.in/company/ABCOTS/consolidated/,2026-08-01T22:43:49.792457+00:00
ABDL.NS,1284830,consolidated,2026-03-31,83.138,67.9,83.138,67.9,83.138,67.9,8.0,147.0,,422.0,,,388.4994055649934,136.6243830938149,,0.6921226698737222,14.3,14.0,https://www.screener.in/company/ABDL/consolidated/,2026-08-01T22:43:49.792457+00:00
ABFRL.NS,486604,consolidated,2026-03-31,31.8535,32.3,30.04,28.7,30.04,28.7,-13.0,-2.0,,,-5.0,2.0,,,,1.0597602739726026,-11.7,8.0,https://www.screener.in/company/ABFRL/consolidated/,2026-08-01T22:43:49.792457+00:00
ABLBL.NS,1285513,consolidated,2026-03-31,58.06,57.65,58.06,57.65,58.06,57.65,,,,,,,,,,2.1358811040339702,14.9,16.0,https://www.screener.in/company/ABLBL/consolidated/,2026-08-01T22:43:49.792457+00:00
ABMINTLLTD.NS,1273376,consolidated,2026-03-31,136.4823,88.3,77.7413,30.9,63.2466,35.25,-14.0,,,19.0,-16.0,,,,,0.7282229965156793,-17.2,-4.59,https://www.screener.in/company/ABMINTLLTD/consolidated/,2026-08-01T22:43:49.792457+00:00
ABMKNO.NS,38,consolidated,2026-03-31,25.7873,21.6,21.1107,18.0,16.5696,13.4,9.0,-14.0,,-11.0,6.0,6.0,-10.618663068325484,-13.942564558538216,,0.0,3.96,14.0,https://www.screener.in/company/ABMKNO/consolidated/,2026-08-01T22:43:49.792457+00:00
ABREL.NS,613,consolidated,2026-03-31,106.993,74.1,97.8672,68.55,76.8588,52.5,-53.0,,,,12.0,16.0,,,,1.5228316671169957,-2.64,-90.0,https://www.screener.in/company/ABREL/consolidated/,2026-08-01T22:43:49.792457+00:00
ABSLAMC.NS,1274975,consolidated,2026-03-31,23.4656,23.4,19.9984,20.4,19.9984,20.4,15.0,13.0,,18.0,,,17.69032975277076,-35.06318925222052,,0.0158376639445681,25.2,59.0,https://www.screener.in/company/ABSLAMC/consolidated/,2026-08-01T22:43:49.792457+00:00
ACC.NS,39,consolidated,2026-03-31,20.4809,16.1,25.6912,22.2,26.9228,23.05,5.0,7.0,12.0,31.0,-11.0,-2.0,4.67965214924706,9.181342164008475,6.281872106295716,0.0208748965987056,10.9,10.0,https://www.screener.in/company/ACC/consolidated/,2026-08-01T22:43:49.792457+00:00
ACCELYA.NS,1688,consolidated,2026-06-30,18.5408,17.6,21.0801,19.3,20.7477,19.75,4.0,20.0,2.0,-4.0,-3.0,-1.0,-9.037080813184406,17.715868166249837,1.397439285736013,0.064,39.3,33.0,https://www.screener.in/company/ACCELYA/consolidated/,2026-08-01T22:43:49.792457+00:00
ACE.NS,53,consolidated,2026-03-31,39.3522,39.9,34.4218,30.2,42.9866,30.8,15.0,40.0,48.0,38.0,33.0,37.0,34.2418104573315,37.74454587040916,44.974241664513805,0.0039781203381402,22.9,16.0,https://www.screener.in/company/ACE/consolidated/,2026-08-01T22:43:49.792457+00:00
ACEINTEG.NS,1274098,consolidated,2025-03-31,70.3034,77.4,70.3034,77.4,70.3034,77.4,,,,,9.0,,,,,0.0079817559863169,-8.59,-28.07,https://www.screener.in/company/ACEINTEG/consolidated/,2026-08-01T22:43:49.792457+00:00
ACI.NS,1275357,consolidated,2026-03-31,35.0242,33.2,33.7819,32.2,33.7819,32.2,-9.0,,,-35.0,,,-34.69209936221063,,,0.2408268733850129,5.42,20.0,https://www.screener.in/company/ACI/consolidated/,2026-08-01T22:43:49.792457+00:00
ACMESOLAR.NS,1285145,consolidated,2026-03-31,80.2333,43.0,80.2333,43.0,80.2333,43.0,16.0,51.0,,149.0,,,,41.3218766418493,,3.931238885595732,10.4,87.0,https://www.screener.in/company/ACMESOLAR/consolidated/,2026-08-01T22:43:49.792457+00:00
ACSTECH.NS,1905,consolidated,2026-03-31,35.0862,31.9,35.0862,31.9,35.0862,31.9,56.0,,,40.0,,26.0,65.30694476794227,,,0.3507462686567164,6.84,7.0,https://www.screener.in/company/ACSTECH/consolidated/,2026-08-01T22:43:49.792457+00:00
ACUTAAS.NS,1274921,consolidated,2026-03-31,67.0006,62.8,61.2827,59.1,61.2827,59.1,30.0,46.0,,62.0,,,56.14003928554243,38.39539905554592,,0.0217654171704957,24.0,37.0,https://www.screener.in/company/ACUTAAS/consolidated/,2026-08-01T22:43:49.792457+00:00
ADANIENSOL.NS,1272969,consolidated,2026-03-31,71.742,68.3,125.3517,91.7,81.8017,53.25,28.0,13.0,20.0,21.0,13.0,46.0,19.052468155127,11.288858368390953,18.951761968497483,1.9340071577457036,9.44,30.0,https://www.screener.in/company/ADANIENSOL/consolidated/,2026-08-01T22:43:49.792457+00:00
ADANIENT.NS,56,consolidated,2026-03-31,95.5591,99.7,156.2708,110.5,93.6286,70.3,-8.0,,,,17.0,51.0,55.315101266327616,57.37774158374294,24.304119164369983,1.3175246521513482,-3.38,14.0,https://www.screener.in/company/ADANIENT/consolidated/,2026-08-01T22:43:49.792457+00:00
ADANIGREEN.NS,1274366,consolidated,2026-03-31,134.8541,122.8,292.5782,173.9,400.4712,218.3,18.0,44.0,70.0,17.0,9.0,,17.708711508133625,49.56818616350225,,5.186326070623592,11.4,86.0,https://www.screener.in/company/ADANIGREEN/consolidated/,2026-08-01T22:43:49.792457+00:00
ADANIPORTS.NS,57,consolidated,2026-03-31,28.3287,27.1,28.3881,27.3,24.578,23.95,23.0,21.0,16.0,27.0,19.0,22.0,31.253901408476104,17.724629625226317,14.791593006337834,0.6624287456101043,16.4,58.0,https://www.screener.in/company/ADANIPORTS/consolidated/,2026-08-01T22:43:49.792457+00:00
ADANIPOWER.NS,58,consolidated,2026-03-31,17.4363,15.8,16.1705,15.3,19.2749,16.2,12.0,58.0,37.0,6.0,63.0,45.0,6.202110138165407,58.77643946096809,35.050447915251425,0.8418929115912346,21.1,37.0,https://www.screener.in/company/ADANIPOWER/consolidated/,2026-08-01T22:43:49.792457+00:00
ADFFOODS.NS,62,consolidated,2026-03-31,34.9586,34.6,34.0441,33.1,31.0159,32.0,15.0,14.0,30.0,20.0,9.0,28.0,17.056187701141788,10.346016538582848,29.855457102131624,0.0961538461538461,17.7,19.0,https://www.screener.in/company/ADFFOODS/consolidated/,2026-08-01T22:43:49.792457+00:00
ADOR.NS,75,consolidated,2026-03-31,31.5057,27.5,30.8,27.3,29.9732,25.5,,40.0,13.0,,15.0,19.0,12.360779353364816,19.6512246024805,7.234388989620877,0.0054151624548736,15.8,13.0,https://www.screener.in/company/ADOR/consolidated/,2026-08-01T22:43:49.792457+00:00
ADROITINFO.NS,687,consolidated,2026-03-31,23.7076,24.4,25.5773,23.1,21.3055,18.4,29.0,19.0,5.0,-4.0,10.0,-14.0,-6.655330175199248,,2.8625296063705896,0.3410263022176379,4.34,10.93,https://www.screener.in/company/ADROITINFO/consolidated/,2026-08-01T22:43:49.792457+00:00
ADSL.NS,137,consolidated,2026-03-31,22.0764,20.7,19.7238,19.2,17.8055,15.55,14.0,13.0,23.0,-13.0,11.0,13.0,70.9070718372708,10.662961173044504,22.44956744372661,0.2218597063621533,5.92,6.0,https://www.screener.in/company/ADSL/consolidated/,2026-08-01T22:43:49.792457+00:00
ADVAIT.NS,1274785,consolidated,2026-03-31,59.3159,56.1,49.1779,50.3,44.5055,47.95,90.0,63.0,,83.0,136.0,,78.78430994362114,58.79966168345487,,0.3417266187050359,21.5,12.0,https://www.screener.in/company/ADVAIT/consolidated/,2026-08-01T22:43:49.792457+00:00
ADVANCE.NS,1285700,consolidated,2025-03-31,20.4269,20.0,20.4269,20.0,20.4269,20.0,,,,,,,,,,0.7920792079207921,29.1,10.0,https://www.screener.in/company/ADVANCE/consolidated/,2026-08-01T22:43:49.792457+00:00
ADVENTHTL.NS,1285770,consolidated,2026-03-31,4.688,0.0,4.688,0.0,4.688,0.0,,,,,,,,,,0.8838495575221239,5.47,37.0,https://www.screener.in/company/ADVENTHTL/consolidated/,2026-08-01T22:43:49.792457+00:00
ADVENZYMES.NS,1273452,consolidated,2026-03-31,27.7478,27.8,28.1904,28.1,27.8259,27.7,11.0,1.0,7.0,12.0,-6.0,1.0,16.8316422094545,2.857205556471732,8.015989249726907,0.0196078431372549,10.2,31.0,https://www.screener.in/company/ADVENZYMES/consolidated/,2026-08-01T22:43:49.792457+00:00
AEGISLOG.NS,84,consolidated,2026-03-31,38.3739,39.1,33.9291,31.5,40.9284,39.0,-1.0,31.0,23.0,24.0,34.0,26.0,24.72164494950393,32.10602773155544,22.40158983795166,0.685383980181668,16.3,17.0,https://www.screener.in/company/AEGISLOG/consolidated/,2026-08-01T22:43:49.792457+00:00
AEGISVOPAK.NS,1285467,consolidated,2026-03-31,96.9969,104.45,96.9969,104.45,96.9969,104.45,38.0,,,1472.0,,,,,,0.8694942903752039,11.0,74.0,https://www.screener.in/company/AEGISVOPAK/consolidated/,2026-08-01T22:43:49.792457+00:00
AEPL.NS,1274664,consolidated,2026-03-31,95.1904,72.4,94.7824,72.3,94.7824,72.3,11.0,,,12.0,24.0,,11.86889420813968,,,0.018066561014263,9.65,15.45,https://www.screener.in/company/AEPL/consolidated/,2026-08-01T22:43:49.792457+00:00
AEROENTER.NS,2906,consolidated,2026-03-31,15.4516,18.2,16.6031,18.6,26.3163,20.4,14.0,50.0,43.0,18.0,29.0,25.0,14.538681276832556,48.747866935632935,,0.0495767835550181,8.48,17.0,https://www.screener.in/company/AEROENTER/consolidated/,2026-08-01T22:43:49.792457+00:00
AEROFLEX.NS,1284464,consolidated,2026-03-31,53.9261,49.9,53.9261,49.9,53.9261,49.9,18.0,50.0,,20.0,,,16.73877216503947,9.814252166932324,,0.0201342281879194,14.1,23.0,https://www.screener.in/company/AEROFLEX/consolidated/,2026-08-01T22:43:49.792457+00:00
AERONEU.NS,1275392,consolidated,2026-03-31,315.7656,272.3,272.5919,145.85,272.5919,145.85,11.0,,,-20.0,,,-20.82937048465997,28.279738788208974,,0.2285714285714285,1.84,2.9,https://www.screener.in/company/AERONEU/consolidated/,2026-08-01T22:43:49.792457+00:00
AETHER.NS,1275232,consolidated,2026-03-31,86.3127,83.9,88.1116,88.2,88.1116,88.2,21.0,,,20.0,,,16.465226199607173,,,0.1864820846905537,9.66,31.0,https://www.screener.in/company/AETHER/consolidated/,2026-08-01T22:43:49.792457+00:00
AFCONS.NS,1285138,consolidated,2026-03-31,31.0681,31.3,31.0681,31.3,31.0681,31.3,-2.0,12.0,,-11.0,,,-50.70169134755393,-21.67261577089884,,0.6655045871559633,5.61,10.0,https://www.screener.in/company/AFCONS/consolidated/,2026-08-01T22:43:49.792457+00:00
AFFLE.NS,1274684,consolidated,2026-03-31,59.3573,58.6,63.6103,61.9,70.2279,64.4,24.0,28.0,,23.0,13.0,,20.731730901332448,25.040987302947727,,0.0041073384446878,13.8,23.0,https://www.screener.in/company/AFFLE/consolidated/,2026-08-01T22:43:49.792457+00:00
AFSL.NS,1275375,consolidated,2026-03-31,16.2134,12.4,16.9661,17.6,16.9661,17.6,174.0,18.0,,14.0,,,13.738248056337763,16.027981565232775,,0.5952,8.29,0.7,https://www.screener.in/company/AFSL/consolidated/,2026-08-01T22:43:49.792457+00:00
AGARIND.NS,88,consolidated,2026-03-31,13.8503,13.8,12.2828,12.4,17.0889,12.65,-6.0,2.0,20.0,-22.0,6.0,14.0,-22.12488400879521,-5.913634788416944,8.863487793461179,0.4949201741654572,6.62,7.0,https://www.screener.in/company/AGARIND/consolidated/,2026-08-01T22:43:49.792457+00:00
AGARWALEYE.NS,1285311,consolidated,2026-03-31,176.3872,186.0,176.3872,186.0,176.3872,186.0,27.0,34.0,,13.0,,,,,,0.5261599210266535,6.81,27.0,https://www.screener.in/company/AGARWALEYE/consolidated/,2026-08-01T22:43:49.792457+00:00
AGI.NS,1374,consolidated,2026-03-31,63.5904,79.8,51.9835,36.1,30.2956,13.05,,,13.0,,23.0,23.0,74.37808113001904,29.34920720857324,16.462144978897953,0.1001246364769422,15.8,23.0,https://www.screener.in/company/AGI/consolidated/,2026-08-01T22:43:49.792457+00:00
AGIIL.NS,1270784,consolidated,2026-03-31,34.2115,34.0,25.4743,19.6,18.4816,13.6,14.0,41.0,38.0,26.0,84.0,42.0,24.427158868299912,40.62823883876352,34.910520524835945,0.4008620689655172,25.0,35.0,https://www.screener.in/company/AGIIL/consolidated/,2026-08-01T22:43:49.792457+00:00
AGROPHOS.NS,1273571,consolidated,2026-03-31,10.6829,8.8,10.6829,8.8,10.6829,8.8,4.0,,,12.0,14.0,,12.10563170454122,,,0.4285714285714285,10.4,11.0,https://www.screener.in/company/AGROPHOS/consolidated/,2026-08-01T22:43:49.792457+00:00
AHCL.NS,1285622,consolidated,2026-03-31,28.1711,28.2,28.1711,28.2,28.1711,28.2,,,,,,,,,,0.1913043478260869,18.4,28.0,https://www.screener.in/company/AHCL/consolidated/,2026-08-01T22:43:49.792457+00:00
AHLEAST.NS,291,consolidated,2026-03-31,13.6981,13.9,15.9863,14.35,16.3118,14.6,9.0,12.0,-6.0,,16.0,7.0,,,,2.344262295081968,-2.98,30.0,https://www.screener.in/company/AHLEAST/consolidated/,2026-08-01T22:43:49.792457+00:00
AHLUCONT.NS,96,consolidated,2026-03-31,28.2013,27.9,25.2973,23.5,26.0807,25.0,17.0,28.0,12.0,11.0,16.0,11.0,11.07786246835769,28.069502942795733,12.158206350003107,0.0354541039339485,13.8,10.0,https://www.screener.in/company/AHLUCONT/consolidated/,2026-08-01T22:43:49.792457+00:00
AIAENG.NS,101,consolidated,2026-03-31,30.935,30.7,31.0372,30.9,30.6305,30.6,-3.0,19.0,12.0,7.0,18.0,16.0,6.730524916716507,17.79281715630907,10.883924879111628,0.0012459506603538,17.0,28.0,https://www.screener.in/company/AIAENG/consolidated/,2026-08-01T22:43:49.792457+00:00
AIIL.NS,1270863,consolidated,2026-03-31,9.1712,7.55,9.1712,7.55,9.1712,7.55,69.0,,,217.0,73.0,112.0,-23.443050870532154,,,,13.1,,https://www.screener.in/company/AIIL/consolidated/,2026-08-01T22:43:49.792457+00:00
AIRAN.NS,1273675,consolidated,2026-03-31,30.6484,26.5,29.0977,26.2,30.5262,27.1,5.0,18.0,,7.0,-9.0,,5.333022737905702,15.593862393479396,,0.0064102564102564,8.11,13.0,https://www.screener.in/company/AIRAN/consolidated/,2026-08-01T22:43:49.792457+00:00
AIROLAM.NS,1274164,consolidated,2026-03-31,42.4675,26.9,33.6393,22.6,32.9761,22.2,7.0,0.0,,-9.0,17.0,,-9.36977705669031,0.1642944240025201,,1.0379746835443038,7.26,8.0,https://www.screener.in/company/AIROLAM/consolidated/,2026-08-01T22:43:49.792457+00:00
AJANTPHARM.NS,104,consolidated,2026-03-31,37.5236,36.6,32.577,34.6,29.1109,27.4,13.0,12.0,10.0,24.0,18.0,11.0,22.578361040056283,10.902226450355146,10.37702460814931,0.0574331787055445,27.1,25.0,https://www.screener.in/company/AJANTPHARM/consolidated/,2026-08-01T22:43:49.792457+00:00
AJMERA.NS,108,consolidated,2026-03-31,23.8777,23.9,22.6625,22.7,16.686,15.75,36.0,38.0,13.0,28.0,15.0,17.0,23.60229563622873,34.954430573853614,12.27903609015386,0.5085836909871244,11.5,27.0,https://www.screener.in/company/AJMERA/consolidated/,2026-08-01T22:43:49.792457+00:00
AKASH.NS,1273661,consolidated,2026-03-31,58.8676,34.85,70.6238,34.55,54.9606,33.1,10.0,-5.0,-8.0,-14.0,-33.0,,-21.942090117707004,-10.523056803197006,-20.505814446157625,1.0828055360075064,1.05,8.3,https://www.screener.in/company/AKASH/consolidated/,2026-08-01T22:43:49.792457+00:00
AKCAPIT.NS,110,consolidated,2026-03-31,8.0255,7.9,6.2429,6.5,5.2431,4.2,12.0,8.0,10.0,8.0,24.0,21.0,7.988814275339862,8.203012751332661,10.252785952045553,,10.9,,https://www.screener.in/company/AKCAPIT/consolidated/,2026-08-01T22:43:49.792457+00:00
AKG.NS,1274561,consolidated,2026-03-31,51.7357,49.5,45.1847,43.9,45.7281,41.0,-27.0,-23.0,,-48.0,-2.0,,-48.59927767574731,-23.864913425596924,,0.1082242990654205,0.68,0.26,https://www.screener.in/company/AKG/consolidated/,2026-08-01T22:43:49.792457+00:00
AKI.NS,1274581,consolidated,2026-03-31,80.9968,75.2,74.7932,75.0,63.3691,63.0,15.0,,28.0,18.0,17.0,,3.777107043295369,-3.749021568765021,,0.2079207920792079,2.33,-3.9,https://www.screener.in/company/AKI/consolidated/,2026-08-01T22:43:49.792457+00:00
AKUMS.NS,1284874,consolidated,2026-03-31,32.0154,25.9,32.0154,25.9,32.0154,25.9,6.0,16.0,16.0,29.0,,,34.717235485590315,-55.63820172130324,,0.0473747736873868,8.45,12.0,https://www.screener.in/company/AKUMS/consolidated/,2026-08-01T22:43:49.792457+00:00
ALANKIT.NS,967,consolidated,2026-03-31,18.765,19.1,32.0367,20.6,38.0992,21.0,3.0,14.0,18.0,-2.0,-16.0,-13.0,,0.2881892180566225,10.411032000450016,0.056782334384858,6.22,2.7,https://www.screener.in/company/ALANKIT/consolidated/,2026-08-01T22:43:49.792457+00:00
ALEMBICLTD.NS,120,consolidated,2026-03-31,9.1917,8.6,9.3778,8.9,7.6109,7.5,24.0,-2.0,3.0,16.0,-6.0,12.0,18.541801179017583,-1.5292057215253283,3.479041066512289,0.0044989775051124,13.0,38.0,https://www.screener.in/company/ALEMBICLTD/consolidated/,2026-08-01T22:43:49.792457+00:00
ALGOQUANT.NS,1340,consolidated,2026-03-31,61.5259,48.5,61.5259,48.5,61.5259,48.5,,,,,80.0,65.0,,,,0.2537313432835821,28.4,22.0,https://www.screener.in/company/ALGOQUANT/consolidated/,2026-08-01T22:43:49.792457+00:00
ALICON.NS,127,consolidated,2026-03-31,29.5108,29.1,30.0843,29.4,24.7991,25.7,8.0,86.0,6.0,-9.0,-3.0,9.0,-12.907397676117116,,1.5245893039373517,0.5636942675159236,6.42,11.0,https://www.screener.in/company/ALICON/consolidated/,2026-08-01T22:43:49.792457+00:00
ALIVUS.NS,1274896,consolidated,2021-03-31,2.5783,2.6,2.1157,2.1,2.1157,2.1,,,,,,,,,,,,31.0,https://www.screener.in/company/ALIVUS/consolidated/,2026-08-01T22:43:49.792457+00:00
ALKEM.NS,1273171,consolidated,2026-03-31,31.2643,29.5,30.6406,29.0,29.6351,28.6,8.0,9.0,12.0,32.0,10.0,14.0,32.73951630768903,7.746111968311609,11.993328736002162,0.1481186685962373,18.9,20.0,https://www.screener.in/company/ALKEM/consolidated/,2026-08-01T22:43:49.792457+00:00
ALKYLAMINE.NS,132,consolidated,2020-03-31,52.5669,53.2,63.6123,60.6,45.5772,45.4,26.0,33.0,31.0,54.0,-16.0,30.0,57.20190556392632,34.85429133690059,31.72231067003024,0.1623134328358209,41.4,26.0,https://www.screener.in/company/ALKYLAMINE/consolidated/,2026-08-01T22:43:49.792457+00:00
ALLCARGO.NS,134,consolidated,2026-03-31,25.4728,24.1,16.7079,8.95,10.4593,5.1,-52.0,-52.0,-32.0,-80.0,-10.0,-5.0,-80.16781074047631,-50.94407521368678,-32.04220098075837,1.2073170731707317,0.33,11.0,https://www.screener.in/company/ALLCARGO/consolidated/,2026-08-01T22:43:49.792457+00:00
ALLDIGI.NS,138,consolidated,2026-03-31,20.2694,20.1,20.318,19.8,17.5282,15.6,15.0,18.0,10.0,20.0,13.0,12.0,18.951377126836142,18.54417054856581,10.270054776270632,0.6812749003984063,31.5,28.0,https://www.screener.in/company/ALLDIGI/consolidated/,2026-08-01T22:43:49.792457+00:00
ALLTIME.NS,1285591,consolidated,2026-03-31,33.5181,32.5,33.5181,32.5,33.5181,32.5,,,,,,,,,,0.1402936378466558,8.96,15.0,https://www.screener.in/company/ALLTIME/consolidated/,2026-08-01T22:43:49.792457+00:00
ALMONDZ.NS,140,consolidated,2026-03-31,17.8573,18.2,15.7966,14.4,14.6832,12.4,36.0,9.0,59.0,22.0,8.0,22.0,17.389140861314445,6.75479638921781,,0.1821561338289963,11.2,14.0,https://www.screener.in/company/ALMONDZ/consolidated/,2026-08-01T22:43:49.792457+00:00
ALOKINDS.NS,142,consolidated,2026-03-31,1.775,1.75,1.775,1.75,1.775,1.75,-19.0,11.0,6.0,3.0,-13.0,13.0,,,,,,1.7,https://www.screener.in/company/ALOKINDS/consolidated/,2026-08-01T22:43:49.792457+00:00
ALPA.NS,143,consolidated,2026-03-31,10.672,11.0,12.5057,11.1,16.8078,12.7,4.0,24.0,8.0,6.0,5.0,8.0,6.038306207109678,15.625623316640414,8.140206108438953,0.0161290322580645,8.39,3.1,https://www.screener.in/company/ALPA/consolidated/,2026-08-01T22:43:49.792457+00:00
ALPHAGEO.NS,144,consolidated,2026-03-31,33.5608,24.5,27.2801,21.95,18.0613,9.6,19.0,,,,-9.0,-12.0,,,,0.0316205533596837,-5.32,-7.0,https://www.screener.in/company/ALPHAGEO/consolidated/,2026-08-01T22:43:49.792457+00:00
AMAGI.NS,1285861,consolidated,2026-03-31,154.6902,160.6,154.6902,160.6,154.6902,160.6,30.0,28.0,,30.0,,,,-61.74736288074792,,0.0176437108708025,10.3,3.3,https://www.screener.in/company/AMAGI/consolidated/,2026-08-01T22:43:49.792457+00:00
AMBALALSA.NS,159,consolidated,2026-03-31,41.1841,28.3,28.241,14.5,27.1058,15.05,6.0,10.0,10.0,17.0,0.0,16.0,15.90457322019143,-9.539737807142243,-9.478272342096172,0.3584905660377358,12.4,6.0,https://www.screener.in/company/AMBALALSA/consolidated/,2026-08-01T22:43:49.792457+00:00
AMBER.NS,1274257,consolidated,2026-03-31,97.3452,97.1,87.1835,91.2,80.3043,88.75,21.0,18.0,23.0,7.0,20.0,,2.6577017491857147,15.821461682182967,16.353549570500327,0.6180237877401646,5.95,7.0,https://www.screener.in/company/AMBER/consolidated/,2026-08-01T22:43:49.792457+00:00
AMBUJACEM.NS,163,consolidated,2026-03-31,33.0204,33.0,33.2835,32.0,29.0381,27.75,1.0,15.0,22.0,21.0,0.0,5.0,10.967459861549212,12.639963761957972,7.1493735519478685,0.0145921445060407,8.85,15.0,https://www.screener.in/company/AMBUJACEM/consolidated/,2026-08-01T22:43:49.792457+00:00
AMJLAND.NS,2592,consolidated,2026-03-31,14.9803,14.6,21.6046,14.5,19.6387,13.7,14.0,32.0,8.0,35.0,1.0,8.0,29.55863725324881,27.296566340949525,7.44827643298458,0.0,6.71,26.0,https://www.screener.in/company/AMJLAND/consolidated/,2026-08-01T22:43:49.792457+00:00
AMNPLST.NS,167,consolidated,2026-03-31,31.5146,30.1,28.0395,27.7,22.2722,22.2,-1.0,2.0,15.0,17.0,4.0,25.0,16.866915815850405,2.322059889728867,15.009157790469096,0.0924657534246575,13.3,10.0,https://www.screener.in/company/AMNPLST/consolidated/,2026-08-01T22:43:49.792457+00:00
AMRUTANJAN.NS,177,consolidated,2016-03-31,94.5968,94.9,100.3249,100.5,76.2034,81.05,11.0,15.0,13.0,27.0,-6.0,9.0,26.654283016013245,-25.04604207815119,,0.018348623853211,20.0,18.0,https://www.screener.in/company/AMRUTANJAN/consolidated/,2026-08-01T22:43:49.792457+00:00
ANANDRATHI.NS,1275117,consolidated,2026-03-31,63.5745,67.1,50.6219,54.8,50.6219,54.8,31.0,55.0,,33.0,,,33.12743247497396,42.468746021386174,,0.083083083083083,47.3,39.0,https://www.screener.in/company/ANANDRATHI/consolidated/,2026-08-01T22:43:49.792457+00:00
ANANTRAJ.NS,183,consolidated,2026-03-31,47.735,43.6,46.6038,41.7,36.3249,32.55,38.0,120.0,21.0,54.0,55.0,35.0,48.277211806066525,112.01001393979617,20.69843837932206,0.1176368975643461,11.2,26.0,https://www.screener.in/company/ANANTRAJ/consolidated/,2026-08-01T22:43:49.792457+00:00
ANDHRSUGAR.NS,188,consolidated,2026-03-31,16.7038,17.5,13.2935,11.5,11.0277,9.6,1.0,-6.0,8.0,-20.0,-7.0,5.0,-23.509983737605666,-9.221749942631552,5.631634955925913,0.0005984440454817,6.11,8.0,https://www.screener.in/company/ANDHRSUGAR/consolidated/,2026-08-01T22:43:49.792457+00:00
ANGELONE.NS,1274790,consolidated,2026-03-31,22.7382,21.5,21.1088,20.3,21.677,21.15,20.0,25.0,40.0,1.0,18.0,,-1.9756704030823191,22.58910866690138,16.352944639040203,1.2996077149395229,15.6,37.0,https://www.screener.in/company/ANGELONE/consolidated/,2026-08-01T22:43:49.792457+00:00
ANTHEM.NS,1285544,consolidated,2026-03-31,80.3078,74.8,80.3078,74.8,80.3078,74.8,26.0,17.0,,21.0,,,16.014501790858038,-49.46308489052722,,0.0177514792899408,22.3,40.0,https://www.screener.in/company/ANTHEM/consolidated/,2026-08-01T22:43:49.792457+00:00
ANUP.NS,1274633,consolidated,2026-03-31,57.8669,40.3,41.6766,34.1,36.9085,29.3,26.0,16.0,,29.0,33.0,,20.7008901505374,21.21445379097768,,0.1591895803183791,17.1,21.0,https://www.screener.in/company/ANUP/consolidated/,2026-08-01T22:43:49.792457+00:00
ANURAS.NS,1274847,consolidated,2026-03-31,85.5834,85.2,75.9824,68.9,75.2918,69.25,14.0,19.0,,-2.0,11.0,,-3.892895335471725,16.2399963539009,,0.5599880023995201,5.5,22.0,https://www.screener.in/company/ANURAS/consolidated/,2026-08-01T22:43:49.792457+00:00
APARINDS.NS,211,consolidated,2026-03-31,37.9045,38.4,28.6441,28.3,22.3429,18.1,17.0,44.0,24.0,16.0,85.0,38.0,13.431599713301036,42.12504012987799,22.635355167688044,0.1772668273688114,20.2,9.0,https://www.screener.in/company/APARINDS/consolidated/,2026-08-01T22:43:49.792457+00:00
APCL.NS,196,consolidated,2026-03-31,64.1692,60.15,64.1692,60.15,64.1692,60.15,-12.0,,,15.0,-26.0,-3.0,,,,0.7506775067750677,-9.88,7.0,https://www.screener.in/company/APCL/consolidated/,2026-08-01T22:43:49.792457+00:00
APCOTEXIND.NS,212,consolidated,2016-09-30,58.4936,56.2,61.0054,59.2,42.9408,44.2,,,,,11.0,15.0,,,,0.1624365482233502,24.4,10.0,https://www.screener.in/company/APCOTEXIND/consolidated/,2026-08-01T22:43:49.792457+00:00
APLAPOLLO.NS,214,consolidated,2026-03-31,57.4975,57.4,53.0241,52.5,39.7927,41.8,13.0,27.0,26.0,23.0,15.0,35.0,23.256106497837315,24.613382810199024,26.0181616028214,0.0940154804606381,25.3,8.0,https://www.screener.in/company/APLAPOLLO/consolidated/,2026-08-01T22:43:49.792457+00:00
APLLTD.NS,121,consolidated,2026-03-31,29.4287,29.7,30.0111,29.7,25.2801,24.9,9.0,-9.0,0.0,28.0,0.0,2.0,25.422326306247637,-10.059278859417454,-1.0624745203683172,0.2519823788546255,13.4,15.0,https://www.screener.in/company/APLLTD/consolidated/,2026-08-01T22:43:49.792457+00:00
APOLLO.NS,1274254,consolidated,2026-03-31,93.6006,93.3,68.618,64.1,59.3517,57.9,45.0,62.0,,76.0,98.0,,51.98994495915243,45.17712796537412,,0.4135567402894136,11.8,24.0,https://www.screener.in/company/APOLLO/consolidated/,2026-08-01T22:43:49.792457+00:00
APOLLOHOSP.NS,218,consolidated,2026-03-31,85.6299,82.5,84.695,80.75,84.1227,76.8,15.0,78.0,24.0,34.0,17.0,21.0,33.33333333333333,66.79619875565163,23.034498973464945,0.8958860759493671,22.1,15.0,https://www.screener.in/company/APOLLOHOSP/consolidated/,2026-08-01T22:43:49.792457+00:00
APOLLOPIPE.NS,180,consolidated,2026-03-31,90.0924,86.3,82.6674,71.1,52.0456,45.7,,,,,2.0,22.0,-31.417585818776573,-15.170366382307886,,0.1514041514041514,-0.88,4.3,https://www.screener.in/company/APOLLOPIPE/consolidated/,2026-08-01T22:43:49.792457+00:00
APOLLOTYRE.NS,219,consolidated,2026-03-31,19.8408,19.2,20.0835,19.4,18.0391,17.8,5.0,24.0,7.0,26.0,13.0,10.0,9.47637013312499,31.43185382861993,-0.2058861960757996,0.2198492462311558,13.1,15.0,https://www.screener.in/company/APOLLOTYRE/consolidated/,2026-08-01T22:43:49.792457+00:00
APOLSINHOT.NS,1270744,consolidated,2026-03-31,40.0866,39.9,32.3602,32.9,30.2232,19.5,20.0,4.0,33.0,5.0,11.0,25.0,-14.70403192626245,1.874079865999856,26.895361787058736,0.5796178343949044,7.75,4.6,https://www.screener.in/company/APOLSINHOT/consolidated/,2026-08-01T22:43:49.792457+00:00
APTUS.NS,1274911,consolidated,2026-03-31,22.3293,22.6,24.1194,25.0,24.1194,25.0,26.0,29.0,,23.0,,,23.07683382514472,-8.128228295153972,,,20.1,,https://www.screener.in/company/APTUS/consolidated/,2026-08-01T22:43:49.792457+00:00
AQYLON.NS,3163,consolidated,2025-03-31,45.1385,60.0,45.1385,60.0,45.1385,60.0,,15.0,-26.0,26.0,156.0,0.0,,,,,391.0,-9.0,https://www.screener.in/company/AQYLON/consolidated/,2026-08-01T22:43:49.792457+00:00
ARCHIDPLY.NS,230,consolidated,2026-03-31,37.8898,23.3,28.5925,18.3,28.5925,18.3,17.0,,,-10.0,18.0,8.0,-13.307745682881688,,,1.625,8.23,6.0,https://www.screener.in/company/ARCHIDPLY/consolidated/,2026-08-01T22:43:49.792457+00:00
ARE&M.NS,157,consolidated,2026-03-31,21.0032,21.7,19.1824,18.3,19.8356,19.7,10.0,-3.0,,-10.0,5.0,0.0,4.578054804647014,5.262512510674688,,0.0501296456352636,7.18,11.0,https://www.screener.in/company/ARE&M/consolidated/,2026-08-01T22:43:49.792457+00:00
ARENTERP.NS,2638,consolidated,2026-03-31,30.1934,26.3,27.4611,23.35,23.1115,20.6,-33.0,,,,19.0,9.0,,,,0.0,-0.85,-57.89,https://www.screener.in/company/ARENTERP/consolidated/,2026-08-01T22:43:49.792457+00:00
ARFIN.NS,1270851,consolidated,2026-03-31,110.2714,100.3,110.2714,100.3,110.2714,100.3,,,,,68.0,31.0,,,,0.7588235294117647,9.45,7.0,https://www.screener.in/company/ARFIN/consolidated/,2026-08-01T22:43:49.792457+00:00
ARIES.NS,237,consolidated,2026-03-31,14.8045,14.1,13.5793,12.3,14.3915,12.0,17.0,19.0,19.0,36.0,14.0,12.0,35.75522315935622,18.995995905627083,19.4752815781124,0.1676646706586826,13.7,12.0,https://www.screener.in/company/ARIES/consolidated/,2026-08-01T22:43:49.792457+00:00
ARIHANT.NS,239,consolidated,2026-03-31,16.572,17.2,14.4981,14.9,14.4981,14.9,87.0,51.0,21.0,81.0,109.0,40.0,72.18925398309935,,,1.0781671159029649,17.3,23.0,https://www.screener.in/company/ARIHANT/consolidated/,2026-08-01T22:43:49.792457+00:00
ARIHANTCAP.NS,238,consolidated,2026-03-31,17.0197,17.3,15.4345,14.9,12.0962,10.4,14.0,-2.0,14.0,3.0,19.0,26.0,0.8264837609052167,-2.929440543228612,13.346158167069769,0.5419501133786848,7.69,35.0,https://www.screener.in/company/ARIHANTCAP/consolidated/,2026-08-01T22:43:49.792457+00:00
ARIHANTSUP.NS,240,consolidated,2026-03-31,24.7185,24.4,21.7943,21.1,20.9008,20.1,12.0,33.0,9.0,3.0,20.0,13.0,0.892050933529287,31.48495539640375,8.6868148665179,2.4077134986225897,13.7,23.0,https://www.screener.in/company/ARIHANTSUP/consolidated/,2026-08-01T22:43:49.792457+00:00
ARIS.NS,1285242,consolidated,2026-03-31,53.786,28.4,53.786,28.4,53.786,28.4,13.0,,,80.0,,,,,,0.094722598105548,11.2,9.0,https://www.screener.in/company/ARIS/consolidated/,2026-08-01T22:43:49.792457+00:00
ARKADE.NS,1284982,consolidated,2026-03-31,17.6866,18.4,17.6866,18.4,17.6866,18.4,55.0,54.0,,54.0,,,-89.54690014689105,-69.27729807053483,,0.1122448979591836,20.8,23.0,https://www.screener.in/company/ARKADE/consolidated/,2026-08-01T22:43:49.792457+00:00
ARMANFIN.NS,243,consolidated,2026-03-31,18.7592,15.9,27.2908,20.3,23.6943,17.5,15.0,40.0,22.0,-16.0,21.0,22.0,-21.296588784135334,33.90157321583149,14.429183562137936,,6.26,,https://www.screener.in/company/ARMANFIN/consolidated/,2026-08-01T22:43:49.792457+00:00
ARSSBL.NS,1285676,consolidated,2026-03-31,25.7791,26.1,25.7791,26.1,25.7791,26.1,26.0,,,51.0,,,3.258080877819669,,,0.6231454005934718,14.0,41.0,https://www.screener.in/company/ARSSBL/consolidated/,2026-08-01T22:43:49.792457+00:00
ARTEMISMED.NS,1274726,consolidated,2026-03-31,48.4178,48.2,38.3962,38.0,37.7936,37.6,14.0,77.0,,41.0,50.0,,31.507222117392875,67.96122908152995,,0.2802139037433155,12.0,17.0,https://www.screener.in/company/ARTEMISMED/consolidated/,2026-08-01T22:43:49.792457+00:00
ARVIND.NS,262,consolidated,2026-03-31,25.614,25.6,20.4502,21.9,15.0726,10.6,4.0,135.0,3.0,6.0,37.0,17.0,0.6848062706925617,,2.6382302766210453,0.410484668644906,10.9,11.0,https://www.screener.in/company/ARVIND/consolidated/,2026-08-01T22:43:49.792457+00:00
ARVINDFASN.NS,1274634,consolidated,2026-03-31,112.1505,99.1,119.7382,114.5,123.8878,117.1,9.0,17.0,,53.0,15.0,,49.21761167211039,,,1.4167550371155886,14.1,13.0,https://www.screener.in/company/ARVINDFASN/consolidated/,2026-08-01T22:43:49.792457+00:00
ARVSMART.NS,1272994,consolidated,2026-03-31,50.5376,39.6,46.541,40.2,30.7027,24.3,30.0,61.0,19.0,56.0,35.0,21.0,54.97570057932568,53.5963279638044,12.185442255746516,0.8983050847457628,15.5,27.0,https://www.screener.in/company/ARVSMART/consolidated/,2026-08-01T22:43:49.792457+00:00
ASAHIINDIA.NS,264,consolidated,2026-03-31,55.2229,52.3,47.2648,42.6,47.8898,42.5,7.0,23.0,15.0,-1.0,19.0,17.0,-3.4248629510707507,19.83891629841519,14.211376689446675,0.559003051881994,10.7,18.0,https://www.screener.in/company/ASAHIINDIA/consolidated/,2026-08-01T22:43:49.792457+00:00
ASAHISONG.NS,267,consolidated,2026-03-31,29.1533,21.0,28.062,18.8,22.3115,15.4,2.0,-8.0,,53.0,-2.0,7.0,,-9.878897063714254,,0.5257352941176471,7.13,12.0,https://www.screener.in/company/ASAHISONG/consolidated/,2026-08-01T22:43:49.792457+00:00
ASALCBR.NS,303,consolidated,2026-03-31,81.2599,76.5,78.5287,74.6,58.8207,46.0,,,,,11.0,25.0,138.9174092865857,,,0.0992805755395683,14.6,13.0,https://www.screener.in/company/ASALCBR/consolidated/,2026-08-01T22:43:49.792457+00:00
ASHAPURMIN.NS,269,consolidated,2026-03-31,16.5287,16.1,14.7165,14.6,15.5286,14.5,42.0,43.0,10.0,51.0,38.0,26.0,48.66035578835097,33.09802570721458,8.45621422367071,0.8756822316555488,28.0,11.0,https://www.screener.in/company/ASHAPURMIN/consolidated/,2026-08-01T22:43:49.792457+00:00
ASHIANA.NS,272,consolidated,2026-03-31,70.8401,50.7,79.1197,70.5,58.9899,44.05,41.0,85.0,1.0,63.0,17.0,9.0,62.77075178816081,133.2221626160242,1.269285846721946,0.3760186263096624,14.5,11.0,https://www.screener.in/company/ASHIANA/consolidated/,2026-08-01T22:43:49.792457+00:00
ASHIMASYN.NS,275,consolidated,2026-03-31,9.0135,8.9,50.3885,9.1,188.9044,210.0,,-35.0,,,-1.0,0.0,,,,0.592057761732852,-7.39,-18.0,https://www.screener.in/company/ASHIMASYN/consolidated/,2026-08-01T22:43:49.792457+00:00
ASHOKA.NS,282,consolidated,2026-03-31,9.4248,7.3,7.9854,5.2,8.6956,7.3,-2.0,24.0,28.0,35.0,3.0,2.0,105.81157785687245,55.97550679883005,,0.2444140446876425,15.3,25.0,https://www.screener.in/company/ASHOKA/consolidated/,2026-08-01T22:43:49.792457+00:00
ASHOKAMET.NS,1274265,consolidated,2026-03-31,9.104,6.2,9.886,7.7,9.6509,7.2,-18.0,135.0,,50.0,26.0,,49.61139722270698,98.55057185194568,,0.4754098360655737,9.25,23.0,https://www.screener.in/company/ASHOKAMET/consolidated/,2026-08-01T22:43:49.792457+00:00
ASHOKLEY.NS,281,consolidated,2026-03-31,25.9803,25.2,29.3224,26.0,24.9112,24.3,5.0,84.0,15.0,45.0,19.0,14.0,40.96187738030692,,17.284500742967722,4.489572361491469,27.4,6.0,https://www.screener.in/company/ASHOKLEY/consolidated/,2026-08-01T22:43:49.792457+00:00
ASIANENE.NS,294,consolidated,2026-03-31,35.422,33.6,27.8761,30.45,29.9568,23.6,93.0,11.0,16.0,52.0,23.0,22.0,,13.92460034905032,,0.3218623481781376,12.9,12.0,https://www.screener.in/company/ASIANENE/consolidated/,2026-08-01T22:43:49.792457+00:00
ASIANHOTNR.NS,292,consolidated,2026-03-31,484.05,479.45,484.05,479.45,484.05,479.45,,15.0,8.0,,27.0,11.0,,,,0.3626492942453854,0.46,13.0,https://www.screener.in/company/ASIANHOTNR/consolidated/,2026-08-01T22:43:49.792457+00:00
ASIANPAINT.NS,295,consolidated,2026-03-31,57.0599,57.1,68.477,63.4,66.9251,62.05,1.0,7.0,10.0,2.0,-2.0,9.0,1.7446703820718223,6.617095217914515,9.502681328868956,0.1838386674153097,21.8,19.0,https://www.screener.in/company/ASIANPAINT/consolidated/,2026-08-01T22:43:49.792457+00:00
ASIANTILES.NS,290,consolidated,2026-03-31,81.6073,84.6,41.5955,22.9,47.1815,41.5,6.0,-18.0,-2.0,32.0,-14.0,-9.0,,-31.136051418508583,-13.279753213213375,0.2884362680683311,1.44,6.0,https://www.screener.in/company/ASIANTILES/consolidated/,2026-08-01T22:43:49.792457+00:00
ASKAUTOLTD.NS,1284561,consolidated,2026-03-31,38.6007,37.75,38.6007,37.75,38.6007,37.75,18.0,25.0,,34.0,,,34.195798019989645,23.636347834823447,,0.5179252479023646,25.1,13.0,https://www.screener.in/company/ASKAUTOLTD/consolidated/,2026-08-01T22:43:49.792457+00:00
ASPINWALL.NS,1273375,consolidated,2026-03-31,29.5796,23.8,22.6199,16.2,21.5392,18.0,12.0,4.0,1.0,-21.0,0.0,,-22.75842589045154,15.409739217862397,4.801035670873466,0.3930348258706467,3.83,4.4,https://www.screener.in/company/ASPINWALL/consolidated/,2026-08-01T22:43:49.792457+00:00
ASTAR.NS,296,consolidated,2026-03-31,26.0371,25.3,26.0371,25.3,26.0371,25.3,-14.0,-9.0,-6.0,-23.0,-8.0,-3.0,-21.213268167121267,-8.763069798571587,-5.909393085705283,0.2973462002412545,2.51,2.2,https://www.screener.in/company/ASTAR/consolidated/,2026-08-01T22:43:49.792457+00:00
ASTEC.NS,306,consolidated,2026-03-31,49.8745,46.2,42.8854,39.2,48.6962,45.85,-11.0,,,,-14.0,7.0,,,,1.1512820512820512,-25.2,1.3,https://www.screener.in/company/ASTEC/consolidated/,2026-08-01T22:43:49.792457+00:00
ASTERDM.NS,1274286,consolidated,2026-03-31,97.0669,92.8,69.3877,80.8,54.8573,39.3,16.0,23.0,48.0,-1.0,38.0,,-4.166484640653012,20.40319774028523,43.66308302520368,0.4851398601398601,10.7,19.0,https://www.screener.in/company/ASTERDM/consolidated/,2026-08-01T22:43:49.792457+00:00
ASTRAL.NS,309,consolidated,2026-03-31,86.514,84.6,88.1176,89.2,78.9148,76.75,8.0,7.0,19.0,7.0,-3.0,21.0,5.390480607633874,5.675722514824932,18.037876146275945,0.0616067028092656,14.4,16.0,https://www.screener.in/company/ASTRAL/consolidated/,2026-08-01T22:43:49.792457+00:00
ASTRAMICRO.NS,308,consolidated,2026-03-31,64.8325,63.2,57.6019,57.4,43.024,41.1,13.0,46.0,13.0,40.0,60.0,32.0,36.10149235301829,43.58064303643592,12.07300962478881,0.2190114068441064,16.0,29.0,https://www.screener.in/company/ASTRAMICRO/consolidated/,2026-08-01T22:43:49.792457+00:00
ATALREAL.NS,1274799,consolidated,2026-03-31,70.9808,71.8,70.9808,71.8,70.9808,71.8,,,,,42.0,,,,,0.1458333333333333,7.95,9.0,https://www.screener.in/company/ATALREAL/consolidated/,2026-08-01T22:43:49.792457+00:00
ATGL.NS,1274591,consolidated,2026-03-31,123.8465,112.5,241.8828,138.4,191.2646,116.55,10.0,7.0,,6.0,-6.0,,6.242094427102551,7.199518032883279,,0.4635149023638232,14.4,19.0,https://www.screener.in/company/ATGL/consolidated/,2026-08-01T22:43:49.792457+00:00
ATL.NS,1284454,consolidated,2026-03-31,23.2983,23.6,23.2983,23.6,23.2983,23.6,5.0,,,-8.0,,,,,,2.184659090909091,14.4,20.0,https://www.screener.in/company/ATL/consolidated/,2026-08-01T22:43:49.792457+00:00
ATLANTAA.NS,314,consolidated,2026-03-31,14.7169,11.5,14.7169,11.5,17.09,12.55,13.0,15.0,7.0,25.0,21.0,-4.0,,,,1.4941198607583026,-0.81,48.97,https://www.screener.in/company/ATLANTAA/consolidated/,2026-08-01T22:43:49.792457+00:00
ATLANTAELE.NS,1285669,consolidated,2026-03-31,59.1237,58.3,59.1237,58.3,59.1237,58.3,28.0,96.0,,32.0,,,-24.553191461941093,39.99379984823,,0.0548977395048439,31.7,19.0,https://www.screener.in/company/ATLANTAELE/consolidated/,2026-08-01T22:43:49.792457+00:00
ATLASCYCLE.NS,315,consolidated,2024-03-31,130.5589,132.9,130.5589,132.9,130.5589,132.9,-28.0,-5.0,,-15.0,28.0,0.0,,,,0.0238076343147369,-28.0,-731.76,https://www.screener.in/company/ATLASCYCLE/consolidated/,2026-08-01T22:43:49.792457+00:00
ATUL.NS,319,consolidated,2026-03-31,45.0688,44.9,43.3337,41.0,35.2987,34.7,5.0,1.0,9.0,9.0,-6.0,13.0,9.746869233640986,0.7651369493906657,9.555445747485546,0.0294164925253174,11.5,18.0,https://www.screener.in/company/ATUL/consolidated/,2026-08-01T22:43:49.792457+00:00
ATULAUTO.NS,318,consolidated,2026-03-31,102.1111,66.95,108.9299,75.65,78.9426,29.2,17.0,47.0,-1.0,125.0,19.0,2.0,108.51159346021296,,-3.4339170671621067,0.2995867768595041,9.35,10.0,https://www.screener.in/company/ATULAUTO/consolidated/,2026-08-01T22:43:49.792457+00:00
AUBANK.NS,1274092,consolidated,2017-03-31,124.9879,119.9,117.3916,110.2,91.6472,97.1,29.0,,,49.0,12.0,,4.775471609961546,,,,22.3,,https://www.screener.in/company/AUBANK/consolidated/,2026-08-01T22:43:49.792457+00:00
AURIONPRO.NS,323,consolidated,2026-03-31,38.7242,39.9,30.975,30.45,18.3868,11.7,29.0,34.0,15.0,31.0,47.0,29.0,21.07984372408176,,11.86892919816145,0.0350978135788262,13.4,19.0,https://www.screener.in/company/AURIONPRO/consolidated/,2026-08-01T22:43:49.792457+00:00
AUROPHARMA.NS,325,consolidated,2026-03-31,22.1038,21.8,18.7149,19.2,17.5241,17.4,11.0,1.0,6.0,23.0,12.0,8.0,22.40612111956965,-7.898846142025617,5.715914409064893,0.2130585099363965,10.1,20.0,https://www.screener.in/company/AUROPHARMA/consolidated/,2026-08-01T22:43:49.792457+00:00
AURUM.NS,1272987,consolidated,2026-03-31,1698.25,1698.25,269.2,9.4,176.0481,80.2,44.0,,,18.0,28.0,-5.0,,-76.15093996253985,-14.18183773420958,0.4446640316205533,-2.68,25.0,https://www.screener.in/company/AURUM/consolidated/,2026-08-01T22:43:49.792457+00:00
AURUS.NS,29704,consolidated,2025-03-31,2.2516,2.0,3.5279,2.6,3.5279,2.6,6.0,5.0,,,-2.0,-21.0,,,,0.8125,-63.0,-90.0,https://www.screener.in/company/AURUS/consolidated/,2026-08-01T22:43:49.792457+00:00
AVALON.NS,1284340,consolidated,2026-03-31,100.1414,85.8,91.4215,78.55,91.4215,78.55,19.0,40.0,,29.0,,,23.14706160987603,-58.32326883238077,,0.2954230235783633,16.9,11.0,https://www.screener.in/company/AVALON/consolidated/,2026-08-01T22:43:49.792457+00:00
AVANTEL.NS,340,consolidated,2026-03-31,105.8089,74.0,77.1249,56.6,77.1249,56.6,13.0,0.0,,-17.0,66.0,56.0,-18.116584085222364,-0.6993693462086226,,0.1005917159763313,5.29,23.0,https://www.screener.in/company/AVANTEL/consolidated/,2026-08-01T22:43:49.792457+00:00
AVANTIFEED.NS,341,consolidated,2026-03-31,21.0433,20.3,22.2935,21.5,21.1429,19.9,6.0,12.0,14.0,28.0,7.0,17.0,29.565832167060396,10.9720280774938,14.424940283690058,0.0039561777236762,18.3,12.0,https://www.screener.in/company/AVANTIFEED/consolidated/,2026-08-01T22:43:49.792457+00:00
AVONMORE.NS,139,consolidated,2026-03-31,24.6955,22.1,16.5249,16.7,10.5305,6.0,-3.0,-9.0,60.0,-51.0,19.0,27.0,-50.70257245805332,-7.914156182436194,47.57731615945522,,3.62,,https://www.screener.in/company/AVONMORE/consolidated/,2026-08-01T22:43:49.792457+00:00
AVROIND.NS,1274389,consolidated,2026-03-31,38.6958,41.0,38.6958,41.0,38.6958,41.0,,,,,28.0,,,,,0.1973184357541899,5.14,3.56,https://www.screener.in/company/AVROIND/consolidated/,2026-08-01T22:43:49.792457+00:00
AVTNPL.NS,346,consolidated,2026-03-31,22.0395,21.1,21.2172,20.5,21.4054,20.5,7.0,8.0,12.0,-5.0,-1.0,8.0,-5.699217692224279,7.480735567061836,11.612317403390438,0.2039355992844365,12.2,13.0,https://www.screener.in/company/AVTNPL/consolidated/,2026-08-01T22:43:49.792457+00:00
AWFIS.NS,1284789,consolidated,2026-03-31,63.7548,68.15,63.7548,68.15,63.7548,68.15,40.0,29.0,,53.0,,,,,,2.7142857142857144,14.0,37.0,https://www.screener.in/company/AWFIS/consolidated/,2026-08-01T22:43:49.792457+00:00
AWHCL.NS,1274824,consolidated,2026-03-31,21.2892,21.0,17.9575,18.8,18.4884,19.4,7.0,11.0,16.0,3.0,4.0,,3.361696473713116,10.79556656505356,-14.910719403562933,0.6211096075778079,10.8,20.0,https://www.screener.in/company/AWHCL/consolidated/,2026-08-01T22:43:49.792457+00:00
AWL.NS,1275165,consolidated,2026-03-31,104.5185,32.9,92.2214,44.9,92.2214,44.9,9.0,8.0,,22.0,,,21.523241381255698,-33.904970931606584,,0.1062260536398467,10.7,3.2,https://www.screener.in/company/AWL/consolidated/,2026-08-01T22:43:49.792457+00:00
AXISBANK.NS,348,consolidated,2026-03-31,13.6752,13.6,15.2441,14.2,24.912,15.4,15.0,30.0,12.0,35.0,11.0,8.0,34.153669288886256,29.29886224595928,9.251961653862397,,13.1,,https://www.screener.in/company/AXISBANK/consolidated/,2026-08-01T22:43:49.792457+00:00
AXISCADES.NS,350,consolidated,2026-03-31,62.3433,61.8,47.1536,48.8,40.2814,33.4,12.0,21.0,11.0,64.0,75.0,22.0,,,4.876881278219547,0.5337001375515819,11.5,15.0,https://www.screener.in/company/AXISCADES/consolidated/,2026-08-01T22:43:49.792457+00:00
AXITA.NS,1274613,consolidated,2025-03-31,815.1,818.0,815.1,818.0,815.1,818.0,,,,,36.0,,,,,0.0317460317460317,0.77,-0.8,https://www.screener.in/company/AXITA/consolidated/,2026-08-01T22:43:49.792457+00:00
AYMSYNTEX.NS,3743,consolidated,2026-03-31,179.9408,82.1,170.1753,79.0,170.1753,79.0,-2.0,,,-6.0,25.0,11.0,-7.606115577580619,,,0.3191850594227504,1.12,7.0,https://www.screener.in/company/AYMSYNTEX/consolidated/,2026-08-01T22:43:49.792457+00:00
AZAD.NS,1284610,consolidated,2026-03-31,89.7169,99.75,89.7169,99.75,89.7169,99.75,34.0,63.0,,150.0,,,-26.238039482005384,-22.99368249466186,,0.3100065402223675,9.09,37.0,https://www.screener.in/company/AZAD/consolidated/,2026-08-01T22:43:49.792457+00:00
BAGFILMS.NS,365,consolidated,2026-03-31,37.1974,29.7,43.7669,31.6,39.7114,30.8,10.0,18.0,62.0,58.0,3.0,-3.0,,,,0.0,2.28,12.0,https://www.screener.in/company/BAGFILMS/consolidated/,2026-08-01T22:43:49.792457+00:00
BAJAJ-AUTO.NS,369,consolidated,2026-03-31,30.6732,31.2,26.1544,26.4,22.9008,20.6,20.0,17.0,10.0,21.0,25.0,15.0,21.52865181278612,18.025178587978075,10.600789216949424,0.5849042027194067,29.2,20.0,https://www.screener.in/company/BAJAJ-AUTO/consolidated/,2026-08-01T22:43:49.792457+00:00
BAJAJCON.NS,370,consolidated,2026-03-31,24.5586,23.3,21.1061,20.1,21.6117,21.05,7.0,-4.0,-2.0,10.0,13.0,3.0,14.774399518547398,-0.7519650487427088,0.8940870694317482,0.0211920529801324,24.7,21.0,https://www.screener.in/company/BAJAJCON/consolidated/,2026-08-01T22:43:49.792457+00:00
BAJAJELEC.NS,371,consolidated,2026-03-31,73.1019,67.4,70.8513,66.0,66.2451,59.9,-3.0,,,,-21.0,3.0,,,,0.0997490589711417,-0.72,3.1,https://www.screener.in/company/BAJAJELEC/consolidated/,2026-08-01T22:43:49.792457+00:00
BAJAJFINSV.NS,373,consolidated,2026-03-31,33.0752,33.3,39.951,35.2,36.6405,34.7,22.0,17.0,18.0,16.0,7.0,22.0,14.977440917279994,16.868289734326925,17.99071386457898,5.517730860553167,13.2,38.0,https://www.screener.in/company/BAJAJFINSV/consolidated/,2026-08-01T22:43:49.792457+00:00
BAJAJHIND.NS,374,consolidated,2026-03-31,30.69,30.55,30.69,30.55,18.2628,22.0,-5.0,20.0,10.0,45.0,-1.0,-2.0,,,,0.9302020467069012,3.5,7.0,https://www.screener.in/company/BAJAJHIND/consolidated/,2026-08-01T22:43:49.792457+00:00
BAJAJHLDNG.NS,375,consolidated,2026-03-31,16.6051,16.0,15.8881,15.4,13.4906,13.1,29.0,17.0,14.0,19.0,23.0,20.0,25.713485476876663,21.43140438447857,15.579628814619294,0.0001367053998632,11.9,85.0,https://www.screener.in/company/BAJAJHLDNG/consolidated/,2026-08-01T22:43:49.792457+00:00
BAJAJINDEF.NS,1285339,consolidated,2026-03-31,31.1241,31.9,31.1241,31.9,31.1241,31.9,,,,,,,,,,0.0111111111111111,9.2,11.0,https://www.screener.in/company/BAJAJINDEF/consolidated/,2026-08-01T22:43:49.792457+00:00
BAJAJST.NS,376,consolidated,2026-03-31,17.4904,17.7,13.946,12.3,10.5159,8.55,-2.0,-10.0,29.0,-15.0,4.0,35.0,-18.217342490476156,-10.861087024741522,,0.1485849056603773,9.1,12.0,https://www.screener.in/company/BAJAJST/consolidated/,2026-08-01T22:43:49.792457+00:00
BAJEL.NS,1284616,consolidated,2026-03-31,129.2286,126.6,129.2286,126.6,129.2286,126.6,,,,,,,,,,0.4912985274431057,4.1,4.0,https://www.screener.in/company/BAJEL/consolidated/,2026-08-01T22:43:49.792457+00:00
BAJFINANCE.NS,372,consolidated,2026-03-31,32.1854,32.4,42.4337,34.5,46.9429,43.95,26.0,34.0,31.0,19.0,13.0,28.0,17.144996665524094,33.04846703924134,29.133969264710235,,18.2,,https://www.screener.in/company/BAJFINANCE/consolidated/,2026-08-01T22:43:49.792457+00:00
BALAJEE.NS,1284967,consolidated,2026-03-31,16.5768,16.4,16.5768,16.4,16.5768,16.4,6.0,3.0,,-12.0,,,-78.75815156541883,-55.99142235082266,,0.760655737704918,3.68,7.0,https://www.screener.in/company/BALAJEE/consolidated/,2026-08-01T22:43:49.792457+00:00
BALAJITELE.NS,381,consolidated,2026-03-31,31.213,25.0,31.213,25.0,31.213,25.0,-29.0,10.0,,-2.0,4.0,-1.0,,,,0.0304487179487179,-7.66,-31.0,https://www.screener.in/company/BALAJITELE/consolidated/,2026-08-01T22:43:49.792457+00:00
BALAMINES.NS,380,consolidated,2026-03-31,31.7446,32.4,30.0628,29.1,24.5228,24.0,-15.0,-7.0,11.0,-20.0,-9.0,22.0,-19.91747343730025,-6.8333122514517175,11.24277000643248,0.0673076923076923,8.74,21.0,https://www.screener.in/company/BALAMINES/consolidated/,2026-08-01T22:43:49.792457+00:00
BALKRISIND.NS,383,consolidated,2026-03-31,36.0656,34.3,34.3582,33.2,31.0123,31.1,4.0,-2.0,9.0,1.0,0.0,21.0,5.537762429629534,1.0891336726385648,10.798828109518643,0.3752281854691493,9.66,22.0,https://www.screener.in/company/BALKRISIND/consolidated/,2026-08-01T22:43:49.792457+00:00
BALMLAWRIE.NS,385,consolidated,2026-03-31,14.4682,13.7,13.8322,13.3,14.4962,13.6,6.0,18.0,5.0,17.0,5.0,5.0,17.202664519970057,18.108504814393168,5.380753803930771,0.1063315611406476,13.7,13.0,https://www.screener.in/company/BALMLAWRIE/consolidated/,2026-08-01T22:43:49.792457+00:00
BALPHARMA.NS,377,consolidated,2026-03-31,30.1255,23.4,31.1862,25.7,45.6937,33.55,1.0,6.0,16.0,35.0,-3.0,-1.0,33.93192919701311,4.248364122878967,13.608376497073603,1.951219512195122,7.87,10.0,https://www.screener.in/company/BALPHARMA/consolidated/,2026-08-01T22:43:49.792457+00:00
BALRAMCHIN.NS,387,consolidated,2026-03-31,22.2344,22.5,22.054,22.3,15.5109,15.4,10.0,-4.0,5.0,10.0,10.0,16.0,9.973031727573156,-3.888207623388396,16.44065180805243,0.7660705654905752,9.54,12.0,https://www.screener.in/company/BALRAMCHIN/consolidated/,2026-08-01T22:43:49.792457+00:00
BALUFORGE.NS,472222,consolidated,2026-03-31,35.421,32.5,33.7415,31.2,33.7415,31.2,50.0,102.0,,88.0,12.0,27.0,65.91716751111247,80.6065827076879,,0.0953575909661229,19.6,27.0,https://www.screener.in/company/BALUFORGE/consolidated/,2026-08-01T22:43:49.792457+00:00
BANCOINDIA.NS,393,consolidated,2026-03-31,18.5809,18.2,14.7368,15.6,13.8297,12.9,19.0,33.0,18.0,25.0,49.0,20.0,26.92860136386081,33.475326179051336,18.26933196458305,0.3643916913946587,31.2,17.0,https://www.screener.in/company/BANCOINDIA/consolidated/,2026-08-01T22:43:49.792457+00:00
BANG.NS,394,consolidated,2026-03-31,13.4528,11.4,16.0936,13.2,20.3468,14.6,24.0,41.0,21.0,89.0,-6.0,3.0,72.85496751800598,33.63661273247733,17.982752368216982,0.4361702127659574,8.55,3.6,https://www.screener.in/company/BANG/consolidated/,2026-08-01T22:43:49.792457+00:00
BANKBARODA.NS,395,consolidated,2026-03-31,6.6611,6.6,7.7506,7.1,14.1716,8.1,13.0,73.0,19.0,10.0,24.0,5.0,10.019668313323104,66.60451107107004,,,12.7,,https://www.screener.in/company/BANKBARODA/consolidated/,2026-08-01T22:43:49.792457+00:00
BANKINDIA.NS,396,consolidated,2026-03-31,7.0834,6.7,7.5977,7.2,8.4282,7.7,16.0,39.0,14.0,42.0,13.0,2.0,34.28317583399792,28.909184611980308,,,12.4,,https://www.screener.in/company/BANKINDIA/consolidated/,2026-08-01T22:43:49.792457+00:00
BANSALWIRE.NS,1284840,consolidated,2026-03-31,34.6361,33.45,34.6361,33.45,34.6361,33.45,20.0,,,40.0,,,-46.14949837227116,,,0.3881118881118881,12.1,7.0,https://www.screener.in/company/BANSALWIRE/consolidated/,2026-08-01T22:43:49.792457+00:00
BANSWRAS.NS,400,consolidated,2026-03-31,15.2484,16.5,12.1651,9.8,11.6568,10.1,-3.0,25.0,3.0,-30.0,0.0,3.0,-34.84082922856516,16.52805673960991,1.269877157054777,0.811965811965812,6.53,10.0,https://www.screener.in/company/BANSWRAS/consolidated/,2026-08-01T22:43:49.792457+00:00
BASF.NS,406,consolidated,2026-03-31,45.9632,46.5,50.381,51.05,53.7634,51.2,,,,,5.0,13.0,163.908800273413,41.28356849648407,,0.0336113217083649,10.9,4.4,https://www.screener.in/company/BASF/consolidated/,2026-08-01T22:43:49.792457+00:00
BATAINDIA.NS,408,consolidated,2026-03-31,64.8471,66.2,66.2799,66.3,62.3718,61.35,1.0,32.0,0.0,-19.0,-16.0,3.0,-25.383305953820155,,-4.708165213179627,0.8695924764890283,10.6,21.0,https://www.screener.in/company/BATAINDIA/consolidated/,2026-08-01T22:43:49.792457+00:00
BATLIBOI.NS,409,consolidated,2026-03-31,33.8637,33.1,36.6772,32.4,29.1303,28.4,5.0,16.0,7.0,-59.0,26.0,14.0,,,,0.418848167539267,0.37,1.2,https://www.screener.in/company/BATLIBOI/consolidated/,2026-08-01T22:43:49.792457+00:00
BBOX.NS,89,consolidated,2026-03-31,37.4611,33.5,36.5774,34.4,31.5851,31.7,0.0,14.0,25.0,83.0,27.0,51.0,105.57595921478053,20.608792725067527,,0.8958818958818959,26.8,9.0,https://www.screener.in/company/BBOX/consolidated/,2026-08-01T22:43:49.792457+00:00
BBTC.NS,527,consolidated,2026-03-31,18.7093,11.8,21.9158,14.5,20.4092,16.2,6.0,26.0,12.0,31.0,4.0,14.0,,27.4509827579098,12.394946208027502,0.2257881283726214,18.7,18.0,https://www.screener.in/company/BBTC/consolidated/,2026-08-01T22:43:49.792457+00:00
BBTCL.NS,1274583,consolidated,2026-03-31,31.1269,29.4,27.4715,26.9,27.4715,26.9,22.0,,,5.0,23.0,,4.800217191503808,,,1.7669172932330828,17.0,15.0,https://www.screener.in/company/BBTCL/consolidated/,2026-08-01T22:43:49.792457+00:00
BCG.NS,1883,consolidated,2026-03-31,2.6016,2.4,4.8361,3.2,2.6484,1.1,-2.0,15.0,9.0,-11.0,-16.0,6.0,-11.103867251554943,0.8603418492442394,1.7000890717204564,0.0,9.99,25.0,https://www.screener.in/company/BCG/consolidated/,2026-08-01T22:43:49.792457+00:00
BCLIND.NS,414,consolidated,2026-03-31,13.7115,13.5,13.5073,13.2,10.8411,10.8,15.0,22.0,,20.0,8.0,29.0,12.487607898800237,17.653188327600766,,0.6252747252747253,13.4,9.0,https://www.screener.in/company/BCLIND/consolidated/,2026-08-01T22:43:49.792457+00:00
BCONCEPTS.NS,1274250,consolidated,2026-03-31,65.7841,60.1,63.2123,54.9,63.2123,54.9,29.0,17.0,,-46.0,45.0,,-54.50652685404399,,,2.2195121951219514,1.85,8.0,https://www.screener.in/company/BCONCEPTS/consolidated/,2026-08-01T22:43:49.792457+00:00
BCPL.NS,1274590,consolidated,2026-03-31,22.2605,21.9,18.478,19.35,18.478,19.35,20.0,,,-7.0,4.0,,-7.152142991952104,,,0.7551020408163265,6.78,7.0,https://www.screener.in/company/BCPL/consolidated/,2026-08-01T22:43:49.792457+00:00
BEARDSELL.NS,416,consolidated,2026-03-31,14.5242,13.5,16.6396,15.55,32.7866,19.2,6.0,115.0,14.0,11.0,9.0,4.0,8.50690604664981,,13.057117163903984,0.2391304347826087,13.2,9.0,https://www.screener.in/company/BEARDSELL/consolidated/,2026-08-01T22:43:49.792457+00:00
BECTORFOOD.NS,1274822,consolidated,2026-03-31,56.8739,57.5,49.51,50.0,51.2334,51.9,14.0,14.0,,16.0,19.0,,14.471424255333186,13.285810378571483,,0.1502753737214791,11.6,13.0,https://www.screener.in/company/BECTORFOOD/consolidated/,2026-08-01T22:43:49.792457+00:00
BEDMUTHA.NS,418,consolidated,2026-03-31,31.0403,31.2,21.8275,19.0,21.7376,18.95,29.0,-49.0,8.0,-20.0,21.0,14.0,-20.695651117545133,-49.42569130978782,,1.368421052631579,4.38,4.0,https://www.screener.in/company/BEDMUTHA/consolidated/,2026-08-01T22:43:49.792457+00:00
BEEKAY.NS,1270778,consolidated,2026-03-31,11.6325,10.9,9.3169,9.8,10.449,9.95,1.0,-14.0,7.0,-28.0,1.0,18.0,-29.65406174633389,-14.78507585427603,6.601774713679642,0.3173996175908222,3.57,8.0,https://www.screener.in/company/BEEKAY/consolidated/,2026-08-01T22:43:49.792457+00:00
BEL.NS,456,consolidated,2026-03-31,47.0701,49.4,38.2008,38.6,29.0406,25.3,16.0,24.0,16.0,27.0,45.0,26.0,26.657658729717102,23.633033898187534,17.237563094221397,0.002709688177422,27.6,29.0,https://www.screener.in/company/BEL/consolidated/,2026-08-01T22:43:49.792457+00:00
BELRISE.NS,1285464,consolidated,2026-03-31,30.1437,28.4,30.1437,28.4,30.1437,28.4,13.0,,,17.0,,,,,,0.291044776119403,12.6,12.0,https://www.screener.in/company/BELRISE/consolidated/,2026-08-01T22:43:49.792457+00:00
BEML.NS,423,consolidated,2026-03-31,61.2688,58.6,53.8939,52.9,50.7314,49.4,4.0,16.0,8.0,-2.0,27.0,16.0,-3.6286735929344616,15.460987233105673,8.180811483886274,0.1053169734151329,4.86,7.0,https://www.screener.in/company/BEML/consolidated/,2026-08-01T22:43:49.792457+00:00
BENGALASM.NS,425,consolidated,2026-03-31,8.7056,8.65,8.7056,8.65,8.7056,8.65,-48.0,11.0,13.0,-5.0,25.0,22.0,-4.546416854120117,9.91158764409683,9.972885960202738,,8.12,,https://www.screener.in/company/BENGALASM/consolidated/,2026-08-01T22:43:49.792457+00:00
BEPL.NS,453,consolidated,2026-03-31,15.842,15.3,12.5693,13.8,20.9861,14.8,-2.0,-12.0,27.0,10.0,-3.0,24.0,9.661809365184372,-11.61120564144924,27.25724617842986,0.0,17.3,17.0,https://www.screener.in/company/BEPL/consolidated/,2026-08-01T22:43:49.792457+00:00
BERGEPAINT.NS,429,consolidated,2026-03-31,55.6637,54.2,63.2858,59.7,68.4207,62.05,4.0,10.0,12.0,10.0,-6.0,10.0,9.438436418715156,9.38011923858182,11.751921852532687,0.0918028046841116,17.3,15.0,https://www.screener.in/company/BERGEPAINT/consolidated/,2026-08-01T22:43:49.792457+00:00
BESTAGRO.NS,1273249,consolidated,2026-03-31,26.9783,19.1,24.9949,19.1,24.9949,19.1,-10.0,-25.0,,-64.0,-14.0,28.0,-64.11489280727928,-25.912592639785117,,0.5755208333333334,1.16,10.0,https://www.screener.in/company/BESTAGRO/consolidated/,2026-08-01T22:43:49.792457+00:00
BETA.NS,1274175,consolidated,2026-03-31,40.4255,39.2,35.6031,33.9,29.0117,30.7,19.0,29.0,,11.0,45.0,,10.388916789669246,28.675400056793546,,0.6040816326530613,18.8,20.0,https://www.screener.in/company/BETA/consolidated/,2026-08-01T22:43:49.792457+00:00
BFINVEST.NS,438,consolidated,2026-03-31,8.6268,6.7,7.1736,5.7,7.2686,6.1,35.0,1.0,8.0,3.0,3.0,14.0,2.838481944387849,1.0984672584591904,7.872922913759406,0.0,3.65,84.0,https://www.screener.in/company/BFINVEST/consolidated/,2026-08-01T22:43:49.792457+00:00
BFUTILITIE.NS,439,consolidated,2025-03-31,19.2975,19.5,17.9556,18.2,22.485,20.6,18.0,39.0,17.0,47.0,3.0,1.0,42.32164932551714,49.34827867656404,,4.6138613861386135,113.0,74.0,https://www.screener.in/company/BFUTILITIE/consolidated/,2026-08-01T22:43:49.792457+00:00
BHAGCHEM.NS,445,consolidated,2026-03-31,164.8643,172.7,110.9406,77.2,104.5343,71.05,2.0,-4.0,,-26.0,37.0,40.0,-31.417585818776573,-9.213675138405788,,0.336676217765043,2.63,11.0,https://www.screener.in/company/BHAGCHEM/consolidated/,2026-08-01T22:43:49.792457+00:00
BHARATFORG.NS,458,consolidated,2026-03-31,68.286,67.0,61.4847,60.9,57.7834,49.5,9.0,39.0,5.0,33.0,22.0,20.0,25.76970010519613,,4.478382067783615,0.7629436325678497,12.0,17.0,https://www.screener.in/company/BHARATFORG/consolidated/,2026-08-01T22:43:49.792457+00:00
BHARATRAS.NS,463,consolidated,2026-03-31,33.6592,30.4,31.6487,29.1,30.9154,28.2,0.0,-1.0,,8.0,-18.0,16.0,5.308040121992241,-1.8785843773499569,,0.0007849293563579,13.3,16.0,https://www.screener.in/company/BHARATRAS/consolidated/,2026-08-01T22:43:49.792457+00:00
BHARATWIRE.NS,1273307,consolidated,2024-03-31,17.2427,15.7,17.4158,16.1,17.4158,16.1,,,,,20.0,16.0,,,,1.8525179856115108,42.2,26.0,https://www.screener.in/company/BHARATWIRE/consolidated/,2026-08-01T22:43:49.792457+00:00
BHARTIARTL.NS,467,consolidated,2026-03-31,50.1102,47.7,83.7238,60.0,113.9235,62.05,15.0,22.0,18.0,45.0,28.0,20.0,43.037688829985775,,14.768075057173814,1.310988413828267,20.3,55.0,https://www.screener.in/company/BHARTIARTL/consolidated/,2026-08-01T22:43:49.792457+00:00
BHEL.NS,460,consolidated,2026-03-31,184.3631,166.5,142.9731,134.2,105.1014,68.1,13.0,21.0,16.0,36.0,47.0,16.0,34.75141287239274,,,0.313126290828425,6.23,9.0,https://www.screener.in/company/BHEL/consolidated/,2026-08-01T22:43:49.792457+00:00
BI.NS,480,consolidated,2026-03-31,25.81,25.7,25.81,25.7,25.81,25.7,-9.0,16.0,-9.0,37.0,-10.0,2.0,-51.47777947170078,,,3.1472081218274117,1.66,6.0,https://www.screener.in/company/BI/consolidated/,2026-08-01T22:43:49.792457+00:00
BIGBLOC.NS,1273472,consolidated,2026-03-31,49.7713,49.3,47.7178,45.9,47.1254,44.9,12.0,,,,31.0,,,,,1.4744525547445255,-1.29,6.0,https://www.screener.in/company/BIGBLOC/consolidated/,2026-08-01T22:43:49.792457+00:00
BIKAJI.NS,1275353,consolidated,2026-03-31,73.6229,72.2,80.4691,74.5,80.4691,74.5,15.0,24.0,,24.0,,,23.26076110651936,-22.60860713538939,,0.1860609831985065,17.5,14.0,https://www.screener.in/company/BIKAJI/consolidated/,2026-08-01T22:43:49.792457+00:00
BIL.NS,468,consolidated,2026-03-31,29.6638,26.9,25.6776,19.55,22.5598,19.7,19.0,33.0,-7.0,-40.0,28.0,4.0,-41.97546428057066,,-7.171974223129107,1.1129363449691991,2.87,8.0,https://www.screener.in/company/BIL/consolidated/,2026-08-01T22:43:49.792457+00:00
BIMETAL.NS,482,consolidated,2026-03-31,22.2987,21.3,21.5406,20.9,30.5124,24.1,9.0,24.0,10.0,1.0,8.0,7.0,1.71050175686267,25.12516251184147,10.757035974246644,0.0174672489082969,5.08,6.0,https://www.screener.in/company/BIMETAL/consolidated/,2026-08-01T22:43:49.792457+00:00
BIOCON.NS,487,consolidated,2026-03-31,58.9949,47.9,56.5406,48.6,58.4213,50.35,15.0,-12.0,1.0,-15.0,2.0,12.0,-14.813244848480734,-17.347050030476762,-6.356760961994546,0.4535276659516323,1.4,21.0,https://www.screener.in/company/BIOCON/consolidated/,2026-08-01T22:43:49.792457+00:00
BIRLACORPN.NS,490,consolidated,2026-03-31,30.4063,27.7,28.8706,24.2,26.4897,22.6,4.0,-4.0,13.0,134.0,-9.0,5.0,139.66480809534835,-2.4163183373928643,12.764933260010649,0.4604209097080787,7.83,15.0,https://www.screener.in/company/BIRLACORPN/consolidated/,2026-08-01T22:43:49.792457+00:00
BIRLAMONEY.NS,69,consolidated,2018-09-30,84.8834,85.2,65.092,65.0,52.7904,38.85,9.0,22.0,-8.0,20.0,13.0,18.0,19.082804813591142,,-7.656516737955588,15.823529411764708,26.0,19.0,https://www.screener.in/company/BIRLAMONEY/consolidated/,2026-08-01T22:43:49.792457+00:00
BIRLANU.NS,1377,consolidated,2026-03-31,24.4209,13.5,17.7879,12.5,20.472,13.4,2.0,,,,-27.0,9.0,,,,1.0009000900090008,-14.9,0.2,https://www.screener.in/company/BIRLANU/consolidated/,2026-08-01T22:43:49.792457+00:00
BIRLAPREC.NS,497,consolidated,2026-03-31,38.9261,39.9,32.5553,29.9,33.2124,30.4,-1.0,51.0,,1.0,20.0,25.0,-8.586557459456357,49.62778697388448,,0.3028571428571429,6.79,7.0,https://www.screener.in/company/BIRLAPREC/consolidated/,2026-08-01T22:43:49.792457+00:00
BLACKBUCK.NS,1285151,consolidated,2026-03-31,29.3102,29.1,29.3102,29.1,29.3102,29.1,55.0,22.0,,37.0,,,,,,0.0414908579465541,12.3,25.0,https://www.screener.in/company/BLACKBUCK/consolidated/,2026-08-01T22:43:49.792457+00:00
BLBLIMITED.NS,506,consolidated,2026-03-31,18.4746,20.9,18.4746,20.9,22.1468,22.8,,,38.0,,1.0,13.0,197.1960976381565,76.29003544111777,3.3761161045056776,0.0,29.3,6.0,https://www.screener.in/company/BLBLIMITED/consolidated/,2026-08-01T22:43:49.792457+00:00
BLIL.NS,386,consolidated,2026-03-31,9.8389,9.5,9.2563,9.1,9.7208,9.2,5.0,17.0,,17.0,8.0,9.0,17.155320053013035,17.49849936326946,,0.1528839471855455,12.7,13.0,https://www.screener.in/company/BLIL/consolidated/,2026-08-01T22:43:49.792457+00:00
BLKASHYAP.NS,354,consolidated,2026-03-31,50.8243,35.9,45.1141,33.05,62.7476,33.2,8.0,8.0,16.0,-32.0,14.0,10.0,-58.508673331687824,,,0.5673624288425048,2.59,7.0,https://www.screener.in/company/BLKASHYAP/consolidated/,2026-08-01T22:43:49.792457+00:00
BLS.NS,1273377,consolidated,2026-03-31,35.3561,38.3,35.908,36.4,29.43,28.2,26.0,69.0,36.0,50.0,42.0,,50.53207992706197,68.72026277395476,36.368316257721325,0.1749898497766951,32.7,27.0,https://www.screener.in/company/BLS/consolidated/,2026-08-01T22:43:49.792457+00:00
BLSE.NS,1284654,consolidated,2026-03-31,44.3515,35.7,44.3515,35.7,44.3515,35.7,66.0,79.0,,41.0,,,30.77932500543803,-71.11857407744739,,0.011472275334608,11.4,7.0,https://www.screener.in/company/BLSE/consolidated/,2026-08-01T22:43:49.792457+00:00
BLUEDART.NS,517,consolidated,2026-03-31,54.0185,53.8,49.533,49.0,58.3267,54.4,6.0,19.0,4.0,-8.0,-1.0,-1.0,-12.599086180007612,19.42956245407505,2.312838360999736,0.642656162070906,16.8,16.0,https://www.screener.in/company/BLUEDART/consolidated/,2026-08-01T22:43:49.792457+00:00
BLUESTARCO.NS,519,consolidated,2026-03-31,68.8701,69.3,63.7862,63.3,60.9643,53.85,16.0,50.0,18.0,26.0,32.0,21.0,7.267309468073102,37.55734527009773,15.993423523062036,0.2360827747012532,17.2,8.0,https://www.screener.in/company/BLUESTARCO/consolidated/,2026-08-01T22:43:49.792457+00:00
BLUESTONE.NS,1285596,consolidated,2026-03-31,203.81,206.6,203.81,206.6,203.81,206.6,,,,,,,,,,0.9438888888888888,1.1,16.0,https://www.screener.in/company/BLUESTONE/consolidated/,2026-08-01T22:43:49.792457+00:00
BLUSPRING.NS,1285489,consolidated,2026-03-31,113.6,113.6,113.6,113.6,113.6,113.6,,,,,,,,,,0.2035928143712574,-0.08,2.5,https://www.screener.in/company/BLUSPRING/consolidated/,2026-08-01T22:43:49.792457+00:00
BNALTD.NS,357,consolidated,2026-03-31,20.8524,20.1,20.8524,20.1,20.8524,20.1,-1.0,,,,8.0,9.0,,,,0.8102189781021898,-2.85,4.0,https://www.screener.in/company/BNALTD/consolidated/,2026-08-01T22:43:49.792457+00:00
BOMDYEING.NS,529,consolidated,2026-03-31,95.9461,98.25,95.9461,98.25,42.5313,13.4,-18.0,15.0,8.0,26.0,2.0,11.0,,,,0.0013129102844638,0.28,-3.7,https://www.screener.in/company/BOMDYEING/consolidated/,2026-08-01T22:43:49.792457+00:00
BONLON.NS,1274764,consolidated,2026-03-31,23.1392,25.0,22.2655,24.5,21.9508,24.2,,6.0,,,12.0,,5.019599706142519,-9.070412193189048,,0.3838383838383838,2.9,1.0,https://www.screener.in/company/BONLON/consolidated/,2026-08-01T22:43:49.792457+00:00
BOROLTD.NS,1274765,consolidated,2026-03-31,60.9898,59.8,55.3046,52.5,58.4944,51.25,18.0,14.0,,34.0,5.0,,11.265911286202378,11.078919020828316,,0.1668545659526494,9.16,14.0,https://www.screener.in/company/BOROLTD/consolidated/,2026-08-01T22:43:49.792457+00:00
BORORENEW.NS,536,consolidated,2026-03-31,92.361,71.0,92.6448,93.5,43.1,14.65,20.0,,24.0,68.0,12.0,35.0,19.924005150099223,13.498508440779576,,0.1072137657180675,25.7,31.0,https://www.screener.in/company/BORORENEW/consolidated/,2026-08-01T22:43:49.792457+00:00
BOROSCI.NS,1284806,consolidated,2026-03-31,52.3327,51.3,52.3327,51.3,52.3327,51.3,,,,,,,,,,0.0204081632653061,9.52,13.0,https://www.screener.in/company/BOROSCI/consolidated/,2026-08-01T22:43:49.792457+00:00
BOSCHLTD.NS,537,consolidated,2026-03-31,47.6732,48.1,43.3429,40.9,43.9163,40.5,10.0,17.0,4.0,14.0,22.0,5.0,24.83497419458649,41.900576486049616,6.769181660227397,0.008015627104944,14.6,13.0,https://www.screener.in/company/BOSCHLTD/consolidated/,2026-08-01T22:43:49.792457+00:00
BPCL.NS,462,consolidated,2026-03-31,6.6363,7.2,8.3082,7.1,10.3275,9.25,-1.0,16.0,12.0,107.0,7.0,5.0,129.78166357667047,9.83909600094728,12.32027787428478,0.5433109382955147,28.8,5.0,https://www.screener.in/company/BPCL/consolidated/,2026-08-01T22:43:49.792457+00:00
BPL.NS,539,consolidated,2026-03-31,25.7771,23.8,25.3611,24.0,25.3611,24.0,14.0,,-5.0,,5.0,4.0,,,,0.438031616945355,-3.49,-6.17,https://www.screener.in/company/BPL/consolidated/,2026-08-01T22:43:49.792457+00:00
BRIGADE.NS,549,consolidated,2026-03-31,47.6446,45.2,57.7421,52.3,40.0531,25.65,18.0,89.0,18.0,35.0,17.0,22.0,27.784738066459116,,13.705104428230186,0.9300689048526608,10.5,25.0,https://www.screener.in/company/BRIGADE/consolidated/,2026-08-01T22:43:49.792457+00:00
BRIGHOTEL.NS,1285560,consolidated,2026-03-31,74.4563,48.9,74.4563,48.9,74.4563,48.9,14.0,,,73.0,,,,,,0.3225469728601252,11.2,33.0,https://www.screener.in/company/BRIGHOTEL/consolidated/,2026-08-01T22:43:49.792457+00:00
BRITANNIA.NS,553,consolidated,2026-03-31,57.6516,57.1,57.6084,57.0,56.8352,56.85,6.0,6.0,12.0,8.0,9.0,14.0,2.9517489263050534,6.331242377915425,11.837641834520207,0.2702702702702703,53.5,18.0,https://www.screener.in/company/BRITANNIA/consolidated/,2026-08-01T22:43:49.792457+00:00
BRNL.NS,1274136,consolidated,2026-03-31,2.4441,1.3,2.4441,1.3,19.6725,24.8,-22.0,12.0,5.0,23.0,-14.0,,,,,1.0769230769230769,-8.08,-16.0,https://www.screener.in/company/BRNL/consolidated/,2026-08-01T22:43:49.792457+00:00
BSE.NS,1273635,consolidated,2026-03-31,72.6669,69.2,58.8011,59.9,38.8905,31.25,77.0,69.0,32.0,126.0,92.0,,124.3419525996808,76.4938829490831,46.13869437434921,0.0,46.0,68.0,https://www.screener.in/company/BSE/consolidated/,2026-08-01T22:43:49.792457+00:00
BSOFT.NS,1826,consolidated,2026-03-31,27.735,25.0,26.6015,25.0,19.1898,19.4,3.0,11.0,6.0,18.0,-5.0,14.0,15.433589884120158,9.901118144562894,2.6938490212558674,0.0342815463165572,14.1,17.0,https://www.screener.in/company/BSOFT/consolidated/,2026-08-01T22:43:49.792457+00:00
BTML.NS,1274802,consolidated,2026-03-31,49.6084,36.6,44.7299,28.1,38.9375,23.15,39.0,21.0,,25.0,41.0,,24.81453978697512,20.11244339814311,,0.4337349397590361,11.0,12.0,https://www.screener.in/company/BTML/consolidated/,2026-08-01T22:43:49.792457+00:00
BUILDPRO.NS,1285862,consolidated,2026-03-31,8.7288,0.0,8.7288,0.0,8.7288,0.0,19.0,,,27.0,,,,,,0.1119266055045871,25.9,3.3,https://www.screener.in/company/BUILDPRO/consolidated/,2026-08-01T22:43:49.792457+00:00
BVCL.NS,401,consolidated,2026-03-31,19.7427,17.5,18.4375,13.9,19.8949,16.0,5.0,-34.0,7.0,-62.0,10.0,6.0,-61.95095304572949,-34.27546874626536,,0.232,0.23,5.0,https://www.screener.in/company/BVCL/consolidated/,2026-08-01T22:43:49.792457+00:00
CAMLINFINE.NS,575,consolidated,2026-03-31,98.1457,82.7,69.5072,50.0,58.7485,47.3,1.0,-6.0,-1.0,-14.0,-7.0,4.0,-21.35153327458136,-16.558423883586048,-7.958252573411439,0.69164265129683,3.75,7.0,https://www.screener.in/company/CAMLINFINE/consolidated/,2026-08-01T22:43:49.792457+00:00
CAMPUS.NS,1275219,consolidated,2022-03-31,75.0936,75.8,87.7423,78.2,87.7423,78.2,26.0,149.0,,42.0,,,-90.32957059912988,,,0.6768149882903981,29.5,20.0,https://www.screener.in/company/CAMPUS/consolidated/,2026-08-01T22:43:49.792457+00:00
CAMS.NS,1274786,consolidated,2026-03-31,44.4318,42.2,45.1157,42.0,46.5161,43.0,16.0,21.0,,17.0,3.0,,18.15426859227176,17.950842300963888,,0.048448145344436,36.3,45.0,https://www.screener.in/company/CAMS/consolidated/,2026-08-01T22:43:49.792457+00:00
CANBK.NS,579,consolidated,2026-03-31,6.0465,6.0,6.0958,6.0,9.246,6.6,14.0,44.0,24.0,18.0,32.0,10.0,16.653600616827568,41.19906534129774,,,16.1,,https://www.screener.in/company/CANBK/consolidated/,2026-08-01T22:43:49.792457+00:00
CAPACITE.NS,1274144,consolidated,2026-03-31,16.0535,16.1,15.9804,15.5,16.6222,16.2,13.0,162.0,15.0,24.0,-3.0,,17.265368211152456,150.3973436308997,-12.37509174357344,0.253012048192771,10.4,16.0,https://www.screener.in/company/CAPACITE/consolidated/,2026-08-01T22:43:49.792457+00:00
CAPILLARY.NS,1285767,consolidated,2026-03-31,245.8614,267.8,245.8614,267.8,245.8614,267.8,32.0,27.0,,32.0,,,,,,0.052734375,3.72,13.0,https://www.screener.in/company/CAPILLARY/consolidated/,2026-08-01T22:43:49.792457+00:00
CAPLIPOINT.NS,582,consolidated,2026-03-31,26.2134,25.5,23.2563,23.0,24.1437,21.65,14.0,22.0,30.0,20.0,23.0,26.0,19.391264166532785,21.371278429436515,31.562971557401557,0.0013943112102621,20.6,35.0,https://www.screener.in/company/CAPLIPOINT/consolidated/,2026-08-01T22:43:49.792457+00:00
CAPTRUST.NS,581,consolidated,2022-09-30,35.2452,41.4,35.8659,39.35,39.4848,34.35,-18.0,,,,-23.0,-25.0,,,,,-8.18,,https://www.screener.in/company/CAPTRUST/consolidated/,2026-08-01T22:43:49.792457+00:00
CARBORUNIV.NS,586,consolidated,2026-03-31,62.4172,61.7,56.8077,55.0,43.0669,39.05,4.0,-3.0,6.0,-14.0,8.0,15.0,-22.316020066935348,-7.387005357170128,2.9387632303932154,0.1058974358974359,6.92,11.0,https://www.screener.in/company/CARBORUNIV/consolidated/,2026-08-01T22:43:49.792457+00:00
CARERATING.NS,244883,consolidated,2026-03-31,32.0478,31.6,27.6291,28.9,25.2439,24.85,19.0,14.0,4.0,27.0,17.0,5.0,26.53489266850848,13.39217975287279,3.42523765766507,0.0278969957081545,19.7,42.0,https://www.screener.in/company/CARERATING/consolidated/,2026-08-01T22:43:49.792457+00:00
CARRARO.NS,1285206,consolidated,2026-03-31,30.0133,28.9,30.0133,28.9,30.0133,28.9,10.0,,,43.0,,,39.17902832165241,,,0.2743362831858407,26.9,10.0,https://www.screener.in/company/CARRARO/consolidated/,2026-08-01T22:43:49.792457+00:00
CARTRADE.NS,1274909,consolidated,2026-03-31,60.7955,60.2,50.8769,58.0,50.8769,58.0,29.0,20.0,13.0,89.0,,,85.81793145982131,-28.99443418786044,,0.0563607085346215,9.69,34.0,https://www.screener.in/company/CARTRADE/consolidated/,2026-08-01T22:43:49.792457+00:00
CARYSIL.NS,52,consolidated,2026-03-31,35.7688,35.4,33.4077,33.8,28.4402,29.65,16.0,20.0,25.0,24.0,12.0,27.0,20.80531252129953,18.69888310032286,23.41810365976009,0.4499178981937602,17.4,19.0,https://www.screener.in/company/CARYSIL/consolidated/,2026-08-01T22:43:49.792457+00:00
CCAVENUE.NS,1273310,consolidated,2026-03-31,36.2057,31.0,42.3977,40.5,73.486,45.15,61.0,31.0,41.0,30.0,-2.0,0.0,23.95961884821869,29.45936165164078,34.928284767356345,0.0906026127265065,6.64,4.3,https://www.screener.in/company/CCAVENUE/consolidated/,2026-08-01T22:43:49.792457+00:00
CCHHL.NS,723,consolidated,2026-03-31,48.2683,27.0,45.5426,26.8,35.6067,26.5,7.0,17.0,-12.0,-14.0,11.0,1.0,,,,0.0802675585284281,2.58,-23.0,https://www.screener.in/company/CCHHL/consolidated/,2026-08-01T22:43:49.792457+00:00
CCL.NS,593,consolidated,2026-03-31,35.758,34.3,33.1299,31.4,28.5852,28.9,29.0,16.0,12.0,11.0,22.0,16.0,10.83639306188484,16.237133914187176,12.217408495208026,0.5646055437100214,18.0,17.0,https://www.screener.in/company/CCL/consolidated/,2026-08-01T22:43:49.792457+00:00
CDSL.NS,1274088,consolidated,2026-03-31,58.3522,59.5,53.7751,55.9,43.4835,42.55,27.0,18.0,21.0,18.0,14.0,,18.23887030800737,17.8710705062749,17.49964349782236,0.0010204081632653,24.5,50.0,https://www.screener.in/company/CDSL/consolidated/,2026-08-01T22:43:49.792457+00:00
CEATLTD.NS,596,consolidated,2026-03-31,22.1471,21.5,30.032,22.5,23.3808,17.8,11.0,10.0,5.0,54.0,20.0,15.0,55.3571238888332,10.069157785958115,4.781190920728728,0.6484344034879113,16.1,12.0,https://www.screener.in/company/CEATLTD/consolidated/,2026-08-01T22:43:49.792457+00:00
CEIGALL.NS,1284882,consolidated,2026-03-31,17.2087,17.0,17.2087,17.0,17.2087,17.0,25.0,23.0,,24.0,,,-5.617287070487508,-56.47171188742783,,0.6131898971000935,15.7,15.0,https://www.screener.in/company/CEIGALL/consolidated/,2026-08-01T22:43:49.792457+00:00
CEINSYS.NS,1085308,consolidated,2026-03-31,27.9548,21.0,24.682,19.6,24.782,21.0,44.0,133.0,40.0,63.0,41.0,29.0,47.09702793811466,104.30761178823656,30.290794757485795,0.0846953937592867,24.8,22.0,https://www.screener.in/company/CEINSYS/consolidated/,2026-08-01T22:43:49.792457+00:00
CELLO.NS,1284546,consolidated,2026-03-31,44.4566,40.9,44.4566,40.9,44.4566,40.9,9.0,17.0,,8.0,,,3.216551952786606,-84.17419609266368,,0.0140688633839318,13.2,20.0,https://www.screener.in/company/CELLO/consolidated/,2026-08-01T22:43:49.792457+00:00
CEMPRO.NS,1553,consolidated,2026-03-31,30.5981,28.1,26.1812,26.1,30.05,26.55,25.0,112.0,27.0,68.0,74.0,25.0,68.82575884614863,106.79180322555436,39.46153518136701,0.41725719049604,27.8,10.0,https://www.screener.in/company/CEMPRO/consolidated/,2026-08-01T22:43:49.792457+00:00
CENTENKA.NS,610,consolidated,2026-03-31,19.3427,17.4,18.7369,17.0,18.7369,17.0,-6.0,,,2.0,4.0,11.0,3.737014332792588,,,0.0147058823529411,6.14,11.0,https://www.screener.in/company/CENTENKA/consolidated/,2026-08-01T22:43:49.792457+00:00
CENTRALBK.NS,604,consolidated,2026-03-31,13.0943,12.0,13.0701,12.7,13.0701,12.7,12.0,46.0,18.0,39.0,6.0,-11.0,37.34227335765961,,,,11.9,,https://www.screener.in/company/CENTRALBK/consolidated/,2026-08-01T22:43:49.792457+00:00
CENTRUM.NS,607,consolidated,2026-03-31,77.1321,78.3,72.4605,70.9,72.4605,70.9,41.0,,,-20.0,-14.0,0.0,,,,51.46794871794872,-75.3,29.0,https://www.screener.in/company/CENTRUM/consolidated/,2026-08-01T22:43:49.792457+00:00
CENTUM.NS,608,consolidated,2026-03-31,101.0876,82.5,141.4918,96.5,84.5122,47.4,1.0,,,,46.0,21.0,,,,0.358600583090379,-12.5,14.0,https://www.screener.in/company/CENTUM/consolidated/,2026-08-01T22:43:49.792457+00:00
CENTURYPLY.NS,612,consolidated,2026-03-31,63.4045,67.4,53.7379,47.2,42.4621,38.0,14.0,6.0,5.0,-12.0,13.0,14.0,-11.839077540329946,6.517764222225453,4.515424403136237,0.6762452107279694,10.8,12.0,https://www.screener.in/company/CENTURYPLY/consolidated/,2026-08-01T22:43:49.792457+00:00
CERA.NS,614,consolidated,2025-03-31,37.4752,36.5,39.4533,39.0,38.7466,37.85,10.0,17.0,,17.0,6.0,10.0,18.045838153963988,17.02347719036603,,0.0495195861049519,18.2,15.0,https://www.screener.in/company/CERA/consolidated/,2026-08-01T22:43:49.792457+00:00
CESC.NS,616,consolidated,2026-03-31,14.2236,14.6,11.605,12.0,11.1218,10.05,9.0,3.0,9.0,6.0,16.0,13.0,4.710465378910023,2.983868189231087,9.936097733254057,1.7295291300877893,12.6,19.0,https://www.screener.in/company/CESC/consolidated/,2026-08-01T22:43:49.792457+00:00
CEWATER.NS,1285203,consolidated,2026-03-31,19.8012,19.2,19.8012,19.2,19.8012,19.2,18.0,3.0,,61.0,,,46.77952441984088,-72.69225274464124,,0.2924693520140105,4.13,6.0,https://www.screener.in/company/CEWATER/consolidated/,2026-08-01T22:43:49.792457+00:00
CGCL.NS,2116,consolidated,2026-03-31,45.2758,38.0,53.7471,60.5,41.5906,34.1,48.0,40.0,36.0,67.0,12.0,40.0,58.41941724219868,35.608743197192005,33.955362675377444,,16.5,,https://www.screener.in/company/CGCL/consolidated/,2026-08-01T22:43:49.792457+00:00
CGPOWER.NS,739,consolidated,2026-03-31,101.3841,102.3,80.8123,80.5,79.3926,79.8,21.0,70.0,37.0,10.0,60.0,27.0,6.732350417634181,-4.573129284315291,,0.0148055207026348,20.5,13.0,https://www.screener.in/company/CGPOWER/consolidated/,2026-08-01T22:43:49.792457+00:00
CHALET.NS,1274626,consolidated,2026-03-31,100.2656,69.4,109.5798,72.75,114.1098,73.8,35.0,47.0,23.0,60.0,36.0,,48.80987135318853,,,0.6403461330448891,19.2,45.0,https://www.screener.in/company/CHALET/consolidated/,2026-08-01T22:43:49.792457+00:00
CHAMBLFERT.NS,620,consolidated,2026-03-31,12.3166,12.3,11.4203,11.0,11.6812,11.2,-9.0,7.0,22.0,25.0,7.0,22.0,25.19272751169204,4.165394804085998,24.82366145095052,0.1026133743274404,20.4,14.0,https://www.screener.in/company/CHAMBLFERT/consolidated/,2026-08-01T22:43:49.792457+00:00
CHEMPLASTS.NS,634,consolidated,2026-03-31,71.386,16.9,71.386,16.9,71.386,16.9,-5.0,,,,,,,,,1.112250712250712,-6.8,4.7,https://www.screener.in/company/CHEMPLASTS/consolidated/,2026-08-01T22:43:49.792457+00:00
CHENNPETRO.NS,636,consolidated,2026-03-31,8.1008,5.45,5.7507,4.3,5.7969,5.25,-6.0,65.0,15.0,-4.0,62.0,16.0,-4.223792581164632,64.53341888496962,15.08145986881415,0.1767935907822486,32.1,8.0,https://www.screener.in/company/CHENNPETRO/consolidated/,2026-08-01T22:43:49.792457+00:00
CHOICEIN.NS,644,consolidated,2026-03-31,68.4873,68.4,58.0372,57.5,40.0102,31.3,42.0,67.0,48.0,54.0,88.0,54.0,47.89808142810295,52.8768552150815,27.50863930617189,0.5430622009569378,16.1,36.0,https://www.screener.in/company/CHOICEIN/consolidated/,2026-08-01T22:43:49.792457+00:00
CHOLAFIN.NS,648,consolidated,2026-03-31,30.2866,30.2,29.7379,29.9,26.0318,26.05,34.0,28.0,25.0,25.0,29.0,24.0,23.730099533417672,27.051277631323316,23.633489818702596,,19.4,,https://www.screener.in/company/CHOLAFIN/consolidated/,2026-08-01T22:43:49.792457+00:00
CHOLAHLDNG.NS,3489,consolidated,2026-03-31,14.4306,14.4,13.8774,13.6,14.8719,14.7,29.0,24.0,15.0,24.0,18.0,15.0,23.68554201792432,24.23475589865025,8.890968175872116,,17.5,,https://www.screener.in/company/CHOLAHLDNG/consolidated/,2026-08-01T22:43:49.792457+00:00
CIEINDIA.NS,1975,consolidated,2026-06-30,22.072,21.4,21.6054,21.3,29.9478,23.0,2.0,54.0,21.0,127.0,9.0,8.0,,50.68481288759956,,0.0662533901588531,11.8,15.0,https://www.screener.in/company/CIEINDIA/consolidated/,2026-08-01T22:43:49.792457+00:00
CIFL.NS,473,consolidated,2026-03-31,194.548,163.8,85.9969,61.4,80.5605,56.8,-7.0,,,-16.0,-4.0,24.0,,31.685827510493137,,,-9.0,,https://www.screener.in/company/CIFL/consolidated/,2026-08-01T22:43:49.792457+00:00
CINELINE.NS,658,consolidated,2025-03-31,35.2266,35.45,35.2266,35.45,19.8227,11.6,67.0,2.0,,31.0,2.0,5.0,,,,0.7412587412587412,5.66,19.0,https://www.screener.in/company/CINELINE/consolidated/,2026-08-01T22:43:49.792457+00:00
CINEVISTA.NS,660,consolidated,2026-03-31,14.7,14.6,14.7,14.6,553.5387,620.0,211.0,32.0,65.0,30.0,-1.0,10.0,,,59.415515004501465,0.2712822324267043,11.4,45.06,https://www.screener.in/company/CINEVISTA/consolidated/,2026-08-01T22:43:49.792457+00:00
CIPLA.NS,661,consolidated,2026-03-31,26.2159,26.6,27.6912,28.1,31.6793,29.7,7.0,10.0,11.0,10.0,10.0,11.0,11.426677418906303,9.997522441469364,10.988126314712732,0.0178322490706319,11.6,19.0,https://www.screener.in/company/CIPLA/consolidated/,2026-08-01T22:43:49.792457+00:00
CLEAN.NS,1274890,consolidated,2026-03-31,50.2115,52.2,62.3019,57.1,62.503,57.1,1.0,3.0,,-8.0,-15.0,,-8.0311318245061,2.9569287741129324,,0.0012626262626262,15.3,36.0,https://www.screener.in/company/CLEAN/consolidated/,2026-08-01T22:43:49.792457+00:00
CLEANMAX.NS,1285900,consolidated,2026-03-31,118.7137,156.8,118.7137,156.8,118.7137,156.8,27.0,19.0,,-8.0,,,,-52.547650765169074,,2.734209959042897,1.76,55.0,https://www.screener.in/company/CLEANMAX/consolidated/,2026-08-01T22:43:49.792457+00:00
CMPDI.NS,1285929,consolidated,2025-03-31,0.0702,0.1,0.0702,0.1,0.0702,0.1,,,,,,,,,,0.0004897159647404,32.7,40.0,https://www.screener.in/company/CMPDI/consolidated/,2026-08-01T22:43:49.792457+00:00
CMRGREEN.NS,1285999,consolidated,2026-03-31,28.3459,24.3,28.3459,24.3,28.3459,24.3,14.0,21.0,,27.0,,,27.138352248788223,-55.40755543500002,,0.9308093994778068,14.6,5.0,https://www.screener.in/company/CMRGREEN/consolidated/,2026-08-01T22:43:49.792457+00:00
CMSINFO.NS,1275144,consolidated,2026-03-31,19.0783,18.5,19.0504,18.6,19.0504,18.6,9.0,13.0,,2.0,,,-1.4405660758754046,10.103296564899944,,0.0908343608713522,13.2,24.0,https://www.screener.in/company/CMSINFO/consolidated/,2026-08-01T22:43:49.792457+00:00
CNL.NS,1274053,consolidated,2026-03-31,21.5567,20.6,24.9192,23.4,22.5712,21.55,25.0,49.0,,42.0,33.0,,33.85038024127307,41.575388215155165,,0.8901098901098901,21.4,3.4,https://www.screener.in/company/CNL/consolidated/,2026-08-01T22:43:49.792457+00:00
COALINDIA.NS,681,consolidated,2026-03-31,7.4605,7.4,6.9598,7.0,9.7793,7.3,7.0,20.0,8.0,-1.0,23.0,3.0,-0.7034230503329852,19.611751771707414,8.368509849756766,0.1181508287014491,28.5,26.0,https://www.screener.in/company/COALINDIA/consolidated/,2026-08-01T22:43:49.792457+00:00
COASTCORP.NS,532263,consolidated,2026-03-31,44.5284,33.65,34.1943,26.85,19.919,12.65,40.0,8.0,15.0,59.0,-3.0,,59.00689579156173,6.100705626786751,13.12081053684764,1.6996466431095407,9.76,6.0,https://www.screener.in/company/COASTCORP/consolidated/,2026-08-01T22:43:49.792457+00:00
COCHINSHIP.NS,1274120,consolidated,2026-03-31,53.1529,52.8,36.5559,43.7,26.5719,13.1,29.0,4.0,,40.0,50.0,,32.99424487915958,3.3252093984389663,,0.2846926613315171,12.5,16.0,https://www.screener.in/company/COCHINSHIP/consolidated/,2026-08-01T22:43:49.792457+00:00
COFORGE.NS,2262,consolidated,2026-03-31,50.7465,51.8,47.3364,46.0,34.5826,31.9,27.0,28.0,20.0,31.0,12.0,35.0,26.80936399869789,25.234184704693675,18.029389199680423,0.0763342770263185,20.6,19.0,https://www.screener.in/company/COFORGE/consolidated/,2026-08-01T22:43:49.792457+00:00
COHANCE.NS,1274739,consolidated,2026-03-31,60.0032,50.1,48.2552,36.8,45.8259,35.4,19.0,-11.0,,-21.0,-5.0,,-33.839085603938955,-19.94136325093607,,0.1022756328304781,7.04,19.0,https://www.screener.in/company/COHANCE/consolidated/,2026-08-01T22:43:49.792457+00:00
COMFINTE.NS,688,consolidated,2026-03-31,21.0949,20.2,17.2885,17.7,15.7837,16.0,1.0,,,,31.0,23.0,,,,0.1098265895953757,-1.8,7.0,https://www.screener.in/company/COMFINTE/consolidated/,2026-08-01T22:43:49.792457+00:00
COMPUSOFT.NS,694,consolidated,2026-03-31,83.5522,71.4,59.8958,38.8,48.7998,36.6,-15.0,-18.0,-22.0,-45.0,-1.0,2.0,-17.017346663375655,7.565375693257015,-9.436525369963778,0.341751670770313,0.5,4.4,https://www.screener.in/company/COMPUSOFT/consolidated/,2026-08-01T22:43:49.792457+00:00
COMSYN.NS,1273430,consolidated,2026-03-31,31.7503,32.5,27.8946,28.4,25.6083,26.05,10.0,17.0,,48.0,38.0,34.0,47.78558512592692,14.109956279487768,,0.7288135593220338,16.1,12.0,https://www.screener.in/company/COMSYN/consolidated/,2026-08-01T22:43:49.792457+00:00
CONCOR.NS,702,consolidated,2026-03-31,37.0643,35.5,39.5586,37.9,36.0174,33.75,4.0,17.0,3.0,2.0,-1.0,4.0,1.8892397841019597,19.71120853215671,2.5431926851955167,0.0745576759638414,9.81,22.0,https://www.screener.in/company/CONCOR/consolidated/,2026-08-01T22:43:49.792457+00:00
CONCORDBIO.NS,1284439,consolidated,2026-03-31,51.4348,51.5,51.4348,51.5,51.4348,51.5,7.0,1.0,,0.0,,,2.8106061711141272,-36.80462308721144,,0.000991571641051,12.5,35.0,https://www.screener.in/company/CONCORDBIO/consolidated/,2026-08-01T22:43:49.792457+00:00
CONFIPET.NS,697,consolidated,2026-03-31,23.3898,24.0,23.2452,23.6,32.1803,24.6,29.0,13.0,56.0,5.0,5.0,31.0,-0.5882489041783456,9.982036375468772,52.93602706452201,0.5366713681241185,6.76,7.0,https://www.screener.in/company/CONFIPET/consolidated/,2026-08-01T22:43:49.792457+00:00
CONSOFINVT.NS,700,consolidated,2021-09-30,1.5694,1.5,1.3563,1.3,1.7648,1.6,200.0,30.0,9.0,108.0,18.0,17.0,549.2759854268327,29.638908146634748,9.340931978677204,,33.6,,https://www.screener.in/company/CONSOFINVT/consolidated/,2026-08-01T22:43:49.792457+00:00
CONTROLPR.NS,706,consolidated,2026-03-31,20.0153,22.6,18.9598,18.6,19.1623,17.3,17.0,6.0,5.0,-8.0,8.0,7.0,-5.556418912414918,8.91055738305273,5.028448845742273,0.0154525386313465,9.52,18.0,https://www.screener.in/company/CONTROLPR/consolidated/,2026-08-01T22:43:49.792457+00:00
CORDELIA.NS,1286025,consolidated,2026-03-31,102.0304,102.6,102.0304,102.6,102.0304,102.6,,,,,,,,,,1.475,92.3,20.0,https://www.screener.in/company/CORDELIA/consolidated/,2026-08-01T22:43:49.792457+00:00
COROMANDEL.NS,715,consolidated,2026-03-31,28.9153,30.9,23.7257,18.4,21.5036,18.6,2.0,8.0,19.0,-1.0,18.0,23.0,-1.0579940422596024,7.918565824706714,18.378667331784392,0.1199235547061634,16.4,10.0,https://www.screener.in/company/COROMANDEL/consolidated/,2026-08-01T22:43:49.792457+00:00
CORONA.NS,1285808,consolidated,2026-03-31,55.7671,55.0,55.7671,55.0,55.7671,55.0,17.0,,,33.0,,,29.649264812149333,,,0.2208835341365461,29.5,21.0,https://www.screener.in/company/CORONA/consolidated/,2026-08-01T22:43:49.792457+00:00
COSMOFIRST.NS,721,consolidated,2026-03-31,17.6057,15.0,13.4487,12.0,10.2705,8.05,6.0,-7.0,5.0,-13.0,0.0,16.0,-13.85546102158961,-7.295119091443258,6.070482510348718,1.0396039603960396,10.4,11.0,https://www.screener.in/company/COSMOFIRST/consolidated/,2026-08-01T22:43:49.792457+00:00
CPEDU.NS,1285649,consolidated,2026-03-31,4.6456,2.3,4.6456,2.3,4.6456,2.3,,,,,,,,,,0.0133333333333333,34.6,51.0,https://www.screener.in/company/CPEDU/consolidated/,2026-08-01T22:43:49.792457+00:00
CPPLUS.NS,1285570,consolidated,2026-03-31,99.2008,96.15,99.2008,96.15,99.2008,96.15,23.0,66.0,,48.0,,,-61.04177353892457,-23.25187147272708,,0.136387852956846,25.4,13.0,https://www.screener.in/company/CPPLUS/consolidated/,2026-08-01T22:43:49.792457+00:00
CRAFTSMAN.NS,1274849,consolidated,2026-03-31,48.7121,47.7,42.1364,37.7,42.96,38.5,36.0,32.0,,16.0,37.0,,11.041706810787932,28.42249364870364,,1.109987745098039,12.5,16.0,https://www.screener.in/company/CRAFTSMAN/consolidated/,2026-08-01T22:43:49.792457+00:00
CREDITACC.NS,1274399,consolidated,2026-03-31,40.3592,21.0,43.6571,25.3,42.6492,28.6,20.0,42.0,,-2.0,19.0,,-2.808081726837852,41.32510737856381,,,10.5,,https://www.screener.in/company/CREDITACC/consolidated/,2026-08-01T22:43:49.792457+00:00
CREST.NS,2966,consolidated,2026-03-31,17.0242,17.0,17.7996,16.6,13.6476,10.85,-37.0,73.0,2.0,-51.0,26.0,20.0,-50.910047641693936,73.39960601094646,1.4522064163885684,,3.75,,https://www.screener.in/company/CREST/consolidated/,2026-08-01T22:43:49.792457+00:00
CRISIL.NS,737,consolidated,2026-06-30,49.0057,49.0,48.5793,48.4,44.0944,45.5,10.0,14.0,10.0,7.0,8.0,8.0,10.68408550413913,16.472216023276687,10.094594519415631,0.1024151635585447,24.5,30.0,https://www.screener.in/company/CRISIL/consolidated/,2026-08-01T22:43:49.792457+00:00
CRIZAC.NS,1285526,consolidated,2026-03-31,25.4243,22.7,25.4243,22.7,25.4243,22.7,30.0,60.0,,25.0,,,-51.84940216689009,-73.91470359189458,,0.0034188034188034,40.3,27.0,https://www.screener.in/company/CRIZAC/consolidated/,2026-08-01T22:43:49.792457+00:00
CROMPTON.NS,1273354,consolidated,2026-03-31,43.8,41.6,42.0073,40.4,40.8222,39.75,6.0,-11.0,,-10.0,-11.0,5.0,,,,0.0670711156049882,10.6,10.0,https://www.screener.in/company/CROMPTON/consolidated/,2026-08-01T22:43:49.792457+00:00
CSM.NS,1286023,consolidated,2026-03-31,9.4318,4.9,9.4318,4.9,9.4318,4.9,12.0,,,18.0,,,-37.61166435218107,,,0.6990291262135923,28.5,20.0,https://www.screener.in/company/CSM/consolidated/,2026-08-01T22:43:49.792457+00:00
CTE.NS,573,consolidated,2026-03-31,14.5609,9.4,13.5426,10.2,11.1522,9.4,0.0,-42.0,-25.0,-61.0,-17.0,-10.0,-61.32879410592182,-44.33361997358949,-25.602742476623664,1.0,0.65,8.0,https://www.screener.in/company/CTE/consolidated/,2026-08-01T22:43:49.792457+00:00
CUMMINSIND.NS,744,consolidated,2026-03-31,49.8949,51.0,45.131,41.5,37.0594,35.3,16.0,31.0,13.0,26.0,43.0,21.0,24.350045422572357,30.041778702712385,12.593476860821353,0.0043657817109144,30.2,21.0,https://www.screener.in/company/CUMMINSIND/consolidated/,2026-08-01T22:43:49.792457+00:00
CUPID.NS,745,consolidated,2026-03-31,100.6293,70.5,67.0008,39.3,67.0008,39.3,,30.0,,,148.0,59.0,53.77619196572583,,,0.1244444444444444,27.3,33.0,https://www.screener.in/company/CUPID/consolidated/,2026-08-01T22:43:49.792457+00:00
CYIENT.NS,1490,consolidated,2026-03-31,25.8076,25.4,24.2705,23.4,20.0617,19.5,7.0,5.0,4.0,-5.0,-3.0,5.0,-6.10453778006419,3.0989242655696803,2.8981340088129803,0.075853572685674,8.61,12.0,https://www.screener.in/company/CYIENT/consolidated/,2026-08-01T22:43:49.792457+00:00
CYIENTDLM.NS,1284402,consolidated,2026-03-31,71.0325,65.5,71.2719,68.35,71.2719,68.35,15.0,,,32.0,,,15.43836052714902,,,0.1699604743083003,7.49,10.0,https://www.screener.in/company/CYIENTDLM/consolidated/,2026-08-01T22:43:49.792457+00:00
DABUR.NS,757,consolidated,2026-03-31,51.1382,51.3,52.8793,53.5,51.2262,51.95,5.0,2.0,4.0,4.0,-7.0,4.0,3.474040100316333,2.197706302936031,4.152611828627761,0.1127068920220684,17.0,19.0,https://www.screener.in/company/DABUR/consolidated/,2026-08-01T22:43:49.792457+00:00
DALBHARAT.NS,1274605,consolidated,2026-03-31,39.2153,37.8,38.7559,36.7,35.7844,35.45,3.0,-2.0,,-1.0,-3.0,,3.2274449564805074,-0.5983612125552984,,0.4119250236386896,6.11,20.0,https://www.screener.in/company/DALBHARAT/consolidated/,2026-08-01T22:43:49.792457+00:00
DALMIASUG.NS,763,consolidated,2026-03-31,11.4701,11.2,11.2345,11.0,10.0335,10.0,4.0,-3.0,17.0,-2.0,-6.0,8.0,-1.811994353865598,-2.623631259908388,15.02009247280547,0.5561381863047502,7.3,12.0,https://www.screener.in/company/DALMIASUG/consolidated/,2026-08-01T22:43:49.792457+00:00
DAMCAPITAL.NS,1285200,consolidated,2026-03-31,14.8188,14.8,14.8188,14.8,14.8188,14.8,41.0,,,103.0,,,,,,0.0,24.4,51.0,https://www.screener.in/company/DAMCAPITAL/consolidated/,2026-08-01T22:43:49.792457+00:00
DANGEE.NS,1274407,consolidated,2017-03-31,6.2962,6.4,10.4559,10.3,10.2063,9.3,,,,,-25.0,,,,,,,23.48,https://www.screener.in/company/DANGEE/consolidated/,2026-08-01T22:43:49.792457+00:00
DATAMATICS.NS,766,consolidated,2026-03-31,20.4045,19.7,17.6054,17.8,13.2462,11.6,11.0,25.0,18.0,10.0,24.0,28.0,0.8354347487306457,19.41914363682049,15.767164630860163,0.1431347150259067,16.4,19.0,https://www.screener.in/company/DATAMATICS/consolidated/,2026-08-01T22:43:49.792457+00:00
DBCORP.NS,770,consolidated,2026-03-31,13.7395,13.1,12.5912,12.2,13.2483,12.8,3.0,20.0,1.0,25.0,17.0,-7.0,25.168894501417466,18.184439218047157,1.5971611713169187,0.107863318237958,14.3,21.0,https://www.screener.in/company/DBCORP/consolidated/,2026-08-01T22:43:49.792457+00:00
DBL.NS,1273459,consolidated,2026-03-31,38.7527,18.4,38.4188,20.95,26.9876,19.05,-5.0,19.0,10.0,61.0,-5.0,,1001.421486428726,32.69055447907465,15.114833069962684,1.1774784009371797,10.3,20.0,https://www.screener.in/company/DBL/consolidated/,2026-08-01T22:43:49.792457+00:00
DCAL.NS,1274141,consolidated,2026-03-31,62.2078,31.1,83.6906,69.0,51.6014,26.3,7.0,21.0,,140.0,-3.0,,,,,0.4606859367979631,1.58,19.0,https://www.screener.in/company/DCAL/consolidated/,2026-08-01T22:43:49.792457+00:00
DCI.NS,1274718,consolidated,2026-03-31,25.904,26.7,25.904,26.7,25.904,26.7,,,,,65.0,,,,,0.8130841121495327,23.6,4.8,https://www.screener.in/company/DCI/consolidated/,2026-08-01T22:43:49.792457+00:00
DCMSHRIRAM.NS,773,consolidated,2026-03-31,28.4083,28.4,23.369,23.1,16.5973,13.1,5.0,5.0,11.0,-1.0,2.0,17.0,-2.1458127933968063,4.859716664614444,11.408409421243435,0.3790197095435684,11.5,11.0,https://www.screener.in/company/DCMSHRIRAM/consolidated/,2026-08-01T22:43:49.792457+00:00
DCMSRIND.NS,774,consolidated,2025-09-30,5.0962,5.0,4.5605,4.5,3.2732,3.5,-1.0,1.0,31.0,16.0,7.0,12.0,15.284600222567637,1.1354453411199117,31.226269392202436,0.3311403508771929,11.8,7.0,https://www.screener.in/company/DCMSRIND/consolidated/,2026-08-01T22:43:49.792457+00:00
DCXINDIA.NS,1275347,consolidated,2026-03-31,63.6236,52.4,57.5432,49.2,57.5432,49.2,-16.0,,,,,,,,,0.0019828155981493,-0.53,-2.3,https://www.screener.in/company/DCXINDIA/consolidated/,2026-08-01T22:43:49.792457+00:00
DECCANCE.NS,778,consolidated,2026-03-31,164.2523,170.6,164.2523,170.6,164.2523,170.6,,,,,-7.0,1.0,,,,1.0026631158455392,2.42,12.0,https://www.screener.in/company/DECCANCE/consolidated/,2026-08-01T22:43:49.792457+00:00
DEEPAKFERT.NS,785,consolidated,2026-03-31,17.4268,17.8,14.2517,13.1,15.5015,14.5,1.0,13.0,25.0,-15.0,27.0,25.0,-15.226820098810778,8.4156361311986,17.67519940871436,0.8284628872004676,11.3,17.0,https://www.screener.in/company/DEEPAKFERT/consolidated/,2026-08-01T22:43:49.792457+00:00
DEEPAKNTR.NS,786,consolidated,2026-03-31,41.0968,40.1,36.3862,37.8,34.1339,34.1,0.0,-7.0,24.0,-13.0,-5.0,32.0,-13.551017926726171,-6.631944550957647,22.302754759202514,0.2806236080178174,9.82,13.0,https://www.screener.in/company/DEEPAKNTR/consolidated/,2026-08-01T22:43:49.792457+00:00
DEEPINDS.NS,1274867,consolidated,2026-03-31,16.6968,15.7,14.1475,14.1,13.9337,14.1,38.0,43.0,,63.0,60.0,,12.823839813898118,22.678077295428544,,0.1015507753876938,19.4,39.0,https://www.screener.in/company/DEEPINDS/consolidated/,2026-08-01T22:43:49.792457+00:00
DELHIVERY.NS,1275225,consolidated,2026-03-31,319.62,195.25,319.62,195.25,319.62,195.25,13.0,20.0,,30.0,,,,,,0.1510271497883761,1.87,6.0,https://www.screener.in/company/DELHIVERY/consolidated/,2026-08-01T22:43:49.792457+00:00
DELTACORP.NS,97569,consolidated,2026-03-31,16.7771,16.1,26.9038,18.75,34.4052,24.5,-11.0,44.0,11.0,-30.0,-19.0,-5.0,-31.14026086470839,,6.750092373183492,0.0217584369449378,3.64,19.0,https://www.screener.in/company/DELTACORP/consolidated/,2026-08-01T22:43:49.792457+00:00
DEN.NS,792,consolidated,2026-03-31,8.9605,8.7,9.5314,9.3,12.23,10.2,-5.0,21.0,9.0,-5.0,-13.0,-11.0,-11.988944219738872,-3.5157832540421263,,0.0052840158520475,4.48,6.0,https://www.screener.in/company/DEN/consolidated/,2026-08-01T22:43:49.792457+00:00
DENTA.NS,1285238,consolidated,2026-03-31,12.1544,11.4,12.1544,11.4,12.1544,11.4,13.0,41.0,,7.0,,,-39.77063808036439,-0.2696160315066143,,0.0261437908496732,14.0,30.0,https://www.screener.in/company/DENTA/consolidated/,2026-08-01T22:43:49.792457+00:00
DEVIT.NS,1274057,consolidated,2026-03-31,34.3879,29.2,38.3786,31.35,24.6956,16.25,15.0,19.0,-6.0,-37.0,21.0,,102.4392647917108,,12.99790932256384,0.2844036697247706,1.28,1.7,https://www.screener.in/company/DEVIT/consolidated/,2026-08-01T22:43:49.792457+00:00
DEVX.NS,1285646,consolidated,2026-03-31,109.4391,87.0,109.4391,87.0,109.4391,87.0,48.0,,,39.0,,,,,,1.989247311827957,7.35,48.0,https://www.screener.in/company/DEVX/consolidated/,2026-08-01T22:43:49.792457+00:00
DEVYANI.NS,1274904,consolidated,2026-03-31,308.2336,115.5,296.8873,113.95,296.8873,113.95,23.0,12.0,6.0,,,,,,,2.485732814526589,-1.56,15.0,https://www.screener.in/company/DEVYANI/consolidated/,2026-08-01T22:43:49.792457+00:00
DGCONTENT.NS,1274671,consolidated,2026-03-31,18.8051,11.0,24.4835,11.65,24.4835,11.65,12.0,16.0,,32.0,12.0,,,,,2.6486486486486487,11.6,7.0,https://www.screener.in/company/DGCONTENT/consolidated/,2026-08-01T22:43:49.792457+00:00
DHAMPURSUG.NS,802,consolidated,2026-03-31,13.8529,13.9,12.5234,11.7,8.8531,8.6,-7.0,-23.0,15.0,-26.0,-15.0,1.0,-24.71844013549811,-21.761242457737907,8.935945126967715,0.7510442773600668,5.47,9.0,https://www.screener.in/company/DHAMPURSUG/consolidated/,2026-08-01T22:43:49.792457+00:00
DHANUKA.NS,809,consolidated,2025-03-31,21.7439,21.1,19.4778,17.8,20.9034,18.9,11.0,16.0,11.0,12.0,2.0,5.0,13.67467320893192,17.265480581278414,12.000843180197428,0.0527441197434069,22.0,20.0,https://www.screener.in/company/DHANUKA/consolidated/,2026-08-01T22:43:49.792457+00:00
DHARMAJ.NS,1275369,consolidated,2026-03-31,20.0274,17.55,20.0274,17.55,20.0274,17.55,,,,,,,,,,0.2939866369710467,13.0,9.0,https://www.screener.in/company/DHARMAJ/consolidated/,2026-08-01T22:43:49.792457+00:00
DHUNINV.NS,822,consolidated,2026-03-31,12.9435,10.1,8.0511,2.8,6.4705,2.3,15.0,-34.0,9.0,-61.0,5.0,19.0,-60.54525146184714,-33.7442095436304,,,0.66,,https://www.screener.in/company/DHUNINV/consolidated/,2026-08-01T22:43:49.792457+00:00
DIACABS.NS,826,consolidated,2026-03-31,170.0,144.3,170.0,144.3,170.0,144.3,,,10.0,,427.0,55.0,,,,,,12.0,https://www.screener.in/company/DIACABS/consolidated/,2026-08-01T22:43:49.792457+00:00
DIAMINESQ.NS,825,consolidated,2026-03-31,59.3414,24.9,175.9284,21.6,332.7682,208.75,-30.0,,,,-6.0,20.0,,,,0.0509554140127388,-8.02,-36.0,https://www.screener.in/company/DIAMINESQ/consolidated/,2026-08-01T22:43:49.792457+00:00
DIAMONDYD.NS,1274153,consolidated,2023-03-31,117.4153,118.6,116.2623,111.8,88.0176,84.1,6.0,-14.0,3.0,-24.0,10.0,,-24.359057001028017,-14.397312672024777,-33.10772560331603,0.0886262924667651,3.14,3.8,https://www.screener.in/company/DIAMONDYD/consolidated/,2026-08-01T22:43:49.792457+00:00
DIFFNKG.NS,1285013,consolidated,2026-03-31,27.6719,27.8,27.6719,27.8,27.6719,27.8,17.0,35.0,,33.0,,,-39.01164147562402,-15.575354429793045,,0.0716049382716049,13.1,14.0,https://www.screener.in/company/DIFFNKG/consolidated/,2026-08-01T22:43:49.792457+00:00
DIGIDRIVE.NS,1284632,consolidated,2026-03-31,18.6173,16.7,18.6173,16.7,18.6173,16.7,2.0,,,8.0,,,,,,0.003200058851657,2.15,-3.66,https://www.screener.in/company/DIGIDRIVE/consolidated/,2026-08-01T22:43:49.792457+00:00
DIGITIDE.NS,1285488,consolidated,2026-03-31,133.8271,127.5,133.8271,127.5,133.8271,127.5,,,,,,,,,,0.6336515513126492,1.23,11.0,https://www.screener.in/company/DIGITIDE/consolidated/,2026-08-01T22:43:49.792457+00:00
DISAQ.NS,834,consolidated,2026-03-31,44.9102,46.7,39.6418,36.3,43.8908,39.1,18.0,18.0,18.0,24.0,17.0,11.0,21.66978300619622,17.296068975009725,18.04383845509485,0.0,19.7,16.0,https://www.screener.in/company/DISAQ/consolidated/,2026-08-01T22:43:49.792457+00:00
DIVISLAB.NS,837,consolidated,2026-03-31,73.7554,72.5,61.6211,67.0,49.4489,49.1,11.0,6.0,9.0,13.0,10.0,21.0,12.087166469136768,5.290696401329553,8.594865443776545,0.0004176361792255,16.5,35.0,https://www.screener.in/company/DIVISLAB/consolidated/,2026-08-01T22:43:49.792457+00:00
DIXON.NS,1274137,consolidated,2026-03-31,116.3586,117.9,117.6621,117.0,98.2078,101.2,59.0,55.0,45.0,77.0,27.0,,76.68184854910194,54.04150246141137,24.03185993491683,0.2125293991875133,37.4,3.6,https://www.screener.in/company/DIXON/consolidated/,2026-08-01T22:43:49.792457+00:00
DJML.NS,1274745,consolidated,2026-03-31,39.6952,37.2,39.6952,37.2,39.6952,37.2,,,,,52.0,,,,,0.4333333333333333,14.1,19.0,https://www.screener.in/company/DJML/consolidated/,2026-08-01T22:43:49.792457+00:00
DLF.NS,841,consolidated,2026-03-31,56.9503,51.4,55.6437,52.4,71.1114,53.75,13.0,29.0,29.0,27.0,13.0,15.0,29.447353300063583,32.17393348735589,26.346230563035043,0.0067292679172256,9.5,18.0,https://www.screener.in/company/DLF/consolidated/,2026-08-01T22:43:49.792457+00:00
DLINKINDIA.NS,756,consolidated,2026-03-31,16.5567,16.6,14.9222,14.0,16.0437,15.0,10.0,23.0,14.0,2.0,24.0,15.0,6.418569302132493,27.119162508361704,15.612797003872636,0.0296442687747035,18.1,8.0,https://www.screener.in/company/DLINKINDIA/consolidated/,2026-08-01T22:43:49.792457+00:00
DMART.NS,1273670,consolidated,2026-03-31,101.9548,99.8,124.9728,104.7,132.581,117.1,17.0,22.0,25.0,8.0,2.0,,7.484374773460134,21.837330425629453,23.103637556758617,0.0991252452583387,12.9,8.0,https://www.screener.in/company/DMART/consolidated/,2026-08-01T22:43:49.792457+00:00
DMCC.NS,812,consolidated,2026-03-31,60.4815,54.2,61.3322,46.1,42.8503,29.0,15.0,-3.0,,64.0,-6.0,16.0,57.97508076753246,-3.445287410040088,,0.3508064516129032,11.5,11.0,https://www.screener.in/company/DMCC/consolidated/,2026-08-01T22:43:49.792457+00:00
DODLA.NS,1274883,consolidated,2026-03-31,31.7338,31.3,29.7322,28.6,30.4429,28.75,14.0,15.0,,28.0,11.0,,29.141708535653056,15.428095922574258,,0.0340501792114695,16.4,7.0,https://www.screener.in/company/DODLA/consolidated/,2026-08-01T22:43:49.792457+00:00
DOLATALGO.NS,843,consolidated,2026-03-31,10.7191,10.5,9.4835,8.7,9.9082,9.5,13.0,-3.0,,4.0,-10.0,37.0,3.563937866993072,-2.575315940595435,,0.251105216622458,12.1,56.0,https://www.screener.in/company/DOLATALGO/consolidated/,2026-08-01T22:43:49.792457+00:00
DOLLAR.NS,1274061,consolidated,2026-03-31,31.9809,25.6,28.495,23.4,24.7477,22.2,11.0,5.0,,27.0,-7.0,,26.93741871950368,4.719226984285618,,0.3069620253164557,11.8,11.0,https://www.screener.in/company/DOLLAR/consolidated/,2026-08-01T22:43:49.792457+00:00
DOLPHIN.NS,846,consolidated,2026-03-31,57.561,33.6,57.561,33.6,32.8643,21.7,,,5.0,115.0,,46.0,14.438031189186606,,19.813320488546005,0.5750708215297451,21.9,57.0,https://www.screener.in/company/DOLPHIN/consolidated/,2026-08-01T22:43:49.792457+00:00
DOMS.NS,1284580,consolidated,2026-03-31,57.0905,70.9,57.0905,70.9,57.0905,70.9,24.0,91.0,,34.0,,,-75.47742206554643,,,0.1155737704918032,20.7,17.0,https://www.screener.in/company/DOMS/consolidated/,2026-08-01T22:43:49.792457+00:00
DONEAR.NS,847,consolidated,2026-03-31,15.0942,15.3,15.0942,15.3,15.0942,15.3,,,,,9.0,12.0,,,,1.5471014492753623,17.0,10.0,https://www.screener.in/company/DONEAR/consolidated/,2026-08-01T22:43:49.792457+00:00
DPABHUSHAN.NS,1274183,consolidated,2022-03-31,66.5637,74.0,47.7257,39.6,46.7204,38.0,,,,,46.0,,,,,1.2318840579710144,34.5,4.3,https://www.screener.in/company/DPABHUSHAN/consolidated/,2026-08-01T22:43:49.792457+00:00
DRCSYSTEMS.NS,1274840,consolidated,2026-03-31,20.5185,22.3,20.7476,22.5,20.7476,22.5,55.0,,,44.0,7.0,,37.989129235272735,,,0.0,22.6,28.0,https://www.screener.in/company/DRCSYSTEMS/consolidated/,2026-08-01T22:43:49.792457+00:00
DREAMFOLKS.NS,1275278,consolidated,2026-03-31,25.4981,31.1,39.0294,34.2,39.0294,34.2,-5.0,66.0,,-46.0,,,-46.128786827463465,,,0.0382165605095541,3.76,0.4,https://www.screener.in/company/DREAMFOLKS/consolidated/,2026-08-01T22:43:49.792457+00:00
DRREDDY.NS,852,consolidated,2026-03-31,19.6236,19.2,23.1544,19.9,28.4912,26.15,11.0,15.0,7.0,-4.0,4.0,7.0,-2.441852599999228,16.455273351069998,7.243664444938669,0.2041064076849994,11.2,15.0,https://www.screener.in/company/DRREDDY/consolidated/,2026-08-01T22:43:49.792457+00:00
DSSL.NS,864,consolidated,2026-03-31,21.3344,19.5,19.7893,18.5,14.4708,15.0,21.0,58.0,,36.0,54.0,60.0,36.169225708772814,51.16038513422365,,0.7523809523809524,31.0,10.0,https://www.screener.in/company/DSSL/consolidated/,2026-08-01T22:43:49.792457+00:00
DTIL.NS,1228189,consolidated,2026-03-31,6.4146,5.9,6.5929,6.3,6.9867,7.0,12.0,,,13.0,-18.0,-4.0,,,,0.4773584905660377,-2.33,-1.6,https://www.screener.in/company/DTIL/consolidated/,2026-08-01T22:43:49.792457+00:00
DUCON.NS,166230,consolidated,2026-03-31,28.7102,17.6,74.8423,40.35,74.8423,40.35,2.0,92.0,,39.0,-25.0,-13.0,37.77757025384456,76.23403478323169,,0.6325301204819277,6.58,6.0,https://www.screener.in/company/DUCON/consolidated/,2026-08-01T22:43:49.792457+00:00
DVL.NS,823,consolidated,2026-03-31,7.912,8.0,5.4411,4.3,5.5216,5.2,17.0,-8.0,35.0,-34.0,-5.0,,-44.855669665152845,-17.09514187512332,,0.2895377128953771,4.86,6.0,https://www.screener.in/company/DVL/consolidated/,2026-08-01T22:43:49.792457+00:00
DYNAMATECH.NS,865,consolidated,2026-03-31,97.2465,96.9,91.4158,85.5,85.8152,52.9,7.0,34.0,15.0,6.0,44.0,15.0,-8.845747154959982,,10.194534035103842,0.8035264483627204,6.62,11.0,https://www.screener.in/company/DYNAMATECH/consolidated/,2026-08-01T22:43:49.792457+00:00
DYNPRO.NS,870,consolidated,2026-03-31,54.2981,30.4,47.4778,27.3,28.197,18.25,9.0,-7.0,10.0,106.0,-15.0,15.0,,-7.696951747612434,9.67470960524932,0.2979591836734694,8.49,14.0,https://www.screener.in/company/DYNPRO/consolidated/,2026-08-01T22:43:49.792457+00:00
EASEMYTRIP.NS,1274843,consolidated,2026-03-31,46.8013,44.1,60.9142,55.2,61.0023,55.3,6.0,,,,-15.0,,,,,0.0436408977556109,-0.71,-3.1,https://www.screener.in/company/EASEMYTRIP/consolidated/,2026-08-01T22:43:49.792457+00:00
EBGNG.NS,1285555,consolidated,2026-03-31,31.5883,37.55,31.5883,37.55,31.5883,37.55,42.0,78.0,,59.0,,,-88.88840624083181,,,0.5712401055408971,26.8,11.0,https://www.screener.in/company/EBGNG/consolidated/,2026-08-01T22:43:49.792457+00:00
ECLERX.NS,880,consolidated,2026-03-31,26.3994,25.3,23.3559,22.9,19.1038,17.7,16.0,22.0,8.0,14.0,19.0,14.0,14.64727563770647,22.708838115559395,10.407300184510415,0.1503319016009371,29.0,26.0,https://www.screener.in/company/ECLERX/consolidated/,2026-08-01T22:43:49.792457+00:00
EDELWEISS.NS,884,consolidated,2026-03-31,20.3064,19.0,16.9333,17.3,14.8979,15.65,7.0,18.0,4.0,21.0,15.0,7.0,16.558779521911227,15.2714880850656,1.2793733627692871,4.022279904823708,13.5,30.0,https://www.screener.in/company/EDELWEISS/consolidated/,2026-08-01T22:43:49.792457+00:00
EFCIL.NS,155,consolidated,2026-03-31,33.8439,29.4,40.6554,31.6,40.6554,31.6,116.0,,,276.0,97.0,45.0,198.29541775415413,,,1.742255266418835,34.3,44.0,https://www.screener.in/company/EFCIL/consolidated/,2026-08-01T22:43:49.792457+00:00
EICHERMOT.NS,888,consolidated,2026-03-31,33.1217,32.5,36.3644,34.6,37.8776,37.5,17.0,33.0,15.0,24.0,24.0,14.0,23.57313785485249,32.47410552647671,24.36863116748633,0.0204780876494023,24.0,25.0,https://www.screener.in/company/EICHERMOT/consolidated/,2026-08-01T22:43:49.792457+00:00
EIDPARRY.NS,889,consolidated,2026-03-31,16.3159,15.4,14.3716,13.7,13.8762,11.3,3.0,7.0,35.0,-11.0,12.0,11.0,-15.6584894505578,4.857040575145621,32.22589813721912,0.4024640657084189,7.85,9.0,https://www.screener.in/company/EIDPARRY/consolidated/,2026-08-01T22:43:49.792457+00:00
EIEL.NS,1285170,consolidated,2026-03-31,22.1932,21.4,22.1932,21.4,22.1932,21.4,50.0,85.0,,51.0,,,-21.40178789959093,-21.64924024313032,,0.3422546634225466,17.0,24.0,https://www.screener.in/company/EIEL/consolidated/,2026-08-01T22:43:49.792457+00:00
EIHOTEL.NS,891,consolidated,2026-03-31,34.7121,32.5,53.6024,36.0,57.4164,46.05,13.0,32.0,17.0,25.0,24.0,12.0,25.950344262202307,,16.9485056149014,0.0478905359179019,14.5,35.0,https://www.screener.in/company/EIHOTEL/consolidated/,2026-08-01T22:43:49.792457+00:00
EIMCOELECO.NS,892,consolidated,2024-03-31,29.4318,27.8,28.5996,27.9,20.6324,17.6,22.0,11.0,,50.0,31.0,16.0,50.64043685709476,10.716902180676712,,0.0,10.4,18.0,https://www.screener.in/company/EIMCOELECO/consolidated/,2026-08-01T22:43:49.792457+00:00
EKC.NS,973,consolidated,2026-03-31,14.9732,15.0,12.9054,13.2,12.8788,12.5,5.0,18.0,12.0,18.0,3.0,19.0,24.458135557208703,10.294296681962225,,0.1908506075768406,11.3,14.0,https://www.screener.in/company/EKC/consolidated/,2026-08-01T22:43:49.792457+00:00
ELCIDIN.NS,898,consolidated,2026-03-31,20.425,20.7,20.425,20.7,20.425,20.7,7.0,6.0,14.0,14.0,485.0,,13.91603324712345,6.011103000023188,13.904096412079149,0.0,1.21,95.0,https://www.screener.in/company/ELCIDIN/consolidated/,2026-08-01T22:43:49.792457+00:00
ELDEHSG.NS,899,consolidated,2026-03-31,31.328,27.8,23.9241,20.0,16.9165,13.15,9.0,-15.0,2.0,-18.0,5.0,22.0,-18.20677485063531,-14.903424380785625,1.6707298017806238,0.385,6.2,19.0,https://www.screener.in/company/ELDEHSG/consolidated/,2026-08-01T22:43:49.792457+00:00
ELECON.NS,903,consolidated,2026-03-31,32.5968,34.0,27.9372,27.5,27.3536,23.75,16.0,44.0,29.0,14.0,41.0,31.0,12.837288148301583,42.68623971638097,24.3459126132114,0.1184381778741865,16.4,21.0,https://www.screener.in/company/ELECON/consolidated/,2026-08-01T22:43:49.792457+00:00
ELECTCAST.NS,904,consolidated,2026-03-31,13.5694,13.1,10.7264,9.8,8.9459,8.3,-7.0,-2.0,30.0,-16.0,12.0,13.0,-21.0809233432937,,,0.2635043889264011,3.24,6.0,https://www.screener.in/company/ELECTCAST/consolidated/,2026-08-01T22:43:49.792457+00:00
ELECTHERM.NS,906,consolidated,2026-03-31,4.8568,3.6,4.3652,3.2,3.7648,2.8,6.0,,7.0,,47.0,30.0,,,,,,1.2,https://www.screener.in/company/ELECTHERM/consolidated/,2026-08-01T22:43:49.792457+00:00
ELGIEQUIP.NS,910,consolidated,2026-03-31,48.2688,44.0,53.359,51.2,53.6867,47.9,9.0,31.0,22.0,11.0,22.0,21.0,5.066595993964773,33.252530476782425,23.7586026595104,0.2387992831541218,19.0,15.0,https://www.screener.in/company/ELGIEQUIP/consolidated/,2026-08-01T22:43:49.792457+00:00
ELGIRUBCO.NS,1272779,consolidated,2026-03-31,129.1441,107.15,118.725,101.9,118.725,101.9,-2.0,,,,7.0,6.0,,,,4.118421052631579,-67.5,-17.0,https://www.screener.in/company/ELGIRUBCO/consolidated/,2026-08-01T22:43:49.792457+00:00
ELIN.NS,1275383,consolidated,2026-03-31,42.3796,37.5,38.2851,30.6,38.2851,30.6,6.0,-8.0,,-4.0,,,-5.618393715727121,-37.89281894797407,,0.0305755395683453,4.27,4.3,https://www.screener.in/company/ELIN/consolidated/,2026-08-01T22:43:49.792457+00:00
ELITECON.NS,1273187,consolidated,2025-09-30,149.5452,18.35,149.5452,18.35,149.5452,18.35,,,117.0,,,,,,,1.0867052023121386,43.5,8.0,https://www.screener.in/company/ELITECON/consolidated/,2026-08-01T22:43:49.792457+00:00
ELPROINTL.NS,915,consolidated,2026-03-31,22.6446,22.8,28.6677,21.8,50.9199,32.25,62.0,35.0,38.0,33.0,27.0,25.0,22.16714425076971,34.78400051105719,,0.5952732644017725,4.3,30.0,https://www.screener.in/company/ELPROINTL/consolidated/,2026-08-01T22:43:49.792457+00:00
EMAMILTD.NS,918,consolidated,2026-03-31,31.9414,31.4,31.5874,30.9,46.3709,42.15,4.0,13.0,7.0,8.0,-7.0,-4.0,6.993727940705496,11.664073166005595,8.301705908419255,0.0554035567715458,27.9,25.0,https://www.screener.in/company/EMAMILTD/consolidated/,2026-08-01T22:43:49.792457+00:00
EMBDL.NS,1434,consolidated,2026-03-31,48.6091,49.2,60.0854,45.45,23.3784,13.7,43.0,,,,-17.0,-4.0,,,,0.539319010944467,-9.1,-27.0,https://www.screener.in/company/EMBDL/consolidated/,2026-08-01T22:43:49.792457+00:00
EMCURE.NS,1284839,consolidated,2026-03-31,38.2306,35.2,38.2306,35.2,38.2306,35.2,15.0,18.0,,21.0,,,18.342391898777688,16.06533795912157,,0.3147474747474747,20.1,20.0,https://www.screener.in/company/EMCURE/consolidated/,2026-08-01T22:43:49.792457+00:00
EMIL.NS,1275325,consolidated,2026-03-31,41.4376,42.1,37.6111,39.45,37.6111,39.45,10.0,12.0,,-6.0,,,-4.482113517817188,7.349997068129777,,1.2281672816728166,6.5,6.0,https://www.screener.in/company/EMIL/consolidated/,2026-08-01T22:43:49.792457+00:00
EMKAY.NS,923,consolidated,2026-03-31,15.2688,12.6,12.8659,11.2,14.9254,13.0,25.0,7.0,3.0,3.0,14.0,13.0,0.522657576944674,5.11335830705677,1.6591066843790747,0.2894736842105263,4.52,8.0,https://www.screener.in/company/EMKAY/consolidated/,2026-08-01T22:43:49.792457+00:00
EMMVEE.NS,1285761,consolidated,2026-03-31,9.246,3.3,9.246,3.3,9.246,3.3,101.0,158.0,,395.0,,,23.561611637672584,12.598873796842614,,0.0974553329723876,51.1,35.0,https://www.screener.in/company/EMMVEE/consolidated/,2026-08-01T22:43:49.792457+00:00
EMSLIMITED.NS,1284479,consolidated,2026-03-31,19.1747,19.1,19.1747,19.1,19.1747,19.1,11.0,5.0,,-6.0,,,-10.726854256118555,-23.240908697905216,,0.1458333333333333,8.91,19.0,https://www.screener.in/company/EMSLIMITED/consolidated/,2026-08-01T22:43:49.792457+00:00
EMUDHRA.NS,1275229,consolidated,2026-03-31,66.5312,65.2,62.1284,58.05,62.1284,58.05,41.0,43.0,,19.0,,,18.12123099968608,39.21381257536951,,0.0318331503841931,12.6,23.0,https://www.screener.in/company/EMUDHRA/consolidated/,2026-08-01T22:43:49.792457+00:00
ENDURANCE.NS,1273546,consolidated,2026-03-31,44.7414,44.3,42.4375,42.3,38.7403,40.6,18.0,12.0,12.0,26.0,10.0,,25.670978733746107,12.860900247041783,-0.0647994940827567,0.1939774886712469,14.9,13.0,https://www.screener.in/company/ENDURANCE/consolidated/,2026-08-01T22:43:49.792457+00:00
ENERGYDEV.NS,934,consolidated,2026-03-31,71.4898,56.6,35.8275,18.9,34.1984,19.05,7.0,18.0,8.0,-32.0,8.0,-18.0,,,,35.16368286445016,33.2,59.5,https://www.screener.in/company/ENERGYDEV/consolidated/,2026-08-01T22:43:49.792457+00:00
ENGINERSIN.NS,935,consolidated,2026-03-31,22.8268,21.6,25.4011,21.7,24.3753,21.1,6.0,16.0,10.0,26.0,24.0,7.0,25.923890517577263,22.65924214195256,11.530976842257568,0.005403687221869,23.8,18.0,https://www.screener.in/company/ENGINERSIN/consolidated/,2026-08-01T22:43:49.792457+00:00
ENIL.NS,942,consolidated,2026-03-31,82.9573,61.2,82.9573,61.2,69.9444,60.6,3.0,15.0,-32.0,26.0,-13.0,-17.0,,,,0.2255936675461741,0.25,8.0,https://www.screener.in/company/ENIL/consolidated/,2026-08-01T22:43:49.792457+00:00
ENTERO.NS,1284670,consolidated,2026-03-31,57.174,52.05,57.174,52.05,57.174,52.05,26.0,57.0,,130.0,,,,,,0.4008288928359976,6.94,4.0,https://www.screener.in/company/ENTERO/consolidated/,2026-08-01T22:43:49.792457+00:00
EPACK.NS,1284639,consolidated,2026-03-31,63.1808,62.8,63.1808,62.8,63.1808,62.8,7.0,-16.0,,-54.0,,,-61.88433376795701,-26.819936752417007,,0.7697916666666667,0.34,6.0,https://www.screener.in/company/EPACK/consolidated/,2026-08-01T22:43:49.792457+00:00
EPACKPEB.NS,1285685,consolidated,2026-03-31,25.2141,25.4,25.2141,25.4,25.2141,25.4,32.0,58.0,,57.0,,,-46.99624448593701,-15.051487012419951,,0.1566757493188011,17.0,10.0,https://www.screener.in/company/EPACKPEB/consolidated/,2026-08-01T22:43:49.792457+00:00
EPIGRAL.NS,1274916,consolidated,2026-03-31,20.8248,20.8,20.3683,19.3,20.3683,19.3,5.0,27.0,,-2.0,,,-3.2734981363077176,25.74173315694601,,0.2575416479063485,16.0,22.0,https://www.screener.in/company/EPIGRAL/consolidated/,2026-08-01T22:43:49.792457+00:00
EPL.NS,962,consolidated,2026-03-31,22.1828,21.4,24.087,25.0,24.1287,23.8,9.0,10.0,9.0,22.0,-2.0,8.0,19.466524934434084,9.877785056497368,8.41818738813922,0.3365990202939118,15.8,20.0,https://www.screener.in/company/EPL/consolidated/,2026-08-01T22:43:49.792457+00:00
ERIS.NS,1274087,consolidated,2026-03-31,44.1917,43.4,36.1644,30.9,32.6716,29.6,23.0,12.0,17.0,19.0,12.0,,16.752222973245743,11.319900900973057,-41.61388681653959,0.6044068665129387,18.7,35.0,https://www.screener.in/company/ERIS/consolidated/,2026-08-01T22:43:49.792457+00:00
ESCORTS.NS,955,consolidated,2026-03-31,35.5599,35.2,34.5552,35.0,37.7877,33.2,11.0,20.0,37.0,47.0,21.0,28.0,64.28656670185057,27.055030435791423,43.54798463617706,0.0130930251353754,18.7,13.0,https://www.screener.in/company/ESCORTS/consolidated/,2026-08-01T22:43:49.792457+00:00
ESSARSHPNG.NS,961,consolidated,2026-03-31,6.9778,6.1,6.9778,6.1,6.9778,6.1,-69.0,15.0,7.0,-20.0,13.0,-3.0,,,,,,-898.0,https://www.screener.in/company/ESSARSHPNG/consolidated/,2026-08-01T22:43:49.792457+00:00
ESTER.NS,964,consolidated,2026-03-31,81.3266,80.4,56.1929,14.0,74.6424,66.5,7.0,,,,-9.0,8.0,,,,0.9310344827586208,-3.53,7.0,https://www.screener.in/company/ESTER/consolidated/,2026-08-01T22:43:49.792457+00:00
ETERNAL.NS,1274894,consolidated,2026-03-31,701.9293,509.85,701.9293,509.85,701.9293,509.85,97.0,17.0,,28.0,17.0,,,,,0.1482246610716591,0.38,2.5,https://www.screener.in/company/ETERNAL/consolidated/,2026-08-01T22:43:49.792457+00:00
ETHOSLTD.NS,1275227,consolidated,2026-03-31,76.2166,75.2,71.425,71.95,71.425,71.95,27.0,83.0,,17.0,,,14.412235297389264,71.46288672824423,,0.2163978494623656,7.77,13.0,https://www.screener.in/company/ETHOSLTD/consolidated/,2026-08-01T22:43:49.792457+00:00
EUREKAFORB.NS,1275190,consolidated,2026-03-31,82.2363,78.9,100.2812,84.3,100.2812,84.3,9.0,161.0,,66.0,,,83.10146096486062,,,0.0063057186344857,4.28,12.0,https://www.screener.in/company/EUREKAFORB/consolidated/,2026-08-01T22:43:49.792457+00:00
EUROBOND.NS,1275118,consolidated,2026-03-31,20.95,22.6,20.95,22.6,20.95,22.6,,,,,,,,,,1.00625,18.1,11.0,https://www.screener.in/company/EUROBOND/consolidated/,2026-08-01T22:43:49.792457+00:00
EUROPRATIK.NS,1285653,consolidated,2026-03-31,36.1346,34.8,36.1346,34.8,36.1346,34.8,,,,,,,,,,0.0774193548387096,30.5,34.0,https://www.screener.in/company/EUROPRATIK/consolidated/,2026-08-01T22:43:49.792457+00:00
EVEREADY.NS,971,consolidated,2026-03-31,41.7261,35.7,44.8198,36.55,32.3316,28.1,3.0,-21.0,4.0,55.0,-3.0,3.0,83.81296286011694,,9.526406707679014,0.3242375601926163,18.5,11.0,https://www.screener.in/company/EVEREADY/consolidated/,2026-08-01T22:43:49.792457+00:00
EXCELINDUS.NS,979,consolidated,2026-03-31,32.2448,20.3,23.9516,15.9,23.2738,17.0,0.0,1.0,11.0,-2.0,-4.0,13.0,-1.8095563943785864,1.2588000150360656,11.549475587780744,0.004697592483852,4.6,10.0,https://www.screener.in/company/EXCELINDUS/consolidated/,2026-08-01T22:43:49.792457+00:00
EXCELSOFT.NS,1285769,consolidated,2026-03-31,23.1121,23.1,23.1121,23.1,23.1121,23.1,12.0,33.0,,28.0,,,-70.07059483229354,-44.42309601968313,,0.0121107266435986,9.83,27.0,https://www.screener.in/company/EXCELSOFT/consolidated/,2026-08-01T22:43:49.792457+00:00
EXICOM.NS,1284694,consolidated,2026-03-31,49.6187,52.15,49.6187,52.15,49.6187,52.15,18.0,,,,,,,,,1.0952380952380951,-40.8,-9.0,https://www.screener.in/company/EXICOM/consolidated/,2026-08-01T22:43:49.792457+00:00
EXIDEIND.NS,982,consolidated,2026-03-31,38.5943,39.4,31.0602,30.6,27.2799,24.1,6.0,1.0,2.0,2.0,21.0,10.0,1.2582074288396417,1.0682235354419367,2.0552194557945214,0.1132686084142394,5.97,10.0,https://www.screener.in/company/EXIDEIND/consolidated/,2026-08-01T22:43:49.792457+00:00
EXPLEOSOL.NS,3413,consolidated,2026-03-31,15.4739,15.5,17.8153,16.5,16.6088,15.7,7.0,22.0,14.0,0.0,-8.0,-1.0,-15.109159585511168,10.180683883064525,8.70295075797467,0.0102960102960102,19.2,15.0,https://www.screener.in/company/EXPLEOSOL/consolidated/,2026-08-01T22:43:49.792457+00:00
EXXARO.NS,1274907,consolidated,2026-03-31,102.95,88.65,81.9535,72.4,81.9535,72.4,-1.0,-29.0,,-29.0,,,-27.887521484629584,-33.16749380417311,,0.3321428571428571,1.02,8.0,https://www.screener.in/company/EXXARO/consolidated/,2026-08-01T22:43:49.792457+00:00
FABTECH.NS,1285710,consolidated,2026-03-31,17.7624,16.4,17.7624,16.4,17.7624,16.4,28.0,36.0,,19.0,,,-51.99290821782074,-74.52284382031718,,0.1670644391408114,12.5,11.0,https://www.screener.in/company/FABTECH/consolidated/,2026-08-01T22:43:49.792457+00:00
FACT.NS,1006,consolidated,2025-09-30,1107.0682,558.5,674.8939,93.2,571.4145,47.6,-3.0,45.0,7.0,-63.0,43.0,43.0,-50.72703115064328,-46.84357972163734,,2.7905454545454544,1.61,2.0,https://www.screener.in/company/FACT/consolidated/,2026-08-01T22:43:49.792457+00:00
FAZE3Q.NS,998,consolidated,2026-03-31,27.849,27.1,23.1831,20.7,17.2369,15.5,18.0,6.0,,-17.0,31.0,34.0,-16.810148166977335,6.128260069173086,12.904050549579328,0.6084070796460177,7.7,9.0,https://www.screener.in/company/FAZE3Q/consolidated/,2026-08-01T22:43:49.792457+00:00
FCL.NS,1021,consolidated,2026-03-31,31.858,32.6,34.305,33.7,26.1289,25.85,14.0,21.0,20.0,7.0,30.0,32.0,5.147185873071036,19.60239335831617,19.243934301607645,0.0090702947845804,13.5,17.0,https://www.screener.in/company/FCL/consolidated/,2026-08-01T22:43:49.792457+00:00
FDC.NS,1000,consolidated,2026-03-31,26.3713,26.2,24.6923,25.5,22.277,22.6,7.0,1.0,6.0,16.0,2.0,8.0,13.90331850572004,-0.6354764240490862,6.193678688689319,0.0060362173038229,12.5,16.0,https://www.screener.in/company/FDC/consolidated/,2026-08-01T22:43:49.792457+00:00
FEDDERSHOL.NS,547,consolidated,2026-03-31,14.7662,10.3,13.3989,9.5,12.9217,10.3,38.0,115.0,45.0,62.0,51.0,26.0,-8.534180096945597,56.02005418613077,23.033204195780836,,11.6,,https://www.screener.in/company/FEDDERSHOL/consolidated/,2026-08-01T22:43:49.792457+00:00
FEDERALBNK.NS,1002,consolidated,2026-03-31,12.2478,11.7,11.4195,10.9,14.2709,11.55,19.0,21.0,24.0,11.0,32.0,19.0,5.65021208734624,16.149475326023712,20.07333900352681,,11.6,,https://www.screener.in/company/FEDERALBNK/consolidated/,2026-08-01T22:43:49.792457+00:00
FERMENTA.NS,831,consolidated,2026-03-31,24.0847,12.1,26.9217,19.8,20.5316,15.15,14.0,7.0,51.0,65.0,10.0,24.0,,9.546993305705186,,0.2783251231527093,16.4,19.0,https://www.screener.in/company/FERMENTA/consolidated/,2026-08-01T22:43:49.792457+00:00
FIBERWEB.NS,1009,consolidated,2022-09-30,19.1006,18.6,16.2544,16.0,12.5098,12.85,-22.0,-8.0,,-23.0,-11.0,-4.0,7.630753263628454,-9.966445039517636,,0.0025790921595598,6.55,7.09,https://www.screener.in/company/FIBERWEB/consolidated/,2026-08-01T22:43:49.792457+00:00
FIEMIND.NS,1012,consolidated,2026-03-31,21.8019,21.7,20.0031,19.4,19.0513,18.9,15.0,39.0,16.0,22.0,42.0,17.0,22.23599103379028,40.4795538696981,15.00676054274468,0.0543209876543209,22.6,14.0,https://www.screener.in/company/FIEMIND/consolidated/,2026-08-01T22:43:49.792457+00:00
FILATEX.NS,1014,consolidated,2026-03-31,23.5287,23.1,24.3211,24.7,19.9454,19.65,,,24.0,,7.0,26.0,44.458520122217735,38.174289424194185,,0.0997340425531914,12.9,8.0,https://www.screener.in/company/FILATEX/consolidated/,2026-08-01T22:43:49.792457+00:00
FINCABLES.NS,788,consolidated,2026-03-31,23.842,22.6,20.5981,20.6,19.9692,20.6,12.0,9.0,9.0,12.0,14.0,10.0,12.281003277231784,9.117020328241733,8.06377595283385,0.0031219191587249,12.3,10.0,https://www.screener.in/company/FINCABLES/consolidated/,2026-08-01T22:43:49.792457+00:00
FINEORG.NS,1274375,consolidated,2026-03-31,33.0217,33.4,41.1322,34.7,41.5801,36.1,-8.0,28.0,18.0,-13.0,10.0,,-12.290212915107912,28.227489602608145,-1.4698177369429133,0.0255255255255255,16.5,20.0,https://www.screener.in/company/FINEORG/consolidated/,2026-08-01T22:43:49.792457+00:00
FINKURVE.NS,1022,consolidated,2022-03-31,56.5172,54.8,67.9456,55.0,203.8193,104.9,48.0,102.0,,253.0,5.0,11.0,214.13806523913928,91.61790585463947,,,13.3,,https://www.screener.in/company/FINKURVE/consolidated/,2026-08-01T22:43:49.792457+00:00
FINPIPE.NS,1023,consolidated,2026-03-31,30.2092,28.45,26.6184,26.4,24.0634,22.4,-2.0,-4.0,10.0,38.0,-2.0,6.0,33.67452495722168,-4.088851453813247,8.804766597276847,0.0717618664521319,9.73,16.0,https://www.screener.in/company/FINPIPE/consolidated/,2026-08-01T22:43:49.792457+00:00
FISCHER.NS,1030,consolidated,2026-03-31,1491.0982,1620.9,1491.0982,1620.9,1491.0982,1620.9,1097.0,,,820.0,49.0,71.0,,,,0.2786458333333333,8.59,14.0,https://www.screener.in/company/FISCHER/consolidated/,2026-08-01T22:43:49.792457+00:00
FLAIR.NS,1284431,consolidated,2026-03-31,24.5143,24.5,24.5143,24.5,24.5143,24.5,10.0,170.0,,6.0,,,1.5554588629379529,99.46139253621875,,0.0577933450087565,12.9,18.0,https://www.screener.in/company/FLAIR/consolidated/,2026-08-01T22:43:49.792457+00:00
FLUOROCHEM.NS,1274705,consolidated,2026-03-31,70.5682,65.7,58.8047,54.9,56.2739,50.5,-4.0,36.0,,-24.0,20.0,,-24.4090961920486,,,0.2911263666412408,7.78,26.0,https://www.screener.in/company/FLUOROCHEM/consolidated/,2026-08-01T22:43:49.792457+00:00
FMGOETZE.NS,1003,consolidated,2026-03-31,16.128,16.8,18.9337,17.9,29.7931,27.0,6.0,105.0,14.0,22.0,9.0,2.0,19.1660426043329,214.3193162404907,13.615650424885484,0.0006958942240779,13.5,15.0,https://www.screener.in/company/FMGOETZE/consolidated/,2026-08-01T22:43:49.792457+00:00
FOODSIN.NS,1037,consolidated,2026-03-31,19.486,17.8,22.8222,21.6,41.6588,23.9,-5.0,48.0,46.0,-14.0,-3.0,7.0,-26.017235342319424,37.0406309505932,39.002090386772046,0.7646017699115044,5.01,12.0,https://www.screener.in/company/FOODSIN/consolidated/,2026-08-01T22:43:49.792457+00:00
FORCEMOT.NS,1039,consolidated,2026-03-31,32.3891,29.35,36.0534,29.8,27.5912,24.8,22.0,66.0,19.0,221.0,64.0,19.0,108.52137539152088,,21.08132172470971,0.0,29.2,16.0,https://www.screener.in/company/FORCEMOT/consolidated/,2026-08-01T22:43:49.792457+00:00
FORTIS.NS,1040,consolidated,2026-03-31,65.0242,65.2,63.3877,62.0,63.6944,59.7,13.0,64.0,60.0,27.0,30.0,18.0,20.94692408966412,,42.48918732258955,0.3509498787388844,11.2,23.0,https://www.screener.in/company/FORTIS/consolidated/,2026-08-01T22:43:49.792457+00:00
FOSECOIND.NS,1043,consolidated,2025-12-31,43.2435,43.8,43.2435,43.8,43.2435,43.8,,,,,26.0,14.0,,,,0.0028929604628736,12.6,19.0,https://www.screener.in/company/FOSECOIND/consolidated/,2026-08-01T22:43:49.792457+00:00
FRACTAL.NS,1285886,consolidated,2026-03-31,34.4152,36.9,34.4152,36.9,34.4152,36.9,18.0,52.0,,54.0,,,-34.131085472589376,6.604526086654228,,0.1312401883830455,12.2,14.0,https://www.screener.in/company/FRACTAL/consolidated/,2026-08-01T22:43:49.792457+00:00
FSL.NS,1029,consolidated,2026-03-31,33.3745,34.0,27.4989,25.0,19.5466,15.5,17.0,10.0,11.0,14.0,8.0,20.0,9.18126789523419,12.90391620843454,9.441929439359884,0.6663625997719498,17.6,17.0,https://www.screener.in/company/FSL/consolidated/,2026-08-01T22:43:49.792457+00:00
GABRIEL.NS,1070,consolidated,2026-03-31,42.7713,40.6,42.7713,40.6,42.7713,40.6,,,,,61.0,30.0,,,,0.1081871345029239,20.2,9.0,https://www.screener.in/company/GABRIEL/consolidated/,2026-08-01T22:43:49.792457+00:00
GAEL.NS,1225,consolidated,2026-03-31,22.5478,21.3,18.6996,17.7,21.3236,19.5,5.0,-2.0,12.0,-2.0,13.0,24.0,-2.7117606354254864,-2.094022430132225,12.5092775800282,0.1338391502276176,9.76,10.0,https://www.screener.in/company/GAEL/consolidated/,2026-08-01T22:43:49.792457+00:00
GAIL.NS,1074,consolidated,2026-03-31,13.6924,12.8,11.0471,11.7,14.0954,12.15,-1.0,4.0,15.0,10.0,14.0,10.0,10.524140314393192,4.595725206691537,15.369768856907706,0.2788464777818953,8.71,10.0,https://www.screener.in/company/GAIL/consolidated/,2026-08-01T22:43:49.792457+00:00
GALAPREC.NS,1284954,consolidated,2026-03-31,36.5404,36.2,36.5404,36.2,36.5404,36.2,24.0,73.0,,33.0,,,-33.851310262639664,24.305192354077157,,0.1296928327645051,13.2,17.0,https://www.screener.in/company/GALAPREC/consolidated/,2026-08-01T22:43:49.792457+00:00
GALAXYSURF.NS,1274259,consolidated,2026-03-31,27.4586,26.7,29.8843,28.1,28.5851,27.0,6.0,-2.0,10.0,-10.0,-9.0,,-11.13569100437639,-2.4162547658708733,10.039357145451987,0.0856413994169096,10.9,9.0,https://www.screener.in/company/GALAXYSURF/consolidated/,2026-08-01T22:43:49.792457+00:00
GALLANTT.NS,1082,consolidated,2026-03-31,27.4943,27.7,18.4314,22.0,13.678,8.0,3.0,43.0,27.0,51.0,49.0,32.0,50.907737676907146,14.927155805437708,13.574571168059958,0.1652593486127865,15.7,15.0,https://www.screener.in/company/GALLANTT/consolidated/,2026-08-01T22:43:49.792457+00:00
GANDHAR.NS,1284569,consolidated,2026-03-31,15.2221,15.1,15.2221,15.1,15.2221,15.1,1.0,6.0,18.0,-11.0,,,-16.622171475606784,-26.08868521818252,,0.2328159645232816,10.5,9.0,https://www.screener.in/company/GANDHAR/consolidated/,2026-08-01T22:43:49.792457+00:00
GANECOS.NS,1092,consolidated,2026-03-31,53.5172,50.8,40.6077,35.3,36.9621,32.2,8.0,-2.0,,-18.0,16.0,21.0,-23.474451682474008,-6.485517618716374,,0.3887147335423197,3.15,10.0,https://www.screener.in/company/GANECOS/consolidated/,2026-08-01T22:43:49.792457+00:00
GANESHBE.NS,1089,consolidated,2026-03-31,13.3064,14.4,20.7418,17.6,16.3827,14.4,-1.0,22.0,,7.0,5.0,12.0,6.440235073047829,23.75803738921689,,0.1243862520458265,11.6,23.0,https://www.screener.in/company/GANESHBE/consolidated/,2026-08-01T22:43:49.792457+00:00
GANESHHOU.NS,1091,consolidated,2026-03-31,15.386,14.7,20.0588,17.3,15.1215,12.8,-6.0,38.0,18.0,46.0,45.0,25.0,45.75235635844932,,11.68614998935833,0.1308451308451308,15.2,63.0,https://www.screener.in/company/GANESHHOU/consolidated/,2026-08-01T22:43:49.792457+00:00
GANGESSECU.NS,1274105,consolidated,2026-03-31,35.2166,31.7,26.0322,24.4,17.9586,12.4,-4.0,-23.0,53.0,-35.0,3.0,,-34.89976522891078,-22.76859819935804,,0.0,0.44,13.67,https://www.screener.in/company/GANGESSECU/consolidated/,2026-08-01T22:43:49.792457+00:00
GARFIBRES.NS,1103,consolidated,2026-03-31,35.0713,34.9,36.6165,36.4,31.4529,33.45,5.0,6.0,13.0,7.0,1.0,23.0,5.792154387146353,5.431691593055343,13.460074852732395,0.0317577548005908,16.1,19.0,https://www.screener.in/company/GARFIBRES/consolidated/,2026-08-01T22:43:49.792457+00:00
GARUDA.NS,1285112,consolidated,2026-03-31,19.4839,21.2,19.4839,21.2,19.4839,21.2,,,,,,,,,,0.0263736263736263,31.2,31.0,https://www.screener.in/company/GARUDA/consolidated/,2026-08-01T22:43:49.792457+00:00
GATECH.NS,3178,consolidated,2026-03-31,72.1021,52.0,72.1021,52.0,65.511,39.55,28.0,,-18.0,110.0,0.0,-32.0,,,-6.696700846319259,0.0,10.9,58.62,https://www.screener.in/company/GATECH/consolidated/,2026-08-01T22:43:49.792457+00:00
GATECHDVR.NS,1274169,consolidated,2026-03-31,8.634,9.0,8.634,9.0,8.634,9.0,28.0,,,110.0,-22.0,,,,,0.0,10.9,58.62,https://www.screener.in/company/GATECHDVR/consolidated/,2026-08-01T22:43:49.792457+00:00
GATEWAY.NS,1275195,consolidated,2026-03-31,15.9064,15.9,14.786,14.9,14.786,14.9,16.0,22.0,16.0,3.0,,,2.174590985807079,1.7699177803450317,,0.2817269952027911,11.5,22.0,https://www.screener.in/company/GATEWAY/consolidated/,2026-08-01T22:43:49.792457+00:00
GAYAHWS.NS,1274372,consolidated,2026-03-31,19.6803,13.8,19.6803,13.8,19.6803,13.8,24.0,15.0,,26.0,14.0,,,,,,,-10.45,https://www.screener.in/company/GAYAHWS/consolidated/,2026-08-01T22:43:49.792457+00:00
GCSL.NS,1274900,consolidated,2026-03-31,32.05,23.05,31.9531,29.4,31.9531,29.4,133.0,106.0,,2.0,,,0.0338983076811238,93.79319352450514,,0.088235294117647,12.7,30.0,https://www.screener.in/company/GCSL/consolidated/,2026-08-01T22:43:49.792457+00:00
GEMAROMA.NS,1285607,consolidated,2026-03-31,23.7406,23.85,23.7406,23.85,23.7406,23.85,-5.0,-43.0,,-68.0,,,-89.7438352108619,-70.92380649606753,,0.3385300668151447,0.39,11.0,https://www.screener.in/company/GEMAROMA/consolidated/,2026-08-01T22:43:49.792457+00:00
GENCON.NS,1273091,consolidated,2026-03-31,22.0952,20.35,22.0952,20.35,22.0952,20.35,,,,,-4.0,8.0,,,,0.2184300341296928,2.94,11.0,https://www.screener.in/company/GENCON/consolidated/,2026-08-01T22:43:49.792457+00:00
GENESYS.NS,1119,consolidated,2026-03-31,79.6669,54.15,79.4504,54.25,68.1944,43.2,22.0,32.0,32.0,26.0,12.0,17.0,15.593764690978972,,26.72934034008567,0.2457386363636363,5.74,33.0,https://www.screener.in/company/GENESYS/consolidated/,2026-08-01T22:43:49.792457+00:00
GENUSPAPER.NS,1270585,consolidated,2025-09-30,113.0965,142.9,75.0349,34.9,43.4445,20.8,14.0,,-11.0,-52.0,1.0,11.0,-52.08580142937216,-21.541826744278737,,0.8486590038314177,0.61,8.0,https://www.screener.in/company/GENUSPAPER/consolidated/,2026-08-01T22:43:49.792457+00:00
GENUSPOWER.NS,1122,consolidated,2026-03-31,68.4924,67.5,57.6582,38.3,36.0708,21.6,80.0,53.0,22.0,173.0,36.0,22.0,159.04943114918814,48.789038751689496,18.823857625571748,1.0378719567177637,29.0,19.0,https://www.screener.in/company/GENUSPOWER/consolidated/,2026-08-01T22:43:49.792457+00:00
GEOJITFSL.NS,1125,consolidated,2026-03-31,16.8541,16.7,14.5897,14.2,20.6778,17.05,15.0,-7.0,9.0,-4.0,-2.0,7.0,-6.1132264583130365,-8.25175781484413,7.712769373464323,0.1024146544546211,7.32,21.0,https://www.screener.in/company/GEOJITFSL/consolidated/,2026-08-01T22:43:49.792457+00:00
GESHIP.NS,1204,consolidated,2026-03-31,6.9121,7.0,10.4364,7.3,10.6826,7.75,-2.0,24.0,10.0,0.0,32.0,14.0,4.548934767873725,26.953245881318644,10.973845931311942,0.0640806461121264,15.9,58.0,https://www.screener.in/company/GESHIP/consolidated/,2026-08-01T22:43:49.792457+00:00
GFLLIMITED.NS,1232,consolidated,2026-03-31,11.33,11.4,11.33,11.4,3.55,2.1,-89.0,19.0,-20.0,67.0,-9.0,-6.0,-72.83726098798002,,-19.60077806314394,0.0,1.77,48.0,https://www.screener.in/company/GFLLIMITED/consolidated/,2026-08-01T22:43:49.792457+00:00
GHCL.NS,1128,consolidated,2026-03-31,8.8439,9.0,8.2291,8.6,7.2745,7.1,-12.0,7.0,6.0,-25.0,5.0,7.0,-24.50017010991078,8.402915531944167,7.141955953328405,0.0233671171171171,13.0,22.0,https://www.screener.in/company/GHCL/consolidated/,2026-08-01T22:43:49.792457+00:00
GICHSGFIN.NS,1130,consolidated,2026-03-31,6.5038,6.2,5.8223,5.7,5.8223,5.7,-1.0,,,-10.0,-3.0,-7.0,-10.123209707413084,,,,7.61,,https://www.screener.in/company/GICHSGFIN/consolidated/,2026-08-01T22:43:49.792457+00:00
GICL.NS,1273553,consolidated,2026-03-31,66.2571,67.1,63.9241,67.2,56.6726,62.9,15.0,61.0,,72.0,46.0,,66.69005519723845,57.7785761601878,,0.4897959183673469,12.5,11.0,https://www.screener.in/company/GICL/consolidated/,2026-08-01T22:43:49.792457+00:00
GICRE.NS,1274184,consolidated,2026-03-31,8.2917,8.4,8.4211,8.4,27.967,9.95,4.0,37.0,20.0,12.0,15.0,,11.843179709061149,37.15120069742346,32.59037801567688,0.0,14.6,19.0,https://www.screener.in/company/GICRE/consolidated/,2026-08-01T22:43:49.792457+00:00
GILLANDERS.NS,1131,consolidated,2026-03-31,25.0215,16.6,23.655,13.8,23.655,13.8,-1.0,20.0,8.0,26.0,9.0,3.0,-13.832961550691737,,,0.5775193798449613,2.95,5.0,https://www.screener.in/company/GILLANDERS/consolidated/,2026-08-01T22:43:49.792457+00:00
GIPCL.NS,1236,consolidated,2019-03-31,7.7783,7.8,6.1506,6.4,6.022,6.5,1.0,14.0,,23.0,10.0,6.0,10.5921357570397,6.484744981060708,,0.2229571984435797,14.2,39.0,https://www.screener.in/company/GIPCL/consolidated/,2026-08-01T22:43:49.792457+00:00
GKENERGY.NS,1285665,consolidated,2026-03-31,16.213,14.15,16.213,14.15,16.213,14.15,,,,,,,,,,0.2319819819819819,37.3,18.0,https://www.screener.in/company/GKENERGY/consolidated/,2026-08-01T22:43:49.792457+00:00
GKSL.NS,1285833,consolidated,2026-03-31,62.8993,63.4,62.8993,63.4,62.8993,63.4,,,,1058.0,,,,,,0.1146245059288537,11.1,33.0,https://www.screener.in/company/GKSL/consolidated/,2026-08-01T22:43:49.792457+00:00
GKWLIMITED.NS,1140,consolidated,2017-03-31,319.3516,282.1,231.5161,253.3,170.6552,117.35,-6.0,-13.0,2.0,0.0,17.0,9.0,-0.0539665512256704,-23.071026701800523,,0.0,3.56,34.85,https://www.screener.in/company/GKWLIMITED/consolidated/,2026-08-01T22:43:49.792457+00:00
GLAND.NS,1274812,consolidated,2026-03-31,38.7325,38.9,38.3073,38.4,39.0471,38.7,21.0,1.0,,8.0,-9.0,,9.553175218698629,0.4585259993974189,,0.0274210678767983,10.7,25.0,https://www.screener.in/company/GLAND/consolidated/,2026-08-01T22:43:49.792457+00:00
GLAXO.NS,1143,consolidated,2026-03-31,50.5191,49.4,51.8521,52.6,57.7017,58.05,6.0,15.0,10.0,18.0,10.0,6.0,19.26062036357541,23.668272907621567,10.663486491577402,0.0145566828407587,45.6,34.0,https://www.screener.in/company/GLAXO/consolidated/,2026-08-01T22:43:49.792457+00:00
GLENMARK.NS,1144,consolidated,2026-03-31,31.9582,31.3,22.6062,20.7,20.4408,17.9,14.0,26.0,15.0,76.0,30.0,10.0,66.10638069667523,7.017866593978206,6.246258668943305,0.0565068493150684,30.5,27.0,https://www.screener.in/company/GLENMARK/consolidated/,2026-08-01T22:43:49.792457+00:00
GLOBAL.NS,1273654,consolidated,2026-03-31,14.6389,13.0,20.3766,13.4,15.2176,10.9,15.0,,,5.0,62.0,,5.475497957588016,27.43866256921985,,0.0,22.0,38.0,https://www.screener.in/company/GLOBAL/consolidated/,2026-08-01T22:43:49.792457+00:00
GLOBE.NS,1274085,consolidated,2026-03-31,15.4107,13.4,15.4107,13.4,15.4107,13.4,,,,,-26.0,,,,,1.143835616438356,7.51,5.0,https://www.screener.in/company/GLOBE/consolidated/,2026-08-01T22:43:49.792457+00:00
GLOBUSSPR.NS,1154,consolidated,2026-03-31,56.172,35.7,40.7467,20.6,34.1291,21.0,9.0,-8.0,25.0,-9.0,4.0,29.0,-9.375345339407035,12.751599778851874,29.72378950017074,0.4830430797433547,8.81,10.0,https://www.screener.in/company/GLOBUSSPR/consolidated/,2026-08-01T22:43:49.792457+00:00
GLOSTERLTD.NS,1274618,consolidated,2026-03-31,53.5143,38.8,32.6789,16.7,24.5745,12.2,26.0,-12.0,,-29.0,1.0,,-30.645276311547853,-15.217986109558556,,0.8806244260789715,1.84,11.0,https://www.screener.in/company/GLOSTERLTD/consolidated/,2026-08-01T22:43:49.792457+00:00
GMBREW.NS,1065,consolidated,2026-03-31,15.7956,16.35,15.7956,16.35,15.7956,16.35,,,,,14.0,12.0,,,,-0.0,12.5,24.0,https://www.screener.in/company/GMBREW/consolidated/,2026-08-01T22:43:49.792457+00:00
GMDCLTD.NS,1242,consolidated,2026-03-31,20.1618,18.9,15.1958,13.4,12.9297,11.8,-9.0,8.0,10.0,-22.0,52.0,21.0,-7.397519405024033,,15.879299448714155,0.0448183232009048,8.34,16.0,https://www.screener.in/company/GMDCLTD/consolidated/,2026-08-01T22:43:49.792457+00:00
GMMPFAUDLR.NS,1158,consolidated,2026-03-31,45.4631,42.8,51.3759,46.1,50.4431,43.5,4.0,-4.0,14.0,-23.0,-12.0,21.0,-29.728614254810804,-5.125608048658503,10.87599981169165,0.8639004149377594,6.69,11.0,https://www.screener.in/company/GMMPFAUDLR/consolidated/,2026-08-01T22:43:49.792457+00:00
GMRAIRPORT.NS,1159,consolidated,2026-03-31,535.8,539.0,535.8,539.0,256.4565,47.7,30.0,16.0,8.0,43.0,32.0,24.0,,,,,,39.0,https://www.screener.in/company/GMRAIRPORT/consolidated/,2026-08-01T22:43:49.792457+00:00
GMRP&UI.NS,1275197,consolidated,2026-03-31,19.992,6.5,19.992,6.5,19.992,6.5,10.0,13.0,,,,,-26.792301093974316,,,6.089285714285714,-14.3,22.0,https://www.screener.in/company/GMRP&UI/consolidated/,2026-08-01T22:43:49.792457+00:00
GNA.NS,1273506,consolidated,2026-03-31,15.3758,14.9,15.0483,14.7,15.6636,14.6,-2.0,11.0,16.0,-4.0,11.0,,-3.539508765987242,10.600083404192052,12.272484633342271,0.2171314741035856,12.2,16.0,https://www.screener.in/company/GNA/consolidated/,2026-08-01T22:43:49.792457+00:00
GNFC.NS,1244,consolidated,2026-03-31,13.7764,13.2,10.6655,10.2,11.6286,9.2,-9.0,3.0,16.0,-18.0,6.0,14.0,-16.566238526601694,4.165432918024825,16.86784505095038,0.0006582556226001,9.13,11.0,https://www.screener.in/company/GNFC/consolidated/,2026-08-01T22:43:49.792457+00:00
GNRL.NS,1245,consolidated,2026-03-31,397.5974,188.0,397.5974,188.0,324.0746,187.6,32.0,34.0,42.0,64.0,58.0,10.0,,,29.03900242964319,0.0637542006721075,5.47,35.77,https://www.screener.in/company/GNRL/consolidated/,2026-08-01T22:43:49.792457+00:00
GOACARBON.NS,1160,consolidated,2017-03-31,55.7274,50.3,51.177,46.8,47.4484,43.9,0.0,-2.0,,34.0,-3.0,15.0,33.45917580698465,-2.698699064045651,,1.9875,12.1,5.0,https://www.screener.in/company/GOACARBON/consolidated/,2026-08-01T22:43:49.792457+00:00
GOCLCORP.NS,1260,consolidated,2026-03-31,22.7306,21.4,19.6153,16.3,34.3826,24.3,-78.0,28.0,28.0,89.0,8.0,7.0,93.17383148260248,80.82580397835635,49.70464274841977,0.0003181673560292,11.4,-322.0,https://www.screener.in/company/GOCLCORP/consolidated/,2026-08-01T22:43:49.792457+00:00
GODAVARIB.NS,1285137,consolidated,2026-03-31,146.4189,32.9,146.4189,32.9,146.4189,32.9,0.0,5.0,,18.0,,,-47.17156492266268,-36.08703550774754,,0.6738578680203046,4.28,6.0,https://www.screener.in/company/GODAVARIB/consolidated/,2026-08-01T22:43:49.792457+00:00
GODFRYPHLP.NS,1163,consolidated,2026-03-31,27.4025,25.4,22.1291,18.2,25.5732,23.3,22.0,38.0,26.0,37.0,44.0,19.0,30.26717992784236,32.29877887783778,24.56291267751538,0.0376690276883451,26.6,23.0,https://www.screener.in/company/GODFRYPHLP/consolidated/,2026-08-01T22:43:49.792457+00:00
GODREJAGRO.NS,1274176,consolidated,2026-03-31,30.6478,30.1,29.5092,28.7,32.744,31.3,3.0,8.0,11.0,23.0,-5.0,,16.091894325051182,8.522337288610583,-1.3609955652221006,0.7746062992125984,20.9,8.0,https://www.screener.in/company/GODREJAGRO/consolidated/,2026-08-01T22:43:49.792457+00:00
GODREJCP.NS,1164,consolidated,2026-03-31,66.1465,64.4,61.0862,59.8,52.5059,51.6,4.0,3.0,6.0,5.0,1.0,7.0,2.9926312789391174,1.5663198709224837,8.426332481159292,0.3495414294750158,16.1,21.0,https://www.screener.in/company/GODREJCP/consolidated/,2026-08-01T22:43:49.792457+00:00
GODREJIND.NS,1165,consolidated,2026-03-31,55.2111,39.2,44.4601,35.85,45.6028,40.4,10.0,26.0,21.0,5.0,18.0,13.0,8.343049099384526,29.94604527341252,22.652776052139732,4.613402523038382,9.26,10.0,https://www.screener.in/company/GODREJIND/consolidated/,2026-08-01T22:43:49.792457+00:00
GODREJPROP.NS,98066,consolidated,2026-03-31,60.8236,50.5,68.9604,70.95,97.9932,74.65,32.0,56.0,26.0,49.0,5.0,20.0,44.05319542966819,,23.6880247518916,0.8297139277510963,8.82,-9.0,https://www.screener.in/company/GODREJPROP/consolidated/,2026-08-01T22:43:49.792457+00:00
GOKEX.NS,1169,consolidated,2026-03-31,40.6554,39.9,32.1077,33.9,25.7231,21.7,22.0,32.0,19.0,-14.0,30.0,23.0,-21.76745342844444,17.207663337185863,-2.511896865970753,0.5890791300323924,4.72,9.0,https://www.screener.in/company/GOKEX/consolidated/,2026-08-01T22:43:49.792457+00:00
GOKUL.NS,1170,consolidated,2026-03-31,26.865,23.6,21.3559,18.3,22.6634,17.0,10.0,-2.0,6.0,-8.0,4.0,11.0,-8.486761045555703,-2.011693442843188,8.203738981834285,1.0521978021978022,5.22,0.9,https://www.screener.in/company/GOKUL/consolidated/,2026-08-01T22:43:49.792457+00:00
GOKULAGRO.NS,1273279,consolidated,2026-03-31,17.6917,17.4,15.3276,13.9,16.1564,13.65,31.0,53.0,45.0,41.0,59.0,42.0,40.75138033369841,50.15925197637054,43.005792295877285,0.4139142656359803,30.0,3.1,https://www.screener.in/company/GOKULAGRO/consolidated/,2026-08-01T22:43:49.792457+00:00
GOLDIAM.NS,1177,consolidated,2026-03-31,28.9694,29.0,24.8617,22.8,16.7648,14.95,22.0,27.0,20.0,26.0,33.0,43.0,24.935135595116176,22.423992536427463,19.239330758392946,0.0696202531645569,18.5,21.0,https://www.screener.in/company/GOLDIAM/consolidated/,2026-08-01T22:43:49.792457+00:00
GOODLUCK.NS,1183,consolidated,2026-03-31,21.4987,21.6,18.4253,19.1,12.342,10.7,10.0,43.0,19.0,27.0,37.0,28.0,19.066485875036363,34.70191581154645,13.812029811758444,0.7505030181086519,12.9,10.0,https://www.screener.in/company/GOODLUCK/consolidated/,2026-08-01T22:43:49.792457+00:00
GOYALALUM.NS,1274305,consolidated,2026-03-31,48.8624,50.0,104.0793,52.2,104.0793,52.2,5.0,86.0,,12.0,17.0,,13.617128057248994,85.56007362580844,,0.420969649191959,12.9,3.75,https://www.screener.in/company/GOYALALUM/consolidated/,2026-08-01T22:43:49.792457+00:00
GPIL.NS,1162,consolidated,2026-03-31,16.9,15.4,11.8808,12.5,9.8464,7.1,-2.0,5.0,27.0,0.0,25.0,57.0,1.9453335257017643,5.658015455768406,,0.0762609743501463,15.2,23.0,https://www.screener.in/company/GPIL/consolidated/,2026-08-01T22:43:49.792457+00:00
GPPL.NS,1248,consolidated,2026-03-31,20.5624,19.4,20.1732,19.2,20.9075,19.9,8.0,18.0,8.0,14.0,7.0,-1.0,18.04857064914922,18.355625186230352,8.51096600664416,0.0154941373534338,21.2,61.0,https://www.screener.in/company/GPPL/consolidated/,2026-08-01T22:43:49.792457+00:00
GPTINFRA.NS,1194,consolidated,2026-03-31,20.0656,18.9,16.3579,15.1,16.51,14.45,17.0,37.0,24.0,46.0,38.0,15.0,41.81069550383352,34.64440000371483,21.932221400658023,0.4883720930232558,17.3,14.0,https://www.screener.in/company/GPTINFRA/consolidated/,2026-08-01T22:43:49.792457+00:00
GRANDOAK.NS,818,consolidated,2026-03-31,28.8197,26.4,24.9633,24.7,23.3275,24.0,,,,,21.0,17.0,,,,,0.01,,https://www.screener.in/company/GRANDOAK/consolidated/,2026-08-01T22:43:49.792457+00:00
GRANULES.NS,1196,consolidated,2026-03-31,26.5484,26.4,22.3943,23.6,19.4169,18.1,6.0,2.0,17.0,5.0,17.0,19.0,4.007801155762025,1.5982257244918197,15.505956924766483,0.2973451327433628,13.8,23.0,https://www.screener.in/company/GRANULES/consolidated/,2026-08-01T22:43:49.792457+00:00
GRAPHITE.NS,1197,consolidated,2026-03-31,75.4168,40.4,55.927,30.3,50.2731,23.4,-4.0,51.0,8.0,-8.0,-2.0,24.0,-4.192959756518944,,7.78111166648241,0.0628093531319337,3.11,7.0,https://www.screener.in/company/GRAPHITE/consolidated/,2026-08-01T22:43:49.792457+00:00
GRASIM.NS,1198,consolidated,2026-03-31,35.8586,38.2,28.1077,23.3,21.9316,18.9,14.0,2.0,8.0,-10.0,14.0,15.0,-10.065909103494985,2.886887621694778,3.618147131652005,2.20211655552334,4.98,21.0,https://www.screener.in/company/GRASIM/consolidated/,2026-08-01T22:43:49.792457+00:00
GRAUWEIL.NS,1200,consolidated,2026-03-31,25.628,25.5,22.8927,22.6,21.023,20.65,7.0,20.0,14.0,13.0,18.0,18.0,13.284304098314248,18.95234184344843,14.557245397020768,0.0138760407030527,16.2,16.0,https://www.screener.in/company/GRAUWEIL/consolidated/,2026-08-01T22:43:49.792457+00:00
GRAVISSHO.NS,1201,consolidated,2026-03-31,88.1064,82.6,88.1064,82.6,88.1064,82.6,-1.0,14.0,5.0,,10.0,3.0,,,,0.0491478605305675,-0.42,12.53,https://www.screener.in/company/GRAVISSHO/consolidated/,2026-08-01T22:43:49.792457+00:00
GRAVITA.NS,1202,consolidated,2026-03-31,38.3669,34.9,30.177,29.5,25.058,22.1,15.0,46.0,54.0,23.0,53.0,51.0,20.776392761938634,46.519224408470535,55.02818672506174,0.300163132137031,16.8,9.0,https://www.screener.in/company/GRAVITA/consolidated/,2026-08-01T22:43:49.792457+00:00
GREAVESCOT.NS,1206,consolidated,2026-03-31,143.1912,77.5,126.369,71.8,77.046,35.75,8.0,27.0,-3.0,10.0,8.0,6.0,10.928373106757627,,-5.65132626352034,0.2753319357092942,8.1,7.0,https://www.screener.in/company/GREAVESCOT/consolidated/,2026-08-01T22:43:49.792457+00:00
GREENLAM.NS,1270749,consolidated,2026-03-31,62.7822,54.1,51.0676,44.15,41.9437,39.0,15.0,-7.0,4.0,-23.0,13.0,13.0,-24.292615877142957,-6.324813094083115,3.4974877949595973,0.9830508474576272,5.02,11.0,https://www.screener.in/company/GREENLAM/consolidated/,2026-08-01T22:43:49.792457+00:00
GREENPANEL.NS,1274706,consolidated,2024-03-31,23.7248,22.9,22.7218,22.5,26.1795,23.2,15.0,33.0,,26.0,-7.0,,27.54498087740764,,,0.2247532270311313,11.4,16.0,https://www.screener.in/company/GREENPANEL/consolidated/,2026-08-01T22:43:49.792457+00:00
GREENPLY.NS,1209,consolidated,2026-03-31,40.2331,41.3,33.5073,33.4,27.2159,24.2,18.0,10.0,-3.0,6.0,6.0,3.0,-1.224612971186145,7.605025162263757,-3.861223878632891,0.5760626398210291,11.7,9.0,https://www.screener.in/company/GREENPLY/consolidated/,2026-08-01T22:43:49.792457+00:00
GREENPOWER.NS,2354,consolidated,2026-03-31,58.1707,59.9,69.427,60.6,67.3854,59.95,4.0,24.0,9.0,85.0,27.0,2.0,28.20294257568241,,,0.4548611111111111,5.27,62.0,https://www.screener.in/company/GREENPOWER/consolidated/,2026-08-01T22:43:49.792457+00:00
GRINDWELL.NS,1211,consolidated,2026-03-31,57.3083,57.0,60.2659,61.8,49.228,46.55,7.0,12.0,14.0,3.0,11.0,20.0,4.719232181169386,11.688408733638166,14.717949352083082,0.0240726124704025,16.2,19.0,https://www.screener.in/company/GRINDWELL/consolidated/,2026-08-01T22:43:49.792457+00:00
GRINFRA.NS,1274889,consolidated,2026-03-31,11.3554,10.7,12.2839,11.1,12.3274,11.2,-4.0,-3.0,24.0,-17.0,-13.0,,-14.71469602855352,-0.5688771203896659,8.634908126335983,0.519458364431176,9.2,19.0,https://www.screener.in/company/GRINFRA/consolidated/,2026-08-01T22:43:49.792457+00:00
GRMOVER.NS,1212,consolidated,2026-03-31,28.6516,24.3,28.5533,25.6,19.3866,18.2,9.0,10.0,43.0,6.0,14.0,54.0,1.0427292131892196,7.0806142128460925,40.472502778435256,0.6123128119800333,14.5,5.0,https://www.screener.in/company/GRMOVER/consolidated/,2026-08-01T22:43:49.792457+00:00
GROWW.NS,1285755,consolidated,2026-03-31,31.4315,32.9,31.4315,32.9,31.4315,32.9,60.0,,,66.0,,,-63.30646073316073,,,0.0302527973476999,28.8,62.0,https://www.screener.in/company/GROWW/consolidated/,2026-08-01T22:43:49.792457+00:00
GRPLTD.NS,1251,consolidated,2026-03-31,52.534,48.8,42.4175,37.8,36.2983,29.8,6.0,45.0,-6.0,-30.0,55.0,21.0,-38.77666009460924,13.905652696201564,-8.646159119359497,1.1685393258426966,2.48,8.0,https://www.screener.in/company/GRPLTD/consolidated/,2026-08-01T22:43:49.792457+00:00
GRWRHITECH.NS,1102,consolidated,2026-03-31,27.3637,25.9,20.8241,20.3,17.4266,16.6,14.0,22.0,36.0,27.0,44.0,51.0,26.742301547608594,21.845761847950683,35.30374857215892,0.0060240963855421,13.4,20.0,https://www.screener.in/company/GRWRHITECH/consolidated/,2026-08-01T22:43:49.792457+00:00
GSFC.NS,1253,consolidated,2026-03-31,12.0484,12.2,9.7146,9.4,10.6996,10.2,-1.0,10.0,5.0,-19.0,5.0,9.0,-19.0062061217348,8.357455895390874,4.922153154739006,0.0022010271460014,5.51,7.0,https://www.screener.in/company/GSFC/consolidated/,2026-08-01T22:43:49.792457+00:00
GSLSU.NS,1284321,consolidated,2026-03-31,54.5273,50.4,54.5273,50.4,54.5273,50.4,9.0,,,,,,,,,0.7925925925925926,-10.6,-4.9,https://www.screener.in/company/GSLSU/consolidated/,2026-08-01T22:43:49.792457+00:00
GSPCROP.NS,1285927,consolidated,2026-03-31,20.1954,19.9,20.1954,19.9,20.1954,19.9,8.0,8.0,,67.0,,,-35.33294384419634,-38.005925289916654,,0.3393782383419689,16.6,12.0,https://www.screener.in/company/GSPCROP/consolidated/,2026-08-01T22:43:49.792457+00:00
GTL.NS,1220,consolidated,2021-09-30,10.6859,7.0,7.9483,0.4,7.9483,0.4,-39.0,15.0,,-45.0,-18.0,-5.0,,,,,,1.2,https://www.screener.in/company/GTL/consolidated/,2026-08-01T22:43:49.792457+00:00
GTPL.NS,1274089,consolidated,2026-03-31,26.2427,24.6,19.9172,18.5,17.9847,14.9,12.0,-39.0,8.0,-50.0,-21.0,,-48.298136495377456,-39.11274165105269,6.440443939377238,0.43804537521815,1.39,11.0,https://www.screener.in/company/GTPL/consolidated/,2026-08-01T22:43:49.792457+00:00
GUFICBIO.NS,1223,consolidated,2026-03-31,51.9658,53.25,51.9658,53.25,51.9658,53.25,,,,,15.0,25.0,,,,0.6090225563909775,10.1,16.0,https://www.screener.in/company/GUFICBIO/consolidated/,2026-08-01T22:43:49.792457+00:00
GUJALKALI.NS,1224,consolidated,2026-03-31,50.3241,63.8,21.8579,13.9,15.4283,12.0,-1.0,,,,6.0,9.0,,,,0.1107899807321772,-0.04,11.0,https://www.screener.in/company/GUJALKALI/consolidated/,2026-08-01T22:43:49.792457+00:00
GUJAPOLLO.NS,1226,consolidated,2026-03-31,35.1433,30.8,32.15,26.3,19.5984,15.4,-10.0,1.0,-10.0,-19.0,8.0,11.0,-24.273846158917223,-33.47196949601569,-10.539658556465705,0.0805964849991123,1.19,-20.31,https://www.screener.in/company/GUJAPOLLO/consolidated/,2026-08-01T22:43:49.792457+00:00
GUJENERGY.NS,1273048,consolidated,2026-03-31,23.242,22.2,23.0992,22.4,26.693,24.9,12.0,7.0,24.0,5.0,-16.0,10.0,3.1575102181837345,5.723572939888211,24.33535672599421,0.175886755613407,13.2,13.0,https://www.screener.in/company/GUJENERGY/consolidated/,2026-08-01T22:43:49.792457+00:00
GULFOILLUB.NS,1003682,consolidated,2026-03-31,15.5191,15.9,13.9137,14.5,13.9137,14.5,11.0,,,16.0,11.0,5.0,14.086331158034929,,,0.369140625,24.3,13.0,https://www.screener.in/company/GULFOILLUB/consolidated/,2026-08-01T22:43:49.792457+00:00
GULPOLY.NS,1261,consolidated,2025-09-30,41.1446,41.0,40.5095,40.0,40.5095,40.0,22.0,,,-35.0,-2.0,13.0,-34.97042765743065,,,0.7078125,3.91,6.0,https://www.screener.in/company/GULPOLY/consolidated/,2026-08-01T22:43:49.792457+00:00
GVPIL.NS,149,consolidated,2026-03-31,38.512,34.7,73.7265,38.15,186.751,69.8,-11.0,24.0,21.0,38.0,17.0,2.0,,29.097876471443552,,0.0309278350515463,62.2,21.0,https://www.screener.in/company/GVPIL/consolidated/,2026-08-01T22:43:49.792457+00:00
GVPTECH.NS,1273219,consolidated,2018-03-31,3.307,3.2,4.1562,3.5,5.19,3.65,-7.0,237.0,,40.0,,,-17.64743131463552,,,0.027027027027027,43.6,13.0,https://www.screener.in/company/GVPTECH/consolidated/,2026-08-01T22:43:49.792457+00:00
GYFTR.NS,1899,consolidated,2026-03-31,12.3462,5.4,9.5656,5.1,13.0843,10.7,138.0,-18.0,11.0,16.0,43.0,30.0,16.201906919861052,-18.503632840105045,11.113880383935504,0.002061855670103,5.24,-8.0,https://www.screener.in/company/GYFTR/consolidated/,2026-08-01T22:43:49.792457+00:00
HAL.NS,1274307,consolidated,2026-03-31,33.7968,34.0,26.0831,29.4,20.2016,14.2,7.0,23.0,16.0,16.0,53.0,,16.080543652266876,22.98675541129782,17.265500899998276,0.0002680246582685,24.0,30.0,https://www.screener.in/company/HAL/consolidated/,2026-08-01T22:43:49.792457+00:00
HALDER.NS,1273338,consolidated,2026-03-31,21.0193,15.05,16.5295,13.4,14.5831,10.4,21.0,9.0,122.0,69.0,11.0,,54.71714826614176,3.561812600461711,116.96016104154845,2.016759776536313,17.3,4.3,https://www.screener.in/company/HALDER/consolidated/,2026-08-01T22:43:49.792457+00:00
HALEOSLABS.NS,1274121,consolidated,2026-03-31,25.9936,22.3,21.4253,17.8,18.7152,16.6,2.0,5.0,,20.0,15.0,,14.73586295501834,5.006885922458348,,0.5186915887850467,8.44,13.0,https://www.screener.in/company/HALEOSLABS/consolidated/,2026-08-01T22:43:49.792457+00:00
HAPPSTMNDS.NS,1274783,consolidated,2026-03-31,45.1459,49.4,59.8831,52.8,57.4384,52.3,17.0,7.0,,-1.0,-23.0,,-3.9009933389364537,4.767373959369436,,0.8845470692717584,13.8,18.0,https://www.screener.in/company/HAPPSTMNDS/consolidated/,2026-08-01T22:43:49.792457+00:00
HAPPYFORGE.NS,1284603,consolidated,2026-03-31,39.4074,39.65,39.4074,39.65,39.4074,39.65,9.0,28.0,,13.0,,,11.089078281682042,-49.42215798249028,,0.1550751879699248,15.0,30.0,https://www.screener.in/company/HAPPYFORGE/consolidated/,2026-08-01T22:43:49.792457+00:00
HARDWYN.NS,1274332,consolidated,2026-03-31,93.3606,91.6,93.3606,91.6,93.3606,91.6,7.0,,,12.0,58.0,,10.715524489384997,,,0.0147783251231527,3.3,11.0,https://www.screener.in/company/HARDWYN/consolidated/,2026-08-01T22:43:49.792457+00:00
HARIOMPIPE.NS,1275206,consolidated,2026-03-31,22.9371,20.5,22.9371,20.5,22.9371,20.5,,,,,,,,,,0.5842349304482226,12.4,13.0,https://www.screener.in/company/HARIOMPIPE/consolidated/,2026-08-01T22:43:49.792457+00:00
HARRMALAYA.NS,1280,consolidated,2026-03-31,55.5515,26.6,35.2288,13.0,30.8875,14.6,4.0,-6.0,10.0,19.0,-1.0,11.0,17.90142571923323,-6.337483230320684,,0.6235955056179775,17.5,4.6,https://www.screener.in/company/HARRMALAYA/consolidated/,2026-08-01T22:43:49.792457+00:00
HARSHA.NS,1275304,consolidated,2026-03-31,32.6548,33.0,32.7045,33.0,32.7045,33.0,6.0,25.0,,4.0,,,7.986278133917413,13.404973130244336,,0.2653352353780314,10.5,15.0,https://www.screener.in/company/HARSHA/consolidated/,2026-08-01T22:43:49.792457+00:00
HATHWAY.NS,1286,consolidated,2026-03-31,35.9446,29.0,30.7736,24.7,30.3113,24.4,5.0,-16.0,9.0,10.0,-17.0,-10.0,8.300894742530796,-19.951653749043807,,0.0020156774916013,1.9,14.0,https://www.screener.in/company/HATHWAY/consolidated/,2026-08-01T22:43:49.792457+00:00
HATSUN.NS,1287,consolidated,2025-09-30,76.442,74.5,76.442,74.5,76.442,74.5,,,,,-1.0,15.0,,,,1.099507927829415,16.7,12.0,https://www.screener.in/company/HATSUN/consolidated/,2026-08-01T22:43:49.792457+00:00
HAVELLS.NS,1288,consolidated,2026-03-31,69.2777,68.8,69.0774,69.4,63.3201,64.4,10.0,11.0,12.0,16.0,0.0,12.0,16.35085704386039,10.07090687461245,2.6142805198960284,0.0280245346869712,19.0,9.0,https://www.screener.in/company/HAVELLS/consolidated/,2026-08-01T22:43:49.792457+00:00
HBESD.NS,1291,consolidated,2026-03-31,20.5835,17.2,20.5835,17.2,20.5835,17.2,7.0,19.0,9.0,44.0,40.0,22.0,,,,1.3367875647668397,6.36,35.0,https://www.screener.in/company/HBESD/consolidated/,2026-08-01T22:43:49.792457+00:00
HBLENGINE.NS,1295,consolidated,2026-03-31,49.3204,51.7,42.9034,39.3,42.8398,38.85,34.0,118.0,49.0,105.0,69.0,36.0,102.13077639415728,125.87879655169418,47.82555965525972,0.0302483069977426,45.3,34.0,https://www.screener.in/company/HBLENGINE/consolidated/,2026-08-01T22:43:49.792457+00:00
HCC.NS,1337,consolidated,2026-03-31,39.525,41.55,48.8495,29.7,40.8487,8.7,-22.0,20.0,9.0,34.0,19.0,3.0,,,,0.4790785143394452,11.9,16.0,https://www.screener.in/company/HCC/consolidated/,2026-08-01T22:43:49.792457+00:00
HCG.NS,1273301,consolidated,2026-03-31,196.1975,156.3,233.1918,161.0,214.0294,156.2,15.0,18.0,39.0,-1.0,22.0,13.0,-22.67648579654356,,,1.3025525525525523,2.55,18.0,https://www.screener.in/company/HCG/consolidated/,2026-08-01T22:43:49.792457+00:00
HCLTECH.NS,1297,consolidated,2026-03-31,24.8178,25.0,24.1586,23.9,19.9529,19.4,9.0,9.0,12.0,6.0,5.0,13.0,3.8681760839911927,8.350183798552457,8.952341279250353,0.0693806958025676,23.8,20.0,https://www.screener.in/company/HCLTECH/consolidated/,2026-08-01T22:43:49.792457+00:00
HDBFS.NS,1285509,consolidated,2025-03-31,26.5269,26.9,26.5269,26.9,26.5269,26.9,,,,,,,23.0337189191812,,,,14.7,,https://www.screener.in/company/HDBFS/consolidated/,2026-08-01T22:43:49.792457+00:00
HDFCAMC.NS,1274395,consolidated,2026-03-31,40.7427,41.4,39.9158,41.1,39.9158,41.1,23.0,,,26.0,13.0,,25.998401131868956,,,0.0,32.9,79.0,https://www.screener.in/company/HDFCAMC/consolidated/,2026-08-01T22:43:49.792457+00:00
HDFCBANK.NS,1298,consolidated,2026-03-31,18.5178,18.5,19.8157,19.8,23.6791,22.6,27.0,19.0,19.0,18.0,1.0,9.0,6.212837900223667,11.3367265862369,14.58309058410896,,13.6,,https://www.screener.in/company/HDFCBANK/consolidated/,2026-08-01T22:43:49.792457+00:00
HDFCLIFE.NS,1274197,consolidated,2026-03-31,84.5261,85.8,88.4414,87.1,88.9651,87.7,12.0,7.0,9.0,12.0,-4.0,,11.625845949815153,5.653461797091386,8.036633150072126,0.1745915492957746,11.3,1.2,https://www.screener.in/company/HDFCLIFE/consolidated/,2026-08-01T22:43:49.792457+00:00
HEADSUP.NS,1273599,consolidated,2026-03-31,14.6796,15.2,14.6796,15.2,14.6796,15.2,,,,,-20.0,,,,,0.0,-0.2,-8.92,https://www.screener.in/company/HEADSUP/consolidated/,2026-08-01T22:43:49.792457+00:00
HEALTHX.NS,2076,consolidated,2026-03-31,33.0839,25.2,33.0839,25.2,33.0839,25.2,8.0,17.0,7.0,27.0,-1.0,17.0,,,,0.0405616224648986,0.29,-4.0,https://www.screener.in/company/HEALTHX/consolidated/,2026-08-01T22:43:49.792457+00:00
HEG.NS,1301,consolidated,2026-03-31,35.6573,34.7,27.9275,26.2,39.0247,16.0,1.0,46.0,63.0,-14.0,7.0,35.0,-13.76993552827469,,55.070974182601454,0.1672971836906263,7.42,10.0,https://www.screener.in/company/HEG/consolidated/,2026-08-01T22:43:49.792457+00:00
HERANBA.NS,1274836,consolidated,2026-03-31,27.599,27.4,27.599,27.4,27.599,27.4,7.0,,,,-26.0,,,,,0.7559055118110236,-9.54,4.3,https://www.screener.in/company/HERANBA/consolidated/,2026-08-01T22:43:49.792457+00:00
HERITGFOOD.NS,1307,consolidated,2026-03-31,28.4688,25.9,25.977,25.2,25.311,24.7,12.0,-3.0,9.0,34.0,5.0,8.0,37.3091567290301,0.0247402306383204,10.484261882410006,0.3272892112420671,12.6,5.0,https://www.screener.in/company/HERITGFOOD/consolidated/,2026-08-01T22:43:49.792457+00:00
HEROMOTOCO.NS,1308,consolidated,2026-03-31,21.7924,21.0,21.0188,20.4,20.1856,20.3,12.0,16.0,7.0,28.0,14.0,5.0,26.843549099449397,14.46269326234486,6.193570168305884,0.0360464578224052,28.1,15.0,https://www.screener.in/company/HEROMOTOCO/consolidated/,2026-08-01T22:43:49.792457+00:00
HESTERBIO.NS,1309,consolidated,2026-03-31,58.5006,50.6,55.472,50.6,49.6408,48.1,8.0,8.0,11.0,26.0,1.0,13.0,27.84976591452255,10.078420409580868,11.227265165832012,0.5401662049861495,15.9,27.0,https://www.screener.in/company/HESTERBIO/consolidated/,2026-08-01T22:43:49.792457+00:00
HEXATRADEX.NS,1310,consolidated,2026-03-31,26.1833,19.1,45.189,19.6,34.5264,15.5,72.0,,,18.0,2.0,24.0,,,,0.0018697825375743,-0.19,-104.26,https://www.screener.in/company/HEXATRADEX/consolidated/,2026-08-01T22:43:49.792457+00:00
HEXT.NS,1311,consolidated,2026-06-30,29.1816,30.7,29.1816,30.7,20.7248,18.3,13.0,18.0,14.0,18.0,,10.0,-8.693572585076748,1.6099583095655845,5.564143045754899,0.1017580452920143,24.9,15.0,https://www.screener.in/company/HEXT/consolidated/,2026-08-01T22:43:49.792457+00:00
HFCL.NS,1319,consolidated,2026-03-31,48.7863,46.1,40.5452,33.5,27.5573,27.9,1.0,5.0,3.0,1.0,22.0,28.0,-2.188205981472713,1.8646376444729773,4.936351973198416,0.3565732978940912,6.95,19.0,https://www.screener.in/company/HFCL/consolidated/,2026-08-01T22:43:49.792457+00:00
HGINFRA.NS,1274291,consolidated,2026-03-31,13.4038,12.6,12.4441,11.7,11.6485,11.1,4.0,2.0,24.0,-19.0,0.0,,-12.505573408742675,6.900370020953828,11.709664627718784,1.5402756508422664,8.52,19.0,https://www.screener.in/company/HGINFRA/consolidated/,2026-08-01T22:43:49.792457+00:00
HGM.NS,1372,consolidated,2026-03-31,37.3057,26.8,31.7257,22.6,55.1309,31.2,70.0,,7.0,,-9.0,-7.0,,,,0.2203162690967569,-9.91,-1.65,https://www.screener.in/company/HGM/consolidated/,2026-08-01T22:43:49.792457+00:00
HGS.NS,1331,consolidated,2026-03-31,37.9936,30.4,26.8947,19.0,19.3155,9.05,-1.0,,,,-22.0,8.0,-52.16447614941369,-38.76766609103194,-11.807406627490325,0.2366237826139232,-1.22,2.3,https://www.screener.in/company/HGS/consolidated/,2026-08-01T22:43:49.792457+00:00
HIKAL.NS,1315,consolidated,2026-03-31,61.1164,56.6,52.7632,50.15,39.4652,37.5,-5.0,-23.0,-1.0,-22.0,-17.0,6.0,,,,0.5704753961634695,2.95,13.0,https://www.screener.in/company/HIKAL/consolidated/,2026-08-01T22:43:49.792457+00:00
HIMATSEIDE.NS,1323,consolidated,2026-03-31,18.1295,13.4,17.5734,13.0,15.6546,13.6,-2.0,26.0,-7.0,40.0,-21.0,-11.0,,,-9.043030776722071,1.2312003736571695,2.97,14.0,https://www.screener.in/company/HIMATSEIDE/consolidated/,2026-08-01T22:43:49.792457+00:00
HINDALCO.NS,1328,consolidated,2026-03-31,12.2586,12.4,11.1356,10.9,14.3238,11.2,7.0,35.0,78.0,19.0,17.0,22.0,9.869965702353456,30.908647963634863,,0.7260420403710565,13.0,13.0,https://www.screener.in/company/HINDALCO/consolidated/,2026-08-01T22:43:49.792457+00:00
HINDCOMPOS.NS,1336,consolidated,2026-03-31,20.0951,19.1,19.9032,19.0,23.529,20.7,-40.0,-21.0,-13.0,-45.0,4.0,0.0,4.227376796595195,9.545721533644723,5.262656978597091,0.0017467248908296,0.42,14.0,https://www.screener.in/company/HINDCOMPOS/consolidated/,2026-08-01T22:43:49.792457+00:00
HINDCOPPER.NS,1338,consolidated,2026-03-31,69.8796,64.7,60.7456,55.7,58.394,53.1,22.0,55.0,,50.0,27.0,23.0,45.88166998471925,51.507917496174514,,0.0332037092431947,32.9,48.0,https://www.screener.in/company/HINDCOPPER/consolidated/,2026-08-01T22:43:49.792457+00:00
HINDOILEXP.NS,1346,consolidated,2026-03-31,18.6395,17.2,26.1801,18.6,46.024,20.5,-22.0,-1.0,52.0,-46.0,-1.0,15.0,-31.331984169051186,3.290992124245684,28.733329354522372,0.0361271676300578,2.34,41.0,https://www.screener.in/company/HINDOILEXP/consolidated/,2026-08-01T22:43:49.792457+00:00
HINDPETRO.NS,1348,consolidated,2026-03-31,8.0677,6.4,7.1471,4.85,7.2433,5.7,0.0,11.0,14.0,66.0,16.0,8.0,,11.67399886155498,15.285682531644662,0.8536823479162853,30.9,1.5,https://www.screener.in/company/HINDPETRO/consolidated/,2026-08-01T22:43:49.792457+00:00
HINDUNILVR.NS,1350,consolidated,2026-03-31,51.7968,52.3,55.3134,54.9,58.1937,59.05,2.0,13.0,14.0,14.0,-2.0,9.0,14.118919707772084,13.468986457967592,12.808005936298294,0.0303247912349453,31.0,23.0,https://www.screener.in/company/HINDUNILVR/consolidated/,2026-08-01T22:43:49.792457+00:00
HINDWAREAP.NS,1274717,consolidated,2026-03-31,92.6337,81.7,63.0332,56.9,66.215,56.4,-4.0,-55.0,,-74.0,-9.0,,,,,1.1614654002713705,0.14,8.0,https://www.screener.in/company/HINDWAREAP/consolidated/,2026-08-01T22:43:49.792457+00:00
HINDZINC.NS,1351,consolidated,2026-03-31,20.6089,19.1,18.0089,17.2,18.0089,17.2,6.0,12.0,,10.0,11.0,10.0,9.582894181367951,11.627023207768495,,0.3856997657872641,76.6,56.0,https://www.screener.in/company/HINDZINC/consolidated/,2026-08-01T22:43:49.792457+00:00
HIRECT.NS,1326,consolidated,2026-03-31,67.0395,64.1,67.0395,64.1,67.0395,64.1,,,,,75.0,43.0,,,,1.1722488038277512,25.2,9.0,https://www.screener.in/company/HIRECT/consolidated/,2026-08-01T22:43:49.792457+00:00
HITECH.NS,1273262,consolidated,2026-03-31,31.0854,27.4,27.2238,24.0,21.5432,21.0,21.0,27.0,28.0,21.0,5.0,,8.326925483766967,13.059496220083844,19.52784011911892,0.2010502625656414,5.88,4.1,https://www.screener.in/company/HITECH/consolidated/,2026-08-01T22:43:49.792457+00:00
HLEGLAS.NS,3323,consolidated,2026-03-31,64.8739,63.3,74.4793,65.3,71.4865,64.3,13.0,1.0,,-8.0,-9.0,35.0,-11.379379477320628,-2.3037258466208965,,0.651685393258427,10.8,10.0,https://www.screener.in/company/HLEGLAS/consolidated/,2026-08-01T22:43:49.792457+00:00
HLVLTD.NS,1368,consolidated,2020-03-31,6.249,5.2,5.3073,4.3,16.791,4.9,-41.0,22.0,15.0,134.0,-7.0,-9.0,,,10.910123210791143,0.0722100656455142,47.2,-25.0,https://www.screener.in/company/HLVLTD/consolidated/,2026-08-01T22:43:49.792457+00:00
HMAAGRO.NS,1284380,consolidated,2026-03-31,22.3185,21.5,22.3795,21.8,22.3795,21.8,29.0,18.0,,11.0,,,9.150348225957906,-29.845083994573752,,0.9032943676939428,19.0,2.3,https://www.screener.in/company/HMAAGRO/consolidated/,2026-08-01T22:43:49.792457+00:00
HMVL.NS,1344,consolidated,2026-03-31,9.7424,5.5,9.9936,8.5,8.6466,8.4,1.0,17.0,-2.0,79.0,1.0,-10.0,,-6.859631176278846,-12.225118990597585,0.0535264483627204,9.95,15.0,https://www.screener.in/company/HMVL/consolidated/,2026-08-01T22:43:49.792457+00:00
HNDFDS.NS,6314,consolidated,2026-03-31,62.3873,64.6,76.4513,71.9,78.2462,71.0,18.0,35.0,,29.0,8.0,37.0,25.49093777924956,30.856897243663383,,0.9339055793991416,14.8,9.0,https://www.screener.in/company/HNDFDS/consolidated/,2026-08-01T22:43:49.792457+00:00
HONASA.NS,1284547,consolidated,2026-03-31,130.5245,96.2,130.5245,96.2,130.5245,96.2,17.0,17.0,,118.0,,,,,,0.0956768249468462,15.7,10.0,https://www.screener.in/company/HONASA/consolidated/,2026-08-01T22:43:49.792457+00:00
HPAL.NS,1275124,consolidated,2026-03-31,30.3767,26.4,30.3767,26.4,30.3767,26.4,,,,,,,,,,0.0213903743315508,4.08,5.0,https://www.screener.in/company/HPAL/consolidated/,2026-08-01T22:43:49.792457+00:00
HPIL.NS,1274727,consolidated,2024-03-31,93.8609,97.6,90.0435,96.75,90.0435,96.75,,,,,19.0,,,,,0.4453965723395776,3.32,3.94,https://www.screener.in/company/HPIL/consolidated/,2026-08-01T22:43:49.792457+00:00
HPL.NS,1273519,consolidated,2026-03-31,42.9936,39.6,40.2038,40.6,30.3871,26.55,13.0,57.0,10.0,47.0,32.0,,44.49778805610409,55.62700094585325,6.015152807663493,0.755,9.92,16.0,https://www.screener.in/company/HPL/consolidated/,2026-08-01T22:43:49.792457+00:00
HSCL.NS,1320,consolidated,2026-03-31,41.6688,40.0,38.6521,37.7,35.1871,33.25,4.0,74.0,44.0,47.0,71.0,36.0,43.96758426518943,67.48011516456029,,0.163620909477263,17.8,20.0,https://www.screener.in/company/HSCL/consolidated/,2026-08-01T22:43:49.792457+00:00
HTMEDIA.NS,1375,consolidated,2026-03-31,18.9577,12.35,22.1796,25.3,13.5719,9.8,2.0,32.0,-3.0,37.0,-4.0,-10.0,,,,0.4731315626930203,8.06,7.0,https://www.screener.in/company/HTMEDIA/consolidated/,2026-08-01T22:43:49.792457+00:00
HUBTOWN.NS,1376,consolidated,2026-03-31,45.4829,32.3,42.7702,28.0,42.7702,28.0,26.0,31.0,23.0,48.0,35.0,7.0,37.72689810133247,,,0.4554794520547945,5.9,24.0,https://www.screener.in/company/HUBTOWN/consolidated/,2026-08-01T22:43:49.792457+00:00
HUDCO.NS,1274074,consolidated,2026-03-31,16.351,16.2,11.8502,10.3,10.9418,8.5,23.0,20.0,18.0,33.0,34.0,,33.33741817550779,20.62563413162506,17.81750711235588,,20.0,,https://www.screener.in/company/HUDCO/consolidated/,2026-08-01T22:43:49.792457+00:00
HUHTAMAKI.NS,2407,consolidated,2016-12-31,22.4656,21.6,20.8801,19.4,21.5454,21.2,31.0,,,20.0,-1.0,0.0,13.74149330322998,,,0.6026587887740029,13.0,11.0,https://www.screener.in/company/HUHTAMAKI/consolidated/,2026-08-01T22:43:49.792457+00:00
HYUNDAI.NS,1285116,consolidated,2026-03-31,30.9969,30.6,30.9969,30.6,30.9969,30.6,5.0,24.0,,5.0,,,,,,0.0548588558581064,29.9,11.0,https://www.screener.in/company/HYUNDAI/consolidated/,2026-08-01T22:43:49.792457+00:00
ICDSLTD.NS,1268143,consolidated,2026-03-31,44.2682,45.2,44.7913,44.3,44.7913,44.3,8.0,17.0,8.0,42.0,-1.0,,42.54777057083719,,7.974566201881972,0.0,3.7,11.3,https://www.screener.in/company/ICDSLTD/consolidated/,2026-08-01T22:43:49.792457+00:00
ICEMAKE.NS,1274213,consolidated,2026-03-31,58.0408,51.9,46.7211,41.1,34.212,29.15,29.0,28.0,,-16.0,58.0,,-16.294365154151713,27.435471923037237,,1.18796992481203,9.49,7.0,https://www.screener.in/company/ICEMAKE/consolidated/,2026-08-01T22:43:49.792457+00:00
ICICIAMC.NS,1285819,consolidated,2025-03-31,2.051,2.1,2.051,2.1,2.051,2.1,,,,,,,,,,,,73.0,https://www.screener.in/company/ICICIAMC/consolidated/,2026-08-01T22:43:49.792457+00:00
ICICIBANK.NS,1384,consolidated,2026-03-31,18.3102,18.2,19.6471,19.0,22.6452,19.7,17.0,24.0,18.0,17.0,16.0,21.0,15.812625453792318,23.28767253777184,16.874837023669144,,15.9,,https://www.screener.in/company/ICICIBANK/consolidated/,2026-08-01T22:43:49.792457+00:00
ICICIPRULI.NS,1273517,consolidated,2026-03-31,94.7987,82.4,99.5828,84.9,73.7982,66.6,8.0,11.0,0.0,26.0,-5.0,,25.206737534250824,10.736670979204966,-0.3796859023860399,0.1903748807864426,12.6,2.1,https://www.screener.in/company/ICICIPRULI/consolidated/,2026-08-01T22:43:49.792457+00:00
ICIL.NS,1459,consolidated,2026-03-31,26.3312,22.1,20.1613,18.0,15.26,12.8,11.0,-13.0,-7.0,-23.0,8.0,9.0,-22.910625360601124,-12.808278858639222,-6.652851796836313,0.5696095076400679,5.47,9.0,https://www.screener.in/company/ICIL/consolidated/,2026-08-01T22:43:49.792457+00:00
ICRA.NS,1385,consolidated,2026-03-31,35.207,35.5,35.3954,35.4,35.4402,35.0,14.0,18.0,10.0,11.0,6.0,3.0,10.307192538493704,17.323276809541667,9.45005215379182,0.0152413209144792,16.7,36.0,https://www.screener.in/company/ICRA/consolidated/,2026-08-01T22:43:49.792457+00:00
IDBI.NS,1387,consolidated,2026-03-31,13.4637,13.1,15.6008,15.6,17.0212,15.9,12.0,43.0,16.0,35.0,17.0,2.0,35.43177660626713,43.46710731840238,,,14.1,,https://www.screener.in/company/IDBI/consolidated/,2026-08-01T22:43:49.792457+00:00
IDEA.NS,1388,consolidated,2026-03-31,86.6676,38.55,86.6676,38.55,86.6676,38.55,2.0,0.0,,6.0,12.0,-15.0,,,3.3252071644004344,,,42.0,https://www.screener.in/company/IDEA/consolidated/,2026-08-01T22:43:49.792457+00:00
IDFCFIRSTB.NS,1273113,consolidated,2026-03-31,27.3548,21.7,33.0118,21.5,30.8222,20.0,21.0,28.0,,-13.0,10.0,6.0,-20.70056136466797,17.08049129648923,,,3.78,,https://www.screener.in/company/IDFCFIRSTB/consolidated/,2026-08-01T22:43:49.792457+00:00
IEX.NS,1274182,consolidated,2026-03-31,35.158,37.7,43.8406,40.5,41.0813,38.45,15.0,20.0,,19.0,-2.0,,17.25832075941178,19.28282877367935,,0.0080645161290322,39.4,85.0,https://www.screener.in/company/IEX/consolidated/,2026-08-01T22:43:49.792457+00:00
IFBIND.NS,1393,consolidated,2026-03-31,103.0395,62.7,106.4011,71.05,83.4174,58.8,10.0,18.0,,145.0,6.0,13.0,112.54371246545507,17.49866564367233,,0.1567839195979899,15.7,6.0,https://www.screener.in/company/IFBIND/consolidated/,2026-08-01T22:43:49.792457+00:00
IFCI.NS,1394,consolidated,2026-03-31,85.3466,95.8,92.875,99.3,51.635,34.5,7.0,16.0,-5.0,42.0,40.0,11.0,,,-11.1286390434733,,2.09,,https://www.screener.in/company/IFCI/consolidated/,2026-08-01T22:43:49.792457+00:00
IFGLEXPOR.NS,1274196,consolidated,2026-03-31,34.3739,29.5,26.5008,23.8,20.6525,16.3,11.0,-11.0,,-23.0,0.0,,-24.07540895952229,-11.972019857373729,,0.1778723404255319,3.22,7.0,https://www.screener.in/company/IFGLEXPOR/consolidated/,2026-08-01T22:43:49.792457+00:00
IGCL.NS,1285517,consolidated,2026-03-31,9.4457,9.2,9.4457,9.2,9.4457,9.2,9.0,12.0,,21.0,,,-12.749028808835073,-7.760046672956045,,0.3986928104575163,10.9,10.0,https://www.screener.in/company/IGCL/consolidated/,2026-08-01T22:43:49.792457+00:00
IGIL.NS,1285192,consolidated,2026-03-31,29.4881,28.3,29.4881,28.3,29.4881,28.3,48.0,,,43.0,,,,,,0.0961021505376344,55.8,61.0,https://www.screener.in/company/IGIL/consolidated/,2026-08-01T22:43:49.792457+00:00
IGL.NS,1471,consolidated,2026-03-31,16.3299,16.3,17.6697,17.1,23.9209,23.8,5.0,6.0,13.0,-1.0,-11.0,9.0,-1.856040458885,5.725736808005943,12.969182713627792,0.0085187760778859,14.0,11.0,https://www.screener.in/company/IGL/consolidated/,2026-08-01T22:43:49.792457+00:00
IGPL.NS,1379,consolidated,2026-03-31,22.1172,15.1,16.7939,12.8,16.8716,12.8,-6.0,-59.0,-28.0,-78.0,-8.0,12.0,-77.70275973313865,-58.85787743807447,-28.11826129288719,0.2715678919729932,0.16,5.0,https://www.screener.in/company/IGPL/consolidated/,2026-08-01T22:43:49.792457+00:00
IIFL.NS,1424,consolidated,2026-03-31,16.4395,14.2,14.8195,13.2,13.0157,12.6,17.0,17.0,12.0,3.0,16.0,17.0,3.237706137311447,16.675765368526797,10.391476567548086,,12.6,,https://www.screener.in/company/IIFL/consolidated/,2026-08-01T22:43:49.792457+00:00
IIFLCAPS.NS,1274694,consolidated,2026-03-31,13.4057,13.3,11.5073,10.7,10.1014,9.5,21.0,21.0,,31.0,25.0,,30.06395670026389,19.906872395128406,,0.5941272430668841,20.2,35.0,https://www.screener.in/company/IIFLCAPS/consolidated/,2026-08-01T22:43:49.792457+00:00
IITL.NS,1482,consolidated,2026-03-31,29.0345,16.4,27.5126,14.9,28.666,15.15,,11.0,-10.0,,13.0,8.0,,,,0.0046403712296983,-2.84,42.0,https://www.screener.in/company/IITL/consolidated/,2026-08-01T22:43:49.792457+00:00
IKIO.NS,1284374,consolidated,2026-03-31,46.8936,39.6,45.7841,39.2,45.7841,39.2,18.0,7.0,,-6.0,,,-11.264544394334097,-75.22339459047276,,0.1162790697674418,7.13,13.0,https://www.screener.in/company/IKIO/consolidated/,2026-08-01T22:43:49.792457+00:00
IKS.NS,1285190,consolidated,2025-09-30,53.7447,47.9,53.7447,47.9,53.7447,47.9,46.0,34.0,,30.0,,,33.01255787062096,-26.808194537027266,,0.3418116912092815,40.3,34.0,https://www.screener.in/company/IKS/consolidated/,2026-08-01T22:43:49.792457+00:00
IMAGICAA.NS,1270791,consolidated,2026-03-31,54.5277,47.6,54.5277,47.6,54.5277,47.6,14.0,15.0,7.0,-88.0,40.0,-6.0,-89.51681077702314,,,0.2735247208931419,0.05,31.0,https://www.screener.in/company/IMAGICAA/consolidated/,2026-08-01T22:43:49.792457+00:00
IMFA.NS,1447,consolidated,2026-03-31,13.1108,11.0,9.928,9.4,10.8588,8.6,2.0,22.0,32.0,22.0,27.0,34.0,23.498687379083915,20.588481697207666,,0.3524650478292862,16.8,21.0,https://www.screener.in/company/IMFA/consolidated/,2026-08-01T22:43:49.792457+00:00
IMPAL.NS,1427,consolidated,2024-09-30,16.9529,16.8,16.0188,16.3,19.6337,17.1,12.0,12.0,,14.0,6.0,7.0,11.804751349410058,12.369326191887463,,0.0,3.72,8.0,https://www.screener.in/company/IMPAL/consolidated/,2026-08-01T22:43:49.792457+00:00
INA.NS,1275309,consolidated,2026-03-31,67.1726,57.2,58.6598,40.8,58.6598,40.8,97.0,,,166.0,,,161.31062704070098,,,1.100371747211896,28.2,13.0,https://www.screener.in/company/INA/consolidated/,2026-08-01T22:43:49.792457+00:00
INDGN.NS,1284767,consolidated,2026-03-31,33.3664,32.5,33.3664,32.5,33.3664,32.5,15.0,23.0,,16.0,,,11.565954379135835,-55.479594890836296,,0.0458744823192099,14.4,17.0,https://www.screener.in/company/INDGN/consolidated/,2026-08-01T22:43:49.792457+00:00
INDHOTEL.NS,1443,consolidated,2026-03-31,63.9121,63.1,75.0192,63.7,76.5402,64.8,19.0,32.0,25.0,22.0,39.0,20.0,27.52014324187564,,,0.2173613239350291,14.2,33.0,https://www.screener.in/company/INDHOTEL/consolidated/,2026-08-01T22:43:49.792457+00:00
INDIACEM.NS,1420,consolidated,2026-03-31,145.7929,152.0,63.695,49.35,55.5569,41.5,-7.0,-29.0,-11.0,28.0,15.0,13.0,,,,0.1289016199130778,0.37,10.0,https://www.screener.in/company/INDIACEM/consolidated/,2026-08-01T22:43:49.792457+00:00
INDIAGLYCO.NS,1422,consolidated,2026-03-31,20.1427,20.7,17.8464,16.7,17.3252,15.7,17.0,14.0,74.0,39.0,26.0,37.0,29.29213451734276,15.489865057597465,,0.5765427889532901,11.3,15.0,https://www.screener.in/company/INDIAGLYCO/consolidated/,2026-08-01T22:43:49.792457+00:00
INDIAMART.NS,1274674,consolidated,2026-03-31,36.5975,29.6,45.1241,49.0,51.5657,50.9,17.0,11.0,20.0,19.0,-13.0,,19.425971358168283,11.379195502212736,,0.0095833333333333,20.7,30.0,https://www.screener.in/company/INDIAMART/consolidated/,2026-08-01T22:43:49.792457+00:00
INDIANB.NS,1439,consolidated,2026-03-31,8.3376,8.2,7.2126,7.5,9.1634,8.3,14.0,30.0,32.0,28.0,43.0,16.0,24.764569524086298,25.52649589775442,18.70617326629593,,15.4,,https://www.screener.in/company/INDIANB/consolidated/,2026-08-01T22:43:49.792457+00:00
INDIANCARD.NS,1441,consolidated,2026-03-31,13.6656,12.2,22.9909,14.55,22.9909,14.55,-14.0,30.0,17.0,8.0,1.0,-2.0,0.5382234986134771,,-16.861867101143936,0.0092716776488424,1.34,-24.72,https://www.screener.in/company/INDIANCARD/consolidated/,2026-08-01T22:43:49.792457+00:00
INDIASHLTR.NS,1284585,consolidated,2026-03-31,21.7182,21.7,21.7182,21.7,21.7182,21.7,38.0,42.0,,48.0,,,9.318391749343656,17.872813541235267,,,17.0,,https://www.screener.in/company/INDIASHLTR/consolidated/,2026-08-01T22:43:49.792457+00:00
INDIGO.NS,1273121,consolidated,2026-03-31,27.802,26.0,27.802,26.0,30.0305,28.4,16.0,10.0,,,25.0,20.0,,,,11.153206139721703,-27.1,11.0,https://www.screener.in/company/INDIGO/consolidated/,2026-08-01T22:43:49.792457+00:00
INDIGOPNTS.NS,1274826,consolidated,2026-03-31,42.1237,42.45,42.1237,42.45,42.1237,42.45,9.0,,,4.0,-16.0,,3.145597091305219,,,0.0181975736568457,13.7,18.0,https://www.screener.in/company/INDIGOPNTS/consolidated/,2026-08-01T22:43:49.792457+00:00
INDNIPPON.NS,1428,consolidated,2026-03-31,23.7478,22.5,21.7314,21.3,23.5406,21.75,18.0,18.0,14.0,24.0,24.0,19.0,32.09386591048799,22.90801650403138,14.39907641353384,0.002436053593179,11.9,11.0,https://www.screener.in/company/INDNIPPON/consolidated/,2026-08-01T22:43:49.792457+00:00
INDOBORAX.NS,1458,consolidated,2026-03-31,16.7796,15.0,14.3697,13.2,12.6201,11.4,-1.0,1.0,15.0,-9.0,16.0,26.0,-0.2750172549209062,7.989347089496079,18.458887827078097,0.0025906735751295,10.1,21.0,https://www.screener.in/company/INDOBORAX/consolidated/,2026-08-01T22:43:49.792457+00:00
INDOCO.NS,1274892,consolidated,2026-03-31,34.6051,25.2,41.5397,31.8,41.0927,31.9,3.0,,,,-14.0,-4.0,,,,1.1608093716719914,-9.42,9.0,https://www.screener.in/company/INDOCO/consolidated/,2026-08-01T22:43:49.792457+00:00
INDOFARM.NS,1285209,consolidated,2026-03-31,34.1537,33.75,34.1537,33.75,34.1537,33.75,7.0,23.0,,15.0,,,-14.38305265772788,-10.677897379885891,,0.2697841726618705,4.54,13.0,https://www.screener.in/company/INDOFARM/consolidated/,2026-08-01T22:43:49.792457+00:00
INDORAMA.NS,1462,consolidated,2026-03-31,11.0176,8.2,8.6576,6.7,8.3678,6.9,6.0,4.0,8.0,107.0,0.0,5.0,,5.787809146569467,,2.183044315992293,34.5,7.0,https://www.screener.in/company/INDORAMA/consolidated/,2026-08-01T22:43:49.792457+00:00
INDOSTAR.NS,1274348,consolidated,2026-03-31,44.8108,44.1,44.8108,44.1,30.175,16.6,6.0,,,,-6.0,,-19.3246993074606,,-13.584509508902498,,-23.6,,https://www.screener.in/company/INDOSTAR/consolidated/,2026-08-01T22:43:49.792457+00:00
INDOTHAI.NS,1464,consolidated,2026-03-31,105.9825,89.3,122.829,63.45,96.0067,39.8,139.0,45.0,26.0,130.0,98.0,56.0,,63.94317912338601,34.3608177784914,0.0880281690140845,28.6,83.0,https://www.screener.in/company/INDOTHAI/consolidated/,2026-08-01T22:43:49.792457+00:00
INDOUS.NS,1274344,consolidated,2022-03-31,67.8013,68.55,49.3603,45.5,43.1377,39.7,,,,,20.0,,,,,0.3334198909374188,16.9,13.75,https://www.screener.in/company/INDOUS/consolidated/,2026-08-01T22:43:49.792457+00:00
INDPRUD.NS,1481,consolidated,2026-03-31,17.2777,17.2,13.4747,14.5,11.3827,9.9,-4.0,19.0,12.0,13.0,31.0,18.0,12.53327235615549,19.33805930389849,11.68536391387256,0.0,7.71,84.0,https://www.screener.in/company/INDPRUD/consolidated/,2026-08-01T22:43:49.792457+00:00
INDSWFTLAB.NS,1415,consolidated,2026-03-31,14.8013,17.2,17.2103,17.2,16.3773,15.55,-19.0,78.0,12.0,-7.0,21.0,19.0,-16.04218792742825,,,0.0130057803468208,3.87,7.0,https://www.screener.in/company/INDSWFTLAB/consolidated/,2026-08-01T22:43:49.792457+00:00
INDUSINDBK.NS,1480,consolidated,2026-03-31,24.8931,13.5,21.0711,14.1,24.2706,23.35,8.0,-21.0,-9.0,-51.0,0.0,-1.0,-50.82129747186974,-21.3403141081722,-11.43512255498833,,1.36,,https://www.screener.in/company/INDUSINDBK/consolidated/,2026-08-01T22:43:49.792457+00:00
INDUSTOWER.NS,244384,consolidated,2026-03-31,13.2911,13.9,13.0498,12.6,16.4216,15.35,5.0,13.0,13.0,47.0,12.0,0.0,52.93877014867909,14.07228190600276,8.615806417829841,0.532891086112092,18.6,55.0,https://www.screener.in/company/INDUSTOWER/consolidated/,2026-08-01T22:43:49.792457+00:00
INFOBEAN.NS,1272917,consolidated,2026-03-31,38.5771,39.1,33.8241,31.3,23.0396,21.9,10.0,18.0,20.0,34.0,7.0,,34.06678752867145,18.475281417912942,3.286443583749721,0.036231884057971,23.2,22.0,https://www.screener.in/company/INFOBEAN/consolidated/,2026-08-01T22:43:49.792457+00:00
INFY.NS,1489,consolidated,2026-03-31,23.9809,24.2,26.3008,25.8,23.2571,22.8,7.0,9.0,8.0,8.0,-7.0,8.0,7.716788372999983,9.83125175191164,9.47427418925082,0.0988239348640847,31.9,24.0,https://www.screener.in/company/INFY/consolidated/,2026-08-01T22:43:49.792457+00:00
INNOVACAP.NS,1284611,consolidated,2026-03-31,37.0529,37.45,37.0529,37.45,37.0529,37.45,21.0,32.0,,28.0,,,20.26346694521444,-38.82622061025063,,0.3153070577451879,13.7,15.0,https://www.screener.in/company/INNOVACAP/consolidated/,2026-08-01T22:43:49.792457+00:00
INNOVANA.NS,1274215,consolidated,2026-03-31,25.5616,21.9,27.1591,21.1,21.304,17.8,19.0,20.0,,18.0,27.0,,12.055356221931437,19.453253832419005,,0.2124542124542124,16.0,35.0,https://www.screener.in/company/INNOVANA/consolidated/,2026-08-01T22:43:49.792457+00:00
INNOVISION.NS,1285919,consolidated,2026-03-31,19.7489,19.55,19.7489,19.55,19.7489,19.55,57.0,,,63.0,,,-38.2212225745534,,,0.4251700680272108,19.6,6.0,https://www.screener.in/company/INNOVISION/consolidated/,2026-08-01T22:43:49.792457+00:00
INOXGREEN.NS,1275359,consolidated,2026-03-31,194.5796,155.8,194.5796,155.8,194.5796,155.8,3.0,21.0,,69.0,,,,,,0.0515524311657879,5.62,8.0,https://www.screener.in/company/INOXGREEN/consolidated/,2026-08-01T22:43:49.792457+00:00
INOXINDIA.NS,1284600,consolidated,2026-03-31,53.3219,50.9,53.3219,50.9,53.3219,50.9,18.0,22.0,,19.0,,,18.55383762703684,-23.13595120553977,,0.072515666965085,26.1,22.0,https://www.screener.in/company/INOXINDIA/consolidated/,2026-08-01T22:43:49.792457+00:00
INOXWIND.NS,1270795,consolidated,2026-03-31,86.2344,49.0,86.2344,49.0,53.0462,29.8,81.0,27.0,-1.0,38.0,20.0,4.0,,,-7.086332371762372,0.2486681291131307,7.09,20.0,https://www.screener.in/company/INOXWIND/consolidated/,2026-08-01T22:43:49.792457+00:00
INSECTICID.NS,1502,consolidated,2026-03-31,19.172,16.9,17.6479,15.8,17.8004,15.4,6.0,6.0,13.0,30.0,3.0,8.0,30.90060109504178,9.60374144019045,14.13623104124584,0.1286885245901639,12.0,11.0,https://www.screener.in/company/INSECTICID/consolidated/,2026-08-01T22:43:49.792457+00:00
INTELLECT.NS,1199533,consolidated,2026-03-31,36.328,36.5,32.2421,31.9,37.4918,32.8,11.0,7.0,31.0,11.0,0.0,14.0,7.892883512311988,4.589343079033226,,0.0501577287066246,12.4,19.0,https://www.screener.in/company/INTELLECT/consolidated/,2026-08-01T22:43:49.792457+00:00
INTENTECH.NS,1517,consolidated,2026-03-31,18.2949,16.8,14.5314,13.3,12.4433,9.9,11.0,-3.0,14.0,4.0,-5.0,2.0,,,,0.0,11.5,10.0,https://www.screener.in/company/INTENTECH/consolidated/,2026-08-01T22:43:49.792457+00:00
INTLCONV.NS,1526,consolidated,2026-03-31,8.0312,7.2,13.7808,10.9,22.0893,16.2,0.0,33.0,33.0,35.0,4.0,14.0,34.96964285556439,34.23072492828398,,0.1721698113207547,17.4,19.0,https://www.screener.in/company/INTLCONV/consolidated/,2026-08-01T22:43:49.792457+00:00
INVENTURE.NS,1532,consolidated,2026-03-31,26.6729,22.85,24.8435,22.1,26.7109,26.45,7.0,-23.0,11.0,-28.0,-23.0,-6.0,-23.685717163111207,-19.72584382397693,,0.1327703070064156,1.27,8.54,https://www.screener.in/company/INVENTURE/consolidated/,2026-08-01T22:43:49.792457+00:00
INVPRECQ.NS,1533,consolidated,2026-03-31,57.1968,62.3,51.804,49.7,43.026,35.05,3.0,102.0,16.0,30.0,47.0,31.0,28.364276318196225,94.72943612303364,15.30870337938792,0.6990291262135923,12.5,16.0,https://www.screener.in/company/INVPRECQ/consolidated/,2026-08-01T22:43:49.792457+00:00
IOB.NS,1449,consolidated,2026-03-31,28.1446,27.0,26.6781,22.8,26.6781,22.8,18.0,48.0,,37.0,8.0,2.0,36.28909688491315,43.61165848743469,,,15.6,,https://www.screener.in/company/IOB/consolidated/,2026-08-01T22:43:49.792457+00:00
IOC.NS,1448,consolidated,2026-03-31,8.9879,7.4,8.5743,5.7,9.0594,8.1,-2.0,14.0,14.0,63.0,15.0,4.0,62.63333972977818,14.240643866716752,13.707942900753656,0.6005065643819641,20.7,8.0,https://www.screener.in/company/IOC/consolidated/,2026-08-01T22:43:49.792457+00:00
IOLCP.NS,1537,consolidated,2026-03-31,20.6815,20.0,18.8335,18.4,18.8335,18.4,2.0,,,2.0,2.0,20.0,-0.3528610851771141,,,0.075041689827682,8.38,12.0,https://www.screener.in/company/IOLCP/consolidated/,2026-08-01T22:43:49.792457+00:00
IONEXCHANG.NS,1539,consolidated,2026-03-31,36.5904,37.6,30.6284,29.9,26.0027,24.25,14.0,1.0,26.0,-8.0,10.0,29.0,-10.141046984434476,-0.1636335217125584,24.93736843217622,0.3599701269604182,12.1,7.0,https://www.screener.in/company/IONEXCHANG/consolidated/,2026-08-01T22:43:49.792457+00:00
IPCALAB.NS,1540,consolidated,2026-03-31,47.5382,46.6,41.3276,38.5,42.1511,37.9,16.0,1.0,30.0,37.0,11.0,21.0,34.27378990729992,0.0177951786338281,28.41013675579598,0.1003348629542354,15.7,21.0,https://www.screener.in/company/IPCALAB/consolidated/,2026-08-01T22:43:49.792457+00:00
IPL.NS,1274881,consolidated,2026-03-31,28.3178,28.2,25.4027,24.3,25.4494,24.7,6.0,-2.0,,-6.0,-14.0,,-5.795643712791132,-2.8699656348171287,,0.1079207920792079,12.6,16.0,https://www.screener.in/company/IPL/consolidated/,2026-08-01T22:43:49.792457+00:00
IRB.NS,1542,consolidated,2026-03-31,44.8274,38.7,37.5291,31.7,24.2918,22.2,6.0,50.0,3.0,8.0,19.0,7.0,5.272659960939663,32.71799855827655,-2.589524174514513,0.9559883526659984,4.31,54.0,https://www.screener.in/company/IRB/consolidated/,2026-08-01T22:43:49.792457+00:00
IRCON.NS,1272265,consolidated,2026-03-31,22.1446,22.5,16.5069,18.5,14.0941,10.4,-4.0,9.0,4.0,-8.0,23.0,,-8.041241009575428,8.758216198408398,-10.800109777978529,0.8624792890495556,9.19,8.0,https://www.screener.in/company/IRCON/consolidated/,2026-08-01T22:43:49.792457+00:00
IRCTC.NS,1274700,consolidated,2026-03-31,46.6667,46.4,46.6667,46.4,46.6667,46.4,14.0,,,12.0,0.0,,11.490438693500217,,,0.0187978649338593,34.6,32.0,https://www.screener.in/company/IRCTC/consolidated/,2026-08-01T22:43:49.792457+00:00
IREDA.NS,1284567,consolidated,2026-03-31,30.6358,26.65,30.6358,26.65,30.6358,26.65,,40.0,,,,,14.787804172513663,15.968420690306417,,,15.6,,https://www.screener.in/company/IREDA/consolidated/,2026-08-01T22:43:49.792457+00:00
IRIS.NS,1274171,consolidated,2026-03-31,51.5299,49.6,64.151,53.3,63.6066,51.9,20.0,97.0,31.0,207.0,12.0,,203.03603901569863,94.84362469027556,,0.0099502487562189,89.5,8.0,https://www.screener.in/company/IRIS/consolidated/,2026-08-01T22:43:49.792457+00:00
IRMENERGY.NS,1284537,consolidated,2026-03-31,24.0579,23.4,24.0579,23.4,24.0579,23.4,3.0,9.0,,-6.0,,,-14.68458306851186,1.5004282998200449,,0.0732196589769308,5.49,11.0,https://www.screener.in/company/IRMENERGY/consolidated/,2026-08-01T22:43:49.792457+00:00
ISFT.NS,1531,consolidated,2026-03-31,16.1745,17.0,18.3674,19.2,28.264,21.65,5.0,10.0,-1.0,17.0,-6.0,-16.0,12.545836186698487,7.537910751072818,-11.678112509565697,0.0639097744360902,5.37,3.1,https://www.screener.in/company/ISFT/consolidated/,2026-08-01T22:43:49.792457+00:00
ISGEC.NS,1545,consolidated,2026-03-31,30.5134,27.8,29.3831,27.6,25.0186,24.25,2.0,-14.0,-4.0,-16.0,0.0,6.0,-17.856563409817227,-15.16808689437208,-5.150235485748167,0.3475877192982456,4.19,8.0,https://www.screener.in/company/ISGEC/consolidated/,2026-08-01T22:43:49.792457+00:00
ITC.NS,1552,consolidated,2026-03-31,24.5083,25.6,23.4513,24.6,24.3,25.15,4.0,10.0,8.0,3.0,7.0,2.0,2.2586195792206,9.082196303157431,7.869983240648626,0.0330864606175955,29.3,34.0,https://www.screener.in/company/ITC/consolidated/,2026-08-01T22:43:49.792457+00:00
ITCHOTELS.NS,1285312,consolidated,2026-03-31,48.0378,41.9,48.0378,41.9,48.0378,41.9,,,,,,,,,,0.0063475724824155,7.89,35.0,https://www.screener.in/company/ITCHOTELS/consolidated/,2026-08-01T22:43:49.792457+00:00
ITDC.NS,1431,consolidated,2026-03-31,72.7293,67.8,123.4193,73.9,183.2387,95.2,5.0,34.0,14.0,12.0,12.0,13.0,11.791636659942029,,16.573911752347726,0.0023640661938534,21.1,17.0,https://www.screener.in/company/ITDC/consolidated/,2026-08-01T22:43:49.792457+00:00
ITI.NS,1554,consolidated,2026-03-31,270.0623,137.0,187.1376,93.4,173.6267,88.2,16.0,,,16.0,16.0,26.0,,97.9587563373977,,0.4013641133263378,-8.86,2.0,https://www.screener.in/company/ITI/consolidated/,2026-08-01T22:43:49.792457+00:00
IVALUE.NS,1285661,consolidated,2026-03-31,13.0153,13.0,13.0153,13.0,13.0153,13.0,10.0,25.0,,19.0,,,-49.84024332883668,-25.89042482321693,,0.1214788732394366,19.8,14.0,https://www.screener.in/company/IVALUE/consolidated/,2026-08-01T22:43:49.792457+00:00
IVC.NS,1403,consolidated,2026-03-31,45.9745,37.8,39.6766,34.3,37.4147,31.3,-10.0,-13.0,-23.0,-31.0,0.0,-6.0,-31.902283387417853,-13.652802324668912,-23.68097358950073,0.0,1.95,-2.77,https://www.screener.in/company/IVC/consolidated/,2026-08-01T22:43:49.792457+00:00
IWP.NS,1274281,consolidated,2026-03-31,57.9611,51.8,64.7198,54.6,65.1313,46.8,8.0,17.0,2.0,34.0,-6.0,,34.778344303682914,16.559823670043052,-11.089500265105434,0.18732782369146,1.26,7.0,https://www.screener.in/company/IWP/consolidated/,2026-08-01T22:43:49.792457+00:00
IXIGO.NS,1284805,consolidated,2026-03-31,132.2036,120.5,132.2036,120.5,132.2036,120.5,35.0,60.0,,40.0,,,41.69417063993719,-60.63657168179852,,0.0214948705422569,5.54,5.0,https://www.screener.in/company/IXIGO/consolidated/,2026-08-01T22:43:49.792457+00:00
IZMO.NS,1906,consolidated,2026-03-31,19.3892,16.5,14.5172,11.2,12.282,9.85,23.0,12.0,35.0,33.0,51.0,34.0,28.59273849051129,9.4825345479445,37.14995705171964,0.0122249388753056,12.4,18.0,https://www.screener.in/company/IZMO/consolidated/,2026-08-01T22:43:49.792457+00:00
J&KBANK.NS,1584,consolidated,2026-03-31,6.4688,6.1,5.682,5.4,6.917,5.8,12.0,41.0,19.0,26.0,33.0,9.0,23.27226682497565,28.95243277410076,9.636819907440808,,15.4,,https://www.screener.in/company/J&KBANK/consolidated/,2026-08-01T22:43:49.792457+00:00
JAGRAN.NS,1567,consolidated,2026-03-31,10.9159,10.3,10.2908,9.8,12.092,11.55,0.0,20.0,-4.0,12.0,-2.0,-10.0,6.086419332258419,23.188900558452307,-1.6883724923807963,0.054563492063492,9.94,13.0,https://www.screener.in/company/JAGRAN/consolidated/,2026-08-01T22:43:49.792457+00:00
JAICORPLTD.NS,1572,consolidated,2026-03-31,78.9854,35.9,66.3785,44.7,172.8182,85.6,-5.0,43.0,39.0,47.0,-7.0,3.0,,13.183191331952248,,0.0,12.8,11.0,https://www.screener.in/company/JAICORPLTD/consolidated/,2026-08-01T22:43:49.792457+00:00
JAINREC.NS,1285688,consolidated,2026-03-31,33.3273,34.3,33.3273,34.3,33.3273,34.3,46.0,,,57.0,,,-24.02234901290924,,,0.8174247277386291,30.8,6.0,https://www.screener.in/company/JAINREC/consolidated/,2026-08-01T22:43:49.792457+00:00
JAIPURKURT.NS,1273525,consolidated,2026-03-31,33.7233,22.8,40.9588,25.4,39.0195,25.6,32.0,4.0,,122.0,-6.0,,145.83578425576138,-1.2943365189212797,,0.5757575757575758,3.34,8.0,https://www.screener.in/company/JAIPURKURT/consolidated/,2026-08-01T22:43:49.792457+00:00
JAMNAAUTO.NS,1585,consolidated,2026-03-31,23.0777,23.4,25.7322,24.6,25.5429,23.5,4.0,27.0,13.0,12.0,8.0,13.0,11.05508848603922,25.862208995229665,12.373920640445755,0.010462074978204,22.4,15.0,https://www.screener.in/company/JAMNAAUTO/consolidated/,2026-08-01T22:43:49.792457+00:00
JARO.NS,1285679,consolidated,2024-03-31,19.8073,18.9,19.8073,18.9,19.8073,18.9,61.0,,,93.0,,,,,,0.3504273504273504,40.6,31.0,https://www.screener.in/company/JARO/consolidated/,2026-08-01T22:43:49.792457+00:00
JASH.NS,1274170,consolidated,2026-03-31,38.7414,39.1,32.7054,33.5,27.4647,25.3,22.0,20.0,26.0,14.0,34.0,,11.943262781951546,18.57818144767944,23.002615391998795,0.1984585741811175,16.0,14.0,https://www.screener.in/company/JASH/consolidated/,2026-08-01T22:43:49.792457+00:00
JAYAGROGN.NS,1594,consolidated,2026-03-31,14.3006,14.1,12.1207,12.6,13.6013,13.1,-5.0,1.0,8.0,1.0,-4.0,4.0,0.7042485551037814,0.9805797673485328,7.581123644206378,0.2147540983606557,8.49,4.4,https://www.screener.in/company/JAYAGROGN/consolidated/,2026-08-01T22:43:49.792457+00:00
JAYBARMARU.NS,1589,consolidated,2026-03-31,27.4548,31.8,24.613,22.0,25.5816,20.5,3.0,40.0,,55.0,13.0,18.0,54.468722675244365,39.75098219337983,,0.7629310344827587,22.2,11.0,https://www.screener.in/company/JAYBARMARU/consolidated/,2026-08-01T22:43:49.792457+00:00
JAYKAY.NS,1599,consolidated,2026-03-31,100.9632,87.8,70.4375,61.05,47.935,28.8,76.0,48.0,25.0,229.0,38.0,51.0,198.66738942759235,42.95304363579879,33.5365963713536,0.0565217391304347,11.7,16.0,https://www.screener.in/company/JAYKAY/consolidated/,2026-08-01T22:43:49.792457+00:00
JAYSREETEA.NS,1591,consolidated,2026-03-31,21.4352,11.4,24.4294,13.1,23.8648,22.5,5.0,,,2.0,-8.0,-3.0,,,,1.0580808080808082,-7.51,2.0,https://www.screener.in/company/JAYSREETEA/consolidated/,2026-08-01T22:43:49.792457+00:00
JBMA.NS,1604,consolidated,2026-03-31,98.5287,89.6,78.1544,72.1,50.6385,34.75,16.0,35.0,16.0,22.0,46.0,36.0,20.703166341638777,34.77696721890746,13.663457064759577,1.96816114359974,15.6,11.0,https://www.screener.in/company/JBMA/consolidated/,2026-08-01T22:43:49.792457+00:00
JETFREIGHT.NS,1273585,consolidated,2026-03-31,15.5893,15.6,24.3886,18.9,19.2446,15.2,1.0,27.0,,165.0,7.0,,,26.71293901918425,,1.0422535211267605,10.0,3.8,https://www.screener.in/company/JETFREIGHT/consolidated/,2026-08-01T22:43:49.792457+00:00
JGCHEM.NS,1284705,consolidated,2026-03-31,24.7376,23.6,24.7376,23.6,24.7376,23.6,8.0,24.0,,7.0,,,-0.9913189084669648,-38.568020997746935,,0.0113636363636363,13.3,8.0,https://www.screener.in/company/JGCHEM/consolidated/,2026-08-01T22:43:49.792457+00:00
JHS.NS,1616,consolidated,2026-03-31,70.2611,54.9,60.1441,48.5,46.932,41.0,6.0,,4.0,,-21.0,-13.0,,,,0.0862068965517241,-1.11,2.6,https://www.screener.in/company/JHS/consolidated/,2026-08-01T22:43:49.792457+00:00
JINDALPHOT.NS,1622,consolidated,2026-03-31,3.6331,3.0,2.7115,2.3,2.7115,2.3,17.0,,7.0,,71.0,28.0,,,,0.0636630754162585,-2.29,-116.0,https://www.screener.in/company/JINDALPHOT/consolidated/,2026-08-01T22:43:49.792457+00:00
JINDALPOLY.NS,1623,consolidated,2025-09-30,25.793,21.45,15.5986,5.4,11.4908,5.2,-3.0,-28.0,-9.0,-57.0,-10.0,5.0,-54.890060576068265,-25.81276829857987,-4.802299864523196,0.8434974283614989,2.15,0.2,https://www.screener.in/company/JINDALPOLY/consolidated/,2026-08-01T22:43:49.792457+00:00
JINDALSAW.NS,1624,consolidated,2026-03-31,10.7153,10.3,10.2287,10.1,12.9927,10.7,0.0,25.0,42.0,14.0,31.0,27.0,14.7611946703597,24.98641789042486,,0.3730714172101161,8.2,11.0,https://www.screener.in/company/JINDALSAW/consolidated/,2026-08-01T22:43:49.792457+00:00
JINDALSTEL.NS,1627,consolidated,2026-03-31,23.493,20.1,17.8751,17.1,20.7291,17.1,0.0,1.0,13.0,1.0,21.0,30.0,1.9956940951674884,-1.510411745724438,,0.4442130493722863,8.22,16.0,https://www.screener.in/company/JINDALSTEL/consolidated/,2026-08-01T22:43:49.792457+00:00
JINDRILL.NS,1620,consolidated,2026-03-31,17.7178,19.9,15.2673,9.2,12.9554,7.8,25.0,110.0,6.0,31.0,34.0,14.0,29.540706465437204,,5.021931293602133,0.0510989010989011,12.5,35.0,https://www.screener.in/company/JINDRILL/consolidated/,2026-08-01T22:43:49.792457+00:00
JINDWORLD.NS,1628,consolidated,2026-03-31,72.1274,80.3,63.1199,58.8,49.8573,46.5,3.0,19.0,5.0,-16.0,21.0,29.0,-15.251230762522283,9.730933214999515,5.755705033825231,0.6488372093023256,8.46,5.0,https://www.screener.in/company/JINDWORLD/consolidated/,2026-08-01T22:43:49.792457+00:00
JIOFIN.NS,1284422,consolidated,2026-03-31,112.515,115.8,112.515,115.8,112.515,115.8,328.0,,,294.0,,,,,,0.1626261645237686,1.19,66.0,https://www.screener.in/company/JIOFIN/consolidated/,2026-08-01T22:43:49.792457+00:00
JISLJALEQS.NS,1576,consolidated,2026-03-31,81.8821,85.4,79.1534,71.4,44.4417,32.15,4.0,14.0,,,-2.0,-9.0,,,,0.736068376068376,-0.48,13.0,https://www.screener.in/company/JISLJALEQS/consolidated/,2026-08-01T22:43:49.792457+00:00
JITFINFRA.NS,1273645,consolidated,2026-03-31,111.683,120.8,111.683,120.8,111.683,120.8,21.0,10.0,4.0,16.0,61.0,,,,,,,20.0,https://www.screener.in/company/JITFINFRA/consolidated/,2026-08-01T22:43:49.792457+00:00
JKCEMENT.NS,1632,consolidated,2026-03-31,49.8223,47.2,44.108,42.1,42.5923,37.0,12.0,7.0,33.0,33.0,11.0,22.0,32.82047400478088,6.937737050183568,31.55969558620262,0.8786414665340344,15.6,16.0,https://www.screener.in/company/JKCEMENT/consolidated/,2026-08-01T22:43:49.792457+00:00
JKIL.NS,1562,consolidated,2026-03-31,20.0529,14.7,18.9766,16.0,16.1286,13.7,11.0,,15.0,13.0,17.0,9.0,12.107852721072486,32.101100719307986,,0.1843276936776491,12.4,14.0,https://www.screener.in/company/JKIL/consolidated/,2026-08-01T22:43:49.792457+00:00
JKLAKSHMI.NS,1633,consolidated,2026-03-31,24.3688,23.8,20.9831,20.2,42.6278,21.3,2.0,0.0,50.0,5.0,-3.0,3.0,2.8799544382229536,-0.7424376484409856,76.99518695867688,0.6654657745753989,10.7,15.0,https://www.screener.in/company/JKLAKSHMI/consolidated/,2026-08-01T22:43:49.792457+00:00
JKPAPER.NS,1634,consolidated,2026-03-31,12.649,8.8,10.9912,8.8,11.5036,9.8,3.0,4.0,17.0,-39.0,9.0,22.0,-40.78065546317,0.6964461484594286,14.54582433781546,0.4670289855072463,5.08,13.0,https://www.screener.in/company/JKPAPER/consolidated/,2026-08-01T22:43:49.792457+00:00
JKTYRE.NS,1636,consolidated,2026-03-31,16.2943,15.2,15.3153,15.0,14.5776,12.7,4.0,24.0,6.0,44.0,20.0,16.0,36.17768604177487,15.72495375171561,2.711904847381041,0.805477643953143,16.0,12.0,https://www.screener.in/company/JKTYRE/consolidated/,2026-08-01T22:43:49.792457+00:00
JLHL.NS,1284477,consolidated,2026-03-31,53.7193,50.4,53.7193,50.4,53.7193,50.4,19.0,143.0,,37.0,,,31.89672139175823,,,0.3779935275080906,13.1,22.0,https://www.screener.in/company/JLHL/consolidated/,2026-08-01T22:43:49.792457+00:00
JMA.NS,1270760,consolidated,2026-03-31,8.0197,7.9,7.3226,6.9,7.4491,7.4,7.0,6.0,8.0,3.0,4.0,8.0,3.220078252372649,5.403603665143497,11.225174442424946,0.0,11.4,5.0,https://www.screener.in/company/JMA/consolidated/,2026-08-01T22:43:49.792457+00:00
JMFINANCIL.NS,1637,consolidated,2026-03-31,14.1134,13.9,12.2908,11.7,13.6653,13.1,9.0,16.0,12.0,27.0,3.0,6.0,26.159603332139515,15.220279854163389,9.48311780672424,1.0916682304372305,11.9,63.0,https://www.screener.in/company/JMFINANCIL/consolidated/,2026-08-01T22:43:49.792457+00:00
JNKINDIA.NS,1284760,consolidated,2026-03-31,42.9127,44.75,42.9127,44.75,42.9127,44.75,26.0,32.0,,12.0,,,-37.818908940833474,-46.88658835482679,,0.1604938271604938,12.1,11.0,https://www.screener.in/company/JNKINDIA/consolidated/,2026-08-01T22:43:49.792457+00:00
JPOLYINVST.NS,615823,consolidated,2026-03-31,2.7019,2.6,2.0583,2.1,2.0583,2.1,-31.0,123.0,46.0,45.0,92.0,28.0,45.0324643732781,,,0.0143302180685358,54.8,97.0,https://www.screener.in/company/JPOLYINVST/consolidated/,2026-08-01T22:43:49.792457+00:00
JPPOWER.NS,1582,consolidated,2026-03-31,26.8529,15.95,29.0934,17.4,29.6617,18.5,-1.0,24.0,15.0,97.0,28.0,12.0,102.06200103110952,14.869835499703507,,0.2663367891925856,3.6,26.0,https://www.screener.in/company/JPPOWER/consolidated/,2026-08-01T22:43:49.792457+00:00
JSL.NS,1626,consolidated,2026-03-31,20.565,21.3,14.949,16.9,20.5032,16.85,6.0,55.0,23.0,15.0,36.0,41.0,14.6889382810512,35.12391913574506,,0.3769390126825324,17.8,13.0,https://www.screener.in/company/JSL/consolidated/,2026-08-01T22:43:49.792457+00:00
JSLL.NS,1275199,consolidated,2026-03-31,120.9191,88.0,95.31,57.9,95.31,57.9,58.0,,,88.0,,,143.91829165255064,,,0.2719486081370449,61.3,44.0,https://www.screener.in/company/JSLL/consolidated/,2026-08-01T22:43:49.792457+00:00
JSWCEMENT.NS,1285590,consolidated,2026-03-31,39.4167,45.95,39.4167,45.95,39.4167,45.95,4.0,19.0,,68.0,,,,,,0.6815267175572519,14.7,19.0,https://www.screener.in/company/JSWCEMENT/consolidated/,2026-08-01T22:43:49.792457+00:00
JSWDULUX.NS,115,consolidated,2026-03-31,34.8115,35.5,33.8272,33.7,35.7595,35.2,-2.0,12.0,7.0,2.0,5.0,6.0,80.5994353322979,56.89455477971119,25.16997500361167,0.0322185970636215,19.1,14.0,https://www.screener.in/company/JSWDULUX/consolidated/,2026-08-01T22:43:49.792457+00:00
JSWENERGY.NS,1655,consolidated,2026-03-31,49.007,46.3,44.7851,44.9,30.9668,24.3,22.0,23.0,5.0,19.0,18.0,21.0,12.323314941298769,21.356994779008787,3.733939750294968,2.5022275698351275,7.51,54.0,https://www.screener.in/company/JSWENERGY/consolidated/,2026-08-01T22:43:49.792457+00:00
JSWHL.NS,1625,consolidated,2026-03-31,81.0911,82.0,60.1621,44.7,50.2944,39.9,-24.0,15.0,,-23.0,17.0,24.0,-23.80429329743749,14.28420614142427,,0.0,0.46,92.0,https://www.screener.in/company/JSWHL/consolidated/,2026-08-01T22:43:49.792457+00:00
JSWINFRA.NS,1284497,consolidated,2026-03-31,45.1845,43.1,45.1845,43.1,45.1845,43.1,19.0,41.0,,29.0,,,22.23131947036629,-31.4796845247034,,0.6342741564769697,15.4,48.0,https://www.screener.in/company/JSWINFRA/consolidated/,2026-08-01T22:43:49.792457+00:00
JSWSTEEL.NS,1657,consolidated,2026-03-31,40.0803,38.0,32.3732,32.9,26.8175,18.75,4.0,3.0,24.0,35.0,11.0,22.0,74.61835084679393,22.76283009670588,,0.9925739358140184,10.2,16.0,https://www.screener.in/company/JSWSTEEL/consolidated/,2026-08-01T22:43:49.792457+00:00
JTEKTINDIA.NS,3125,consolidated,2023-09-30,50.7516,49.3,49.0985,48.0,46.7704,47.0,11.0,6.0,8.0,40.0,3.0,9.0,39.23245000990032,0.7373452865805818,5.652241925550672,0.0940054495912806,12.4,9.0,https://www.screener.in/company/JTEKTINDIA/consolidated/,2026-08-01T22:43:49.792457+00:00
JTLIND.NS,63890,consolidated,2026-03-31,30.5911,30.9,28.9866,29.25,28.9866,29.25,11.0,37.0,,3.0,20.0,38.0,-1.1364620388432445,22.117869853239448,,0.1641991924629879,7.28,7.0,https://www.screener.in/company/JTLIND/consolidated/,2026-08-01T22:43:49.792457+00:00
JUBLCPL.NS,1285333,consolidated,2026-03-31,25.2449,24.3,25.2449,24.3,25.2449,24.3,,,,,,,,,,0.1108695652173913,33.2,10.0,https://www.screener.in/company/JUBLCPL/consolidated/,2026-08-01T22:43:49.792457+00:00
JUBLFOOD.NS,1658,consolidated,2026-03-31,144.1045,147.0,123.3398,126.0,124.9772,106.6,23.0,12.0,16.0,5.0,-10.0,14.0,6.650682314053524,13.080446871596973,16.009281284697387,2.1387434554973823,18.9,20.0,https://www.screener.in/company/JUBLFOOD/consolidated/,2026-08-01T22:43:49.792457+00:00
JUBLINGREA.NS,1274844,consolidated,2026-03-31,43.5057,40.7,48.5268,37.1,51.3532,37.6,-3.0,35.0,,-2.0,4.0,,-3.319760147371986,38.61435564281983,,0.2533589251439539,9.51,13.0,https://www.screener.in/company/JUBLINGREA/consolidated/,2026-08-01T22:43:49.792457+00:00
JUBLPHARMA.NS,1660,consolidated,2026-03-31,46.2237,37.6,39.1909,35.5,25.6106,17.15,10.0,-13.0,1.0,47.0,7.0,13.0,,-13.76665192660801,0.1694339984730675,0.5096574087128155,6.55,15.0,https://www.screener.in/company/JUBLPHARMA/consolidated/,2026-08-01T22:43:49.792457+00:00
JUNIPER.NS,1284687,consolidated,2026-03-31,127.5605,89.9,127.5605,89.9,127.5605,89.9,16.0,23.0,,99.0,,,,,,0.4163179916317991,6.2,40.0,https://www.screener.in/company/JUNIPER/consolidated/,2026-08-01T22:43:49.792457+00:00
JUSTDIAL.NS,400458,consolidated,2024-03-31,55.8764,56.3,80.7548,63.3,53.8953,44.5,16.0,-2.0,4.0,1.0,-6.0,4.0,7.236081759601109,5.968771553146968,9.520357661337876,0.0211285110613969,3.63,21.0,https://www.screener.in/company/JUSTDIAL/consolidated/,2026-08-01T22:43:49.792457+00:00
JWL.NS,689,consolidated,2026-03-31,53.928,53.8,45.9642,45.05,45.9642,45.05,12.0,28.0,,15.0,48.0,34.0,8.634674084667404,-7.696720409912516,,0.3344526527871054,6.39,12.0,https://www.screener.in/company/JWL/consolidated/,2026-08-01T22:43:49.792457+00:00
JYOTHYLAB.NS,1667,consolidated,2025-03-31,38.1994,37.1,36.6015,34.3,36.8126,33.85,9.0,16.0,12.0,32.0,3.0,3.0,31.770297238297008,16.808551149837747,11.656660853020838,0.0297560975609756,19.0,18.0,https://www.screener.in/company/JYOTHYLAB/consolidated/,2026-08-01T22:43:49.792457+00:00
JYOTICNC.NS,1284626,consolidated,2026-03-31,101.6966,73.2,101.6966,73.2,101.6966,73.2,31.0,45.0,,157.0,,,,,,0.4262868565717141,18.2,25.0,https://www.screener.in/company/JYOTICNC/consolidated/,2026-08-01T22:43:49.792457+00:00
JYOTISTRUC.NS,1671,consolidated,2026-03-31,76.0308,62.5,76.0308,62.5,76.0308,62.5,49.0,15.0,8.0,151.0,-2.0,1.0,,,,4.387368421052631,10.8,6.0,https://www.screener.in/company/JYOTISTRUC/consolidated/,2026-08-01T22:43:49.792457+00:00
KABRAEXTRU.NS,1679,consolidated,2026-03-31,55.8229,43.1,48.6387,40.9,34.7252,29.7,-12.0,,,,13.0,14.0,,,,0.3287981859410431,-1.91,4.0,https://www.screener.in/company/KABRAEXTRU/consolidated/,2026-08-01T22:43:49.792457+00:00
KAJARIACER.NS,1685,consolidated,2026-03-31,46.8376,47.4,47.0322,47.2,43.5738,42.95,3.0,11.0,8.0,14.0,3.0,7.0,12.094912440886606,9.501967352219689,7.667680917126174,0.0746901500326157,17.9,19.0,https://www.screener.in/company/KAJARIACER/consolidated/,2026-08-01T22:43:49.792457+00:00
KALAMANDIR.NS,1275253,consolidated,2022-03-31,7.4349,7.4,7.4349,7.4,7.4349,7.4,,,,,,,,,,,,12.0,https://www.screener.in/company/KALAMANDIR/consolidated/,2026-08-01T22:43:49.792457+00:00
KALPATARU.NS,1285507,consolidated,2026-03-31,154.4865,68.0,154.4865,68.0,154.4865,68.0,-2.0,29.0,,35.0,,,,,,2.2268642215205245,2.73,3.5,https://www.screener.in/company/KALPATARU/consolidated/,2026-08-01T22:43:49.792457+00:00
KALYANKJIL.NS,1274850,consolidated,2026-03-31,69.1108,69.0,53.8649,45.2,53.057,44.3,36.0,195.0,,44.0,52.0,,46.03360886192529,,,0.9695672848311936,24.8,7.0,https://www.screener.in/company/KALYANKJIL/consolidated/,2026-08-01T22:43:49.792457+00:00
KAMAHOLD.NS,1700,consolidated,2026-03-31,10.5637,10.5,9.4008,9.2,8.7898,8.6,2.0,10.0,9.0,-8.0,3.0,21.0,-9.44349106521467,9.103927020289948,7.983504864269197,0.6337993010484274,12.7,22.0,https://www.screener.in/company/KAMAHOLD/consolidated/,2026-08-01T22:43:49.792457+00:00
KAMATHOTEL.NS,1704,consolidated,2026-03-31,19.5172,17.2,21.5851,17.2,18.4489,16.0,9.0,25.0,16.0,-18.0,28.0,17.0,-51.48706903907539,,,0.7373417721518988,14.4,25.0,https://www.screener.in/company/KAMATHOTEL/consolidated/,2026-08-01T22:43:49.792457+00:00
KAMOPAINTS.NS,1275408,consolidated,2026-03-31,66.5633,48.4,66.5633,48.4,66.5633,48.4,-2.0,,,26.0,,,,,,0.1899441340782122,0.12,3.9,https://www.screener.in/company/KAMOPAINTS/consolidated/,2026-08-01T22:43:49.792457+00:00
KANANIIND.NS,1706,consolidated,2026-03-31,82.5949,59.2,90.3552,54.5,91.6832,70.0,-14.0,55.0,3.0,6.0,-23.0,-18.0,5.726427034643122,45.40611511009971,2.6583631304232025,0.0,3.84,0.8,https://www.screener.in/company/KANANIIND/consolidated/,2026-08-01T22:43:49.792457+00:00
KANPRPLA.NS,1714,consolidated,2026-03-31,35.5066,22.6,27.5431,15.8,27.8051,16.6,15.0,3.0,,89.0,2.0,13.0,112.1204570738134,2.726632330601775,,0.417910447761194,14.9,9.0,https://www.screener.in/company/KANPRPLA/consolidated/,2026-08-01T22:43:49.792457+00:00
KANSAINER.NS,1715,consolidated,2026-03-31,33.7478,32.3,42.9521,40.3,48.0011,50.0,2.0,2.0,2.0,7.0,-14.0,-2.0,7.549890057237274,2.1638488011905377,-4.160339614917441,0.0451295799821269,8.82,12.0,https://www.screener.in/company/KANSAINER/consolidated/,2026-08-01T22:43:49.792457+00:00
KAPSTON.NS,1274320,consolidated,2026-03-31,33.444,32.4,33.444,32.4,33.444,32.4,,,,,75.0,,,,,1.5862068965517242,27.4,5.0,https://www.screener.in/company/KAPSTON/consolidated/,2026-08-01T22:43:49.792457+00:00
KAVDEFENCE.NS,1731,consolidated,2026-03-31,23.8592,19.7,22.2287,17.8,22.2287,17.8,44.0,16.0,7.0,-67.0,84.0,15.0,-76.23697904686502,,,0.0394736842105263,1.25,-16.51,https://www.screener.in/company/KAVDEFENCE/consolidated/,2026-08-01T22:43:49.792457+00:00
KAYA.NS,1272982,consolidated,2026-03-31,8.0667,7.9,8.0667,7.9,102.3727,132.7,-16.0,,,6.0,-11.0,-10.0,,,,,,-10.0,https://www.screener.in/company/KAYA/consolidated/,2026-08-01T22:43:49.792457+00:00
KAYNES.NS,1275358,consolidated,2026-03-31,115.3096,119.9,111.042,112.7,111.042,112.7,48.0,108.0,,57.0,,,49.11810861050186,31.527060618778748,,0.1922914911541701,9.64,16.0,https://www.screener.in/company/KAYNES/consolidated/,2026-08-01T22:43:49.792457+00:00
KCP.NS,1737,consolidated,2026-03-31,16.8057,14.6,15.9019,14.0,15.9927,14.1,5.0,4.0,8.0,70.0,-1.0,5.0,67.73389233057048,3.8800338065044793,7.762309886252994,0.372615039281706,12.2,13.0,https://www.screener.in/company/KCP/consolidated/,2026-08-01T22:43:49.792457+00:00
KCPSUGIND.NS,1738,consolidated,2026-03-31,17.8511,8.3,19.0405,9.1,20.9218,10.5,-4.0,-13.0,2.0,0.0,5.0,-2.0,-42.407017396017366,-13.723117725517683,-0.6875541707370258,0.2788671023965142,2.45,0.3,https://www.screener.in/company/KCPSUGIND/consolidated/,2026-08-01T22:43:49.792457+00:00
KDDL.NS,1739,consolidated,2026-03-31,36.3535,35.9,35.246,34.6,38.4814,34.25,24.0,74.0,32.0,19.0,54.0,29.0,18.773515400522523,74.31990800113975,30.95279795087749,0.4740740740740741,8.94,14.0,https://www.screener.in/company/KDDL/consolidated/,2026-08-01T22:43:49.792457+00:00
KEC.NS,1741,consolidated,2026-03-31,51.4452,50.8,46.3828,40.1,31.9895,22.7,11.0,4.0,16.0,55.0,2.0,13.0,49.19820900291472,1.1366555971116687,14.744362024196224,0.8731937002760188,11.4,8.0,https://www.screener.in/company/KEC/consolidated/,2026-08-01T22:43:49.792457+00:00
KEI.NS,1744,consolidated,2026-03-31,53.6376,52.5,44.9222,46.5,33.0015,30.2,19.0,27.0,31.0,24.0,47.0,46.0,21.981873379610704,25.93402266066533,28.05905043500421,0.0379594898724681,14.8,10.0,https://www.screener.in/company/KEI/consolidated/,2026-08-01T22:43:49.792457+00:00
KELLTONTEC.NS,3701,consolidated,2026-03-31,15.579,15.4,13.0517,12.2,10.0525,9.4,10.0,5.0,11.0,9.0,5.0,-1.0,,3.051269507716325,12.926489361423243,0.2366790582403965,13.6,11.0,https://www.screener.in/company/KELLTONTEC/consolidated/,2026-08-01T22:43:49.792457+00:00
KENNAMET.NS,1750,consolidated,2022-06-30,48.2803,45.9,46.6437,44.9,45.319,44.3,2.0,,,8.0,17.0,15.0,8.075020046354098,,,0.0,18.4,18.0,https://www.screener.in/company/KENNAMET/consolidated/,2026-08-01T22:43:49.792457+00:00
KERNEX.NS,1752,consolidated,2026-03-31,68.0466,38.0,79.8943,39.25,52.2295,35.15,374.0,116.0,22.0,86.0,100.0,52.0,,100.5677550328798,,0.6532258064516129,43.5,35.0,https://www.screener.in/company/KERNEX/consolidated/,2026-08-01T22:43:49.792457+00:00
KEYFINSERV.NS,1759,consolidated,2026-03-31,10.7051,8.6,9.9312,8.2,8.9112,7.3,19.0,-9.0,4.0,84.0,27.0,21.0,,-5.724872649053969,6.435698595061012,0.0286366466071799,4.88,30.77,https://www.screener.in/company/KEYFINSERV/consolidated/,2026-08-01T22:43:49.792457+00:00
KFINTECH.NS,1275381,consolidated,2026-03-31,53.8261,53.4,50.3628,50.95,50.3628,50.95,22.0,48.0,,19.0,,,19.853850693503404,,,0.0328554360812425,21.6,39.0,https://www.screener.in/company/KFINTECH/consolidated/,2026-08-01T22:43:49.792457+00:00
KHANDSE.NS,1767,consolidated,2026-03-31,110.973,71.5,110.973,71.5,110.973,71.5,7.0,4.0,-15.0,,-1.0,1.0,,,,0.1038211968276856,-4.49,-28.26,https://www.screener.in/company/KHANDSE/consolidated/,2026-08-01T22:43:49.792457+00:00
KICL.NS,1697,consolidated,2026-03-31,35.5713,34.2,27.4019,24.7,23.3398,18.25,12.0,1.0,-3.0,-14.0,21.0,18.0,-14.134775990505675,1.2288881440540855,0.0083143790040596,0.0,0.37,63.0,https://www.screener.in/company/KICL/consolidated/,2026-08-01T22:43:49.792457+00:00
KIMS.NS,1274885,consolidated,2026-03-31,70.6611,70.9,58.0739,49.6,57.8259,49.05,21.0,4.0,25.0,-9.0,26.0,,-10.49641339833448,3.0457277761090085,23.012819267926865,1.892745883400089,11.3,21.0,https://www.screener.in/company/KIMS/consolidated/,2026-08-01T22:43:49.792457+00:00
KIRANVYPAR.NS,825238,consolidated,2026-03-31,11.7892,8.6,8.8927,7.4,9.3657,7.3,17.0,-59.0,-29.0,-70.0,4.0,6.0,-70.37450551361466,-59.89898403500633,-30.18512834395484,,0.05,,https://www.screener.in/company/KIRANVYPAR/consolidated/,2026-08-01T22:43:49.792457+00:00
KIRIINDUS.NS,1786,consolidated,2026-03-31,14.6832,12.4,10.8073,7.9,8.2795,5.8,-4.0,,,,-6.0,2.0,255.8646370363385,65.32250864745947,28.818235467122037,0.0065257924176507,-2.05,-26.0,https://www.screener.in/company/KIRIINDUS/consolidated/,2026-08-01T22:43:49.792457+00:00
KIRLFER.NS,1790,consolidated,2026-03-31,25.2981,24.9,21.8641,20.65,21.8641,20.65,2.0,,,7.0,10.0,19.0,-0.7577665768622732,,,0.2682547902641118,14.5,12.0,https://www.screener.in/company/KIRLFER/consolidated/,2026-08-01T22:43:49.792457+00:00
KIRLOSBROS.NS,1788,consolidated,2026-03-31,34.3363,33.9,28.8467,28.2,29.85,26.45,7.0,20.0,34.0,19.0,35.0,29.0,16.71810311854427,18.31927943626692,,0.1014610389610389,17.3,12.0,https://www.screener.in/company/KIRLOSBROS/consolidated/,2026-08-01T22:43:49.792457+00:00
KIRLOSENG.NS,1792,consolidated,2026-03-31,32.2127,31.5,25.1211,22.1,24.8031,22.95,15.0,25.0,16.0,22.0,55.0,23.0,19.833538067049904,23.994787170763377,13.195223294675106,1.4845303867403314,17.5,18.0,https://www.screener.in/company/KIRLOSENG/consolidated/,2026-08-01T22:43:49.792457+00:00
KIRLOSIND.NS,1791,consolidated,2026-03-31,21.9815,21.4,16.7893,17.5,14.8157,15.0,2.0,8.0,13.0,3.0,18.0,18.0,-0.5481814929644169,5.115661311857322,11.264211056148833,0.17808,3.77,13.0,https://www.screener.in/company/KIRLOSIND/consolidated/,2026-08-01T22:43:49.792457+00:00
KIRLPNU.NS,1270979,consolidated,2026-03-31,141.5433,120.9,122.3693,106.5,78.204,39.95,,,23.0,,29.0,24.0,141.77284702025256,39.06937865674076,,0.0024019215372297,22.6,19.0,https://www.screener.in/company/KIRLPNU/consolidated/,2026-08-01T22:43:49.792457+00:00
KISSHT.NS,1285971,consolidated,2026-03-31,9.9847,11.7,9.9847,11.7,9.9847,11.7,30.0,47.0,,117.0,,,-25.230967259931404,,,1.4355919583023082,24.0,30.0,https://www.screener.in/company/KISSHT/consolidated/,2026-08-01T22:43:49.792457+00:00
KITEX.NS,1795,consolidated,2026-03-31,44.0713,40.8,32.1257,27.3,22.8316,17.9,6.0,-29.0,-21.0,-44.0,21.0,3.0,-52.948198555948565,-35.65564228114003,-25.23887008793807,1.1640776699029127,0.97,4.3,https://www.screener.in/company/KITEX/consolidated/,2026-08-01T22:43:49.792457+00:00
KKCL.NS,1757,consolidated,2026-03-31,25.149,23.7,25.3697,24.7,26.0908,25.2,16.0,48.0,8.0,8.0,22.0,3.0,6.048343240607945,48.30567883936774,7.639542335725258,0.1363152289669861,16.1,20.0,https://www.screener.in/company/KKCL/consolidated/,2026-08-01T22:43:49.792457+00:00
KLBRENG-B.NS,1775,consolidated,2026-03-31,32.2868,33.35,32.2868,33.35,32.2868,33.35,,,,,59.0,24.0,,,,0.1376146788990825,17.1,23.0,https://www.screener.in/company/KLBRENG-B/consolidated/,2026-08-01T22:43:49.792457+00:00
KMEW.NS,1274846,consolidated,2026-03-31,51.4062,51.4,39.2192,34.25,36.616,33.3,8.0,64.0,,18.0,150.0,,13.603035136234045,58.92549860172911,,0.3894736842105263,20.0,38.0,https://www.screener.in/company/KMEW/consolidated/,2026-08-01T22:43:49.792457+00:00
KMSUGAR.NS,1803,consolidated,2026-03-31,9.335,8.2,9.0625,8.1,8.1056,6.9,5.0,14.0,16.0,30.0,-1.0,7.0,32.10680740816172,15.309809452886803,16.422585854739282,0.639386189258312,13.8,13.0,https://www.screener.in/company/KMSUGAR/consolidated/,2026-08-01T22:43:49.792457+00:00
KNACK.NS,1286036,consolidated,2026-03-31,20.8278,20.75,20.8278,20.75,20.8278,20.75,17.0,,,61.0,,,-40.65792443896886,,,,43.6,18.0,https://www.screener.in/company/KNACK/consolidated/,2026-08-01T22:43:49.792457+00:00
KNAGRI.NS,1275183,consolidated,2026-03-31,14.8439,14.6,13.1982,12.9,13.1982,12.9,-7.0,4.0,,5.0,,,5.369775015976352,-2.0185665596139324,,0.0883116883116883,8.61,2.8,https://www.screener.in/company/KNAGRI/consolidated/,2026-08-01T22:43:49.792457+00:00
KNRCON.NS,1806,consolidated,2026-03-31,9.5064,8.1,13.5096,14.3,16.7144,16.05,-13.0,5.0,15.0,2.0,-15.0,7.0,-1.5588579672686895,1.4090059927290843,14.563905895790596,0.4915526950925181,9.19,26.0,https://www.screener.in/company/KNRCON/consolidated/,2026-08-01T22:43:49.792457+00:00
KOHINOOR.NS,1810,consolidated,2026-03-31,51.8583,48.0,51.8583,48.0,51.8583,48.0,21.0,,,11.0,,-10.0,,27.179240922401448,,,,-4.5,https://www.screener.in/company/KOHINOOR/consolidated/,2026-08-01T22:43:49.792457+00:00
KOKUYOCMLN.NS,1812,consolidated,2019-03-31,82.5306,82.0,69.1923,64.1,82.1059,63.5,4.0,32.0,,43.0,3.0,1.0,42.98157656398376,,,0.6947791164658634,6.22,7.0,https://www.screener.in/company/KOKUYOCMLN/consolidated/,2026-08-01T22:43:49.792457+00:00
KOLTEPATIL.NS,1813,consolidated,2026-03-31,55.7735,41.4,55.4431,38.1,35.7564,24.9,-21.0,,,,8.0,12.0,,,,0.980115990057995,-4.36,-8.0,https://www.screener.in/company/KOLTEPATIL/consolidated/,2026-08-01T22:43:49.792457+00:00
KOTAKBANK.NS,1818,consolidated,2026-03-31,20.4643,20.3,24.4073,22.1,31.0167,32.6,18.0,14.0,19.0,9.0,3.0,10.0,8.861156260300596,13.97863599850313,17.794129176895712,,11.4,,https://www.screener.in/company/KOTAKBANK/consolidated/,2026-08-01T22:43:49.792457+00:00
KOTARISUG.NS,1822,consolidated,2018-03-31,47.0554,46.3,45.1889,43.1,32.7979,36.1,-6.0,2.0,-1.0,64.0,-8.0,4.0,,-19.72584382397693,-14.555831797652042,0.8571428571428571,5.27,10.0,https://www.screener.in/company/KOTARISUG/consolidated/,2026-08-01T22:43:49.792457+00:00
KOTHARIPET.NS,1820,consolidated,2016-03-31,93.9815,88.7,74.592,76.5,44.1427,29.0,-4.0,,,27.0,18.0,21.0,22.097939788043156,,,0.2647058823529412,14.2,7.0,https://www.screener.in/company/KOTHARIPET/consolidated/,2026-08-01T22:43:49.792457+00:00
KOTHARIPRO.NS,1821,consolidated,2026-03-31,19.5848,19.4,22.9354,19.8,14.5458,8.8,-10.0,17.0,-11.0,38.0,4.0,-2.0,85.57459139828731,,-6.788498573695456,0.0854922279792746,1.9,-4.7,https://www.screener.in/company/KOTHARIPRO/consolidated/,2026-08-01T22:43:49.792457+00:00
KOTIC.NS,1268109,consolidated,2026-03-31,2.6423,1.65,2.6423,1.65,2.6423,1.65,165.0,,,,,,,,,0.2510822510822511,-35.0,-34.0,https://www.screener.in/company/KOTIC/consolidated/,2026-08-01T22:43:49.792457+00:00
KOVAI.NS,1825,consolidated,2018-03-31,93.7561,101.8,69.4778,64.1,44.5036,29.35,14.0,23.0,30.0,15.0,29.0,24.0,14.597716749920163,23.199776599040558,29.979038196061893,0.698961937716263,22.2,22.0,https://www.screener.in/company/KOVAI/consolidated/,2026-08-01T22:43:49.792457+00:00
KPEL.NS,1273264,consolidated,2026-03-31,31.2325,27.3,24.9916,19.3,32.2485,18.2,51.0,97.0,43.0,62.0,84.0,50.0,59.77869607103708,96.76516942058764,42.452078671829966,0.8435114503816794,43.4,21.0,https://www.screener.in/company/KPEL/consolidated/,2026-08-01T22:43:49.792457+00:00
KPIGREEN.NS,1274614,consolidated,2026-03-31,35.3178,29.2,29.3034,25.1,27.2938,22.8,61.0,85.0,,63.0,87.0,,52.97923158317768,78.01012726581536,,1.7129202373104813,17.4,36.0,https://www.screener.in/company/KPIGREEN/consolidated/,2026-08-01T22:43:49.792457+00:00
KPIL.NS,1692,consolidated,2026-03-31,30.9389,29.7,24.7935,23.4,24.4772,22.9,18.0,13.0,24.0,36.0,22.0,18.0,30.935024242312718,6.209954074486634,23.85393627107284,0.4556327160493827,13.7,9.0,https://www.screener.in/company/KPIL/consolidated/,2026-08-01T22:43:49.792457+00:00
KPITTECH.NS,1274654,consolidated,2026-03-31,54.6809,49.6,57.3368,57.9,47.2497,48.3,24.0,37.0,,21.0,14.0,,18.705102034038458,34.2576835313221,,0.2366563117763343,21.0,18.0,https://www.screener.in/company/KPITTECH/consolidated/,2026-08-01T22:43:49.792457+00:00
KPL.NS,1273436,consolidated,2026-03-31,22.6694,22.4,17.6153,18.1,16.2509,14.7,26.0,35.0,44.0,29.0,59.0,61.0,51.49178996315711,34.769541442248794,45.27737736323252,0.3927492447129909,22.8,24.0,https://www.screener.in/company/KPL/consolidated/,2026-08-01T22:43:49.792457+00:00
KPRMILL.NS,1827,consolidated,2026-03-31,38.7185,37.8,32.9387,33.9,24.2533,20.6,2.0,10.0,15.0,2.0,22.0,25.0,2.096785553343916,11.10951008523542,16.32059515162778,0.1046164648060382,15.7,19.0,https://www.screener.in/company/KPRMILL/consolidated/,2026-08-01T22:43:49.792457+00:00
KRBL.NS,1828,consolidated,2026-03-31,13.9096,13.5,13.4349,12.9,15.3544,13.5,4.0,3.0,8.0,-3.0,5.0,3.0,-1.6732407901163815,3.583798035502417,8.561804074057422,0.0292750129154468,11.7,15.0,https://www.screener.in/company/KRBL/consolidated/,2026-08-01T22:43:49.792457+00:00
KRISHIVAL.NS,1275193,consolidated,2026-03-31,66.7183,66.7,95.9023,80.1,95.9023,80.1,61.0,100.0,,48.0,,,42.1086091936095,83.75400159833393,,0.1875,13.1,9.0,https://www.screener.in/company/KRISHIVAL/consolidated/,2026-08-01T22:43:49.792457+00:00
KRISHNADEF.NS,1275194,consolidated,2026-03-31,63.6664,56.6,62.2358,55.6,62.2358,55.6,57.0,,,98.0,,,81.47190128954914,,,0.0103092783505154,25.4,22.0,https://www.screener.in/company/KRISHNADEF/consolidated/,2026-08-01T22:43:49.792457+00:00
KRSNAA.NS,1274906,consolidated,2026-03-31,32.5758,33.1,30.3128,29.85,30.3128,29.85,17.0,,37.0,18.0,,,16.493188219779363,,,0.5448979591836735,10.9,27.0,https://www.screener.in/company/KRSNAA/consolidated/,2026-08-01T22:43:49.792457+00:00
KRYSTAL.NS,1284715,consolidated,2026-03-31,15.8387,14.75,15.8387,14.75,15.8387,14.75,22.0,30.0,,19.0,,,-11.61518355566058,9.551409024939051,,0.2404809619238476,13.7,7.0,https://www.screener.in/company/KRYSTAL/consolidated/,2026-08-01T22:43:49.792457+00:00
KSB.NS,1838,consolidated,2025-12-31,58.128,55.7,49.031,49.6,40.2808,37.7,14.0,25.0,16.0,17.0,30.0,21.0,13.960384306101291,23.586903168800436,14.679394671883884,0.0029779630732578,18.4,13.0,https://www.screener.in/company/KSB/consolidated/,2026-08-01T22:43:49.792457+00:00
KSCL.NS,1730,consolidated,2026-03-31,16.1255,15.8,15.0218,15.0,16.4973,15.1,9.0,1.0,6.0,11.0,0.0,8.0,5.778845536024924,2.2440019329947214,8.992305906927612,0.0,18.2,24.0,https://www.screener.in/company/KSCL/consolidated/,2026-08-01T22:43:49.792457+00:00
KSL.NS,1698,consolidated,2026-03-31,13.3516,13.6,10.3433,10.5,9.9048,9.15,,7.0,9.0,,14.0,12.0,1.837418989646622,13.551344685706267,53.37525996491186,0.2256532066508313,13.2,20.0,https://www.screener.in/company/KSL/consolidated/,2026-08-01T22:43:49.792457+00:00
KSOLVES.NS,1274762,consolidated,2026-03-31,31.9669,30.9,31.7686,28.9,31.6622,28.9,28.0,31.0,,12.0,11.0,,11.53078036236408,31.21549352896038,,0.2,137.0,31.0,https://www.screener.in/company/KSOLVES/consolidated/,2026-08-01T22:43:49.792457+00:00
KTKBANK.NS,1722,consolidated,2026-03-31,5.9548,5.7,5.513,5.4,5.3307,5.3,7.0,22.0,,4.0,36.0,10.0,-2.823663014638289,17.432246283303286,,,10.4,,https://www.screener.in/company/KTKBANK/consolidated/,2026-08-01T22:43:49.792457+00:00
KUSUMGAR.NS,1286043,consolidated,2026-03-31,60.1769,59.5,60.1769,59.5,60.1769,59.5,32.0,,,38.0,,,-82.70246740012308,,,0.5788423153692615,25.9,27.0,https://www.screener.in/company/KUSUMGAR/consolidated/,2026-08-01T22:43:49.792457+00:00
LAHOTIOV.NS,1855,consolidated,2026-03-31,10.5815,9.6,8.467,8.3,9.79,8.15,6.0,12.0,17.0,-3.0,9.0,15.0,-3.0553647468183787,11.77461918086371,17.040587495110437,0.1481481481481481,6.9,1.3,https://www.screener.in/company/LAHOTIOV/consolidated/,2026-08-01T22:43:49.792457+00:00
LALPATHLAB.NS,1273172,consolidated,2026-03-31,58.0739,55.1,62.7119,62.5,60.014,55.3,11.0,12.0,15.0,30.0,0.0,15.0,28.11037833763164,11.491527203930564,14.194512605156028,0.0793144679155041,22.3,29.0,https://www.screener.in/company/LALPATHLAB/consolidated/,2026-08-01T22:43:49.792457+00:00
LANCORHOL.NS,1867,consolidated,2026-03-31,48.9748,32.8,48.9748,32.8,34.3044,17.9,5.0,41.0,14.0,395.0,21.0,3.0,,,11.755372755188851,0.4458333333333333,18.7,0.6,https://www.screener.in/company/LANCORHOL/consolidated/,2026-08-01T22:43:49.792457+00:00
LANDMARK.NS,1275377,consolidated,2026-03-31,69.7325,60.2,62.7947,48.0,62.7947,48.0,13.0,24.0,,-24.0,,,-24.984368486416894,7.773099241124082,,1.4974358974358974,6.86,5.0,https://www.screener.in/company/LANDMARK/consolidated/,2026-08-01T22:43:49.792457+00:00
LANDSMILL.NS,980,consolidated,2026-03-31,64.4444,70.0,64.4444,70.0,33.3143,15.0,4.0,3.0,9.0,33.0,27.0,0.0,,0.0,,0.004448246364414,0.54,-50.55,https://www.screener.in/company/LANDSMILL/consolidated/,2026-08-01T22:43:49.792457+00:00
LASERPOWER.NS,1286044,consolidated,2026-03-31,30.5083,30.25,30.5083,30.25,30.5083,30.25,21.0,,,72.0,,,-66.14094584849425,,,1.199724517906336,16.8,13.0,https://www.screener.in/company/LASERPOWER/consolidated/,2026-08-01T22:43:49.792457+00:00
LATENTVIEW.NS,1275098,consolidated,2026-03-31,52.2318,53.2,46.2118,49.7,46.2118,49.7,25.0,17.0,,8.0,,,8.033070725628866,-38.90496113377749,,0.0187927107061503,11.9,22.0,https://www.screener.in/company/LATENTVIEW/consolidated/,2026-08-01T22:43:49.792457+00:00
LAURUSLABS.NS,1273603,consolidated,2026-03-31,112.486,93.2,79.082,63.0,55.0404,33.35,4.0,-2.0,21.0,4.0,23.0,,3.912207815318447,-2.1291245264413505,-0.3046737645759689,0.4750943396226415,18.3,28.0,https://www.screener.in/company/LAURUSLABS/consolidated/,2026-08-01T22:43:49.792457+00:00
LAXMICOT.NS,1273692,consolidated,2026-03-31,94.0519,59.7,77.0896,14.7,77.0896,14.7,2.0,,,19.0,-16.0,,,,,0.7049180327868853,-3.09,0.5,https://www.screener.in/company/LAXMICOT/consolidated/,2026-08-01T22:43:49.792457+00:00
LAXMIDENTL.NS,1285230,consolidated,2026-03-31,38.175,40.4,38.175,40.4,38.175,40.4,20.0,103.0,,124.0,,,,,,0.0534979423868312,14.8,16.0,https://www.screener.in/company/LAXMIDENTL/consolidated/,2026-08-01T22:43:49.792457+00:00
LCCINFOTEC.NS,1874,consolidated,2024-09-30,73.2214,70.85,73.2214,70.85,73.2214,70.85,345.0,,,17.0,18.0,28.0,,,,2.0,-1.89,-5580.0,https://www.screener.in/company/LCCINFOTEC/consolidated/,2026-08-01T22:43:49.792457+00:00
LEMERITE.NS,1275215,consolidated,2026-03-31,122.2592,104.8,90.044,40.7,90.044,40.7,-2.0,11.0,,39.0,,,35.96498365934346,-35.27980615697411,,0.6666666666666666,9.33,3.7,https://www.screener.in/company/LEMERITE/consolidated/,2026-08-01T22:43:49.792457+00:00
LEMONTREE.NS,1274323,consolidated,2026-03-31,63.6803,63.7,70.5511,65.05,112.0049,76.8,18.0,32.0,27.0,29.0,21.0,,25.556142662775883,,,1.4396551724137931,19.4,48.0,https://www.screener.in/company/LEMONTREE/consolidated/,2026-08-01T22:43:49.792457+00:00
LENSKART.NS,1285752,consolidated,2026-03-31,161.6511,163.1,161.6511,163.1,161.6511,163.1,33.0,74.0,,110.0,,,,-5.607861356340593,,0.3544289311055161,6.33,20.0,https://www.screener.in/company/LENSKART/consolidated/,2026-08-01T22:43:49.792457+00:00
LGBBROSLTD.NS,1881,consolidated,2026-03-31,15.549,15.2,13.0774,14.1,14.0653,14.25,12.0,21.0,17.0,10.0,26.0,21.0,7.591819616310702,18.64743087818126,17.32759397214716,0.107242339832869,15.5,15.0,https://www.screener.in/company/LGBBROSLTD/consolidated/,2026-08-01T22:43:49.792457+00:00
LGHL.NS,1274746,consolidated,2025-03-31,113.6614,116.5,113.6614,116.5,113.6614,116.5,,,,,101.0,,,,,1.5692307692307692,19.1,26.0,https://www.screener.in/company/LGHL/consolidated/,2026-08-01T22:43:49.792457+00:00
LIBAS.NS,1273611,consolidated,2026-03-31,12.0892,9.1,10.7908,7.9,12.459,8.8,-1.0,-5.0,,-32.0,-29.0,,-69.78443893020952,,,0.1553101503759398,2.91,2.65,https://www.screener.in/company/LIBAS/consolidated/,2026-08-01T22:43:49.792457+00:00
LIBERTSHOE.NS,1885,consolidated,2017-03-31,86.2503,80.0,72.4789,69.4,54.8695,45.45,1.0,0.0,-5.0,-21.0,8.0,3.0,-21.62733707618216,7.849870727612407,-5.694475003474331,0.8827160493827161,4.23,8.0,https://www.screener.in/company/LIBERTSHOE/consolidated/,2026-08-01T22:43:49.792457+00:00
LICHSGFIN.NS,1888,consolidated,2026-03-31,6.4924,6.2,7.5621,7.1,9.7565,7.85,8.0,15.0,13.0,25.0,5.0,0.0,24.68796259109829,13.40528665040852,11.914790028288058,,14.4,,https://www.screener.in/company/LICHSGFIN/consolidated/,2026-08-01T22:43:49.792457+00:00
LICI.NS,1275221,consolidated,2026-03-31,12.2758,11.6,12.3082,11.7,12.3082,11.7,8.0,81.0,,17.0,,,16.861308473207192,,,0.0,37.8,5.0,https://www.screener.in/company/LICI/consolidated/,2026-08-01T22:43:49.792457+00:00
LIKHITHA.NS,1274798,consolidated,2026-03-31,17.9471,17.4,17.3183,16.8,17.3183,16.8,8.0,6.0,,-13.0,1.0,,-12.990691955318034,6.252232738856622,,0.0,9.99,12.0,https://www.screener.in/company/LIKHITHA/consolidated/,2026-08-01T22:43:49.792457+00:00
LINC.NS,1892,consolidated,2026-03-31,21.6949,20.9,21.6949,20.9,21.6949,20.9,,,,,13.0,4.0,,,,0.1046511627906976,13.3,11.0,https://www.screener.in/company/LINC/consolidated/,2026-08-01T22:43:49.792457+00:00
LINCOLN.NS,1893,consolidated,2026-03-31,13.7885,13.5,12.2337,12.5,11.3182,11.2,10.0,7.0,14.0,7.0,10.0,12.0,6.4277984320035175,7.113794913571336,11.694040127814231,0.0052770448548812,12.3,15.0,https://www.screener.in/company/LINCOLN/consolidated/,2026-08-01T22:43:49.792457+00:00
LINDEINDIA.NS,523,consolidated,2026-03-31,124.1592,120.5,107.636,106.3,173.7756,121.95,-7.0,30.0,,1.0,31.0,35.0,2.6743251119967004,-5.468304096461063,,0.0185185185185185,13.6,36.0,https://www.screener.in/company/LINDEINDIA/consolidated/,2026-08-01T22:43:49.792457+00:00
LLOYDSENGG.NS,1273435,consolidated,2026-03-31,65.9508,61.8,65.9508,61.8,65.9508,61.8,,,,,98.0,53.0,,,,0.0652304009575104,16.4,15.0,https://www.screener.in/company/LLOYDSENGG/consolidated/,2026-08-01T22:43:49.792457+00:00
LLOYDSENT.NS,3003,consolidated,2026-03-31,107.8236,59.5,127.9601,47.15,158.1041,73.5,67.0,162.0,17.0,-40.0,59.0,41.0,81.0789110860435,185.5950791414727,,0.1926140477914554,0.33,7.0,https://www.screener.in/company/LLOYDSENT/consolidated/,2026-08-01T22:43:49.792457+00:00
LLOYDSME.NS,1902,consolidated,2026-03-31,34.0159,30.5,39.0561,28.9,36.4663,27.8,72.0,679.0,,60.0,102.0,66.0,,479.58288143748337,55.32765157820359,1.49347559656838,36.6,36.0,https://www.screener.in/company/LLOYDSME/consolidated/,2026-08-01T22:43:49.792457+00:00
LMW.NS,1860,consolidated,2026-03-31,103.4516,94.5,85.6226,68.7,69.8152,43.2,-12.0,16.0,-7.0,-32.0,14.0,16.0,-30.17609996727363,23.99486384325076,-4.878282278300161,0.0,4.05,6.0,https://www.screener.in/company/LMW/consolidated/,2026-08-01T22:43:49.792457+00:00
LODHA.NS,1274865,consolidated,2026-03-31,50.1949,49.7,50.3333,46.9,49.6634,45.85,21.0,58.0,17.0,56.0,22.0,,89.41686032024994,132.0573992358648,7.762930084923636,0.424976380657906,15.5,32.0,https://www.screener.in/company/LODHA/consolidated/,2026-08-01T22:43:49.792457+00:00
LOTUSDEV.NS,1285575,consolidated,2026-03-31,31.9436,32.3,31.9436,32.3,31.9436,32.3,66.0,,,124.0,,,,,,0.0685504971219257,16.7,36.0,https://www.screener.in/company/LOTUSDEV/consolidated/,2026-08-01T22:43:49.792457+00:00
LOYALTEX.NS,1917,consolidated,2026-03-31,4.5214,4.5,4.5214,4.5,4.5214,4.5,-33.0,,,,-25.0,-10.0,,,,1.0588235294117647,-19.2,-4.5,https://www.screener.in/company/LOYALTEX/consolidated/,2026-08-01T22:43:49.792457+00:00
LT.NS,1870,consolidated,2026-03-31,35.242,34.6,32.5195,32.5,27.095,27.9,16.0,3.0,15.0,17.0,19.0,15.0,16.210181098607723,7.230557129451998,14.329947633588237,1.1482935309726416,15.9,12.0,https://www.screener.in/company/LT/consolidated/,2026-08-01T22:43:49.792457+00:00
LTF.NS,1850,consolidated,2026-03-31,19.6522,18.9,20.0934,19.6,19.8919,19.7,12.0,32.0,13.0,256.0,28.0,15.0,22.021179990495355,24.80468319539102,11.602942549423778,,11.2,,https://www.screener.in/company/LTF/consolidated/,2026-08-01T22:43:49.792457+00:00
LTFOODS.NS,1919,consolidated,2026-03-31,19.3803,21.0,15.492,13.0,12.537,10.75,16.0,18.0,20.0,16.0,40.0,30.0,15.793782618766716,16.012978828917433,20.89685264946659,0.356115903561159,14.9,11.0,https://www.screener.in/company/LTFOODS/consolidated/,2026-08-01T22:43:49.792457+00:00
LTM.NS,1273442,consolidated,2026-03-31,33.1229,34.1,34.3793,33.5,28.0856,27.2,8.0,23.0,20.0,7.0,-2.0,20.0,4.33452409698154,8.844283038947909,13.138976143129044,0.096149843912591,23.1,18.0,https://www.screener.in/company/LTM/consolidated/,2026-08-01T22:43:49.792457+00:00
LTTS.NS,1273505,consolidated,2026-03-31,37.5764,37.7,40.4,37.9,32.5852,33.2,11.0,16.0,12.0,6.0,0.0,,2.8973954352388587,13.832466140365351,8.003515117443506,0.0892939904217518,21.5,18.0,https://www.screener.in/company/LTTS/consolidated/,2026-08-01T22:43:49.792457+00:00
LUMAXIND.NS,1922,consolidated,2026-03-31,23.6643,22.7,22.7142,21.9,23.6992,21.55,22.0,62.0,14.0,21.0,28.0,22.0,18.71916811170276,56.87514370386677,12.732119070800715,1.0610687022900764,22.0,10.0,https://www.screener.in/company/LUMAXIND/consolidated/,2026-08-01T22:43:49.792457+00:00
LUMAXTECH.NS,1920,consolidated,2026-03-31,32.7452,29.2,27.0908,25.3,23.1584,22.05,38.0,44.0,25.0,44.0,57.0,35.0,44.24846749770399,42.71521838761472,24.26372160954282,1.0165152766308836,26.8,14.0,https://www.screener.in/company/LUMAXTECH/consolidated/,2026-08-01T22:43:49.792457+00:00
LUPIN.NS,1924,consolidated,2026-03-31,34.0013,35.6,37.4149,35.7,39.4783,27.8,19.0,37.0,10.0,140.0,16.0,4.0,131.1094185249072,34.18920682124149,8.803800185260613,0.2947255880256593,28.7,29.0,https://www.screener.in/company/LUPIN/consolidated/,2026-08-01T22:43:49.792457+00:00
LUXIND.NS,1273134,consolidated,2026-03-31,33.1605,33.9,29.1992,28.8,29.3418,29.05,7.0,-17.0,,-9.0,-22.0,8.0,-9.922232542157904,-20.318645573173043,,0.336968375136314,6.08,6.0,https://www.screener.in/company/LUXIND/consolidated/,2026-08-01T22:43:49.792457+00:00
LXCHEM.NS,1274848,consolidated,2026-03-31,57.3936,56.8,54.5126,53.8,52.6236,53.1,1.0,-9.0,12.0,-14.0,-8.0,,-15.259818134071343,-9.912652689950695,-19.977190241911316,0.2735516372795969,4.11,8.0,https://www.screener.in/company/LXCHEM/consolidated/,2026-08-01T22:43:49.792457+00:00
M&M.NS,1973,consolidated,2026-03-31,26.5567,28.3,26.4862,24.7,25.4523,24.4,18.0,51.0,19.0,23.0,35.0,17.0,18.477007642878007,56.64229405833143,18.422022345642496,1.4708959472378271,20.3,19.0,https://www.screener.in/company/M&M/consolidated/,2026-08-01T22:43:49.792457+00:00
M&MFIN.NS,98567,consolidated,2026-03-31,18.4013,18.3,18.3336,18.1,25.8485,19.9,18.0,35.0,14.0,12.0,22.0,7.0,11.269020575327549,29.86889028035442,13.039001520727789,,12.3,,https://www.screener.in/company/M&MFIN/consolidated/,2026-08-01T22:43:49.792457+00:00
MADHAV.NS,1941,consolidated,2026-03-31,62.792,51.6,64.6481,51.9,24.4323,11.6,-13.0,24.0,,28.0,-13.0,-5.0,,,,0.0642320433061323,0.31,-7.07,https://www.screener.in/company/MADHAV/consolidated/,2026-08-01T22:43:49.792457+00:00
MADHAVIPL.NS,1273364,consolidated,2026-03-31,13.3484,12.1,12.7935,12.1,16.1438,14.8,-1.0,33.0,11.0,20.0,8.0,,-6.801295495152604,,10.37778064835604,0.6875,12.1,11.0,https://www.screener.in/company/MADHAVIPL/consolidated/,2026-08-01T22:43:49.792457+00:00
MAFATIND.NS,1950,consolidated,2026-03-31,11.8968,10.7,15.2282,10.5,17.516,11.45,41.0,26.0,21.0,65.0,33.0,7.0,33.33993418947516,,17.623239056048213,0.0830090791180285,12.1,2.4,https://www.screener.in/company/MAFATIND/consolidated/,2026-08-01T22:43:49.792457+00:00
MAGNUM.NS,1956,consolidated,2026-03-31,13.4571,13.55,13.4571,13.55,13.4571,13.55,,,,,14.0,22.0,,,,0.3889695210449927,-1.64,15.0,https://www.screener.in/company/MAGNUM/consolidated/,2026-08-01T22:43:49.792457+00:00
MAHABANK.NS,397,consolidated,2026-03-31,8.6732,8.3,9.8008,8.8,14.2831,10.4,23.0,65.0,50.0,39.0,30.0,10.0,33.074433005555015,59.99083946835968,24.61414626194836,,22.6,,https://www.screener.in/company/MAHABANK/consolidated/,2026-08-01T22:43:49.792457+00:00
MAHAPEXLTD.NS,1957,consolidated,2026-03-31,50.6444,7.0,73.2443,49.0,45.4447,10.0,-37.0,,,22.0,-7.0,29.0,,,,0.0,-1.61,-436.92,https://www.screener.in/company/MAHAPEXLTD/consolidated/,2026-08-01T22:43:49.792457+00:00
MAHASTEEL.NS,1961,consolidated,2026-03-31,82.0745,80.5,59.6705,31.1,60.6262,35.35,11.0,61.0,10.0,23.0,55.0,14.0,20.83561342086171,57.63487958639711,,0.3670886075949367,5.91,2.7,https://www.screener.in/company/MAHASTEEL/consolidated/,2026-08-01T22:43:49.792457+00:00
MAHEPC.NS,944,consolidated,2026-03-31,71.797,39.9,65.2048,40.4,43.4556,24.6,14.0,-6.0,,47.0,-6.0,-4.0,,-7.7892088518272224,,0.2432432432432432,7.93,6.0,https://www.screener.in/company/MAHEPC/consolidated/,2026-08-01T22:43:49.792457+00:00
MAHLIFE.NS,1977,consolidated,2026-03-31,113.6122,82.0,113.9857,83.45,70.4097,37.3,25.0,42.0,12.0,107.0,10.0,12.0,43.07354643441255,,12.401127495018136,0.1825199889716018,9.91,1.3,https://www.screener.in/company/MAHLIFE/consolidated/,2026-08-01T22:43:49.792457+00:00
MAHLOG.NS,1274191,consolidated,2026-03-31,686.7917,793.05,213.0509,150.6,132.6325,116.5,11.0,-40.0,-23.0,-54.0,-10.0,,-55.724787525233474,-40.36714540079467,-25.556374451778357,0.5531914893617021,0.32,6.0,https://www.screener.in/company/MAHLOG/consolidated/,2026-08-01T22:43:49.792457+00:00
MAHSEAMLES.NS,1968,consolidated,2026-03-31,10.4669,10.2,9.3452,9.7,12.1111,10.0,-6.0,29.0,40.0,-3.0,29.0,18.0,-2.84273475267004,48.205570490954,,0.0018906340895869,10.6,14.0,https://www.screener.in/company/MAHSEAMLES/consolidated/,2026-08-01T22:43:49.792457+00:00
MAITHANALL.NS,1979,consolidated,2026-03-31,6.7452,6.3,6.1215,5.5,7.5408,6.65,-9.0,15.0,19.0,-5.0,-4.0,9.0,-4.575268602555738,13.441053006374148,18.58399187933335,0.057163531114327,11.0,12.0,https://www.screener.in/company/MAITHANALL/consolidated/,2026-08-01T22:43:49.792457+00:00
MAJESAUT.NS,1980,consolidated,2026-03-31,22.0408,18.0,20.554,17.1,18.086,14.9,-11.0,2.0,13.0,81.0,23.0,16.0,189.31679427657664,35.681313972425734,23.236613800699768,0.0224550898203592,3.51,13.0,https://www.screener.in/company/MAJESAUT/consolidated/,2026-08-01T22:43:49.792457+00:00
MALLCOM.NS,1273081,consolidated,2026-03-31,20.8051,20.5,18.0586,18.0,16.0425,16.1,10.0,1.0,12.0,-7.0,9.0,20.0,-6.661361918228293,1.2235529021019875,12.34524884320376,0.3773584905660377,9.74,11.0,https://www.screener.in/company/MALLCOM/consolidated/,2026-08-01T22:43:49.792457+00:00
MAMATA.NS,1285198,consolidated,2026-03-31,23.0476,23.9,23.0476,23.9,23.0476,23.9,5.0,4.0,,-9.0,,,-56.76766355744607,-58.47965493527213,,0.0432432432432432,9.64,10.0,https://www.screener.in/company/MAMATA/consolidated/,2026-08-01T22:43:49.792457+00:00
MANAKCOAT.NS,1270786,consolidated,2026-03-31,37.8548,33.9,30.8421,29.3,32.7842,23.45,11.0,47.0,30.0,93.0,54.0,31.0,38.994749647529005,33.96404225485061,24.190351072598283,0.329512893982808,14.1,9.0,https://www.screener.in/company/MANAKCOAT/consolidated/,2026-08-01T22:43:49.792457+00:00
MANAKSIA.NS,1987,consolidated,2026-03-31,7.5771,7.3,6.5356,6.8,5.3033,5.0,-12.0,0.0,-6.0,-10.0,-5.0,1.0,-21.168896480165916,-2.589520653319366,-5.614848120554283,0.0414937759336099,8.08,5.0,https://www.screener.in/company/MANAKSIA/consolidated/,2026-08-01T22:43:49.792457+00:00
MANALIPETC.NS,1988,consolidated,2026-03-31,46.3115,49.2,30.8579,21.8,20.9013,12.2,-5.0,-20.0,4.0,12.0,-6.0,7.0,36.84636309279978,-8.363775666134499,10.4820589601365,0.1069476971116315,5.97,8.0,https://www.screener.in/company/MANALIPETC/consolidated/,2026-08-01T22:43:49.792457+00:00
MANAPPURAM.NS,1989,consolidated,2026-03-31,12.76,8.0,10.3701,7.7,10.6731,9.0,12.0,-10.0,11.0,-13.0,12.0,16.0,-15.450397972222774,-12.11473942217972,9.78226738557122,,6.97,,https://www.screener.in/company/MANAPPURAM/consolidated/,2026-08-01T22:43:49.792457+00:00
MANCREDIT.NS,3342,consolidated,2019-09-30,41.549,43.8,36.6398,32.8,39.1136,28.6,-11.0,20.0,,133.0,32.0,19.0,61.54632366366586,-5.10018314889189,,,7.68,,https://www.screener.in/company/MANCREDIT/consolidated/,2026-08-01T22:43:49.792457+00:00
MANGALAM.NS,1992,consolidated,2026-03-31,16.9368,18.25,16.9368,18.25,16.9368,18.25,,,,,-32.0,-17.0,,,,1.019417475728155,-35.2,-6.0,https://www.screener.in/company/MANGALAM/consolidated/,2026-08-01T22:43:49.792457+00:00
MANINDS.NS,1985,consolidated,2026-03-31,18.2701,17.7,13.677,14.7,10.3207,6.3,17.0,11.0,7.0,43.0,31.0,28.0,26.79676968068019,5.177234471788861,4.147141878536531,0.3009103977000479,9.23,12.0,https://www.screener.in/company/MANINDS/consolidated/,2026-08-01T22:43:49.792457+00:00
MANINFRA.NS,1986,consolidated,2026-03-31,22.2981,22.6,21.1429,20.9,28.1938,22.75,-31.0,43.0,27.0,-11.0,18.0,13.0,-10.618209605014805,42.02722036711442,26.59771093022547,0.0282311424790472,9.16,20.0,https://www.screener.in/company/MANINFRA/consolidated/,2026-08-01T22:43:49.792457+00:00
MANKIND.NS,1284353,consolidated,2026-03-31,50.6739,50.7,50.4136,50.4,50.4136,50.4,18.0,11.0,,17.0,,,13.136311862948546,7.964575298843979,,0.3872392638036809,13.1,26.0,https://www.screener.in/company/MANKIND/consolidated/,2026-08-01T22:43:49.792457+00:00
MANORAMA.NS,1274568,consolidated,2026-03-31,51.2545,45.45,51.2545,45.45,51.2545,45.45,,,,,37.0,,,,,0.5219941348973607,39.4,26.0,https://www.screener.in/company/MANORAMA/consolidated/,2026-08-01T22:43:49.792457+00:00
MANYAVAR.NS,1275168,consolidated,2024-09-30,54.249,54.5,64.0395,69.6,64.0395,69.6,34.0,18.0,,46.0,,,16.72839999509017,3.2220020012396766,,0.3032089063523248,26.7,48.0,https://www.screener.in/company/MANYAVAR/consolidated/,2026-08-01T22:43:49.792457+00:00
MAPMYINDIA.NS,1275122,consolidated,2026-03-31,70.2217,70.1,61.1801,65.3,61.1801,65.3,19.0,16.0,,2.0,,,7.0165871278715874,-30.949102017414056,,0.0077348066298342,12.0,36.0,https://www.screener.in/company/MAPMYINDIA/consolidated/,2026-08-01T22:43:49.792457+00:00
MARATHON.NS,2006,consolidated,2026-03-31,14.7433,14.3,20.4628,15.55,16.5086,13.7,-12.0,68.0,9.0,18.0,36.0,14.0,4.840988643948352,55.60032907883144,7.466446107991653,0.0435164835164835,11.8,24.0,https://www.screener.in/company/MARATHON/consolidated/,2026-08-01T22:43:49.792457+00:00
MARICO.NS,2014,consolidated,2026-03-31,54.4529,55.2,54.3839,54.5,50.7588,52.0,12.0,9.0,10.0,11.0,10.0,11.0,10.454511440137717,8.367436462101718,9.43161909732384,0.1323040380047506,42.8,17.0,https://www.screener.in/company/MARICO/consolidated/,2026-08-01T22:43:49.792457+00:00
MARINE.NS,1274579,consolidated,2026-03-31,70.2873,64.7,53.5819,53.4,46.099,39.25,26.0,36.0,20.0,52.0,41.0,,45.63555957220207,31.76174905274056,14.571138237551429,0.1805273833671399,13.2,11.0,https://www.screener.in/company/MARINE/consolidated/,2026-08-01T22:43:49.792457+00:00
MARKOLINES.NS,1274925,consolidated,2026-03-31,19.2293,18.6,19.0587,18.4,19.0587,18.4,4.0,,,18.0,,,18.31871814934973,,,0.4257425742574257,13.9,12.0,https://www.screener.in/company/MARKOLINES/consolidated/,2026-08-01T22:43:49.792457+00:00
MARKSANS.NS,2017,consolidated,2026-03-31,26.1618,24.2,20.341,21.5,26.6507,20.2,17.0,12.0,18.0,16.0,26.0,19.0,16.176386700536447,9.86558879129442,16.98844522276175,0.1134634469070459,15.2,20.0,https://www.screener.in/company/MARKSANS/consolidated/,2026-08-01T22:43:49.792457+00:00
MARSONS.NS,2019,consolidated,2026-03-31,85.2097,82.8,85.2097,82.8,65.0607,75.15,,,31.0,,63.0,23.0,,,,0.0046082949308755,27.2,17.0,https://www.screener.in/company/MARSONS/consolidated/,2026-08-01T22:43:49.792457+00:00
MARUTI.NS,2023,consolidated,2026-03-31,28.8185,28.1,37.4958,32.0,38.4897,35.2,16.0,27.0,12.0,30.0,15.0,11.0,19.760652976407567,26.29659789157905,9.88034676708709,0.0009518832356564,14.4,11.0,https://www.screener.in/company/MARUTI/consolidated/,2026-08-01T22:43:49.792457+00:00
MASFIN.NS,1274181,consolidated,2026-03-31,18.042,17.4,20.0352,19.6,23.3545,21.9,27.0,21.0,21.0,23.0,3.0,,18.19835734388429,18.381705220942514,6.1258468376615305,,13.4,,https://www.screener.in/company/MASFIN/consolidated/,2026-08-01T22:43:49.792457+00:00
MASTEK.NS,2026,consolidated,2026-03-31,21.9669,21.3,22.346,21.3,18.5111,17.8,13.0,16.0,42.0,16.0,-6.0,31.0,10.73191258203925,9.452241755147316,36.11531934506815,0.1463903743315508,15.6,16.0,https://www.screener.in/company/MASTEK/consolidated/,2026-08-01T22:43:49.792457+00:00
MASTERTR.NS,2028,consolidated,2026-03-31,12.3217,12.0,9.7257,9.3,7.7802,7.0,19.0,30.0,43.0,24.0,25.0,36.0,19.147174305199343,26.534034775031245,41.00061033681512,0.2790697674418604,17.3,41.0,https://www.screener.in/company/MASTERTR/consolidated/,2026-08-01T22:43:49.792457+00:00
MATRIMONY.NS,1274140,consolidated,2026-03-31,27.6108,27.0,30.1954,28.1,32.2352,29.4,0.0,-3.0,44.0,-7.0,-18.0,,-7.624215207047591,-1.5027053833864712,,0.2378640776699029,15.2,11.0,https://www.screener.in/company/MATRIMONY/consolidated/,2026-08-01T22:43:49.792457+00:00
MAXESTATES.NS,1284558,consolidated,2026-03-31,240.587,186.6,240.587,186.6,240.587,186.6,23.0,,,,,,,,,0.9971062422488632,-1.27,12.0,https://www.screener.in/company/MAXESTATES/consolidated/,2026-08-01T22:43:49.792457+00:00
MAXHEALTH.NS,1274774,consolidated,2026-03-31,80.1955,78.7,74.3253,71.8,89.5637,76.8,22.0,60.0,,10.0,31.0,,9.235192826729689,,,0.3236251977295989,14.7,27.0,https://www.screener.in/company/MAXHEALTH/consolidated/,2026-08-01T22:43:49.792457+00:00
MAXIND.NS,1274778,consolidated,2026-03-31,0.1,0.1,0.1,0.1,0.1,0.1,0.0,,,,20.0,,,,,0.2347188264058679,-32.8,-42.0,https://www.screener.in/company/MAXIND/consolidated/,2026-08-01T22:43:49.792457+00:00
MAYURUNIQ.NS,2040,consolidated,2026-03-31,17.9968,18.4,18.5245,19.2,19.0515,19.25,8.0,17.0,10.0,23.0,8.0,6.0,23.008217291572784,16.99789026522702,10.218320278525985,0.0070609002647837,18.4,24.0,https://www.screener.in/company/MAYURUNIQ/consolidated/,2026-08-01T22:43:49.792457+00:00
MAZDOCK.NS,1274794,consolidated,2026-03-31,39.4452,38.0,28.8322,32.1,26.0561,27.7,18.0,34.0,16.0,32.0,79.0,,32.16454205989243,38.11993937406237,-8.13644146907303,0.0458226550486929,29.2,19.0,https://www.screener.in/company/MAZDOCK/consolidated/,2026-08-01T22:43:49.792457+00:00
MBEL.NS,1285577,consolidated,2026-03-31,20.8716,20.0,20.8716,20.0,20.8716,20.0,13.0,74.0,,42.0,,,-0.5491263832538396,40.60222707815022,,0.1278538812785388,19.4,11.0,https://www.screener.in/company/MBEL/consolidated/,2026-08-01T22:43:49.792457+00:00
MCCHRLS-B.NS,1937,consolidated,2026-03-31,8.8505,8.8,14.8234,11.0,16.7386,16.65,114.0,,,,4.0,5.0,,,,,-143.0,72.0,https://www.screener.in/company/MCCHRLS-B/consolidated/,2026-08-01T22:43:49.792457+00:00
MCLOUD.NS,1236192,consolidated,2026-03-31,45.0185,44.5,37.78,34.0,32.416,26.0,18.0,130.0,,16.0,49.0,37.0,15.472099347777911,117.34434639618958,,0.4250363901018922,19.2,31.0,https://www.screener.in/company/MCLOUD/consolidated/,2026-08-01T22:43:49.792457+00:00
MCX.NS,2156,consolidated,2026-03-31,94.9143,72.3,72.3097,54.7,54.4986,42.85,65.0,49.0,31.0,108.0,53.0,29.0,107.5588903108592,42.68398585406408,27.77986806253689,0.001755617977528,56.3,71.0,https://www.screener.in/company/MCX/consolidated/,2026-08-01T22:43:49.792457+00:00
MEDANTA.NS,1275351,consolidated,2026-03-31,65.9331,63.5,64.832,62.9,64.832,62.9,18.0,81.0,13.0,20.0,,,19.402180217023336,28.931442792384576,,0.3003533568904594,15.2,21.0,https://www.screener.in/company/MEDANTA/consolidated/,2026-08-01T22:43:49.792457+00:00
MEDIASSIST.NS,1284633,consolidated,2026-03-31,43.0242,41.5,43.0242,41.5,43.0242,41.5,21.0,32.0,,11.0,,,3.064952246582675,-72.17645092407822,,0.0643623361144219,13.9,19.0,https://www.screener.in/company/MEDIASSIST/consolidated/,2026-08-01T22:43:49.792457+00:00
MEDICAMEQ.NS,2050,consolidated,2026-03-31,60.0127,56.9,61.3851,59.1,55.0701,55.2,12.0,-4.0,,-13.0,-17.0,8.0,-15.37009314745058,-6.462863510971828,,0.1739130434782608,3.95,10.0,https://www.screener.in/company/MEDICAMEQ/consolidated/,2026-08-01T22:43:49.792457+00:00
MEDPLUS.NS,1275123,consolidated,2026-03-31,96.9102,84.0,100.9519,81.1,100.9519,81.1,15.0,28.0,37.0,66.0,,,63.72123484247367,-57.9570543825215,-28.286968530516887,0.7210126582278481,11.6,8.0,https://www.screener.in/company/MEDPLUS/consolidated/,2026-08-01T22:43:49.792457+00:00
MEGASTAR.NS,1274354,consolidated,2026-03-31,49.2,45.3,41.8025,37.8,34.8835,31.6,21.0,18.0,,-3.0,59.0,,-6.535554369891772,14.730767494339236,,1.2718446601941749,9.46,7.0,https://www.screener.in/company/MEGASTAR/consolidated/,2026-08-01T22:43:49.792457+00:00
MENNPIS.NS,2062,consolidated,2026-03-31,14.5261,14.1,13.8397,13.3,13.8397,13.3,7.0,,,7.0,11.0,16.0,3.104925564579464,,,0.0280898876404494,15.4,15.0,https://www.screener.in/company/MENNPIS/consolidated/,2026-08-01T22:43:49.792457+00:00
MERCANTILE.NS,1270580,consolidated,2026-03-31,57.6952,37.2,39.9743,21.65,45.6918,22.5,26.0,-9.0,4.0,-23.0,6.0,5.0,-24.136225197806915,-9.298584841505564,5.017290551533926,0.0,2.29,0.47,https://www.screener.in/company/MERCANTILE/consolidated/,2026-08-01T22:43:49.792457+00:00
METROBRAND.NS,1275121,consolidated,2026-03-31,83.8134,84.3,97.7743,82.6,97.7743,82.6,10.0,44.0,17.0,5.0,,,4.298773074032392,42.479119730106206,-12.547157737975612,0.7877571500250878,22.2,30.0,https://www.screener.in/company/METROBRAND/consolidated/,2026-08-01T22:43:49.792457+00:00
METROGLOBL.NS,64390,consolidated,2026-03-31,8.3764,7.8,8.6874,7.9,8.7132,8.6,0.0,24.0,1.0,18.0,7.0,8.0,-2.989855418716214,19.626413656601272,3.930662725613399,0.0073529411764705,3.99,8.0,https://www.screener.in/company/METROGLOBL/consolidated/,2026-08-01T22:43:49.792457+00:00
METROPOLIS.NS,1274652,consolidated,2026-03-31,67.1898,67.8,60.1854,58.6,59.8236,58.3,13.0,1.0,11.0,11.0,-5.0,,9.522825087232146,0.4868563927205471,-7.547783459228285,0.1533377395902181,13.6,25.0,https://www.screener.in/company/METROPOLIS/consolidated/,2026-08-01T22:43:49.792457+00:00
MFML.NS,1284949,consolidated,2026-03-31,17.9816,12.95,17.9816,12.95,17.9816,12.95,-3.0,,,65.0,,,,,,0.7857142857142857,5.37,7.0,https://www.screener.in/company/MFML/consolidated/,2026-08-01T22:43:49.792457+00:00
MFSL.NS,2035,consolidated,2026-03-31,156.7516,110.8,132.8138,105.2,93.2331,70.3,15.0,-28.0,-11.0,-40.0,6.0,11.0,-39.49379952291623,-27.73489477322898,-12.717811035648127,0.3519500189322226,1.52,0.4,https://www.screener.in/company/MFSL/consolidated/,2026-08-01T22:43:49.792457+00:00
MGL.NS,1273407,consolidated,2026-03-31,12.0325,12.0,12.1142,12.2,12.1142,12.2,9.0,,,2.0,-1.0,8.0,2.109876479376238,,,0.0346919726197884,13.7,15.0,https://www.screener.in/company/MGL/consolidated/,2026-08-01T22:43:49.792457+00:00
MHLXMIRU.NS,1959,consolidated,2023-09-30,22.7038,23.9,20.0839,20.6,15.9779,15.8,14.0,16.0,,17.0,26.0,21.0,32.011669359420104,19.18374144818817,,0.5652173913043478,8.49,7.0,https://www.screener.in/company/MHLXMIRU/consolidated/,2026-08-01T22:43:49.792457+00:00
MHRIL.NS,1976,consolidated,2026-03-31,70.7573,65.3,74.8476,65.9,56.8315,49.9,6.0,42.0,-2.0,-14.0,1.0,2.0,-15.591249540934228,,-2.297231214415452,4.92159383033419,9.9,20.0,https://www.screener.in/company/MHRIL/consolidated/,2026-08-01T22:43:49.792457+00:00
MIDHANI.NS,1274316,consolidated,2026-03-31,66.1013,62.2,48.4617,51.3,43.9223,37.15,12.0,-5.0,,-6.0,16.0,,-5.581516553145116,-4.5919918126509085,,0.2656657963446475,8.92,20.0,https://www.screener.in/company/MIDHANI/consolidated/,2026-08-01T22:43:49.792457+00:00
MIDWESTLTD.NS,1285740,consolidated,2026-03-31,43.6305,43.15,43.6305,43.15,43.6305,43.15,9.0,13.0,,25.0,,,-84.14680816505484,-67.2038424682728,,0.1995841995841996,13.3,27.0,https://www.screener.in/company/MIDWESTLTD/consolidated/,2026-08-01T22:43:49.792457+00:00
MINDACORP.NS,2089,consolidated,2026-03-31,45.5229,48.1,39.7494,41.4,31.6538,29.3,13.0,31.0,14.0,8.0,38.0,20.0,8.190409261428178,46.806131850940005,11.399778966311036,0.559302766199318,14.7,12.0,https://www.screener.in/company/MINDACORP/consolidated/,2026-08-01T22:43:49.792457+00:00
MINDTECK.NS,2091,consolidated,2026-03-31,24.1866,23.2,22.6552,21.5,24.2919,22.8,7.0,26.0,3.0,18.0,14.0,10.0,14.490780262508874,23.804218579409664,1.823426596592692,0.0131578947368421,12.1,9.0,https://www.screener.in/company/MINDTECK/consolidated/,2026-08-01T22:43:49.792457+00:00
MIRZAINT.NS,2098,consolidated,2026-03-31,27.7541,28.8,18.8637,7.7,13.5147,3.7,-7.0,,,,32.0,11.0,,,,0.0266429840142095,-3.58,3.4,https://www.screener.in/company/MIRZAINT/consolidated/,2026-08-01T22:43:49.792457+00:00
MITTAL.NS,1274313,consolidated,2026-03-31,20.304,19.4,20.304,19.4,20.304,19.4,,,,,-17.0,,,,,0.2949774529622142,3.76,7.83,https://www.screener.in/company/MITTAL/consolidated/,2026-08-01T22:43:49.792457+00:00
MMFL.NS,1932,consolidated,2026-03-31,18.4618,17.5,19.5264,19.1,19.9065,19.1,3.0,17.0,,-8.0,8.0,17.0,-8.27952164695186,16.462605886193682,25.49309884447799,1.2666666666666666,10.5,18.0,https://www.screener.in/company/MMFL/consolidated/,2026-08-01T22:43:49.792457+00:00
MMP.NS,1274325,consolidated,2026-03-31,20.2076,19.6,18.746,18.0,16.5028,15.9,15.0,17.0,16.0,22.0,9.0,,13.322957717826366,12.189389666619444,5.482463537163951,0.5346820809248555,11.5,8.0,https://www.screener.in/company/MMP/consolidated/,2026-08-01T22:43:49.792457+00:00
MMTC.NS,2099,consolidated,2026-03-31,83.7357,81.7,74.4691,71.7,80.7172,78.4,-93.0,3.0,10.0,-31.0,5.0,8.0,-37.20611851211261,,,0.0,5.23,-13025.0,https://www.screener.in/company/MMTC/consolidated/,2026-08-01T22:43:49.792457+00:00
MOBIKWIK.NS,1285186,consolidated,2026-03-31,1021.4667,1072.0,1021.4667,1072.0,1021.4667,1072.0,28.0,10.0,,13.0,,,,,,0.5120593692022264,-8.26,-3.6,https://www.screener.in/company/MOBIKWIK/consolidated/,2026-08-01T22:43:49.792457+00:00
MODIRUBBER.NS,2107,consolidated,2026-03-31,16.3694,16.6,14.0672,13.15,15.2689,13.5,86.0,-37.0,-27.0,-71.0,11.0,9.0,-71.34478376833637,-32.46011389805636,-27.409575284966703,0.0336481525343439,0.09,-75.8,https://www.screener.in/company/MODIRUBBER/consolidated/,2026-08-01T22:43:49.792457+00:00
MODIS.NS,1275242,consolidated,2026-03-31,83.7854,50.9,79.6836,50.6,79.6836,50.6,65.0,138.0,,72.0,,,63.60827294485241,,,0.0382165605095541,20.5,19.0,https://www.screener.in/company/MODIS/consolidated/,2026-08-01T22:43:49.792457+00:00
MOHITIND.NS,2110,consolidated,2026-03-31,45.1919,13.55,40.3753,26.05,37.4251,25.6,-6.0,,,14.0,8.0,-6.0,,,,0.6086956521739131,-0.56,1.7,https://www.screener.in/company/MOHITIND/consolidated/,2026-08-01T22:43:49.792457+00:00
MOIL.NS,2112,consolidated,2020-09-30,76.9191,74.4,61.2015,64.2,40.727,35.6,2.0,-11.0,,-8.0,8.0,9.0,-3.222301032455788,-3.851911138518904,,0.0,8.31,14.0,https://www.screener.in/company/MOIL/consolidated/,2026-08-01T22:43:49.792457+00:00
MOL.NS,1274917,consolidated,2026-03-31,51.2284,39.4,25.3126,9.8,25.3126,9.8,-5.0,-31.0,,-50.0,,,-50.55880670275439,-87.51802703890372,,0.4702072538860103,1.88,10.0,https://www.screener.in/company/MOL/consolidated/,2026-08-01T22:43:49.792457+00:00
MOLDTECH.NS,2114,consolidated,2026-03-31,32.4833,25.25,28.2302,22.95,23.054,20.5,7.0,0.0,8.0,-30.0,11.0,10.0,-30.352944067633693,-0.3952692922012168,4.896459756087412,0.0390625,8.21,6.0,https://www.screener.in/company/MOLDTECH/consolidated/,2026-08-01T22:43:49.792457+00:00
MOLDTKPAC.NS,2113,consolidated,2022-03-31,35.3739,35.7,36.9107,36.4,31.7703,31.5,16.0,21.0,,26.0,5.0,13.0,21.632098806069667,18.90552681650761,,0.0962800875273523,17.8,19.0,https://www.screener.in/company/MOLDTKPAC/consolidated/,2026-08-01T22:43:49.792457+00:00
MONARCH.NS,2243,consolidated,2026-03-31,17.7064,16.8,16.7352,16.1,15.1206,14.7,32.0,46.0,81.0,62.0,38.0,39.0,53.26188647871062,42.28464406947896,76.03483758170253,0.0381050463439752,20.5,69.0,https://www.screener.in/company/MONARCH/consolidated/,2026-08-01T22:43:49.792457+00:00
MONTECARLO.NS,1176414,consolidated,2026-03-31,17.0006,15.2,15.7101,13.7,15.7101,13.7,5.0,11.0,,-5.0,7.0,1.0,-5.437347882046051,11.066592440770972,,0.6401766004415012,12.9,18.0,https://www.screener.in/company/MONTECARLO/consolidated/,2026-08-01T22:43:49.792457+00:00
MOREPENLAB.NS,516,consolidated,2026-03-31,32.0102,30.8,28.6893,28.9,33.2243,30.1,8.0,-5.0,16.0,24.0,-2.0,9.0,31.545956641222595,-4.342622473514279,19.974460914668988,0.1668003207698476,6.2,7.0,https://www.screener.in/company/MOREPENLAB/consolidated/,2026-08-01T22:43:49.792457+00:00
MOSCHIP.NS,2130,consolidated,2026-03-31,202.772,159.1,221.122,176.6,235.5907,179.6,43.0,45.0,18.0,87.0,35.0,26.0,70.06824156374283,,,0.2151589242053789,11.0,9.0,https://www.screener.in/company/MOSCHIP/consolidated/,2026-08-01T22:43:49.792457+00:00
MOTHERSON.NS,2132,consolidated,2026-03-31,37.2987,37.5,42.5985,39.1,37.898,33.0,17.0,32.0,13.0,40.0,12.0,10.0,35.53597476858981,20.178186427889575,6.608633745672332,0.4678005807852802,11.2,10.0,https://www.screener.in/company/MOTHERSON/consolidated/,2026-08-01T22:43:49.792457+00:00
MOTILALOFS.NS,2133,consolidated,2026-03-31,17.5405,16.2,14.2284,11.8,21.7903,19.6,31.0,7.0,27.0,26.0,31.0,22.0,25.429273786894942,7.6447880997368545,26.45747333524724,1.6492085661080074,15.5,41.0,https://www.screener.in/company/MOTILALOFS/consolidated/,2026-08-01T22:43:49.792457+00:00
MPHASIS.NS,2138,consolidated,2026-03-31,29.3446,29.4,30.5471,29.4,24.7234,24.0,5.0,9.0,11.0,5.0,-3.0,16.0,3.934139710981688,8.451621767302964,12.503228004780787,0.2438570364854802,18.5,19.0,https://www.screener.in/company/MPHASIS/consolidated/,2026-08-01T22:43:49.792457+00:00
MPSLTD.NS,2140,consolidated,2026-03-31,25.3669,24.5,21.6881,20.5,17.8592,16.3,15.0,24.0,10.0,15.0,30.0,15.0,16.628411243107323,25.56581374757261,10.219375522078522,0.1023489932885906,31.2,33.0,https://www.screener.in/company/MPSLTD/consolidated/,2026-08-01T22:43:49.792457+00:00
MRF.NS,2141,consolidated,2026-03-31,29.5599,28.2,36.3149,31.6,28.2598,25.3,11.0,14.0,0.0,52.0,10.0,14.0,46.66970886870598,13.69444789064136,10.323187489266616,0.1529035949270525,12.5,16.0,https://www.screener.in/company/MRF/consolidated/,2026-08-01T22:43:49.792457+00:00
MRPL.NS,1996,consolidated,2026-03-31,16.7782,14.7,14.4104,11.9,13.9173,10.0,-7.0,36.0,9.0,-10.0,31.0,8.0,-10.175135842498296,,8.855517859999118,1.0805804043107698,14.5,7.0,https://www.screener.in/company/MRPL/consolidated/,2026-08-01T22:43:49.792457+00:00
MSPL.NS,2143,consolidated,2026-03-31,74.7479,71.2,63.1215,59.1,64.6469,59.65,4.0,94.0,11.0,67.0,22.0,11.0,,35.78180562350257,,0.3116504854368932,13.7,6.0,https://www.screener.in/company/MSPL/consolidated/,2026-08-01T22:43:49.792457+00:00
MSTCLTD.NS,1274642,consolidated,2026-03-31,20.621,19.0,16.8625,15.4,16.8495,14.8,-20.0,14.0,11.0,-3.0,16.0,,-3.3502471466270944,14.09361684229278,,0.1603982300884955,26.6,59.0,https://www.screener.in/company/MSTCLTD/consolidated/,2026-08-01T22:43:49.792457+00:00
MUFIN.NS,1274696,consolidated,2026-03-31,89.2281,90.3,89.2281,90.3,89.2281,90.3,,,,,80.0,,,,,,6.69,,https://www.screener.in/company/MUFIN/consolidated/,2026-08-01T22:43:49.792457+00:00
MUFTI.NS,1284607,consolidated,2025-03-31,11.6816,10.95,11.6816,10.95,11.6816,10.95,22.0,,,24.0,,,-54.61123829539417,,,0.5780487804878048,18.4,29.0,https://www.screener.in/company/MUFTI/consolidated/,2026-08-01T22:43:49.792457+00:00
MUKANDLTD.NS,2149,consolidated,2026-03-31,19.8244,21.6,18.6984,18.5,18.6984,18.5,-4.0,16.0,22.0,30.0,-1.0,11.0,52.06622714817999,,,1.11424819435325,5.57,3.5,https://www.screener.in/company/MUKANDLTD/consolidated/,2026-08-01T22:43:49.792457+00:00
MUKKA.NS,1284695,consolidated,2026-03-31,16.5992,16.15,16.5992,16.15,16.5992,16.15,7.0,53.0,,6.0,,,-4.535972906399599,,,1.561122244488978,11.1,8.0,https://www.screener.in/company/MUKKA/consolidated/,2026-08-01T22:43:49.792457+00:00
MUNJALAU.NS,2160,consolidated,2026-03-31,23.0236,23.1,20.4042,17.9,20.0355,17.6,5.0,11.0,,11.0,8.0,9.0,-10.514143903275752,14.306720940803274,,0.9441964285714286,8.19,6.0,https://www.screener.in/company/MUNJALAU/consolidated/,2026-08-01T22:43:49.792457+00:00
MURUDCERA.NS,2166,consolidated,2026-03-31,34.9178,33.2,40.2564,39.6,40.2564,39.6,6.0,24.0,,18.0,0.0,2.0,16.012570694068717,,,0.3727034120734908,2.87,15.0,https://www.screener.in/company/MURUDCERA/consolidated/,2026-08-01T22:43:49.792457+00:00
MUTHOOTFIN.NS,2168,consolidated,2026-03-31,16.5701,16.5,14.9989,14.9,14.6347,14.1,38.0,23.0,29.0,43.0,15.0,24.0,43.12124748748691,22.70507224110552,29.1640137896696,,30.9,,https://www.screener.in/company/MUTHOOTFIN/consolidated/,2026-08-01T22:43:49.792457+00:00
MWL.NS,1275243,consolidated,2026-03-31,18.1506,18.8,19.2671,19.15,19.2671,19.15,23.0,79.0,,54.0,,,34.151712669241704,-54.84260934042416,,0.7866666666666666,18.0,8.0,https://www.screener.in/company/MWL/consolidated/,2026-08-01T22:43:49.792457+00:00
NACLIND.NS,2181,consolidated,2026-03-31,78.5296,95.9,35.0282,24.3,37.4129,35.2,-9.0,-24.0,3.0,-48.0,21.0,26.0,-63.491326140578906,-38.31829137416396,-9.455177106412036,0.4568081991215227,2.37,7.0,https://www.screener.in/company/NACLIND/consolidated/,2026-08-01T22:43:49.792457+00:00
NAHARCAP.NS,2187,consolidated,2026-03-31,15.6866,10.8,10.7897,6.8,11.9556,6.8,-6.0,1.0,5.0,-16.0,-9.0,12.0,-16.054166824197114,0.6987626781934431,4.676427723688126,0.0062227753578095,3.98,53.0,https://www.screener.in/company/NAHARCAP/consolidated/,2026-08-01T22:43:49.792457+00:00
NAHARINDUS.NS,2188,consolidated,2026-03-31,28.0452,23.0,18.6962,10.75,15.1341,10.4,-7.0,48.0,3.0,-4.0,-4.0,2.0,-13.365149340694373,,1.8296564632029444,0.6538830297219559,5.11,4.3,https://www.screener.in/company/NAHARINDUS/consolidated/,2026-08-01T22:43:49.792457+00:00
NAHARPOLY.NS,2189,consolidated,2026-03-31,22.7,16.0,17.1183,12.2,11.7753,8.4,-1.0,5.0,18.0,22.0,-2.0,18.0,22.197949612574558,4.717923967195414,18.049286986856597,0.091118800461361,9.45,15.0,https://www.screener.in/company/NAHARPOLY/consolidated/,2026-08-01T22:43:49.792457+00:00
NAM-INDIA.NS,1274188,consolidated,2026-03-31,35.4064,35.9,31.7609,32.0,29.811,31.4,25.0,18.0,14.0,28.0,23.0,,27.33426078540111,16.772288646694,-23.388174290800023,0.0160978750804893,34.5,67.0,https://www.screener.in/company/NAM-INDIA/consolidated/,2026-08-01T22:43:49.792457+00:00
NATCAPSUQ.NS,2214,consolidated,2026-03-31,55.2178,31.8,45.733,31.1,41.5087,28.1,3.0,,,,1.0,6.0,,,,0.9257142857142856,-9.45,-0.5,https://www.screener.in/company/NATCAPSUQ/consolidated/,2026-08-01T22:43:49.792457+00:00
NATCOPHARM.NS,2200,consolidated,2026-03-31,12.5197,12.5,23.7559,15.7,26.5228,22.0,15.0,28.0,25.0,26.0,-2.0,4.0,26.4407073168639,26.780884402465645,24.26586991103881,0.0774319488124932,16.9,35.0,https://www.screener.in/company/NATCOPHARM/consolidated/,2026-08-01T22:43:49.792457+00:00
NATHBIOGEN.NS,728818,consolidated,2026-03-31,9.8446,9.8,9.8678,9.8,9.8678,9.8,24.0,,,1.0,-16.0,4.0,5.934888572722774,24.44838457116587,,0.2029411764705882,5.47,10.0,https://www.screener.in/company/NATHBIOGEN/consolidated/,2026-08-01T22:43:49.792457+00:00
NATIONALUM.NS,2203,consolidated,2026-03-31,13.4904,13.1,11.0759,9.9,17.185,14.9,8.0,35.0,23.0,59.0,30.0,22.0,59.28027135083536,34.87874494047731,26.323373619797263,0.0027773920288848,29.4,47.0,https://www.screener.in/company/NATIONALUM/consolidated/,2026-08-01T22:43:49.792457+00:00
NAUKRI.NS,1485,consolidated,2026-03-31,139.2853,142.0,128.0255,92.1,122.3637,78.7,12.0,62.0,25.0,91.0,3.0,22.0,,0.3251513725637034,25.870042283097398,0.0068312496703064,3.91,36.0,https://www.screener.in/company/NAUKRI/consolidated/,2026-08-01T22:43:49.792457+00:00
NAVA.NS,2215,consolidated,2026-03-31,13.4783,13.6,9.9579,7.7,12.3451,6.8,7.0,13.0,10.0,-14.0,53.0,25.0,-12.919502804479444,15.491334559782622,13.350236173847277,0.2545454545454545,9.33,40.0,https://www.screener.in/company/NAVA/consolidated/,2026-08-01T22:43:49.792457+00:00
NAVINFLUOR.NS,2217,consolidated,2026-03-31,66.451,67.0,69.2291,71.4,49.1462,50.8,17.0,21.0,23.0,21.0,15.0,33.0,19.596414517043996,20.00326186338155,22.451687258208185,0.3200805234021137,19.6,33.0,https://www.screener.in/company/NAVINFLUOR/consolidated/,2026-08-01T22:43:49.792457+00:00
NAVKARCORP.NS,1273002,consolidated,2017-09-30,17.1675,17.0,13.6525,14.8,14.7726,11.15,2.0,13.0,,-1.0,16.0,-7.0,-50.41992970210287,-29.702348874895947,,0.2762541806020067,6.18,37.0,https://www.screener.in/company/NAVKARCORP/consolidated/,2026-08-01T22:43:49.792457+00:00
NAVNETEDUL.NS,2219,consolidated,2026-03-31,19.1936,18.1,23.1614,17.9,23.402,20.0,1.0,40.0,4.0,-1.0,5.0,4.0,20.735202926264872,45.49768074636913,13.435597715860602,0.0528893241919686,8.03,14.0,https://www.screener.in/company/NAVNETEDUL/consolidated/,2026-08-01T22:43:49.792457+00:00
NAZARA.NS,1274852,consolidated,2026-03-31,78.2832,76.8,104.9332,93.5,104.9332,93.5,19.0,155.0,31.0,194.0,7.0,,20.236916981084363,46.792285892387774,-24.0062415555487,0.0619061330262021,30.5,-1.6,https://www.screener.in/company/NAZARA/consolidated/,2026-08-01T22:43:49.792457+00:00
NBCC.NS,2204,consolidated,2026-03-31,44.8376,45.1,36.2372,35.8,38.8918,38.5,13.0,24.0,9.0,20.0,23.0,6.0,39.19555135643231,26.022007941246027,9.575320187060864,0.0,24.1,4.8,https://www.screener.in/company/NBCC/consolidated/,2026-08-01T22:43:49.792457+00:00
NBIFIN.NS,1273575,consolidated,2025-09-30,111.0185,112.3,114.3552,112.3,105.2187,102.65,,,,,-1.0,,,,,,0.26,,https://www.screener.in/company/NBIFIN/consolidated/,2026-08-01T22:43:49.792457+00:00
NCC.NS,2221,consolidated,2026-03-31,18.0204,16.7,15.846,14.3,16.4425,13.9,10.0,22.0,18.0,6.0,10.0,6.0,3.5174373917311152,19.5836813625069,17.364094864114588,0.4393188461049688,9.19,9.0,https://www.screener.in/company/NCC/consolidated/,2026-08-01T22:43:49.792457+00:00
NCLIND.NS,2222,consolidated,2026-03-31,15.2178,13.9,13.6877,13.2,12.6305,11.75,-11.0,-2.0,,44.0,-9.0,5.0,29.15105633452484,-8.092255567428197,,0.2542553191489362,14.6,13.0,https://www.screener.in/company/NCLIND/consolidated/,2026-08-01T22:43:49.792457+00:00
NDGL.NS,1273468,consolidated,2026-03-31,9.9064,8.9,6.7743,5.7,5.4097,3.3,248.0,,2.0,,14.0,,,,,,-1.06,,https://www.screener.in/company/NDGL/consolidated/,2026-08-01T22:43:49.792457+00:00
NDLVENTURE.NS,1332,consolidated,2022-09-30,1.828,1.8,1.828,1.8,1.828,1.8,18.0,10.0,,24.0,15.0,8.0,,,,5.012096774193548,-10.2,14.0,https://www.screener.in/company/NDLVENTURE/consolidated/,2026-08-01T22:43:49.792457+00:00
NDRAUTO.NS,1274767,consolidated,2026-03-31,33.2427,31.6,26.3548,25.7,25.5589,24.2,28.0,49.0,,29.0,53.0,,30.15585040755113,48.7139094399562,,0.1731843575418994,18.9,11.0,https://www.screener.in/company/NDRAUTO/consolidated/,2026-08-01T22:43:49.792457+00:00
NDTV.NS,2245,consolidated,2026-03-31,21.1758,18.0,18.4821,13.6,18.4821,13.6,11.0,,,,5.0,1.0,,,,2.015625,-340.0,-51.0,https://www.screener.in/company/NDTV/consolidated/,2026-08-01T22:43:49.792457+00:00
NEAGI.NS,2226,consolidated,2026-03-31,9.9134,9.8,8.859,8.4,8.2558,7.8,1.0,5.0,13.0,2.0,4.0,12.0,1.171278317705804,4.3818471839550455,12.63010725307645,0.0,9.29,-7.0,https://www.screener.in/company/NEAGI/consolidated/,2026-08-01T22:43:49.792457+00:00
NELCAST.NS,2230,consolidated,2026-03-31,32.0484,31.5,33.3552,32.7,26.7872,24.95,2.0,40.0,4.0,17.0,5.0,7.0,17.65481258379056,39.88281748435452,4.28873773441254,0.4312080536912752,8.43,7.0,https://www.screener.in/company/NELCAST/consolidated/,2026-08-01T22:43:49.792457+00:00
NELCO.NS,2231,consolidated,2026-03-31,134.0007,113.6,117.4741,97.9,75.7461,62.4,-1.0,-45.0,-5.0,-69.0,21.0,27.0,-44.96787918508956,-23.18009900044228,5.486020241964673,0.5658914728682171,0.46,9.0,https://www.screener.in/company/NELCO/consolidated/,2026-08-01T22:43:49.792457+00:00
NEOGEN.NS,1274657,consolidated,2026-03-31,110.5726,102.4,98.5425,92.8,83.054,79.65,8.0,-2.0,19.0,-17.0,17.0,,-18.37129119699482,-4.088629437436997,15.45498079822636,1.7095588235294117,3.58,17.0,https://www.screener.in/company/NEOGEN/consolidated/,2026-08-01T22:43:49.792457+00:00
NEPHROPLUS.NS,1285811,consolidated,2026-03-31,1.7752,1.7,1.7752,1.7,1.7752,1.7,32.0,162.0,,103.0,,,,17.638633352104293,,0.07168458781362,8.83,23.0,https://www.screener.in/company/NEPHROPLUS/consolidated/,2026-08-01T22:43:49.792457+00:00
NESCO.NS,2235,consolidated,2026-03-31,19.993,19.7,20.1333,20.0,20.078,20.1,20.0,19.0,11.0,11.0,11.0,13.0,12.402284523407593,19.065952555157462,11.097837485497752,0.0907877169559412,14.8,51.0,https://www.screener.in/company/NESCO/consolidated/,2026-08-01T22:43:49.792457+00:00
NESTLEIND.NS,2236,consolidated,2026-03-31,79.2637,79.7,79.2637,79.7,79.2637,79.7,,,,,11.0,16.0,,,,0.0860965677719604,74.2,23.0,https://www.screener.in/company/NESTLEIND/consolidated/,2026-08-01T22:43:49.792457+00:00
NETWORK18.NS,2241,consolidated,2026-03-31,349.3821,164.0,175.3847,58.7,172.8797,62.3,-30.0,3.0,-9.0,35.0,-10.0,-3.0,,26.140544154309087,0.736008053013748,0.6685644570963807,0.76,2.2,https://www.screener.in/company/NETWORK18/consolidated/,2026-08-01T22:43:49.792457+00:00
NEULANDLAB.NS,2244,consolidated,2026-03-31,65.5682,63.2,49.6222,29.3,42.5757,33.55,19.0,39.0,29.0,30.0,59.0,36.0,30.570460154640287,35.180445181962284,24.882893418852014,0.1605333333333333,21.2,29.0,https://www.screener.in/company/NEULANDLAB/consolidated/,2026-08-01T22:43:49.792457+00:00
NEWGEN.NS,1274251,consolidated,2026-03-31,43.6083,43.9,34.9881,30.5,28.9973,22.9,17.0,21.0,28.0,22.0,14.0,,18.66307909260292,18.5226171359268,23.39780109418732,0.0219471018570624,19.6,26.0,https://www.screener.in/company/NEWGEN/consolidated/,2026-08-01T22:43:49.792457+00:00
NFL.NS,2205,consolidated,2026-03-31,25.7634,21.75,26.4483,20.1,17.2877,14.45,-10.0,-2.0,1.0,-23.0,3.0,8.0,-22.72420803577241,-2.2524168962640867,0.6989916367418525,1.3952833509327702,7.61,3.9,https://www.screener.in/company/NFL/consolidated/,2026-08-01T22:43:49.792457+00:00
NGLFINE.NS,2252,consolidated,2026-03-31,35.6389,37.3,34.895,35.5,30.7029,30.3,22.0,-3.0,,33.0,-2.0,29.0,32.9144731721772,-3.2300217604088965,,0.3282674772036474,15.7,15.0,https://www.screener.in/company/NGLFINE/consolidated/,2026-08-01T22:43:49.792457+00:00
NH.NS,1273196,consolidated,2026-03-31,39.4554,36.8,39.6594,38.3,63.2657,46.45,20.0,155.0,42.0,12.0,32.0,20.0,9.93425168410258,,43.83624210278501,1.2911615605025346,20.5,19.0,https://www.screener.in/company/NH/consolidated/,2026-08-01T22:43:49.792457+00:00
NHPC.NS,2254,consolidated,2026-03-31,24.4401,25.6,18.6517,20.2,14.4065,10.7,3.0,2.0,6.0,-1.0,24.0,12.0,-1.2143438606023071,2.8401576035667286,7.321307221354445,1.2628086010087602,9.29,45.0,https://www.screener.in/company/NHPC/consolidated/,2026-08-01T22:43:49.792457+00:00
NIACL.NS,1274192,consolidated,2026-03-31,28.5414,26.0,37.4885,26.2,40.857,26.05,7.0,-3.0,21.0,99.0,2.0,,10.452250390999083,-2.941952992663943,-9.796642043547587,0.0,4.92,-0.1,https://www.screener.in/company/NIACL/consolidated/,2026-08-01T22:43:49.792457+00:00
NIBE.NS,327304,consolidated,2026-03-31,173.6162,121.8,172.3855,129.15,172.3855,129.15,65.0,,,25.0,79.0,67.0,41.17100851140278,,,0.3448275862068966,1.94,9.0,https://www.screener.in/company/NIBE/consolidated/,2026-08-01T22:43:49.792457+00:00
NIITLTD.NS,2261,consolidated,2026-03-31,61.3191,42.0,48.349,36.0,26.9792,8.65,5.0,-38.0,-18.0,43.0,4.0,18.0,17.566734386037886,-47.786872334514,-20.885906299069923,0.0065420560747663,0.9,-1.8,https://www.screener.in/company/NIITLTD/consolidated/,2026-08-01T22:43:49.792457+00:00
NIITMTS.NS,1284451,consolidated,2026-03-31,22.7374,22.6,22.7374,22.6,22.7374,22.6,13.0,,,3.0,,,,,,0.2060920285158781,16.6,18.0,https://www.screener.in/company/NIITMTS/consolidated/,2026-08-01T22:43:49.792457+00:00
NILAINFRA.NS,2265,consolidated,2026-03-31,36.8434,22.8,43.5628,29.2,33.5227,27.45,41.0,105.0,5.0,302.0,-1.0,-4.0,,,4.497726418354375,0.1283422459893048,12.9,10.0,https://www.screener.in/company/NILAINFRA/consolidated/,2026-08-01T22:43:49.792457+00:00
NILASPACES.NS,1274609,consolidated,2026-03-31,29.1792,29.05,29.1792,29.05,24.0541,25.0,468.0,70.0,,106.0,38.0,,,,,0.4647058823529412,18.2,31.0,https://www.screener.in/company/NILASPACES/consolidated/,2026-08-01T22:43:49.792457+00:00
NILE.NS,2268,consolidated,2026-03-31,12.9172,12.3,10.9057,9.9,10.3627,9.8,9.0,32.0,,35.0,22.0,24.0,34.776913651835414,32.03697716718399,,0.0379746835443038,19.0,7.0,https://www.screener.in/company/NILE/consolidated/,2026-08-01T22:43:49.792457+00:00
NILKAMAL.NS,2269,consolidated,2026-03-31,22.2102,22.7,24.9,24.9,22.3339,22.65,6.0,2.0,1.0,-2.0,-10.0,4.0,-4.79797356199655,0.463443435019184,0.1326606926324913,0.2650602409638554,8.22,9.0,https://www.screener.in/company/NILKAMAL/consolidated/,2026-08-01T22:43:49.792457+00:00
NIPPOBATRY.NS,2273,consolidated,2026-03-31,38.3239,3.0,25.1735,11.1,20.3423,12.1,-8.0,,,,-10.0,-4.0,,,,0.1122112211221122,-7.11,-4.0,https://www.screener.in/company/NIPPOBATRY/consolidated/,2026-08-01T22:43:49.792457+00:00
NITCO.NS,2278,consolidated,2026-03-31,62.768,65.2,62.768,65.2,62.768,65.2,12.0,18.0,10.0,31.0,33.0,6.0,,,,0.8602739726027397,10.8,4.6,https://www.screener.in/company/NITCO/consolidated/,2026-08-01T22:43:49.792457+00:00
NITIRAJ.NS,1273657,consolidated,2023-03-31,20.2925,16.65,17.8194,14.25,17.8194,14.25,-1.0,,,,34.0,,,,,0.0473512873631251,-0.35,7.57,https://www.screener.in/company/NITIRAJ/consolidated/,2026-08-01T22:43:49.792457+00:00
NITTAGELA.NS,2283,consolidated,2026-03-31,10.0306,9.6,10.5161,10.0,13.6862,11.4,1.0,41.0,25.0,13.0,44.0,26.0,11.414412749158398,41.099065849799054,24.65715169551792,0.0078277886497064,21.0,24.0,https://www.screener.in/company/NITTAGELA/consolidated/,2026-08-01T22:43:49.792457+00:00
NLCINDIA.NS,2251,consolidated,2026-03-31,14.7357,13.8,12.1195,12.5,9.065,7.05,3.0,24.0,62.0,16.0,38.0,15.0,36.12401452658067,21.81387187052872,47.8176705762156,1.295795586527294,17.5,32.0,https://www.screener.in/company/NLCINDIA/consolidated/,2026-08-01T22:43:49.792457+00:00
NMDC.NS,2287,consolidated,2026-03-31,10.3618,10.1,7.9881,9.2,8.5962,8.8,22.0,4.0,11.0,17.0,13.0,12.0,9.963357758781257,3.475382321770093,14.748485884939356,0.1880981739181492,23.4,29.0,https://www.screener.in/company/NMDC/consolidated/,2026-08-01T22:43:49.792457+00:00
NOCIL.NS,2289,consolidated,2026-03-31,36.5255,35.7,31.9866,32.2,26.3548,25.6,-7.0,-12.0,-5.0,-32.0,-10.0,12.0,-28.0760165002822,-8.944429395856691,-3.729876881373362,0.0045121263395375,2.6,8.0,https://www.screener.in/company/NOCIL/consolidated/,2026-08-01T22:43:49.792457+00:00
NORTHARC.NS,1284990,consolidated,2026-03-31,10.5567,11.2,10.5567,11.2,10.5567,11.2,27.0,43.0,,21.0,,,-0.911627764497247,26.75533684454234,,,11.1,,https://www.screener.in/company/NORTHARC/consolidated/,2026-08-01T22:43:49.792457+00:00
NPST.NS,1274899,consolidated,2026-03-31,98.8809,96.4,83.9081,82.5,83.9081,82.5,68.0,107.0,,84.0,,,79.95246638259432,89.55905723933624,,0.0317460317460317,15.0,26.0,https://www.screener.in/company/NPST/consolidated/,2026-08-01T22:43:49.792457+00:00
NRBBEARING.NS,2300,consolidated,2026-03-31,24.5414,24.5,21.5874,20.0,24.3478,21.3,8.0,22.0,13.0,13.0,24.0,14.0,14.941538048893088,21.42656500500681,13.02421127513167,0.1600831600831601,15.6,17.0,https://www.screener.in/company/NRBBEARING/consolidated/,2026-08-01T22:43:49.792457+00:00
NSIL.NS,2194,consolidated,2026-03-31,59.8242,47.5,41.5203,31.5,33.6264,24.35,-9.0,5.0,11.0,-16.0,24.0,22.0,-15.678444539725412,4.853043638018217,11.2548235305868,0.0001977196335596,0.34,75.0,https://www.screener.in/company/NSIL/consolidated/,2026-08-01T22:43:49.792457+00:00
NTPC.NS,2303,consolidated,2026-03-31,15.0427,14.6,12.6598,13.2,11.517,12.0,2.0,12.0,10.0,17.0,24.0,10.0,16.955120542529723,13.079269095332148,9.834342987996347,1.3338435642004962,14.0,27.0,https://www.screener.in/company/NTPC/consolidated/,2026-08-01T22:43:49.792457+00:00
NTPCGREEN.NS,1285166,consolidated,2026-03-31,165.0989,157.3,165.0989,157.3,165.0989,157.3,156.0,,,45.0,,,19.866105802463508,,,1.672343791194305,2.79,86.0,https://www.screener.in/company/NTPCGREEN/consolidated/,2026-08-01T22:43:49.792457+00:00
NUCLEUS.NS,2308,consolidated,2026-03-31,17.9248,18.1,20.492,19.7,17.6123,16.9,11.0,2.0,13.0,0.0,0.0,13.0,-2.4185209186724066,1.77256985774783,16.027054999514068,0.0099228224917309,13.1,11.0,https://www.screener.in/company/NUCLEUS/consolidated/,2026-08-01T22:43:49.792457+00:00
NURECA.NS,1274833,consolidated,2026-03-31,250.0244,304.45,168.7654,69.3,147.1039,37.3,10.0,-46.0,,30.0,-29.0,,,-45.74448633317749,,0.011049723756906,1.12,2.7,https://www.screener.in/company/NURECA/consolidated/,2026-08-01T22:43:49.792457+00:00
NUVAMA.NS,1284522,consolidated,2026-03-31,26.3154,25.9,26.3154,25.9,26.3154,25.9,28.0,59.0,,51.0,,,,,,2.8012618296529967,27.4,52.0,https://www.screener.in/company/NUVAMA/consolidated/,2026-08-01T22:43:49.792457+00:00
NUVOCO.NS,1274910,consolidated,2026-03-31,109.135,46.5,120.3572,79.65,120.3572,79.65,2.0,102.0,,-2.0,,,183.8235545353598,,,0.480594388503275,4.05,16.0,https://www.screener.in/company/NUVOCO/consolidated/,2026-08-01T22:43:49.792457+00:00
NYKAA.NS,1274992,consolidated,2026-03-31,1259.3293,1116.3,1137.2927,1100.0,1137.2927,1100.0,25.0,28.0,,122.0,,,115.44346900318834,-36.57467035760492,,0.8609179415855355,15.3,8.0,https://www.screener.in/company/NYKAA/consolidated/,2026-08-01T22:43:49.792457+00:00
OAL.NS,576,consolidated,2026-03-31,98.0624,63.7,69.1498,42.5,49.1754,33.4,6.0,-50.0,,-45.0,-17.0,10.0,-44.936646419693005,-49.65163633067717,,0.606015037593985,0.5,7.0,https://www.screener.in/company/OAL/consolidated/,2026-08-01T22:43:49.792457+00:00
OBCL.NS,1274321,consolidated,2026-03-31,53.5734,36.8,53.5734,36.8,53.5734,36.8,,,,,5.0,,,,,0.8571428571428571,-8.91,0.4,https://www.screener.in/company/OBCL/consolidated/,2026-08-01T22:43:49.792457+00:00
OBEROIRLTY.NS,2313,consolidated,2026-03-31,27.9325,27.9,27.5245,27.4,28.599,28.05,13.0,27.0,19.0,9.0,20.0,20.0,9.600008099381864,27.67091615029562,18.305033513372937,0.157627496931146,14.6,56.0,https://www.screener.in/company/OBEROIRLTY/consolidated/,2026-08-01T22:43:49.792457+00:00
OFSS.NS,2344,consolidated,2026-03-31,30.9306,30.8,25.2962,23.6,23.5743,23.25,10.0,8.0,9.0,13.0,21.0,12.0,13.200986756573684,8.175299761093036,9.389269041926209,0.0040884119074996,32.6,50.0,https://www.screener.in/company/OFSS/consolidated/,2026-08-01T22:43:49.792457+00:00
OIL.NS,2322,consolidated,2026-03-31,9.6924,10.0,7.4111,7.0,7.9054,8.6,-2.0,12.0,12.0,-9.0,33.0,14.0,-8.80285408443564,13.414079281679726,13.442688448802564,0.6461835548888774,12.3,31.0,https://www.screener.in/company/OIL/consolidated/,2026-08-01T22:43:49.792457+00:00
OLECTRA.NS,1178,consolidated,2026-03-31,112.4465,95.9,131.3563,104.3,111.4326,90.0,28.0,85.0,40.0,39.0,32.0,50.0,39.34871559900617,85.66323903813637,29.659093623069065,0.3094462540716612,15.6,14.0,https://www.screener.in/company/OLECTRA/consolidated/,2026-08-01T22:43:49.792457+00:00
OMAXE.NS,2329,consolidated,2026-03-31,58.8783,57.7,51.8966,56.2,51.8966,56.2,17.0,,,-87.0,-1.0,-6.0,,,,,,-56.0,https://www.screener.in/company/OMAXE/consolidated/,2026-08-01T22:43:49.792457+00:00
OMINFRAL.NS,2327,consolidated,2026-03-31,37.4051,36.1,37.2081,33.75,30.0169,26.8,-14.0,18.0,-3.0,48.0,22.0,6.0,16.705574730528006,18.28191718481882,-3.463022448655084,0.1127129750982962,2.73,6.0,https://www.screener.in/company/OMINFRAL/consolidated/,2026-08-01T22:43:49.792457+00:00
OMNI.NS,1285908,consolidated,2026-03-31,79.843,79.65,79.843,79.65,79.843,79.65,42.0,,,35.0,,,-53.675330545889935,,,0.6397058823529411,18.0,33.0,https://www.screener.in/company/OMNI/consolidated/,2026-08-01T22:43:49.792457+00:00
ONEPOINT.NS,1274224,consolidated,2026-03-31,48.7548,44.9,54.8609,46.8,36.8647,36.8,31.0,37.0,,65.0,59.0,,45.57608917221623,,,0.4921700223713646,9.22,23.0,https://www.screener.in/company/ONEPOINT/consolidated/,2026-08-01T22:43:49.792457+00:00
ONESOURCE.NS,1285268,consolidated,2026-03-31,387.5038,462.55,387.5038,462.55,387.5038,462.55,232.0,8.0,,24.0,,,,,,0.2579317441262219,-1.09,22.0,https://www.screener.in/company/ONESOURCE/consolidated/,2026-08-01T22:43:49.792457+00:00
ONGC.NS,2320,consolidated,2026-03-31,7.5535,7.7,6.5107,7.1,7.9914,8.0,2.0,21.0,9.0,1.0,16.0,5.0,5.342016588518073,20.50285758898289,12.623515556086629,0.4688838200167846,11.7,16.0,https://www.screener.in/company/ONGC/consolidated/,2026-08-01T22:43:49.792457+00:00
ONWARDTEC.NS,2341,consolidated,2026-03-31,28.0834,27.1,36.2284,28.8,37.8172,26.8,7.0,45.0,31.0,61.0,3.0,16.0,55.80949064834615,34.112272722055216,24.71466311548367,0.1581027667984189,19.5,13.0,https://www.screener.in/company/ONWARDTEC/consolidated/,2026-08-01T22:43:49.792457+00:00
OPTIEMUS.NS,2342,consolidated,2026-03-31,67.0701,62.6,77.2988,60.0,85.3627,58.1,15.0,9.0,18.0,16.0,34.0,30.0,15.093563778777842,-7.556098061676197,17.289625289132783,0.4800514800514801,9.16,6.0,https://www.screener.in/company/OPTIEMUS/consolidated/,2026-08-01T22:43:49.792457+00:00
ORCHASP.NS,750,consolidated,2026-03-31,80.8667,55.3,101.8949,59.95,50.4469,9.3,-3.0,38.0,8.0,44.0,-17.0,8.0,0.0,8.447177119769854,,0.0,0.9,-13.41,https://www.screener.in/company/ORCHASP/consolidated/,2026-08-01T22:43:49.792457+00:00
ORCHPHARMA.NS,2347,consolidated,2026-03-31,69.6564,60.05,73.509,61.35,73.509,61.35,7.0,17.0,8.0,63.0,15.0,38.0,-29.071672284759643,,,0.2818322981366459,2.12,5.0,https://www.screener.in/company/ORCHPHARMA/consolidated/,2026-08-01T22:43:49.792457+00:00
ORICONENT.NS,2350,consolidated,2026-03-31,58.9688,45.1,45.2744,36.9,32.9307,28.5,-34.0,37.0,0.0,9.0,8.0,-1.0,19.96100097222913,,3.2594217464302355,0.0026064291920069,1.28,-117.0,https://www.screener.in/company/ORICONENT/consolidated/,2026-08-01T22:43:49.792457+00:00
ORIENTBELL.NS,2352,consolidated,2026-03-31,94.3908,66.7,63.0228,36.65,54.4989,32.3,-1.0,14.0,,-16.0,-2.0,8.0,-18.34395695979991,9.57225143056817,18.871172102213208,0.094224924012158,4.14,6.0,https://www.screener.in/company/ORIENTBELL/consolidated/,2026-08-01T22:43:49.792457+00:00
ORIENTCER.NS,2351,consolidated,2026-03-31,35.5904,37.7,35.9142,37.7,35.9142,37.7,10.0,,,18.0,3.0,1.0,15.425396774696877,-14.08779484160806,,0.1324503311258278,7.99,11.0,https://www.screener.in/company/ORIENTCER/consolidated/,2026-08-01T22:43:49.792457+00:00
ORIENTHOT.NS,2360,consolidated,2026-03-31,50.1382,47.6,51.499,46.9,75.9898,53.9,8.0,24.0,30.0,8.0,28.0,18.0,7.721734501594191,,,0.1719160104986876,9.49,26.0,https://www.screener.in/company/ORIENTHOT/consolidated/,2026-08-01T22:43:49.792457+00:00
ORIENTTECH.NS,1284927,consolidated,2026-03-31,47.44,47.45,47.44,47.45,47.44,47.45,,,,,,,,,,0.1839762611275964,7.46,5.0,https://www.screener.in/company/ORIENTTECH/consolidated/,2026-08-01T22:43:49.792457+00:00
ORKLAINDIA.NS,1285750,consolidated,2026-03-31,10.2698,3.4,10.2698,3.4,10.2698,3.4,5.0,20.0,,-4.0,,,-57.67762152201756,-26.920568857780196,,0.0229090909090909,11.2,17.0,https://www.screener.in/company/ORKLAINDIA/consolidated/,2026-08-01T22:43:49.792457+00:00
OSWALGREEN.NS,2370,consolidated,2018-03-31,21.8694,21.5,19.1054,16.8,15.0289,14.6,21.0,36.0,-16.0,36.0,-7.0,-2.0,12.887623975499697,,-16.310090007950063,0.0,1.87,69.0,https://www.screener.in/company/OSWALGREEN/consolidated/,2026-08-01T22:43:49.792457+00:00
OSWALPUMPS.NS,1285485,consolidated,2026-03-31,12.7069,12.1,12.7069,12.1,12.7069,12.1,75.0,,,123.0,,,-17.336883943174342,,,0.1408199643493761,35.2,25.0,https://www.screener.in/company/OSWALPUMPS/consolidated/,2026-08-01T22:43:49.792457+00:00
OSWALSEEDS.NS,1274368,consolidated,2026-03-31,23.1652,15.45,30.4088,20.4,25.1882,20.6,-3.0,15.0,,8.0,9.0,,8.412277297626325,14.581214173830029,,0.1176470588235294,15.2,6.0,https://www.screener.in/company/OSWALSEEDS/consolidated/,2026-08-01T22:43:49.792457+00:00
PACEDIGITK.NS,1285694,consolidated,2026-03-31,11.3315,13.2,11.3315,13.2,11.3315,13.2,74.0,,,174.0,,,-21.56666520069165,,,0.4444947893067512,17.6,17.0,https://www.screener.in/company/PACEDIGITK/consolidated/,2026-08-01T22:43:49.792457+00:00
PAISALO.NS,2929,consolidated,2026-03-31,23.8,22.7,30.8778,28.7,27.8347,23.55,26.0,33.0,18.0,35.0,16.0,23.0,35.89465935608778,30.48430698368292,16.639392235624516,,14.3,,https://www.screener.in/company/PAISALO/consolidated/,2026-08-01T22:43:49.792457+00:00
PAKKA.NS,3779,consolidated,2025-09-30,31.1083,23.8,25.1298,21.45,25.1298,21.45,12.0,,,2.0,-6.0,14.0,-6.2382560140164856,,,0.6644444444444444,11.1,8.0,https://www.screener.in/company/PAKKA/consolidated/,2026-08-01T22:43:49.792457+00:00
PALASHSECU.NS,1274109,consolidated,2026-03-31,6.584,6.4,6.584,6.4,11.3656,8.1,-3.0,27.0,88.0,45.0,2.0,,,,,0.0,3.0,-19.0,https://www.screener.in/company/PALASHSECU/consolidated/,2026-08-01T22:43:49.792457+00:00
PANAMAPET.NS,2395,consolidated,2026-03-31,10.6261,10.7,9.4877,9.2,11.4657,10.8,11.0,9.0,24.0,-3.0,9.0,27.0,-3.015675843940202,9.446639955660242,23.78228114745562,0.0755616065350578,15.6,9.0,https://www.screener.in/company/PANAMAPET/consolidated/,2026-08-01T22:43:49.792457+00:00
PANSARI.NS,1273548,consolidated,2026-03-31,52.5783,51.4,55.8956,56.05,47.442,44.9,62.0,40.0,22.0,118.0,43.0,,114.817176315626,39.473024908143486,-0.8052612266683967,0.6493506493506493,13.8,15.0,https://www.screener.in/company/PANSARI/consolidated/,2026-08-01T22:43:49.792457+00:00
PARACABLES.NS,2412,consolidated,2026-03-31,22.5242,21.9,26.6552,22.6,23.7067,20.45,34.0,81.0,10.0,8.0,30.0,34.0,-7.2941824738615875,65.05444239489884,,0.1580976863753213,7.99,3.5,https://www.screener.in/company/PARACABLES/consolidated/,2026-08-01T22:43:49.792457+00:00
PARADEEP.NS,1275228,consolidated,2026-03-31,29.5662,22.5,24.095,16.9,24.095,16.9,18.0,35.0,,48.0,,,37.042140615081664,-52.28113117802242,,1.0181335692171605,18.9,10.0,https://www.screener.in/company/PARADEEP/consolidated/,2026-08-01T22:43:49.792457+00:00
PARAGMILK.NS,1273362,consolidated,2026-03-31,25.1318,23.7,25.2203,23.9,30.1617,23.4,10.0,45.0,11.0,38.0,10.0,-4.0,33.45100967003671,34.40557015733137,4.849223181145024,0.4821286735504368,12.3,7.0,https://www.screener.in/company/PARAGMILK/consolidated/,2026-08-01T22:43:49.792457+00:00
PARAS.NS,1274969,consolidated,2026-03-31,91.4624,86.2,88.2976,83.1,88.2976,83.1,29.0,41.0,,34.0,,,33.24760000794746,32.9636359846057,,0.0372413793103448,12.6,25.0,https://www.screener.in/company/PARAS/consolidated/,2026-08-01T22:43:49.792457+00:00
PARKHOSPS.NS,1285817,consolidated,2026-03-31,38.7954,38.4,38.7954,38.4,38.7954,38.4,10.0,11.0,,5.0,,,-25.20205749421146,-40.551909184742165,,0.1800197823936696,16.7,26.0,https://www.screener.in/company/PARKHOSPS/consolidated/,2026-08-01T22:43:49.792457+00:00
PARKHOTELS.NS,1284660,consolidated,2026-03-31,45.745,41.2,45.745,41.2,45.745,41.2,11.0,25.0,,11.0,,,3.849882037022079,,,0.2779433681073025,5.09,31.0,https://www.screener.in/company/PARKHOTELS/consolidated/,2026-08-01T22:43:49.792457+00:00
PASHUPATI.NS,1274132,consolidated,2026-03-31,81.0146,78.65,81.0146,78.65,81.0146,78.65,16.0,,,39.0,63.0,,38.20846460022369,,,0.6036585365853658,6.53,3.8,https://www.screener.in/company/PASHUPATI/consolidated/,2026-08-01T22:43:49.792457+00:00
PATANJALI.NS,2803,consolidated,2026-03-31,39.4547,42.0,39.4547,42.0,38.606,41.7,,,14.0,,-1.0,47.0,,,22.12617655666997,0.2129495304268153,16.5,4.4,https://www.screener.in/company/PATANJALI/consolidated/,2026-08-01T22:43:49.792457+00:00
PATELENG.NS,2433,consolidated,2026-03-31,16.9401,16.2,18.4621,15.9,15.885,12.0,9.0,49.0,21.0,30.0,15.0,-1.0,9.194674912068448,,,0.2738738738738738,9.68,13.0,https://www.screener.in/company/PATELENG/consolidated/,2026-08-01T22:43:49.792457+00:00
PAYTM.NS,1275094,consolidated,2026-03-31,316.4385,129.5,316.4385,129.5,316.4385,129.5,2.0,20.0,9.0,34.0,,,,,,0.0121053288406339,4.7,7.0,https://www.screener.in/company/PAYTM/consolidated/,2026-08-01T22:43:49.792457+00:00
PCBL.NS,2468,consolidated,2026-03-31,30.358,29.7,22.3115,20.7,27.8648,16.6,12.0,-7.0,31.0,-21.0,19.0,32.0,-24.52657807786132,-11.18111466251971,27.02260507663265,1.245381927109336,5.58,13.0,https://www.screener.in/company/PCBL/consolidated/,2026-08-01T22:43:49.792457+00:00
PCJEWELLER.NS,247383,consolidated,2026-03-31,12.75,11.5,13.5991,12.8,15.5315,14.7,11.0,63.0,6.0,77.0,30.0,-8.0,,44.88617527649639,-2.865052147321268,0.1427697577685343,9.96,20.0,https://www.screener.in/company/PCJEWELLER/consolidated/,2026-08-01T22:43:49.792457+00:00
PDSL.NS,1131309,consolidated,2026-03-31,39.6656,39.5,31.2571,33.2,32.1998,28.6,7.0,6.0,15.0,-23.0,4.0,27.0,-26.918823926555348,4.04241325965462,13.951837269440848,0.7169597277368123,6.48,3.1,https://www.screener.in/company/PDSL/consolidated/,2026-08-01T22:43:49.792457+00:00
PENIND.NS,2451,consolidated,2026-03-31,20.9968,20.9,18.1458,17.05,14.3921,14.55,8.0,70.0,12.0,23.0,32.0,13.0,22.555984292053143,124.609734211275,10.95104553439814,0.999140154772141,12.8,10.0,https://www.screener.in/company/PENIND/consolidated/,2026-08-01T22:43:49.792457+00:00
PERSISTENT.NS,2458,consolidated,2026-03-31,56.5121,56.8,51.6544,52.2,35.5665,36.85,21.0,36.0,22.0,28.0,29.0,32.0,25.202857862409456,32.02009534992738,21.16938753074773,0.0608573615718295,27.2,19.0,https://www.screener.in/company/PERSISTENT/consolidated/,2026-08-01T22:43:49.792457+00:00
PETRONET.NS,2461,consolidated,2026-03-31,11.6102,11.5,10.9406,11.0,15.3649,12.8,-10.0,6.0,16.0,6.0,5.0,6.0,5.563544640776508,5.889922442605777,15.468013362728472,0.1050482387256001,18.6,12.0,https://www.screener.in/company/PETRONET/consolidated/,2026-08-01T22:43:49.792457+00:00
PFC.NS,2522,consolidated,2026-03-31,6.2611,5.9,4.7912,5.1,5.1619,4.55,14.0,17.0,15.0,18.0,32.0,17.0,17.68994120170424,17.131273791278634,15.399645381761374,,20.7,,https://www.screener.in/company/PFC/consolidated/,2026-08-01T22:43:49.792457+00:00
PFOCUS.NS,2564,consolidated,2026-03-31,44.3922,37.8,52.3795,39.8,79.5084,55.15,0.0,54.0,12.0,10.0,36.0,16.0,-16.933100256952006,,,2.736716132120632,16.5,30.0,https://www.screener.in/company/PFOCUS/consolidated/,2026-08-01T22:43:49.792457+00:00
PFS.NS,2588,consolidated,2026-03-31,12.1178,11.9,13.4069,12.8,12.0299,10.25,-14.0,66.0,-2.0,22.0,7.0,-4.0,21.955654695975536,65.52335461911791,-3.3115240091116105,,11.0,,https://www.screener.in/company/PFS/consolidated/,2026-08-01T22:43:49.792457+00:00
PGEL.NS,2464,consolidated,2026-03-31,68.3669,62.3,62.6889,57.5,62.7487,58.9,35.0,75.0,,36.0,74.0,44.0,26.42169659146516,63.48331748648004,,0.195801902263037,6.69,7.0,https://www.screener.in/company/PGEL/consolidated/,2026-08-01T22:43:49.792457+00:00
PGIL.NS,2445,consolidated,2026-03-31,23.9548,24.6,20.334,20.7,16.3605,13.1,17.0,101.0,23.0,25.0,56.0,34.0,20.405477042055686,72.06059609619,21.66051768293775,0.6458904109589041,21.0,10.0,https://www.screener.in/company/PGIL/consolidated/,2026-08-01T22:43:49.792457+00:00
PHOENIXLTD.NS,2470,consolidated,2026-03-31,53.4153,54.7,58.1225,54.4,52.7478,50.3,19.0,83.0,24.0,14.0,33.0,26.0,-2.892605325610753,82.72339031521491,23.310423963028693,0.4843934843934844,11.6,60.0,https://www.screener.in/company/PHOENIXLTD/consolidated/,2026-08-01T22:43:49.792457+00:00
PICCADIL.NS,2475,consolidated,2026-03-31,61.7783,58.2,43.3751,43.1,32.514,21.55,20.0,50.0,57.0,83.0,109.0,54.0,80.55462622657126,48.99240185851992,56.33111394908352,0.5893451720310766,17.4,22.0,https://www.screener.in/company/PICCADIL/consolidated/,2026-08-01T22:43:49.792457+00:00
PIDILITIND.NS,2478,consolidated,2026-03-31,76.851,75.2,84.9705,87.9,73.7305,71.25,7.0,17.0,12.0,25.0,7.0,16.0,24.32651631989888,16.67024013092433,11.880239167106607,0.0384970457902511,23.9,24.0,https://www.screener.in/company/PIDILITIND/consolidated/,2026-08-01T22:43:49.792457+00:00
PIGL.NS,1274329,consolidated,2026-03-31,21.7541,18.6,20.3736,17.8,20.3736,17.8,32.0,,,59.0,7.0,,33.53456405356099,,,0.0921052631578947,11.0,10.0,https://www.screener.in/company/PIGL/consolidated/,2026-08-01T22:43:49.792457+00:00
PIIND.NS,2474,consolidated,2026-03-31,35.0331,34.6,41.2464,38.5,40.2582,38.4,1.0,10.0,14.0,-1.0,-4.0,13.0,2.4172420729018373,12.3386787363134,14.377614255734716,0.0304541406945681,11.2,26.0,https://www.screener.in/company/PIIND/consolidated/,2026-08-01T22:43:49.792457+00:00
PILANIINVS.NS,2479,consolidated,2026-03-31,58.3394,33.1,38.2886,17.2,41.9382,17.1,1.0,-20.0,12.0,-50.0,17.0,17.0,-49.82875042041572,-20.31368857323155,12.303786401048413,0.1506521328208682,0.2,89.0,https://www.screener.in/company/PILANIINVS/consolidated/,2026-08-01T22:43:49.792457+00:00
PINELABS.NS,1285758,consolidated,2026-03-31,147.3875,149.75,147.3875,149.75,147.3875,149.75,19.0,32.0,,36.0,,,,,,0.0747964721845318,2.46,14.0,https://www.screener.in/company/PINELABS/consolidated/,2026-08-01T22:43:49.792457+00:00
PIONEEREMB.NS,2482,consolidated,2026-03-31,46.3752,48.0,32.0345,25.3,23.0599,12.3,4.0,,,,-18.0,-6.0,-60.314973700795015,-51.21814781584788,-31.89044677544092,0.5833333333333334,-2.61,4.0,https://www.screener.in/company/PIONEEREMB/consolidated/,2026-08-01T22:43:49.792457+00:00
PIONRINV.NS,2483,consolidated,2026-03-31,16.0706,10.7,18.1741,11.3,23.1733,12.0,13.0,78.0,35.0,98.0,16.0,15.0,97.48843346143244,78.20519320864298,,0.6337209302325582,9.71,42.0,https://www.screener.in/company/PIONRINV/consolidated/,2026-08-01T22:43:49.792457+00:00
PIRAMALFIN.NS,799,consolidated,2026-03-31,50.9267,49.2,50.9267,49.2,13.3205,11.35,21.0,15.0,-11.0,-56.0,162.0,24.0,,,9.959089682434886,2.841729430154896,0.86,59.0,https://www.screener.in/company/PIRAMALFIN/consolidated/,2026-08-01T22:43:49.792457+00:00
PITTIENG.NS,2489,consolidated,2026-03-31,30.7828,29.6,25.4061,26.2,25.2021,25.1,20.0,32.0,,26.0,35.0,36.0,19.447655185163537,28.387465055262084,,0.8216818642350557,12.5,16.0,https://www.screener.in/company/PITTIENG/consolidated/,2026-08-01T22:43:49.792457+00:00
PIXTRANS.NS,2490,consolidated,2026-03-31,21.9637,21.6,20.0,18.9,16.1784,16.6,6.0,10.0,32.0,18.0,14.0,42.0,18.1462474501982,10.494961083234443,32.2315750730924,0.0344332855093256,16.4,26.0,https://www.screener.in/company/PIXTRANS/consolidated/,2026-08-01T22:43:49.792457+00:00
PKTEA.NS,2456,consolidated,2024-03-31,225.9333,264.9,177.211,239.3,107.6082,36.65,-10.0,-22.0,-3.0,-58.0,16.0,16.0,-22.049142178166147,13.013693532220838,13.818238081273403,0.1125928250183035,0.45,11.21,https://www.screener.in/company/PKTEA/consolidated/,2026-08-01T22:43:49.792457+00:00
PLATIND.NS,1284697,consolidated,2026-03-31,30.1873,29.65,30.1873,29.65,30.1873,29.65,25.0,61.0,,11.0,,,0.1413429442988611,-27.05020117406504,,0.0225733634311512,12.7,13.0,https://www.screener.in/company/PLATIND/consolidated/,2026-08-01T22:43:49.792457+00:00
PML.NS,1270815,consolidated,2026-03-31,13.9622,7.45,8.3649,4.4,11.0667,4.6,-33.0,-23.0,-8.0,-41.0,-3.0,-9.0,83.09380820776731,51.85854070634524,29.49667242705092,0.0111482720178372,1.2,-0.8,https://www.screener.in/company/PML/consolidated/,2026-08-01T22:43:49.792457+00:00
PNB.NS,2600,consolidated,2026-03-31,10.6433,8.2,12.8582,10.9,17.5017,14.5,15.0,48.0,21.0,76.0,23.0,-1.0,73.94640854894952,45.54281806092766,,,13.0,,https://www.screener.in/company/PNB/consolidated/,2026-08-01T22:43:49.792457+00:00
PNBHOUSING.NS,1273561,consolidated,2026-03-31,13.1611,13.4,12.6789,12.7,13.4297,13.2,9.0,20.0,,30.0,13.0,,29.69539446160494,19.5840769541066,,,12.7,,https://www.screener.in/company/PNBHOUSING/consolidated/,2026-08-01T22:43:49.792457+00:00
PNC.NS,2575,consolidated,2026-03-31,35.3731,34.1,35.3731,34.1,21.464,14.0,27.0,25.0,20.0,48.0,-14.0,3.0,,,,0.0166666666666666,7.39,-1.1,https://www.screener.in/company/PNC/consolidated/,2026-08-01T22:43:49.792457+00:00
PNCINFRA.NS,1270850,consolidated,2026-03-31,12.5809,13.6,12.4548,12.9,15.5669,13.6,-12.0,-1.0,8.0,-11.0,-5.0,8.0,8.092537950727309,10.827373317027655,14.83446369820307,0.758843387641274,7.0,21.0,https://www.screener.in/company/PNCINFRA/consolidated/,2026-08-01T22:43:49.792457+00:00
PNGJL.NS,1284976,consolidated,2026-03-31,33.3224,32.05,33.3224,32.05,33.3224,32.05,34.0,273.0,,77.0,,,30.91436223617079,175.5818862586379,,0.8848700967906266,23.4,6.0,https://www.screener.in/company/PNGJL/consolidated/,2026-08-01T22:43:49.792457+00:00
POCL.NS,2517,consolidated,2026-03-31,33.8675,32.8,32.5229,32.5,32.5229,32.5,26.0,,,36.0,62.0,45.0,10.234619984810257,126.47963062499927,42.80215646877712,0.1928934010152284,19.2,7.0,https://www.screener.in/company/POCL/consolidated/,2026-08-01T22:43:49.792457+00:00
POKARNA.NS,2501,consolidated,2026-03-31,23.5338,23.7,24.1797,22.7,17.9607,15.05,-8.0,23.0,2.0,7.0,15.0,19.0,6.989490151748057,23.309262965101585,4.639662565013247,0.5344224037339557,9.85,29.0,https://www.screener.in/company/POKARNA/consolidated/,2026-08-01T22:43:49.792457+00:00
POLICYBZR.NS,1275091,consolidated,2026-03-31,375.5915,259.2,375.5915,259.2,375.5915,259.2,38.0,42.0,22.0,50.0,,,,,,0.049234135667396,9.75,7.0,https://www.screener.in/company/POLICYBZR/consolidated/,2026-08-01T22:43:49.792457+00:00
POLYCAB.NS,1274653,consolidated,2026-03-31,49.5268,48.4,46.0897,45.6,38.1283,41.2,27.0,24.0,30.0,28.0,37.0,,27.913934011134916,24.577305784733472,29.78394685850936,0.019651927720876,23.0,14.0,https://www.screener.in/company/POLYCAB/consolidated/,2026-08-01T22:43:49.792457+00:00
POLYMED.NS,2507,consolidated,2026-03-31,63.0994,61.7,60.8559,60.0,49.0707,48.3,19.0,19.0,21.0,24.0,12.0,24.0,19.357083205042525,17.532184588554166,19.238541899947027,0.1139729555698647,11.2,24.0,https://www.screener.in/company/POLYMED/consolidated/,2026-08-01T22:43:49.792457+00:00
POLYPLEX.NS,2514,consolidated,2026-03-31,26.2515,19.3,19.4732,13.3,12.982,9.2,-3.0,-39.0,1.0,-49.0,-6.0,15.0,-49.46652733994631,-38.520578786637394,4.6612017063164535,0.2205188679245283,1.12,4.9,https://www.screener.in/company/POLYPLEX/consolidated/,2026-08-01T22:43:49.792457+00:00
POONAWALLA.NS,1951,consolidated,2026-03-31,71.0727,50.9,65.473,52.6,56.9513,37.7,46.0,24.0,10.0,5.0,22.0,16.0,-9.200656191451916,,-2.875803822191525,,5.86,,https://www.screener.in/company/POONAWALLA/consolidated/,2026-08-01T22:43:49.792457+00:00
POWERGRID.NS,2523,consolidated,2026-03-31,16.9382,17.3,14.3747,15.0,14.1138,14.35,1.0,4.0,10.0,1.0,17.0,11.0,1.0937435363128634,5.77051460411584,10.32906389322321,1.4734312496268434,16.5,75.0,https://www.screener.in/company/POWERGRID/consolidated/,2026-08-01T22:43:49.792457+00:00
POWERICA.NS,1285934,consolidated,2026-03-31,18.0768,22.75,18.0768,22.75,18.0768,22.75,8.0,80.0,,36.0,,,-11.836851141963932,,,0.287292817679558,17.4,12.0,https://www.screener.in/company/POWERICA/consolidated/,2026-08-01T22:43:49.792457+00:00
POWERMECH.NS,1272995,consolidated,2026-03-31,28.1904,28.6,26.2369,24.4,19.3714,17.0,19.0,58.0,17.0,20.0,43.0,25.0,17.941442397805417,,16.250007290979074,0.2635966653433902,15.6,12.0,https://www.screener.in/company/POWERMECH/consolidated/,2026-08-01T22:43:49.792457+00:00
PPLPHARMA.NS,1275345,consolidated,2026-03-31,528.1423,553.25,528.1423,553.25,528.1423,553.25,8.0,,,-31.0,,,,,,0.6952952707669688,-3.83,11.0,https://www.screener.in/company/PPLPHARMA/consolidated/,2026-08-01T22:43:49.792457+00:00
PRABHA.NS,1285423,consolidated,2026-03-31,4883.4727,5113.0,4883.4727,5113.0,4883.4727,5113.0,-43.0,,,-39.0,,,,,,0.3762572211098068,0.13,-1.2,https://www.screener.in/company/PRABHA/consolidated/,2026-08-01T22:43:49.792457+00:00
PRAENG.NS,2530,consolidated,2026-03-31,341.0643,72.0,341.0643,72.0,341.0643,72.0,9.0,,3.0,,-7.0,10.0,,,,0.3410041841004184,-3.86,-58.0,https://www.screener.in/company/PRAENG/consolidated/,2026-08-01T22:43:49.792457+00:00
PRAJIND.NS,2529,consolidated,2026-03-31,53.1127,46.3,49.2762,45.3,42.3992,41.05,-4.0,-24.0,-13.0,-56.0,-4.0,14.0,-53.64346708454988,-21.71037432364947,-11.92832904897828,0.1321619556913674,1.48,4.9,https://www.screener.in/company/PRAJIND/consolidated/,2026-08-01T22:43:49.792457+00:00
PRAKASH.NS,2532,consolidated,2018-03-31,6.4471,6.5,4.8728,5.5,4.0019,3.1,,,,,9.0,13.0,,,,0.2989766081871345,14.1,20.0,https://www.screener.in/company/PRAKASH/consolidated/,2026-08-01T22:43:49.792457+00:00
PRAKASHSTL.NS,2533,consolidated,2016-03-31,1.4333,1.4,1.4333,1.4,1.4333,1.4,,,,,19.0,10.0,,,,1.8288288288288288,-45.1,-7.0,https://www.screener.in/company/PRAKASHSTL/consolidated/,2026-08-01T22:43:49.792457+00:00
PRAVEG.NS,1269913,consolidated,2026-03-31,89.4726,99.2,60.6579,32.9,49.7735,24.4,42.0,,,,21.0,,,,,0.3786191536748329,-2.51,24.0,https://www.screener.in/company/PRAVEG/consolidated/,2026-08-01T22:43:49.792457+00:00
PRECAM.NS,1273237,consolidated,2026-03-31,64.5439,56.4,65.8365,54.9,48.8078,37.1,-11.0,63.0,-9.0,-19.0,6.0,0.0,3.5034754615193453,86.39596365956758,-2.903052857457289,0.0645933014354067,3.03,9.0,https://www.screener.in/company/PRECAM/consolidated/,2026-08-01T22:43:49.792457+00:00
PRECOT.NS,2546,consolidated,2026-03-31,17.8948,15.9,13.1565,12.1,15.288,12.5,-2.0,2.0,11.0,48.0,23.0,32.0,,1.7035265003552569,,0.7214137214137214,7.72,13.0,https://www.screener.in/company/PRECOT/consolidated/,2026-08-01T22:43:49.792457+00:00
PRECWIRE.NS,2545,consolidated,2016-03-31,198.1694,175.5,143.2751,130.7,84.168,39.75,,,,,65.0,39.0,,,,0.1435897435897435,8.88,6.0,https://www.screener.in/company/PRECWIRE/consolidated/,2026-08-01T22:43:49.792457+00:00
PREMCO.NS,2547,consolidated,2026-03-31,14.7287,14.4,12.8966,13.9,13.0881,13.9,0.0,-13.0,-6.0,-4.0,-5.0,-5.0,-14.026354137122189,-15.502516370687358,-7.179305283511683,0.1779990044798407,6.52,9.97,https://www.screener.in/company/PREMCO/consolidated/,2026-08-01T22:43:49.792457+00:00
PREMEXPLN.NS,2550,consolidated,2026-03-31,82.9408,77.9,88.836,83.6,65.3133,61.85,24.0,95.0,22.0,90.0,69.0,25.0,88.10913009102752,,20.87123583047599,0.1107266435986159,18.6,10.0,https://www.screener.in/company/PREMEXPLN/consolidated/,2026-08-01T22:43:49.792457+00:00
PREMIERENE.NS,1284943,consolidated,2026-03-31,50.605,44.25,50.605,44.25,50.605,44.25,76.0,133.0,,370.0,,,,104.14629010355476,,0.8606918969120038,42.4,30.0,https://www.screener.in/company/PREMIERENE/consolidated/,2026-08-01T22:43:49.792457+00:00
PRESTIGE.NS,2558,consolidated,2026-03-31,70.5433,59.6,57.136,43.6,44.2109,33.9,15.0,21.0,9.0,18.0,34.0,24.0,5.725272941999937,-16.74707834118543,5.494517964052537,1.085171756897929,7.53,28.0,https://www.screener.in/company/PRESTIGE/consolidated/,2026-08-01T22:43:49.792457+00:00
PRICOLLTD.NS,1273637,consolidated,2026-03-31,35.0962,34.7,32.4544,33.2,42.9241,33.8,27.0,40.0,,28.0,48.0,,26.237943866499823,43.34854549448679,,0.3019920318725099,21.8,12.0,https://www.screener.in/company/PRICOLLTD/consolidated/,2026-08-01T22:43:49.792457+00:00
PRIMESECU.NS,2567,consolidated,2026-03-31,35.0898,31.0,32.1077,29.8,22.5318,21.05,43.0,3.0,-6.0,-1.0,20.0,37.0,3.892742083999856,4.590925589065509,-3.179639893626396,0.0078125,4.09,10.0,https://www.screener.in/company/PRIMESECU/consolidated/,2026-08-01T22:43:49.792457+00:00
PRIMO.NS,2597,consolidated,2026-03-31,56.5029,42.9,42.003,33.1,42.003,33.1,-7.0,15.0,,-52.0,1.0,22.0,-51.92501432308638,3.517300006217261,,0.3226600985221675,3.89,12.0,https://www.screener.in/company/PRIMO/consolidated/,2026-08-01T22:43:49.792457+00:00
PRIVISCL.NS,64,consolidated,2026-03-31,60.8748,48.0,66.4121,54.7,45.0065,40.9,17.0,27.0,,144.0,15.0,28.0,145.23364875155457,22.88064022398373,,0.7230878186968839,26.0,25.0,https://www.screener.in/company/PRIVISCL/consolidated/,2026-08-01T22:43:49.792457+00:00
PROSTARM.NS,1285466,consolidated,2026-03-31,29.1775,27.4,29.1775,27.4,29.1775,27.4,19.0,,,18.0,,,6.379753958195522,,,0.3240418118466899,16.9,12.0,https://www.screener.in/company/PROSTARM/consolidated/,2026-08-01T22:43:49.792457+00:00
PROTEAN.NS,1284559,consolidated,2026-03-31,49.2282,42.8,49.2282,42.8,49.2282,42.8,10.0,3.0,,-1.0,,,-2.188326739606572,1.5026561325790055,,0.0807050092764378,10.0,12.0,https://www.screener.in/company/PROTEAN/consolidated/,2026-08-01T22:43:49.792457+00:00
PROZONER.NS,124090,consolidated,2026-03-31,46.7484,38.95,56.1675,28.9,264.4921,83.0,4.0,19.0,4.0,-24.0,5.0,5.0,-25.01115739379748,,3.845021423655592,1.4398249452954048,2.31,39.0,https://www.screener.in/company/PROZONER/consolidated/,2026-08-01T22:43:49.792457+00:00
PRSMJOHNSN.NS,2569,consolidated,2026-03-31,121.1135,106.1,71.4676,67.9,73.414,67.25,0.0,,,5.0,-5.0,0.0,,-15.670831712024937,37.5060083588689,1.0975130890052356,-5.41,9.0,https://www.screener.in/company/PRSMJOHNSN/consolidated/,2026-08-01T22:43:49.792457+00:00
PRUDENT.NS,1275224,consolidated,2026-03-31,51.7917,51.3,44.5323,45.05,44.5323,45.05,30.0,37.0,,24.0,,,23.924051265583746,-34.30486481723823,,0.0385050962627406,28.6,24.0,https://www.screener.in/company/PRUDENT/consolidated/,2026-08-01T22:43:49.792457+00:00
PSPPROJECT.NS,1274075,consolidated,2026-03-31,44.3644,27.5,32.251,19.3,27.2992,20.0,18.0,-7.0,9.0,-25.0,16.0,,-27.424831619794286,-9.16065673133717,-15.021217810485188,0.2610759493670886,4.55,6.0,https://www.screener.in/company/PSPPROJECT/consolidated/,2026-08-01T22:43:49.792457+00:00
PTC.NS,2589,consolidated,2026-03-31,10.107,9.3,8.4644,8.0,7.6303,7.2,2.0,6.0,7.0,11.0,12.0,9.0,10.778728602886623,6.179649064469128,6.499584434344174,0.2957699381374352,10.3,5.0,https://www.screener.in/company/PTC/consolidated/,2026-08-01T22:43:49.792457+00:00
PTCIL.NS,1270757,consolidated,2026-03-31,360.2427,361.2,296.1421,273.7,193.6685,170.3,40.0,101.0,32.0,58.0,75.0,69.0,51.99792348632064,82.78536559228473,28.496296729993677,0.1731917717319177,7.02,22.0,https://www.screener.in/company/PTCIL/consolidated/,2026-08-01T22:43:49.792457+00:00
PTL.NS,2590,consolidated,2016-03-31,11.9439,11.7,10.7391,11.3,8.5628,8.2,20.0,23.0,22.0,41.0,8.0,5.0,38.672254870126935,23.445550092271294,22.556004211568027,0.0874035989717223,9.74,19.0,https://www.screener.in/company/PTL/consolidated/,2026-08-01T22:43:49.792457+00:00
PUNJABCHEM.NS,2598,consolidated,2026-03-31,27.3325,26.8,24.7697,23.6,30.538,28.7,1.0,6.0,24.0,2.0,-4.0,20.0,1.534951378396876,5.436358603559777,17.022915155296236,0.3640661938534279,16.6,12.0,https://www.screener.in/company/PUNJABCHEM/consolidated/,2026-08-01T22:43:49.792457+00:00
PURVA.NS,2602,consolidated,2026-03-31,150.7044,136.9,96.2483,82.95,52.628,18.4,45.0,78.0,-2.0,3.0,13.0,16.0,-1.327056702700835,,-2.570003868868964,3.129194630872483,3.62,18.0,https://www.screener.in/company/PURVA/consolidated/,2026-08-01T22:43:49.792457+00:00
PVP.NS,2603,consolidated,2026-03-31,2.3745,2.4,3.7534,2.45,10.751,13.3,-20.0,14.0,5.0,,37.0,20.0,,,,1.1750446776336894,-2.35,20.69,https://www.screener.in/company/PVP/consolidated/,2026-08-01T22:43:49.792457+00:00
PVRINOX.NS,2604,consolidated,2026-03-31,90.9923,126.55,90.9923,126.55,66.4312,56.2,21.0,18.0,9.0,39.0,-4.0,0.0,,,5.679843674091245,0.9188126863648686,3.28,32.0,https://www.screener.in/company/PVRINOX/consolidated/,2026-08-01T22:43:49.792457+00:00
PVSL.NS,1284714,consolidated,2026-03-31,17.9968,20.2,17.9968,20.2,17.9968,20.2,9.0,,,,,,,,,2.238853503184713,-0.61,2.9,https://www.screener.in/company/PVSL/consolidated/,2026-08-01T22:43:49.792457+00:00
QMSMEDI.NS,1275311,consolidated,2026-03-31,18.5826,18.2,18.5826,18.2,18.5826,18.2,,,,,,,,,,0.6538461538461539,10.4,15.0,https://www.screener.in/company/QMSMEDI/consolidated/,2026-08-01T22:43:49.792457+00:00
QUESS.NS,1273420,consolidated,2026-03-31,18.7713,18.4,27.0556,18.2,26.3262,19.4,-4.0,38.0,11.0,7.0,-5.0,1.0,-0.6649132793771995,30.505725945274342,7.545309694821234,0.1063464837049742,20.4,2.1,https://www.screener.in/company/QUESS/consolidated/,2026-08-01T22:43:49.792457+00:00
QUINT.NS,1273160,consolidated,2026-03-31,776.5125,779.9,776.5125,779.9,776.5125,779.9,3.0,13.0,,20.0,-26.0,,,,,0.4092307692307692,-2.47,-12.0,https://www.screener.in/company/QUINT/consolidated/,2026-08-01T22:43:49.792457+00:00
RACE.NS,762687,consolidated,2026-03-31,291.1552,297.8,291.1552,297.8,291.1552,297.8,32.0,,,73.0,-13.0,27.0,70.56358875406026,,,1.2162162162162162,9.28,2.3,https://www.screener.in/company/RACE/consolidated/,2026-08-01T22:43:49.792457+00:00
RACLGEAR.NS,2695,consolidated,2026-03-31,34.1089,32.9,30.6843,30.7,25.251,28.2,11.0,16.0,,10.0,18.0,45.0,6.14328950047669,13.762734585893032,,0.6704545454545454,17.0,22.0,https://www.screener.in/company/RACLGEAR/consolidated/,2026-08-01T22:43:49.792457+00:00
RADAAN.NS,2617,consolidated,2026-03-31,9.925,9.15,9.925,9.15,11.6097,10.4,-23.0,6.0,,,32.0,5.0,,,,,,-77.04,https://www.screener.in/company/RADAAN/consolidated/,2026-08-01T22:43:49.792457+00:00
RADIANTCMS.NS,1275390,consolidated,2026-03-31,15.2566,14.5,15.2566,14.5,15.2566,14.5,7.0,,,-18.0,,,-19.916470465098868,,,0.697841726618705,12.5,11.0,https://www.screener.in/company/RADIANTCMS/consolidated/,2026-08-01T22:43:49.792457+00:00
RADICO.NS,2620,consolidated,2026-03-31,90.7803,91.6,76.0142,78.2,58.2348,52.6,24.0,17.0,23.0,41.0,37.0,47.0,39.91623679686147,16.817710621276348,22.628762420494983,0.1501809408926417,20.3,18.0,https://www.screener.in/company/RADICO/consolidated/,2026-08-01T22:43:49.792457+00:00
RAILTEL.NS,1274834,consolidated,2023-09-30,61.0363,60.7,45.1176,49.1,43.5336,44.6,20.0,4.0,,3.0,15.0,,10.209967105743845,3.664495485284736,,0.0278583865351131,12.0,16.0,https://www.screener.in/company/RAILTEL/consolidated/,2026-08-01T22:43:49.792457+00:00
RAIN.NS,2625,consolidated,2025-12-31,16.0,18.1,9.3205,7.4,10.313,8.6,-7.0,-40.0,-18.0,-69.0,-2.0,19.0,-69.11527313291235,-40.28925478174688,-18.38599021407997,1.3188347429185123,0.6,14.0,https://www.screener.in/company/RAIN/consolidated/,2026-08-01T22:43:49.792457+00:00
RAINBOW.NS,1275218,consolidated,2026-03-31,56.9548,57.1,54.4751,53.5,54.4751,53.5,13.0,44.0,31.0,6.0,,,9.67425393152994,24.6642228768698,4.164616440589852,0.5403274711946634,15.9,32.0,https://www.screener.in/company/RAINBOW/consolidated/,2026-08-01T22:43:49.792457+00:00
RAJPALAYAM.NS,2634,consolidated,2026-03-31,23.0015,19.85,15.6812,9.35,11.3688,7.1,3.0,2.0,1.0,14.0,-7.0,6.0,11.77764563978212,2.433639985315184,1.0770274370705213,0.471993410214168,4.79,13.0,https://www.screener.in/company/RAJPALAYAM/consolidated/,2026-08-01T22:43:49.792457+00:00
RAJRATAN.NS,2647,consolidated,2026-03-31,37.8618,37.0,35.7594,35.0,24.9962,23.0,9.0,6.0,16.0,-11.0,-1.0,30.0,-11.196737244048428,5.713973921250481,15.60187198508758,0.4984615384615384,11.5,12.0,https://www.screener.in/company/RAJRATAN/consolidated/,2026-08-01T22:43:49.792457+00:00
RAJSREESUG.NS,2648,consolidated,2018-03-31,5.4732,5.2,4.8238,4.4,3.8397,3.6,-8.0,38.0,15.0,34.0,1.0,-8.0,,32.34653749096032,,3.49618320610687,22.3,6.0,https://www.screener.in/company/RAJSREESUG/consolidated/,2026-08-01T22:43:49.792457+00:00
RALLIS.NS,2650,consolidated,2022-03-31,33.7656,32.5,30.8452,29.0,27.3521,26.85,9.0,-2.0,4.0,1.0,-7.0,0.0,1.843165373757083,-11.216920823235975,5.166453132559878,0.0548349056603773,9.61,11.0,https://www.screener.in/company/RALLIS/consolidated/,2026-08-01T22:43:49.792457+00:00
RAMCOCEM.NS,1947,consolidated,2026-03-31,102.4721,82.75,75.3012,63.3,51.8048,30.8,3.0,-48.0,-25.0,-54.0,-4.0,6.0,30.484148655082333,-2.300950335470764,2.5891860766245944,0.4782554978996787,0.38,16.0,https://www.screener.in/company/RAMCOCEM/consolidated/,2026-08-01T22:43:49.792457+00:00
RAMCOIND.NS,2659,consolidated,2026-03-31,15.0879,15.2,12.3061,11.3,11.1241,10.3,7.0,1.0,5.0,34.0,0.0,10.0,35.17376718693897,1.863333374053888,4.733517608532245,0.0378151260504201,6.75,13.0,https://www.screener.in/company/RAMCOIND/consolidated/,2026-08-01T22:43:49.792457+00:00
RAMCOSYS.NS,2660,consolidated,2026-03-31,101.3462,41.9,157.9493,45.8,84.0848,50.8,13.0,2.0,10.0,32.0,2.0,1.0,,-9.262362862984086,3.3298334246199657,0.1228571428571428,18.1,22.0,https://www.screener.in/company/RAMCOSYS/consolidated/,2026-08-01T22:43:49.792457+00:00
RAMKY.NS,2663,consolidated,2026-03-31,17.5217,16.9,17.9279,16.2,20.274,18.35,3.0,68.0,22.0,45.0,15.0,16.0,-38.0598236304802,69.13497642015307,,0.2733580018501387,11.1,12.0,https://www.screener.in/company/RAMKY/consolidated/,2026-08-01T22:43:49.792457+00:00
RAMRAT.NS,2652,consolidated,2026-03-31,35.6019,34.7,26.9747,28.0,22.6591,19.0,25.0,49.0,28.0,35.0,64.0,44.0,31.018034691334726,46.66799080646648,26.53588065344288,1.1637931034482758,20.6,5.0,https://www.screener.in/company/RAMRAT/consolidated/,2026-08-01T22:43:49.792457+00:00
RANEHOLDIN.NS,2673,consolidated,2026-03-31,27.7136,24.55,32.6435,26.8,25.6926,20.4,19.0,26.0,3.0,4.0,18.0,10.0,16.271638026258174,,4.092509156633128,0.8847487001733102,7.0,7.0,https://www.screener.in/company/RANEHOLDIN/consolidated/,2026-08-01T22:43:49.792457+00:00
RATEGAIN.NS,1275119,consolidated,2026-03-31,47.9949,44.8,64.2234,56.7,64.2234,56.7,48.0,55.0,,49.0,,,37.629705639482495,,,0.4730807577268195,12.0,19.0,https://www.screener.in/company/RATEGAIN/consolidated/,2026-08-01T22:43:49.792457+00:00
RATNAMANI.NS,2693,consolidated,2026-03-31,35.0573,35.4,35.0192,35.4,29.8052,31.2,0.0,12.0,11.0,-1.0,10.0,21.0,-1.8558213413266245,11.827265677181376,11.310469449746297,0.0773534419849185,12.6,17.0,https://www.screener.in/company/RATNAMANI/consolidated/,2026-08-01T22:43:49.792457+00:00
RATNAVEER.NS,1284470,consolidated,2026-03-31,17.4281,17.4,17.4281,17.4,17.4281,17.4,,,,,,,,,,0.5007473841554559,9.61,10.0,https://www.screener.in/company/RATNAVEER/consolidated/,2026-08-01T22:43:49.792457+00:00
RAYMOND.NS,2701,consolidated,2026-03-31,27.4892,16.4,21.1663,10.6,16.1287,6.95,-35.0,85.0,49.0,109.0,43.0,19.0,116.14557890454762,,50.10581866462434,0.3709563994374121,168.0,10.0,https://www.screener.in/company/RAYMOND/consolidated/,2026-08-01T22:43:49.792457+00:00
RAYMONDLSL.NS,1284974,consolidated,2026-03-31,69.6766,74.0,69.6766,74.0,69.6766,74.0,,,,,,,,,,0.2268576172685761,1.14,10.0,https://www.screener.in/company/RAYMONDLSL/consolidated/,2026-08-01T22:43:49.792457+00:00
RAYMONDREL.NS,1285527,consolidated,2026-03-31,13.8694,13.8,13.8694,13.8,13.8694,13.8,,,,,,,,,,0.6466836734693877,36.3,15.0,https://www.screener.in/company/RAYMONDREL/consolidated/,2026-08-01T22:43:49.792457+00:00
RBLBANK.NS,1273471,consolidated,2026-03-31,18.0395,13.6,16.6346,13.3,23.3434,20.7,14.0,11.0,,-2.0,15.0,,-2.495480692626295,9.948995287908556,,,5.46,,https://www.screener.in/company/RBLBANK/consolidated/,2026-08-01T22:43:49.792457+00:00
RCF.NS,2684,consolidated,2026-03-31,32.7478,29.0,22.741,18.5,23.1981,21.85,-5.0,1.0,9.0,-24.0,8.0,10.0,-23.80569122277204,2.1735522254036743,9.73824934242822,0.8059351815696993,8.02,5.0,https://www.screener.in/company/RCF/consolidated/,2026-08-01T22:43:49.792457+00:00
RECLTD.NS,2809,consolidated,2026-03-31,7.3873,6.7,5.6107,5.5,5.168,4.8,15.0,14.0,11.0,13.0,26.0,17.0,13.451681180742758,14.245783638349252,11.1027046275032,,20.0,,https://www.screener.in/company/RECLTD/consolidated/,2026-08-01T22:43:49.792457+00:00
REDINGTON.NS,2708,consolidated,2026-03-31,13.6229,13.5,12.1816,12.2,10.8713,10.2,15.0,16.0,14.0,5.0,14.0,20.0,2.267678827806785,14.370175593458123,13.653994123995972,0.2797244094488189,16.9,2.0,https://www.screener.in/company/REDINGTON/consolidated/,2026-08-01T22:43:49.792457+00:00
REDTAPE.NS,1284457,consolidated,2026-03-31,48.5559,45.7,48.5559,45.7,48.5559,45.7,18.0,,,19.0,,,19.17505962267434,,,0.7045009784735812,26.6,14.0,https://www.screener.in/company/REDTAPE/consolidated/,2026-08-01T22:43:49.792457+00:00
REFEX.NS,2709,consolidated,2026-03-31,25.8682,23.4,21.0544,17.3,29.1179,14.9,12.0,43.0,46.0,28.0,60.0,61.0,12.172474785303544,36.21728633783741,48.198913803656126,0.1496010638297872,17.8,15.0,https://www.screener.in/company/REFEX/consolidated/,2026-08-01T22:43:49.792457+00:00
RELIABLE.NS,1274172,consolidated,2026-03-31,13.8575,13.7,14.6603,14.6,11.683,11.3,36.0,33.0,19.0,20.0,40.0,,20.103326108839735,32.880113860839245,-4.660748726220321,0.352112676056338,10.8,9.0,https://www.screener.in/company/RELIABLE/consolidated/,2026-08-01T22:43:49.792457+00:00
RELIANCE.NS,2726,consolidated,2026-03-31,26.1064,25.6,25.9034,25.4,23.0274,24.1,6.0,12.0,10.0,5.0,6.0,19.0,6.589457931694653,9.024969640412303,10.7455072906665,0.4457396325343185,8.91,16.0,https://www.screener.in/company/RELIANCE/consolidated/,2026-08-01T22:43:49.792457+00:00
RELIGARE.NS,2731,consolidated,2026-03-31,90.6479,72.8,90.6479,72.8,90.231,72.8,22.0,17.0,12.0,71.0,8.0,0.0,-69.96690385457482,,,0.1695323246217331,3.17,1.6,https://www.screener.in/company/RELIGARE/consolidated/,2026-08-01T22:43:49.792457+00:00
RELTD.NS,2699,consolidated,2026-03-31,71.6589,53.2,54.3845,42.2,47.6435,39.0,29.0,72.0,31.0,73.0,27.0,18.0,58.61030946830119,59.04018915363023,,1.1867612293144207,21.2,24.0,https://www.screener.in/company/RELTD/consolidated/,2026-08-01T22:43:49.792457+00:00
REMSONSIND.NS,2739,consolidated,2026-03-31,33.6567,33.2,31.0188,31.6,31.4872,31.85,14.0,47.0,,30.0,12.0,24.0,20.917004505005355,26.965586001323015,,0.6577181208053692,13.5,11.0,https://www.screener.in/company/REMSONSIND/consolidated/,2026-08-01T22:43:49.792457+00:00
RENUKA.NS,3018,consolidated,2026-03-31,0.7788,0.8,0.7788,0.8,0.7788,0.8,1.0,,5.0,,-7.0,2.0,,,,,,0.2,https://www.screener.in/company/RENUKA/consolidated/,2026-08-01T22:43:49.792457+00:00
REPCOHOME.NS,353946,consolidated,2026-03-31,6.2522,5.8,6.1019,6.1,10.2979,7.0,12.0,10.0,12.0,15.0,2.0,-7.0,14.546843584211189,9.627911093040332,11.925541261205574,,12.7,,https://www.screener.in/company/REPCOHOME/consolidated/,2026-08-01T22:43:49.792457+00:00
REPRO.NS,2741,consolidated,2026-03-31,116.7674,86.55,92.0919,81.7,66.9512,41.0,5.0,10.0,-11.0,,1.0,-2.0,,,,0.5329512893982808,-4.42,7.0,https://www.screener.in/company/REPRO/consolidated/,2026-08-01T22:43:49.792457+00:00
RESPONIND.NS,2743,consolidated,2026-03-31,45.9242,35.4,70.0731,41.45,105.2584,101.2,13.0,13.0,23.0,82.0,5.0,8.0,82.92424348866778,29.83017711919245,23.40553189819414,0.1250801796023091,10.3,17.0,https://www.screener.in/company/RESPONIND/consolidated/,2026-08-01T22:43:49.792457+00:00
RGL.NS,2740,consolidated,2026-03-31,15.5917,14.9,14.605,14.1,11.7902,10.4,8.0,19.0,8.0,4.0,-3.0,16.0,-3.0955591590766,13.26869304346172,5.3757205254306495,0.4250663129973475,6.88,7.0,https://www.screener.in/company/RGL/consolidated/,2026-08-01T22:43:49.792457+00:00
RHIM.NS,2357,consolidated,2026-03-31,64.2013,59.1,52.6966,50.0,44.3555,37.7,14.0,-4.0,,-26.0,1.0,15.0,,,,0.1258073574838528,2.91,11.0,https://www.screener.in/company/RHIM/consolidated/,2026-08-01T22:43:49.792457+00:00
RICOAUTO.NS,2754,consolidated,2026-03-31,33.5955,32.7,30.2696,29.15,24.2856,22.45,2.0,49.0,6.0,5.0,20.0,10.0,1.002801619226923,,5.517679985175428,0.9333333333333332,7.49,9.0,https://www.screener.in/company/RICOAUTO/consolidated/,2026-08-01T22:43:49.792457+00:00
RIIL.NS,2725,consolidated,2026-03-31,120.1236,119.2,134.6939,127.5,96.8466,89.05,-13.0,5.0,-1.0,4.0,1.0,6.0,-10.984959808091189,5.1401179263274255,-2.8387924322166302,0.0,2.65,-21.0,https://www.screener.in/company/RIIL/consolidated/,2026-08-01T22:43:49.792457+00:00
RIR.NS,2812,consolidated,2026-03-31,194.4013,181.2,153.7616,153.0,153.7616,153.0,17.0,40.0,,6.0,93.0,51.0,5.155949599222054,39.39566877351219,,0.0994407800401491,5.61,11.22,https://www.screener.in/company/RIR/consolidated/,2026-08-01T22:43:49.792457+00:00
RISHABH.NS,1284471,consolidated,2026-03-31,38.2868,35.6,38.2868,35.6,38.2868,35.6,11.0,19.0,,20.0,,,9.725191277360224,-2.2921737268520537,,0.1087248322147651,12.0,16.0,https://www.screener.in/company/RISHABH/consolidated/,2026-08-01T22:43:49.792457+00:00
RITCO.NS,1274624,consolidated,2026-03-31,20.7694,20.4,20.7204,20.2,20.7204,20.2,26.0,,,14.0,58.0,,8.030579676347372,,,1.2986301369863014,10.5,7.0,https://www.screener.in/company/RITCO/consolidated/,2026-08-01T22:43:49.792457+00:00
RITES.NS,1274374,consolidated,2026-03-31,30.3701,30.6,23.9536,24.3,19.9329,15.6,-3.0,-1.0,2.0,-9.0,9.0,,-8.85848213610052,-1.043785741671377,-4.511327103783569,0.0026099925428784,15.4,23.0,https://www.screener.in/company/RITES/consolidated/,2026-08-01T22:43:49.792457+00:00
RKEC.NS,1274165,consolidated,2025-09-30,10.6363,9.8,12.5506,11.2,10.322,9.0,26.0,-12.0,,41.0,-23.0,,41.13779951726326,-6.902840634594387,,0.9090909090909092,11.2,12.0,https://www.screener.in/company/RKEC/consolidated/,2026-08-01T22:43:49.792457+00:00
RKFORGE.NS,2662,consolidated,2026-03-31,53.5783,43.1,40.7946,37.6,50.8681,32.2,10.0,31.0,4.0,-31.0,29.0,23.0,-36.62736096232092,25.083918255703463,0.3615157954262704,0.7443768996960486,2.56,16.0,https://www.screener.in/company/RKFORGE/consolidated/,2026-08-01T22:43:49.792457+00:00
RKSWAMY.NS,1284701,consolidated,2026-03-31,29.7976,29.7,29.7976,29.7,29.7976,29.7,5.0,53.0,,-8.0,,,-60.360173086488345,,,0.1628787878787878,9.48,13.0,https://www.screener.in/company/RKSWAMY/consolidated/,2026-08-01T22:43:49.792457+00:00
RMC.NS,1273659,consolidated,2026-03-31,57.8732,41.6,44.6104,35.5,35.7848,15.4,47.0,,,24.0,71.0,,23.127650029855552,50.34824774236277,,0.8015267175572519,19.0,12.0,https://www.screener.in/company/RMC/consolidated/,2026-08-01T22:43:49.792457+00:00
RMDRIP.NS,1274154,consolidated,2026-03-31,63.6225,67.9,63.6225,67.9,63.6225,67.9,,,,,72.0,,,,,0.4864864864864865,36.6,27.0,https://www.screener.in/company/RMDRIP/consolidated/,2026-08-01T22:43:49.792457+00:00
RML.NS,2670,consolidated,2026-03-31,24.0631,24.6,25.1495,25.65,35.937,28.65,18.0,30.0,22.0,47.0,20.0,12.0,28.194309909346728,,12.430745306508118,1.0013315579227695,15.4,9.0,https://www.screener.in/company/RML/consolidated/,2026-08-01T22:43:49.792457+00:00
RNBDENIMS.NS,814192,consolidated,2026-03-31,26.6051,27.1,22.2797,23.2,21.4532,20.9,21.0,18.0,,13.0,3.0,25.0,9.020915883178194,18.725674091213417,,0.37,9.9,9.0,https://www.screener.in/company/RNBDENIMS/consolidated/,2026-08-01T22:43:49.792457+00:00
ROHLTD.NS,2788,consolidated,2026-03-31,22.4548,21.6,24.6676,22.25,30.9974,22.15,13.0,26.0,35.0,-13.0,31.0,15.0,-11.892821078973515,,,2.484496124031008,12.7,23.0,https://www.screener.in/company/ROHLTD/consolidated/,2026-08-01T22:43:49.792457+00:00
ROSSARI.NS,1274766,consolidated,2026-03-31,29.4357,29.2,39.3069,34.9,42.7914,37.0,13.0,11.0,,8.0,-18.0,,11.470340715168792,11.761911622765297,,0.3270817704426106,10.8,12.0,https://www.screener.in/company/ROSSARI/consolidated/,2026-08-01T22:43:49.792457+00:00
ROSSELLIND.NS,2783,consolidated,2024-03-31,23.8777,19.0,27.4866,15.2,221.6774,20.0,4.0,,-3.0,-28.0,0.0,7.0,-27.771584824375594,,-3.992469530833409,0.6531986531986532,4.5,10.0,https://www.screener.in/company/ROSSELLIND/consolidated/,2026-08-01T22:43:49.792457+00:00
ROSSTECH.NS,1285189,consolidated,2026-03-31,99.7693,123.5,99.7693,123.5,99.7693,123.5,,,,,,,,,,2.638709677419355,15.7,13.0,https://www.screener.in/company/ROSSTECH/consolidated/,2026-08-01T22:43:49.792457+00:00
ROTO.NS,2785,consolidated,2026-03-31,41.1694,40.3,34.9245,33.4,36.8308,28.4,8.0,6.0,44.0,-9.0,30.0,31.0,-9.201693391492082,5.761407093071713,45.886466055611685,0.1333333333333333,10.7,18.0,https://www.screener.in/company/ROTO/consolidated/,2026-08-01T22:43:49.792457+00:00
ROUTE.NS,1274784,consolidated,2026-03-31,20.8752,22.0,32.2356,27.4,40.2565,28.6,7.0,19.0,18.0,0.0,-23.0,,-10.192912780162676,10.432542053304106,1.9197338255319665,0.0151624548736462,12.5,12.0,https://www.screener.in/company/ROUTE/consolidated/,2026-08-01T22:43:49.792457+00:00
RPEL.NS,1273330,consolidated,2026-03-31,82.2338,83.5,70.0402,68.6,69.004,65.7,23.0,42.0,,28.0,45.0,62.0,29.64066678987678,41.56536284140451,,0.0204081632653061,24.3,30.0,https://www.screener.in/company/RPEL/consolidated/,2026-08-01T22:43:49.792457+00:00
RPGLIFE.NS,2790,consolidated,2026-03-31,31.8,31.8,31.8,31.8,31.8,31.8,,,,,41.0,21.0,,,,0.0330578512396694,19.3,21.0,https://www.screener.in/company/RPGLIFE/consolidated/,2026-08-01T22:43:49.792457+00:00
RPOWER.NS,2729,consolidated,2026-03-31,41.9074,41.2,29.66,32.35,15.9348,12.15,0.0,,,24.0,12.0,-8.0,,,,0.923441396508728,-0.9,31.0,https://www.screener.in/company/RPOWER/consolidated/,2026-08-01T22:43:49.792457+00:00
RPPINFRA.NS,2791,consolidated,2026-03-31,11.8045,9.6,14.8786,10.05,19.0018,13.1,13.0,-10.0,-6.0,-30.0,-2.0,-8.0,-42.27921633678402,-18.217293206394068,-11.858276376426137,0.1962616822429906,1.74,0.1,https://www.screener.in/company/RPPINFRA/consolidated/,2026-08-01T22:43:49.792457+00:00
RPPL.NS,1274559,consolidated,2026-03-31,23.8382,27.6,22.7923,24.1,22.7923,24.1,10.0,,,17.0,-4.0,,14.389306993108498,,,0.6833333333333333,10.1,13.0,https://www.screener.in/company/RPPL/consolidated/,2026-08-01T22:43:49.792457+00:00
RPSGVENT.NS,1274616,consolidated,2026-03-31,26.1447,29.9,25.5257,24.7,25.5257,24.7,16.0,-20.0,,3.0,5.0,,,,,3.2893056664006384,-5.35,14.0,https://www.screener.in/company/RPSGVENT/consolidated/,2026-08-01T22:43:49.792457+00:00
RPTECH.NS,1284661,consolidated,2026-03-31,12.0636,10.45,12.0636,10.45,12.0636,10.45,19.0,16.0,,31.0,,,,,,0.4893827160493827,14.7,2.9,https://www.screener.in/company/RPTECH/consolidated/,2026-08-01T22:43:49.792457+00:00
RRIL.NS,3173,consolidated,2026-03-31,33.5924,31.8,39.5253,31.3,41.9717,31.35,-8.0,57.0,,-14.0,6.0,5.0,-14.20225339003196,43.096908110525554,,0.1578947368421052,7.91,9.0,https://www.screener.in/company/RRIL/consolidated/,2026-08-01T22:43:49.792457+00:00
RRKABEL.NS,1284488,consolidated,2026-03-31,49.58,49.55,49.58,49.55,49.58,49.55,20.0,31.0,,39.0,,,29.931885166802896,-5.120040399289493,,0.1308737864077669,21.3,9.0,https://www.screener.in/company/RRKABEL/consolidated/,2026-08-01T22:43:49.792457+00:00
RSDFIN.NS,1273353,consolidated,2026-03-31,10.2994,10.15,9.6314,9.4,8.5615,8.8,-27.0,13.0,3.0,5.0,26.0,,5.073168320340771,12.624723559913974,2.536142638579242,,5.96,,https://www.screener.in/company/RSDFIN/consolidated/,2026-08-01T22:43:49.792457+00:00
RSYSTEMS.NS,2612,consolidated,2025-12-31,33.5083,37.3,29.1536,26.4,22.4879,19.6,9.0,16.0,13.0,7.0,6.0,17.0,10.025396337673186,18.123015193169746,13.769037161970754,0.5176767676767676,24.4,16.0,https://www.screener.in/company/RSYSTEMS/consolidated/,2026-08-01T22:43:49.792457+00:00
RTNINDIA.NS,55705,consolidated,2026-03-31,30.5524,19.9,27.1427,17.6,27.1427,17.6,22.0,,0.0,,-13.0,24.0,,,,1.43359375,-19.6,-1.1,https://www.screener.in/company/RTNINDIA/consolidated/,2026-08-01T22:43:49.792457+00:00
RTNPOWER.NS,1433,consolidated,2026-03-31,51.6625,46.7,51.6625,46.7,51.6625,46.7,-3.0,16.0,8.0,27.0,4.0,-2.0,,,,0.8001293661060802,1.14,15.0,https://www.screener.in/company/RTNPOWER/consolidated/,2026-08-01T22:43:49.792457+00:00
RUBFILA.NS,2799,consolidated,2026-03-31,16.221,15.9,14.387,13.9,13.5021,13.1,10.0,-5.0,,1.0,-10.0,7.0,0.8299134664579322,-4.473674278672779,,0.0032258064516129,8.8,7.0,https://www.screener.in/company/RUBFILA/consolidated/,2026-08-01T22:43:49.792457+00:00
RUBICON.NS,1285734,consolidated,2026-03-31,70.1497,62.8,70.1497,62.8,70.1497,62.8,65.0,52.0,,155.0,,,,-24.39785740597341,,0.2412723041117145,27.0,23.0,https://www.screener.in/company/RUBICON/consolidated/,2026-08-01T22:43:49.792457+00:00
RUCHINFRA.NS,2802,consolidated,2026-03-31,60.3043,50.2,49.3419,22.0,49.3419,22.0,-2.0,31.0,14.0,96.0,-6.0,1.0,91.29311827723888,,,0.4066985645933014,4.91,36.0,https://www.screener.in/company/RUCHINFRA/consolidated/,2026-08-01T22:43:49.792457+00:00
RUPA.NS,2808,consolidated,2026-03-31,26.6943,23.9,24.1153,20.1,27.6751,23.3,3.0,-15.0,2.0,13.0,-21.0,-6.0,10.496718534726735,-16.17826428344662,0.9587653363202886,0.2420262664165103,7.36,9.0,https://www.screener.in/company/RUPA/consolidated/,2026-08-01T22:43:49.792457+00:00
RUSHIL.NS,2810,consolidated,2026-03-31,46.0516,45.6,46.0516,45.6,46.0516,45.6,,,,,-9.0,-5.0,,,,0.3993855606758832,1.05,8.0,https://www.screener.in/company/RUSHIL/consolidated/,2026-08-01T22:43:49.792457+00:00
RUSTOMJEE.NS,1275360,consolidated,2026-03-31,57.749,54.0,55.6881,52.3,55.6881,52.3,57.0,-24.0,,-1.0,,,-4.60714645388901,-27.42422854077341,,0.5183374083129584,2.8,4.6,https://www.screener.in/company/RUSTOMJEE/consolidated/,2026-08-01T22:43:49.792457+00:00
RVHL.NS,1274821,consolidated,2026-03-31,27.2877,28.7,27.1544,26.45,27.1544,26.45,84.0,64.0,,102.0,17.0,,99.08825920036168,,,0.0,16.2,83.0,https://www.screener.in/company/RVHL/consolidated/,2026-08-01T22:43:49.792457+00:00
RVNL.NS,1274649,consolidated,2026-03-31,52.721,56.4,35.131,35.8,26.178,9.9,0.0,-2.0,7.0,-13.0,50.0,,-13.279626234163976,-2.472191044052729,7.383661209548964,0.4905314599877825,9.02,3.8,https://www.screener.in/company/RVNL/consolidated/,2026-08-01T22:43:49.792457+00:00
RVTH.NS,1284989,consolidated,2026-03-31,19.4222,20.5,19.4222,20.5,19.4222,20.5,,22.0,,,,,,,,0.4857142857142857,10.5,13.0,https://www.screener.in/company/RVTH/consolidated/,2026-08-01T22:43:49.792457+00:00
S&SPOWER.NS,1268651,consolidated,2026-03-31,98.2183,58.7,98.2183,58.7,98.2183,58.7,24.0,52.0,14.0,75.0,70.0,,27.515291699564017,,2.707376525573779,0.4382022471910112,12.8,3.7,https://www.screener.in/company/S&SPOWER/consolidated/,2026-08-01T22:43:49.792457+00:00
SAATVIKGL.NS,1285664,consolidated,2026-03-31,15.4572,14.2,15.4572,14.2,15.4572,14.2,96.0,,,324.0,,,26.007048899601305,,,0.6899338721528288,42.4,12.0,https://www.screener.in/company/SAATVIKGL/consolidated/,2026-08-01T22:43:49.792457+00:00
SADBHAV.NS,2829,consolidated,2026-03-31,14.3222,14.7,14.3222,14.7,28.2105,37.5,-18.0,16.0,8.0,27.0,-34.0,-29.0,,,,,,55.0,https://www.screener.in/company/SADBHAV/consolidated/,2026-08-01T22:43:49.792457+00:00
SAFARI.NS,2832,consolidated,2026-03-31,62.4121,63.8,64.6004,64.05,66.5681,65.2,19.0,59.0,36.0,10.0,34.0,32.0,9.0681939939228,,33.74243160293724,0.1049327354260089,15.9,13.0,https://www.screener.in/company/SAFARI/consolidated/,2026-08-01T22:43:49.792457+00:00
SAGARDEEP.NS,1273358,consolidated,2026-03-31,59.2102,47.6,61.9521,54.5,77.9339,61.9,27.0,77.0,19.0,39.0,-20.0,,70.28211519222698,81.59898632803207,16.26765258603551,0.2571428571428571,7.54,2.3,https://www.screener.in/company/SAGARDEEP/consolidated/,2026-08-01T22:43:49.792457+00:00
SAGCEM.NS,2834,consolidated,2026-03-31,91.1276,34.7,61.9548,23.8,81.5099,31.55,6.0,,,,-10.0,4.0,,,,1.008860011813349,-1.05,9.0,https://www.screener.in/company/SAGCEM/consolidated/,2026-08-01T22:43:49.792457+00:00
SAGILITY.NS,1285143,consolidated,2026-03-31,43.4978,31.25,43.4978,31.25,43.4978,31.25,19.0,,,86.0,,,38.20846460022369,,,0.1150222590330262,10.6,24.0,https://www.screener.in/company/SAGILITY/consolidated/,2026-08-01T22:43:49.792457+00:00
SAIL.NS,3192,consolidated,2026-03-31,18.1624,17.5,13.4686,15.0,12.6978,13.7,2.0,-2.0,11.0,25.0,4.0,14.0,15.736536179165329,-4.038358404162956,,0.5289946318510172,6.43,12.0,https://www.screener.in/company/SAIL/consolidated/,2026-08-01T22:43:49.792457+00:00
SAILIFE.NS,1285187,consolidated,2026-03-31,65.5308,64.5,65.5308,64.5,65.5308,64.5,22.0,42.0,,226.0,,,,,,0.1159420289855072,15.4,29.0,https://www.screener.in/company/SAILIFE/consolidated/,2026-08-01T22:43:49.792457+00:00
SAIPARENT.NS,1285933,consolidated,2026-03-31,137.6561,162.1,137.6561,162.1,137.6561,162.1,58.0,,,48.0,,,-19.23050839471592,,,0.6782077393075356,4.88,10.0,https://www.screener.in/company/SAIPARENT/consolidated/,2026-08-01T22:43:49.792457+00:00
SAKAR.NS,1273532,consolidated,2026-03-31,50.0242,51.5,40.4651,39.8,39.9052,39.35,24.0,23.0,,34.0,34.0,,26.92541385660534,14.90340354620141,,0.1697530864197531,9.99,28.0,https://www.screener.in/company/SAKAR/consolidated/,2026-08-01T22:43:49.792457+00:00
SAKSOFT.NS,2845,consolidated,2026-03-31,26.7975,27.5,24.1582,21.3,17.1226,14.45,15.0,25.0,22.0,19.0,25.0,25.0,17.40632311285688,23.699321470116463,21.61517574471004,0.0564826700898587,19.6,19.0,https://www.screener.in/company/SAKSOFT/consolidated/,2026-08-01T22:43:49.792457+00:00
SALASAR.NS,1274104,consolidated,2026-03-31,54.3943,56.3,44.1996,41.1,30.1783,24.2,14.0,-10.0,5.0,-25.0,-4.0,,-26.319370027192267,-13.790298560197856,-7.581751849824303,0.5059952038369304,2.13,7.0,https://www.screener.in/company/SALASAR/consolidated/,2026-08-01T22:43:49.792457+00:00
SALZERELEC.NS,2852,consolidated,2026-03-31,24.5739,22.9,20.077,17.9,17.9191,15.7,19.0,21.0,,11.0,26.0,9.0,7.7697495445031795,18.450624414283133,,0.9021922428330524,9.32,8.0,https://www.screener.in/company/SALZERELEC/consolidated/,2026-08-01T22:43:49.792457+00:00
SAMBHAAV.NS,2856,consolidated,2026-03-31,107.6253,54.9,91.1267,53.9,54.6715,36.75,2.0,16.0,-22.0,28.0,14.0,2.0,,,-30.49410493759438,0.0605770381898718,0.29,12.67,https://www.screener.in/company/SAMBHAAV/consolidated/,2026-08-01T22:43:49.792457+00:00
SAMBHV.NS,1285511,consolidated,2026-03-31,33.4086,29.0,33.4086,29.0,33.4086,29.0,37.0,,,34.0,,,-45.66652017239959,,,0.3538899430740038,18.7,11.0,https://www.screener.in/company/SAMBHV/consolidated/,2026-08-01T22:43:49.792457+00:00
SAMHI.NS,1284485,consolidated,2026-03-31,52.2967,36.9,52.2967,36.9,52.2967,36.9,19.0,23.0,,47.0,,,,,,0.84967919340055,24.8,35.0,https://www.screener.in/company/SAMHI/consolidated/,2026-08-01T22:43:49.792457+00:00
SAMMAANCAP.NS,496506,consolidated,2026-03-31,9.685,9.6,9.2668,9.5,11.1568,10.0,-2.0,,,,-9.0,-14.0,,,,,-3.18,,https://www.screener.in/company/SAMMAANCAP/consolidated/,2026-08-01T22:43:49.792457+00:00
SAMPANN.NS,57205,consolidated,2026-03-31,51.6426,20.55,51.6426,20.55,51.6426,20.55,35.0,25.0,17.0,82.0,22.0,14.0,,,,2.0869565217391304,21.3,11.0,https://www.screener.in/company/SAMPANN/consolidated/,2026-08-01T22:43:49.792457+00:00
SANATHAN.NS,1285202,consolidated,2026-03-31,29.5417,27.0,29.5417,27.0,29.5417,27.0,5.0,,,-23.0,,,-24.43596163737335,,,0.8076923076923077,3.78,8.0,https://www.screener.in/company/SANATHAN/consolidated/,2026-08-01T22:43:49.792457+00:00
SANDESH.NS,2870,consolidated,2026-03-31,8.3312,7.0,7.582,6.6,7.6109,6.8,9.0,-5.0,-2.0,-12.0,2.0,1.0,-13.409426643405553,-6.0559177462892855,-1.9173926700206343,0.0,4.83,20.0,https://www.screener.in/company/SANDESH/consolidated/,2026-08-01T22:43:49.792457+00:00
SANDHAR.NS,1274309,consolidated,2026-03-31,24.2783,23.0,22.936,21.4,27.1131,22.9,19.0,29.0,19.0,41.0,16.0,,39.65215276857474,28.045813439950585,17.572777406320593,0.8612153038259565,16.2,9.0,https://www.screener.in/company/SANDHAR/consolidated/,2026-08-01T22:43:49.792457+00:00
SANDUMA.NS,2872,consolidated,2026-03-31,20.2414,17.4,17.3038,16.3,13.7058,14.1,34.0,,80.0,37.0,41.0,36.0,34.358986112736666,34.319595083742094,33.00135778975273,0.3070067609096497,23.0,24.0,https://www.screener.in/company/SANDUMA/consolidated/,2026-08-01T22:43:49.792457+00:00
SANGAMIND.NS,2874,consolidated,2026-03-31,38.4943,38.5,27.0008,22.3,22.3857,14.4,6.0,62.0,,-15.0,34.0,9.0,-14.144725045981444,80.02197393403891,,1.187732342007435,8.38,11.0,https://www.screener.in/company/SANGAMIND/consolidated/,2026-08-01T22:43:49.792457+00:00
SANGHVIMOV.NS,2879,consolidated,2026-03-31,24.4892,23.7,24.8329,23.3,24.8329,23.3,33.0,60.0,,25.0,32.0,12.0,84.49813809908161,,,0.5141113653699466,15.5,36.0,https://www.screener.in/company/SANGHVIMOV/consolidated/,2026-08-01T22:43:49.792457+00:00
SANOFI.NS,342,consolidated,2024-12-31,30.5992,31.4,30.5992,31.4,30.5992,31.4,,,,,-9.0,2.0,,,,0.0220673635307781,47.1,24.0,https://www.screener.in/company/SANOFI/consolidated/,2026-08-01T22:43:49.792457+00:00
SANSERA.NS,1274923,consolidated,2026-03-31,39.0096,36.9,35.2343,33.2,35.2343,33.2,14.0,26.0,,32.0,,,23.471118134558026,17.706552469767423,,0.1914480077745383,11.5,18.0,https://www.screener.in/company/SANSERA/consolidated/,2026-08-01T22:43:49.792457+00:00
SANSTAR.NS,1284857,consolidated,2024-03-31,21.7925,20.3,21.7925,20.3,21.7925,20.3,,,,,,,,,,0.5039370078740157,29.9,9.0,https://www.screener.in/company/SANSTAR/consolidated/,2026-08-01T22:43:49.792457+00:00
SAPPHIRE.NS,1275097,consolidated,2026-03-31,336.6924,295.0,247.9423,116.55,247.9423,116.55,11.0,13.0,,,,,,,,1.019424460431655,-1.03,15.0,https://www.screener.in/company/SAPPHIRE/consolidated/,2026-08-01T22:43:49.792457+00:00
SAPPL.NS,2995,consolidated,2026-03-31,15.6958,8.8,15.6958,8.8,15.6958,8.8,24.0,5.0,10.0,13.0,6.0,10.0,13.244376490564536,4.605793871077868,9.818919401164884,0.920863309352518,11.4,13.0,https://www.screener.in/company/SAPPL/consolidated/,2026-08-01T22:43:49.792457+00:00
SARDAEN.NS,2895,consolidated,2026-03-31,22.3108,24.4,15.4594,14.6,19.0077,10.0,11.0,24.0,59.0,22.0,45.0,45.0,22.45324325149223,24.71650158697505,56.7683868587966,0.3571234735413839,16.1,32.0,https://www.screener.in/company/SARDAEN/consolidated/,2026-08-01T22:43:49.792457+00:00
SAREGAMA.NS,2899,consolidated,2026-03-31,43.9669,44.1,44.287,43.8,44.7719,37.9,10.0,14.0,35.0,5.0,10.0,36.0,3.775212470725897,10.667474741381476,39.31374514389974,0.043144208037825,13.0,34.0,https://www.screener.in/company/SAREGAMA/consolidated/,2026-08-01T22:43:49.792457+00:00
SARLAPOLY.NS,2900,consolidated,2026-03-31,17.0573,14.8,14.7195,12.4,13.6529,12.7,1.0,21.0,4.0,46.0,16.0,6.0,,,,0.6330275229357798,14.4,10.0,https://www.screener.in/company/SARLAPOLY/consolidated/,2026-08-01T22:43:49.792457+00:00
SASKEN.NS,2905,consolidated,2026-03-31,38.9955,41.7,28.4352,27.4,20.808,13.9,36.0,-13.0,4.0,-15.0,7.0,18.0,-18.703539026450887,-14.141797878687834,-11.196045070632932,0.0327485380116959,7.0,9.0,https://www.screener.in/company/SASKEN/consolidated/,2026-08-01T22:43:49.792457+00:00
SATIN.NS,1272993,consolidated,2026-03-31,7.4395,6.4,9.976,6.6,11.7903,7.5,27.0,91.0,,313.0,23.0,-8.0,277.2666945965632,,,,12.3,,https://www.screener.in/company/SATIN/consolidated/,2026-08-01T22:43:49.792457+00:00
SAURASHCEM.NS,2911,consolidated,2026-03-31,56.6567,30.55,44.8198,23.4,27.562,13.1,0.0,-21.0,-5.0,44.0,-13.0,-2.0,,-33.96098293948187,-14.6400869113111,0.1113423517169615,2.28,3.1,https://www.screener.in/company/SAURASHCEM/consolidated/,2026-08-01T22:43:49.792457+00:00
SBC.NS,1274676,consolidated,2026-03-31,55.9166,53.7,51.4713,51.3,50.7377,51.1,22.0,69.0,,54.0,114.0,,52.3099247351156,67.66529432781054,,2.802469135802469,37.2,8.0,https://www.screener.in/company/SBC/consolidated/,2026-08-01T22:43:49.792457+00:00
SBCL.NS,2992,consolidated,2026-03-31,37.751,39.0,36.5544,37.1,31.1431,32.85,7.0,31.0,40.0,7.0,48.0,57.0,6.617279070768456,30.301651188283785,39.88544631653455,0.1265560165975103,21.8,23.0,https://www.screener.in/company/SBCL/consolidated/,2026-08-01T22:43:49.792457+00:00
SBFC.NS,1284438,consolidated,2025-03-31,36.9348,33.6,36.9348,33.6,36.9348,33.6,35.0,,,75.0,,,60.43980726810083,,,,11.6,,https://www.screener.in/company/SBFC/consolidated/,2026-08-01T22:43:49.792457+00:00
SBGLP.NS,1274772,consolidated,2026-03-31,56.9331,55.2,49.6082,29.6,49.6082,29.6,32.0,,,22.0,31.0,,21.533151937602145,,,0.7980769230769231,43.8,37.0,https://www.screener.in/company/SBGLP/consolidated/,2026-08-01T22:43:49.792457+00:00
SBIN.NS,3188,consolidated,2026-03-31,9.8268,9.7,10.7701,10.5,14.9765,11.5,14.0,30.0,21.0,14.0,18.0,16.0,13.115176181267408,29.15477726449356,19.072604419542305,,15.4,,https://www.screener.in/company/SBIN/consolidated/,2026-08-01T22:43:49.792457+00:00
SCANSTL.NS,672,consolidated,2026-03-31,13.5471,11.2,13.4839,12.25,13.4839,12.25,-8.0,,,22.0,0.0,9.0,8.669267969208994,,,0.1603563474387528,5.05,6.0,https://www.screener.in/company/SCANSTL/consolidated/,2026-08-01T22:43:49.792457+00:00
SCHAEFFLER.NS,990,consolidated,2026-06-30,59.1471,57.6,58.3757,56.9,58.3757,56.9,12.0,,,10.0,24.0,17.0,9.375091458729257,,,0.0078086871644704,20.2,18.0,https://www.screener.in/company/SCHAEFFLER/consolidated/,2026-08-01T22:43:49.792457+00:00
SCHAND.NS,1274068,consolidated,2026-03-31,15.7637,14.2,15.5945,13.1,14.8696,13.1,9.0,76.0,6.0,15.0,0.0,,4.660502115517118,,-37.3437418828357,0.1290322580645161,7.66,18.0,https://www.screener.in/company/SCHAND/consolidated/,2026-08-01T22:43:49.792457+00:00
SCI.NS,2984,consolidated,2026-03-31,11.3949,11.0,9.3674,8.6,8.3124,7.0,0.0,14.0,6.0,16.0,28.0,18.0,15.8572159738827,14.224458489960789,5.6417089293947065,0.2945250659630606,15.5,38.0,https://www.screener.in/company/SCI/consolidated/,2026-08-01T22:43:49.792457+00:00
SDBL.NS,3121,consolidated,2026-03-31,26.3599,25.6,25.604,25.0,24.3065,24.1,15.0,19.0,,-38.0,30.0,8.0,-47.55718768558066,,,0.2721437740693196,1.87,7.0,https://www.screener.in/company/SDBL/consolidated/,2026-08-01T22:43:49.792457+00:00
SEAMECLTD.NS,2931,consolidated,2026-03-31,27.8524,26.2,31.9385,28.9,28.8658,27.4,30.0,47.0,47.0,106.0,17.0,31.0,96.76352233829483,20.59934189149939,46.85111883179842,0.2713297463489623,21.8,42.0,https://www.screener.in/company/SEAMECLTD/consolidated/,2026-08-01T22:43:49.792457+00:00
SECMARK.NS,1274789,consolidated,2026-03-31,44.1044,42.75,36.1744,34.4,31.7131,30.4,29.0,10.0,,36.0,29.0,,,10.107855395181195,,0.548910721913712,11.7,18.7,https://www.screener.in/company/SECMARK/consolidated/,2026-08-01T22:43:49.792457+00:00
SECURKLOUD.NS,15,consolidated,2026-03-31,58.1588,2.9,37.472,13.15,37.5382,13.6,-57.0,,,20.0,-29.0,-30.0,,,,,,-13.0,https://www.screener.in/company/SECURKLOUD/consolidated/,2026-08-01T22:43:49.792457+00:00
SEIL.NS,1273386,consolidated,2026-03-31,400.3924,335.4,399.053,344.15,399.053,344.15,72.0,,,20.0,73.0,36.0,20.779754665705475,,,0.0775355697689596,7.99,11.1,https://www.screener.in/company/SEIL/consolidated/,2026-08-01T22:43:49.792457+00:00
SENCO.NS,1284410,consolidated,2026-03-31,29.3777,29.5,29.09,28.9,29.09,28.9,27.0,56.0,,54.0,,,35.18956546202605,43.409134467150025,,1.073587907716786,25.6,11.0,https://www.screener.in/company/SENCO/consolidated/,2026-08-01T22:43:49.792457+00:00
SENORES.NS,1285204,consolidated,2026-03-31,44.7277,43.5,44.7277,43.5,44.7277,43.5,162.0,,,139.0,,,42.86906048367258,,,0.3661670235546038,13.4,29.0,https://www.screener.in/company/SENORES/consolidated/,2026-08-01T22:43:49.792457+00:00
SEPC.NS,3045,consolidated,2026-03-31,86.5202,70.1,86.5202,70.1,91.5745,46.7,41.0,18.0,9.0,36.0,4.0,-12.0,,,,0.184471078686816,3.18,7.0,https://www.screener.in/company/SEPC/consolidated/,2026-08-01T22:43:49.792457+00:00
SERVOTECH.NS,1274127,consolidated,2026-03-31,120.3739,97.9,110.4818,95.2,110.4818,95.2,34.0,98.0,,45.0,106.0,,42.03465092657659,97.17109703961778,,0.7326388888888888,12.8,10.0,https://www.screener.in/company/SERVOTECH/consolidated/,2026-08-01T22:43:49.792457+00:00
SESHAPAPER.NS,2945,consolidated,2026-03-31,12.4439,12.0,10.864,9.8,10.9079,9.4,-6.0,-5.0,9.0,-41.0,4.0,12.0,-40.69578377805219,-4.947200382072536,8.650155903196532,0.0,4.1,6.0,https://www.screener.in/company/SESHAPAPER/consolidated/,2026-08-01T22:43:49.792457+00:00
SETL.NS,1285221,consolidated,2026-03-31,36.7284,39.6,36.7284,39.6,36.7284,39.6,16.0,,,14.0,,,-50.88230182341895,,,0.1053299492385786,10.7,15.0,https://www.screener.in/company/SETL/consolidated/,2026-08-01T22:43:49.792457+00:00
SFL.NS,1273592,consolidated,2026-03-31,79.8298,74.0,71.558,62.8,59.5731,55.2,10.0,-8.0,4.0,-7.0,-8.0,,-10.495806771369198,-9.707013521758013,-7.59782718866272,0.2792127921279212,4.8,10.0,https://www.screener.in/company/SFL/consolidated/,2026-08-01T22:43:49.792457+00:00
SGIL.NS,1274558,consolidated,2026-03-31,48.4481,48.8,48.4481,48.8,48.4481,48.8,,,,,28.0,,,,,2.232142857142857,4.55,11.0,https://www.screener.in/company/SGIL/consolidated/,2026-08-01T22:43:49.792457+00:00
SGMART.NS,1587,consolidated,2026-03-31,47.3031,41.15,91.1278,71.45,72.431,44.9,,,96.0,,139.0,,171.54454158663918,28.040449059826894,,0.1678146524733876,7.92,2.5,https://www.screener.in/company/SGMART/consolidated/,2026-08-01T22:43:49.792457+00:00
SHADOWFAX.NS,1285868,consolidated,2026-03-31,220.2302,263.2,220.2302,263.2,220.2302,263.2,44.0,,,41.0,,,,,,0.1415472779369627,10.4,6.0,https://www.screener.in/company/SHADOWFAX/consolidated/,2026-08-01T22:43:49.792457+00:00
SHAH.NS,1266,consolidated,2026-03-31,33.1939,34.1,33.1939,34.1,33.1939,34.1,73.0,17.0,11.0,95.0,13.0,-3.0,44.22495703074083,,,0.7810457516339869,5.17,0.8,https://www.screener.in/company/SHAH/consolidated/,2026-08-01T22:43:49.792457+00:00
SHAHALLOYS.NS,2950,consolidated,2026-03-31,2.797,2.8,7.1106,3.4,7.1106,3.4,-60.0,14.0,7.0,2.0,36.0,22.0,,,-1.1495066343849336,0.5575221238938053,-5.79,18.0,https://www.screener.in/company/SHAHALLOYS/consolidated/,2026-08-01T22:43:49.792457+00:00
SHAILY.NS,2953,consolidated,2026-03-31,80.7471,80.9,69.5743,64.35,69.5743,64.35,18.0,,,69.0,53.0,40.0,68.9948851454348,,,0.2472067039106145,26.9,28.0,https://www.screener.in/company/SHAILY/consolidated/,2026-08-01T22:43:49.792457+00:00
SHAKTIPUMP.NS,2955,consolidated,2026-03-31,40.486,28.8,31.7341,24.9,30.8669,24.1,41.0,28.0,73.0,120.0,33.0,37.0,112.0115127046868,24.958664642052497,68.97131206448013,0.2961876832844575,18.0,12.0,https://www.screener.in/company/SHAKTIPUMP/consolidated/,2026-08-01T22:43:49.792457+00:00
SHALBY.NS,1274219,consolidated,2026-03-31,63.7492,42.8,45.6223,33.75,47.1364,36.8,12.0,-3.0,0.0,-17.0,-4.0,,-17.97689869689172,-2.515243847566384,-2.1500147965805905,0.5914512922465208,3.74,13.0,https://www.screener.in/company/SHALBY/consolidated/,2026-08-01T22:43:49.792457+00:00
SHALPAINTS.NS,2957,consolidated,2026-03-31,150.5019,150.5,150.5019,150.5,150.5019,150.5,6.0,-5.0,,-31.0,-9.0,-6.0,,,,0.6573705179282868,-21.3,-3.9,https://www.screener.in/company/SHALPAINTS/consolidated/,2026-08-01T22:43:49.792457+00:00
SHANKARA.NS,1273698,consolidated,2026-03-31,7.0414,6.1,8.1543,6.6,10.1691,7.7,-30.0,-20.0,-19.0,-58.0,-2.0,,-61.40177534280957,-23.50347857574673,-21.80330137883936,0.4295302013422818,0.71,1.8,https://www.screener.in/company/SHANKARA/consolidated/,2026-08-01T22:43:49.792457+00:00
SHANTI.NS,1274112,consolidated,2026-03-31,3.8187,3.85,3.8187,3.85,3.9131,3.9,-55.0,,,-19.0,-21.0,,,,,4.040000000000001,-96.8,-52.23,https://www.screener.in/company/SHANTI/consolidated/,2026-08-01T22:43:49.792457+00:00
SHARDACROP.NS,1059828,consolidated,2026-03-31,22.937,20.05,19.2612,17.2,18.2534,17.2,9.0,24.0,14.0,26.0,19.0,8.0,25.809000866387933,24.333490673143675,14.544668967073871,0.0,23.2,20.0,https://www.screener.in/company/SHARDACROP/consolidated/,2026-08-01T22:43:49.792457+00:00
SHARDAMOTR.NS,413316,consolidated,2026-03-31,16.7809,16.3,16.0172,15.7,15.9664,15.75,8.0,39.0,27.0,18.0,21.0,24.0,19.78321540633774,39.96917337346277,26.07603200974058,0.0373191165270373,27.9,12.0,https://www.screener.in/company/SHARDAMOTR/consolidated/,2026-08-01T22:43:49.792457+00:00
SHAREINDIA.NS,1274160,consolidated,2026-03-31,11.8401,12.0,14.208,12.9,12.4007,12.3,11.0,32.0,48.0,0.0,11.0,,-9.904581521793896,24.40520508446451,18.70780640136089,0.2637571157495256,13.0,40.0,https://www.screener.in/company/SHAREINDIA/consolidated/,2026-08-01T22:43:49.792457+00:00
SHBAJRG.NS,3031,consolidated,2026-03-31,5.5433,5.3,4.649,4.3,7.7903,5.4,-20.0,8.0,39.0,9.0,-13.0,21.0,9.01311304690786,7.533739737907674,,0.2708333333333333,12.3,1.4,https://www.screener.in/company/SHBAJRG/consolidated/,2026-08-01T22:43:49.792457+00:00
SHILPAMED.NS,2981,consolidated,2026-03-31,92.5635,72.8,95.3612,78.6,59.5083,42.8,14.0,18.0,8.0,109.0,14.0,8.0,,6.546315660030633,6.336051911264407,0.2546296296296296,9.4,28.0,https://www.screener.in/company/SHILPAMED/consolidated/,2026-08-01T22:43:49.792457+00:00
SHINDL.NS,1268805,consolidated,2026-03-31,47.4865,31.6,47.4865,31.6,47.4865,31.6,17.0,,,35.0,49.0,,34.89329390678275,,,0.8181818181818182,10.9,7.0,https://www.screener.in/company/SHINDL/consolidated/,2026-08-01T22:43:49.792457+00:00
SHIVATEX.NS,2990,consolidated,2026-03-31,18.563,18.9,20.8235,20.2,25.7356,20.7,-6.0,,,58.0,-7.0,-1.0,,,,0.503448275862069,9.04,11.0,https://www.screener.in/company/SHIVATEX/consolidated/,2026-08-01T22:43:49.792457+00:00
SHIVAUM.NS,1274697,consolidated,2026-03-31,60.4352,68.0,59.5616,63.1,59.5616,63.1,5.0,,,-20.0,53.0,,-20.504520434722227,,,0.8016528925619835,6.08,2.7,https://www.screener.in/company/SHIVAUM/consolidated/,2026-08-01T22:43:49.792457+00:00
SHK.NS,1273122,consolidated,2026-03-31,27.7828,27.3,23.3272,23.1,25.796,23.65,12.0,-18.0,-4.0,-11.0,-1.0,-4.0,4.195567646862419,-13.356894605606708,-0.0994538204051043,0.7560617193240264,3.71,10.0,https://www.screener.in/company/SHK/consolidated/,2026-08-01T22:43:49.792457+00:00
SHOPERSTOP.NS,2994,consolidated,2026-03-31,192.5643,149.8,181.3758,114.65,149.9708,96.05,8.0,14.0,,,8.0,2.0,,,,11.398625429553263,-6.37,15.0,https://www.screener.in/company/SHOPERSTOP/consolidated/,2026-08-01T22:43:49.792457+00:00
SHRADHA.NS,1274214,consolidated,2026-03-31,17.4987,17.1,26.8077,20.3,25.1024,19.4,9.0,75.0,12.0,36.0,29.0,,23.79411849273856,73.69357651553862,-0.8064214601179343,0.3434343434343434,11.9,22.0,https://www.screener.in/company/SHRADHA/consolidated/,2026-08-01T22:43:49.792457+00:00
SHREDIGCEM.NS,2999,consolidated,2026-03-31,29.1153,25.8,24.7395,20.5,24.5549,20.6,1.0,-14.0,,-25.0,-5.0,11.0,-24.96298123781924,-14.915686536794148,,1.4043715846994536,6.84,9.0,https://www.screener.in/company/SHREDIGCEM/consolidated/,2026-08-01T22:43:49.792457+00:00
SHREECEM.NS,2998,consolidated,2026-03-31,58.8096,54.6,53.8372,52.3,51.4335,49.8,5.0,-6.0,4.0,10.0,-2.0,5.0,11.12183270781848,-5.272131095843946,14.72254995591511,0.0802853827309064,7.51,21.0,https://www.screener.in/company/SHREECEM/consolidated/,2026-08-01T22:43:49.792457+00:00
SHREEJISPG.NS,1285602,consolidated,2026-03-31,39.7548,38.05,39.7548,38.05,39.7548,38.05,-5.0,,,10.0,,,,,,0.3615084525357607,27.5,30.0,https://www.screener.in/company/SHREEJISPG/consolidated/,2026-08-01T22:43:49.792457+00:00
SHREEPUSHK.NS,1273007,consolidated,2026-03-31,17.9713,18.1,16.549,16.4,14.8567,15.0,13.0,20.0,,24.0,18.0,13.0,22.5822546383839,18.54675166298969,,0.2131147540983606,12.2,10.0,https://www.screener.in/company/SHREEPUSHK/consolidated/,2026-08-01T22:43:49.792457+00:00
SHRIKRISH.NS,3037,consolidated,2026-03-31,22.3236,21.0,26.4268,21.9,25.1174,21.2,-12.0,5.0,7.0,-2.0,23.0,11.0,-1.775524335960954,5.2842509955568495,6.602874477018861,0.5017555409260478,5.13,39.88,https://www.screener.in/company/SHRIKRISH/consolidated/,2026-08-01T22:43:49.792457+00:00
SHRIPISTON.NS,1273371,consolidated,2026-03-31,20.5146,20.5,16.6398,17.0,18.7116,18.1,20.0,45.0,20.0,25.0,54.0,,23.43126959976498,44.58664559844219,19.85737338644853,0.6783867631851086,21.4,20.0,https://www.screener.in/company/SHRIPISTON/consolidated/,2026-08-01T22:43:49.792457+00:00
SHRIRAMFIN.NS,3046,consolidated,2026-03-31,15.1159,14.7,13.4943,13.6,14.6864,13.8,16.0,32.0,24.0,19.0,31.0,16.0,18.38807806540874,24.64335519854899,19.007754431837355,,16.4,,https://www.screener.in/company/SHRIRAMFIN/consolidated/,2026-08-01T22:43:49.792457+00:00
SHRIRAMPPS.NS,1275120,consolidated,2026-03-31,23.1771,23.5,21.1611,21.05,21.1611,21.05,23.0,28.0,,16.0,,,15.058467466298664,,,0.421917808219178,7.16,7.0,https://www.screener.in/company/SHRIRAMPPS/consolidated/,2026-08-01T22:43:49.792457+00:00
SHYAMMETL.NS,1274880,consolidated,2026-03-31,21.9242,23.1,16.0709,16.8,16.3438,17.1,14.0,5.0,,9.0,19.0,,4.673941372442925,1.2112949136191764,,0.0872168706066128,9.7,13.0,https://www.screener.in/company/SHYAMMETL/consolidated/,2026-08-01T22:43:49.792457+00:00
SICAGEN.NS,3056,consolidated,2026-03-31,18.0172,17.2,19.3088,17.4,20.9987,18.3,3.0,47.0,32.0,16.0,15.0,10.0,0.5158529006794144,,32.69520923681495,0.3212121212121212,3.74,4.0,https://www.screener.in/company/SICAGEN/consolidated/,2026-08-01T22:43:49.792457+00:00
SICALLOG.NS,3057,consolidated,2026-03-31,87.4331,91.9,88.9229,93.0,88.9229,93.0,-1.0,15.0,-23.0,26.0,58.0,-1.0,,,18.52443471987648,3.674242424242424,2.05,20.0,https://www.screener.in/company/SICALLOG/consolidated/,2026-08-01T22:43:49.792457+00:00
SIEMENS.NS,3061,consolidated,2026-03-31,61.658,65.9,55.4866,49.8,44.0065,42.5,15.0,30.0,16.0,23.0,26.0,18.0,35.64091956958491,19.835694482218138,16.239951715528235,0.0221820809248554,19.2,12.0,https://www.screener.in/company/SIEMENS/consolidated/,2026-08-01T22:43:49.792457+00:00
SIGMA.NS,1274800,consolidated,2026-03-31,25.0369,23.2,32.2628,26.25,30.5179,25.6,20.0,51.0,,27.0,44.0,,26.72463368759066,50.54742999209685,,0.0259740259740259,37.8,32.0,https://www.screener.in/company/SIGMA/consolidated/,2026-08-01T22:43:49.792457+00:00
SIGNATURE.NS,1275340,consolidated,2026-03-31,791.0172,315.35,791.0172,315.35,791.0172,315.35,19.0,20.0,,37.0,,,,,,1.6102702702702705,2.79,-1.9,https://www.screener.in/company/SIGNATURE/consolidated/,2026-08-01T22:43:49.792457+00:00
SIGNPOST.NS,1284684,consolidated,2026-03-31,29.8632,29.6,29.8632,29.6,29.8632,29.6,20.0,,,26.0,,,,,,0.7048611111111112,27.6,25.0,https://www.screener.in/company/SIGNPOST/consolidated/,2026-08-01T22:43:49.792457+00:00
SIKA.NS,3064,consolidated,2026-03-31,59.4637,54.7,44.531,46.2,38.2975,37.9,52.0,25.0,35.0,60.0,62.0,45.0,60.59890998893158,25.101524789048213,35.56457049072952,0.0,25.1,21.0,https://www.screener.in/company/SIKA/consolidated/,2026-08-01T22:43:49.792457+00:00
SIKKO.NS,1274060,consolidated,2026-03-31,37.946,35.8,37.946,35.8,37.946,35.8,,,,,43.0,,,,,0.1359527121001391,6.08,9.77,https://www.screener.in/company/SIKKO/consolidated/,2026-08-01T22:43:49.792457+00:00
SIL.NS,3181,consolidated,2026-03-31,11.8958,9.0,11.9081,7.8,11.1134,8.7,18.0,,-5.0,,-1.0,-3.0,,,,0.0347826086956521,-16.6,-39.0,https://www.screener.in/company/SIL/consolidated/,2026-08-01T22:43:49.792457+00:00
SILGO.NS,1274578,consolidated,2026-03-31,35.7635,37.1,35.7635,37.1,35.7635,37.1,,,,,17.0,,,,,0.14644412191582,5.81,18.63,https://www.screener.in/company/SILGO/consolidated/,2026-08-01T22:43:49.792457+00:00
SILINV.NS,3066,consolidated,2026-03-31,16.1185,15.6,14.9966,13.5,12.1201,11.8,13.0,13.0,11.0,10.0,4.0,16.0,10.433344397316224,13.24791334457851,10.964266353546414,0.0,1.32,83.0,https://www.screener.in/company/SILINV/consolidated/,2026-08-01T22:43:49.792457+00:00
SILLYMONKS.NS,1274253,consolidated,2026-03-31,17.5353,16.7,17.5353,16.7,17.5353,16.7,6.0,10.0,,16.0,-6.0,,,,,0.0,-20.3,-6.63,https://www.screener.in/company/SILLYMONKS/consolidated/,2026-08-01T22:43:49.792457+00:00
SILVERTUC.NS,1274204,consolidated,2026-03-31,55.6688,53.0,66.9646,60.05,55.2733,49.1,28.0,105.0,28.0,54.0,72.0,,54.81457279159197,103.9068540626754,17.757517595680984,0.1952662721893491,23.6,20.0,https://www.screener.in/company/SILVERTUC/consolidated/,2026-08-01T22:43:49.792457+00:00
SIMPLEXINF.NS,3075,consolidated,2026-03-31,22.6871,18.5,22.6871,18.5,14.4085,12.8,-18.0,16.0,-11.0,28.0,40.0,-2.0,,,-13.569082039380175,1.6823770491803278,5.26,5.0,https://www.screener.in/company/SIMPLEXINF/consolidated/,2026-08-01T22:43:49.792457+00:00
SINDHUTRAD.NS,3083,consolidated,2026-03-31,53.6262,38.15,53.6262,38.15,39.4612,29.15,-24.0,27.0,3.0,140.0,46.0,,,,,0.2641186537364517,3.42,3.7,https://www.screener.in/company/SINDHUTRAD/consolidated/,2026-08-01T22:43:49.792457+00:00
SINGERIND.NS,3085,consolidated,2020-03-31,54.6503,53.4,50.4284,49.2,41.8759,44.8,,,,,0.0,6.0,,,,0.3076923076923077,13.0,3.4,https://www.screener.in/company/SINGERIND/consolidated/,2026-08-01T22:43:49.792457+00:00
SIRCA.NS,1274355,consolidated,2026-03-31,40.4771,39.8,41.1828,41.1,41.0184,40.8,23.0,32.0,,12.0,20.0,,10.833189238872489,30.45855734423764,,0.0673684210526315,15.8,20.0,https://www.screener.in/company/SIRCA/consolidated/,2026-08-01T22:43:49.792457+00:00
SIS.NS,1274119,consolidated,2026-03-31,21.894,18.75,19.4524,17.6,25.0457,22.3,12.0,-10.0,17.0,0.0,-3.0,,-25.69948716896103,-16.924534694266057,-16.76276033912256,0.7026708562450903,13.9,4.5,https://www.screener.in/company/SIS/consolidated/,2026-08-01T22:43:49.792457+00:00
SIYSIL.NS,3093,consolidated,2026-03-31,13.7178,12.6,13.0669,12.1,16.1776,13.5,5.0,118.0,9.0,-6.0,6.0,11.0,-1.6839718544774174,131.82687003834803,,0.2410958904109589,14.9,13.0,https://www.screener.in/company/SIYSIL/consolidated/,2026-08-01T22:43:49.792457+00:00
SJS.NS,1275092,consolidated,2026-03-31,31.9446,31.3,29.2416,28.6,29.2416,28.6,30.0,,,38.0,,,34.16716280288015,,,0.0264976958525345,22.0,28.0,https://www.screener.in/company/SJS/consolidated/,2026-08-01T22:43:49.792457+00:00
SJVN.NS,3095,consolidated,2026-03-31,46.6599,47.2,31.6138,37.5,19.7094,9.35,16.0,-19.0,-7.0,-23.0,20.0,10.0,-22.18968588488831,-17.206790913432634,-7.11548397630577,2.266872673642812,4.52,68.0,https://www.screener.in/company/SJVN/consolidated/,2026-08-01T22:43:49.792457+00:00
SKFINDIA.NS,3096,consolidated,2026-03-31,20.4471,20.8,20.8276,20.9,20.7857,20.9,-4.0,0.0,,-18.0,2.0,9.0,-20.28039337208584,-2.231477856230724,,0.0022573363431151,14.8,12.0,https://www.screener.in/company/SKFINDIA/consolidated/,2026-08-01T22:43:49.792457+00:00
SKIPPER.NS,988079,consolidated,2026-03-31,39.5395,38.0,40.4034,38.0,33.7229,33.95,41.0,60.0,,84.0,43.0,13.0,81.61586442178393,58.271843109911536,,0.635814889336016,16.5,10.0,https://www.screener.in/company/SKIPPER/consolidated/,2026-08-01T22:43:49.792457+00:00
SKMEGGPROD.NS,3097,consolidated,2026-03-31,12.9847,11.8,13.9724,13.2,18.6201,13.4,5.0,45.0,15.0,11.0,42.0,24.0,10.985799559534115,44.84434672195192,15.531743488820272,0.3594936708860759,29.7,22.0,https://www.screener.in/company/SKMEGGPROD/consolidated/,2026-08-01T22:43:49.792457+00:00
SKYGOLD.NS,1274565,consolidated,2026-03-31,38.949,35.1,36.1846,33.8,36.1846,33.8,76.0,,,145.0,,,117.41786054067413,,,0.7247706422018348,29.2,7.0,https://www.screener.in/company/SKYGOLD/consolidated/,2026-08-01T22:43:49.792457+00:00
SMARTWORKS.NS,1285540,consolidated,2026-03-31,498.9054,496.75,498.9054,496.75,498.9054,496.75,36.0,17.0,,28.0,,,,,,9.015094339622642,3.3,64.0,https://www.screener.in/company/SMARTWORKS/consolidated/,2026-08-01T22:43:49.792457+00:00
SMCGLOBAL.NS,1274832,consolidated,2026-03-31,10.3847,9.2,8.6525,7.2,10.7859,7.35,16.0,-1.0,12.0,-5.0,12.0,,-5.276417908395303,1.0158666237117808,12.348825676793474,1.5613496932515338,8.07,19.0,https://www.screener.in/company/SMCGLOBAL/consolidated/,2026-08-01T22:43:49.792457+00:00
SMSPHARMA.NS,3107,consolidated,2026-03-31,38.1468,34.8,31.5072,32.5,24.8096,23.35,19.0,10.0,10.0,155.0,15.0,17.0,,8.092186923483036,8.469609060073013,0.464968152866242,14.3,19.0,https://www.screener.in/company/SMSPHARMA/consolidated/,2026-08-01T22:43:49.792457+00:00
SOBHA.NS,3110,consolidated,2026-03-31,192.3631,161.9,142.5513,99.6,83.4707,48.55,16.0,25.0,3.0,23.0,17.0,16.0,22.9211279162342,25.45937406308669,3.7820865900125344,0.2239406779661017,4.16,6.0,https://www.screener.in/company/SOBHA/consolidated/,2026-08-01T22:43:49.792457+00:00
SOLARA.NS,1274371,consolidated,2026-03-31,91.8533,90.1,40.3309,30.9,29.3234,24.25,-2.0,,,25.0,-21.0,,,,,0.5482841181165203,-0.13,13.0,https://www.screener.in/company/SOLARA/consolidated/,2026-08-01T22:43:49.792457+00:00
SOLARINDS.NS,3115,consolidated,2026-03-31,91.4395,95.1,77.8011,75.3,58.9916,49.15,12.0,45.0,27.0,30.0,60.0,40.0,30.36081554284835,43.42959398085405,26.207872302348463,0.2427911422654134,32.6,28.0,https://www.screener.in/company/SOLARINDS/consolidated/,2026-08-01T22:43:49.792457+00:00
SOLARWORLD.NS,1285684,consolidated,2026-03-31,21.835,21.55,21.835,21.55,21.835,21.55,81.0,,,101.0,,,-68.93698360640477,,,0.3010625737898465,20.8,11.0,https://www.screener.in/company/SOLARWORLD/consolidated/,2026-08-01T22:43:49.792457+00:00
SOLEX.NS,1274264,consolidated,2026-03-31,100.342,50.1,103.3329,69.2,103.3329,69.2,115.0,,,228.0,85.0,,220.09452926850167,,,1.3399209486166008,46.3,11.0,https://www.screener.in/company/SOLEX/consolidated/,2026-08-01T22:43:49.792457+00:00
SOMANYCERA.NS,3123,consolidated,2026-03-31,31.5752,31.7,31.0387,31.2,32.8149,31.3,4.0,4.0,2.0,6.0,-8.0,-2.0,5.566719197800096,8.040996500105436,2.631958217294561,0.4441805225653206,10.4,9.0,https://www.screener.in/company/SOMANYCERA/consolidated/,2026-08-01T22:43:49.792457+00:00
SOMATEX.NS,3122,consolidated,2026-03-31,134.9786,63.7,134.9786,63.7,134.9786,63.7,150.0,13.0,6.0,-17.0,65.0,30.0,-61.00563918699744,,,0.0,-2.06,2.9,https://www.screener.in/company/SOMATEX/consolidated/,2026-08-01T22:43:49.792457+00:00
SONACOMS.NS,1274879,consolidated,2026-03-31,62.886,63.9,79.6586,72.5,80.1828,72.7,19.0,24.0,,18.0,12.0,,15.08989680208861,22.30536441380373,,0.073875981948855,11.3,24.0,https://www.screener.in/company/SONACOMS/consolidated/,2026-08-01T22:43:49.792457+00:00
SONAL.NS,1253824,consolidated,2026-03-31,5.7318,5.4,5.5345,5.3,5.1631,5.0,16.0,13.0,,13.0,35.0,27.0,12.575571983887368,12.539289109308903,,,6.91,,https://www.screener.in/company/SONAL/consolidated/,2026-08-01T22:43:49.792457+00:00
SONATSOFTW.NS,3127,consolidated,2026-03-31,31.514,30.8,28.6222,26.7,21.8113,18.8,13.0,16.0,13.0,4.0,2.0,19.0,0.90168799592254,13.738688445319893,11.333122618911665,0.3795275590551181,28.2,7.0,https://www.screener.in/company/SONATSOFTW/consolidated/,2026-08-01T22:43:49.792457+00:00
SOTL.NS,2916,consolidated,2026-03-31,18.9051,19.6,14.3628,14.4,14.2568,13.8,6.0,-5.0,,-6.0,12.0,17.0,-6.706272280367842,-4.673312558662868,,0.0011019283746556,10.5,6.0,https://www.screener.in/company/SOTL/consolidated/,2026-08-01T22:43:49.792457+00:00
SOUTHBANK.NS,3131,consolidated,2026-03-31,6.5064,6.6,12.6314,6.9,13.9,7.0,11.0,88.0,,23.0,37.0,10.0,23.38461970291359,87.48766916013714,,,13.5,,https://www.screener.in/company/SOUTHBANK/consolidated/,2026-08-01T22:43:49.792457+00:00
SOUTHWEST.NS,1274247,consolidated,2026-03-31,36.0637,34.1,38.8513,36.4,27.1745,24.2,25.0,29.0,,54.0,26.0,,51.08251167602782,24.77664585472774,,0.392156862745098,17.7,25.0,https://www.screener.in/company/SOUTHWEST/consolidated/,2026-08-01T22:43:49.792457+00:00
SPAL.NS,1273461,consolidated,2026-03-31,20.3312,19.5,17.1866,17.4,15.2371,15.8,13.0,18.0,14.0,7.0,23.0,,6.84977640816018,19.011430683540944,13.832174517652994,0.4429175475687104,11.2,13.0,https://www.screener.in/company/SPAL/consolidated/,2026-08-01T22:43:49.792457+00:00
SPANDANA.NS,1274685,consolidated,2026-03-31,22.4941,19.6,22.0546,19.7,22.3389,20.85,-10.0,,,,-16.0,,,,,,-29.4,,https://www.screener.in/company/SPANDANA/consolidated/,2026-08-01T22:43:49.792457+00:00
SPARC.NS,3244,consolidated,2026-03-31,4.6818,4.6,4.6818,4.6,4.6818,4.6,99.0,,,108.0,-6.0,-6.0,,,,0.4177877428998505,279.0,85.0,https://www.screener.in/company/SPARC/consolidated/,2026-08-01T22:43:49.792457+00:00
SPCENET.NS,627811,consolidated,2026-03-31,105.8573,50.2,146.0273,41.15,94.1496,12.6,10.0,,13.0,81.0,12.0,,77.58080034852016,-22.630938020958325,,0.1412429378531073,9.8,9.0,https://www.screener.in/company/SPCENET/consolidated/,2026-08-01T22:43:49.792457+00:00
SPECIALITY.NS,3142,consolidated,2026-03-31,22.9586,25.8,26.9279,26.5,26.9279,26.5,8.0,22.0,,-33.0,12.0,4.0,-39.69497789217436,,,0.4046242774566474,7.24,17.0,https://www.screener.in/company/SPECIALITY/consolidated/,2026-08-01T22:43:49.792457+00:00
SPECTRUM.NS,1274564,consolidated,2026-03-31,118.409,124.7,98.6208,97.6,89.4526,85.0,28.0,50.0,,74.0,115.0,,71.64770464241019,48.53534531781816,,1.0163265306122449,20.4,15.0,https://www.screener.in/company/SPECTRUM/consolidated/,2026-08-01T22:43:49.792457+00:00
SPENCERS.NS,1274620,consolidated,2026-03-31,452.1143,452.7,452.1143,452.7,452.1143,452.7,-10.0,-11.0,,-7.0,-21.0,,,,,,,-0.6,https://www.screener.in/company/SPENCERS/consolidated/,2026-08-01T22:43:49.792457+00:00
SPIC.NS,3136,consolidated,2026-03-31,9.0478,9.6,8.0418,7.3,13.0466,9.9,1.0,23.0,33.0,-11.0,0.0,12.0,-11.092386526951536,23.31593324327601,21.181235649580167,0.5131386861313869,16.5,10.0,https://www.screener.in/company/SPIC/consolidated/,2026-08-01T22:43:49.792457+00:00
SPLPETRO.NS,3281,consolidated,2026-03-31,39.9467,41.3,39.9467,41.3,39.9467,41.3,,,,,15.0,23.0,147.13981597267397,82.7079896110873,,0.055952881783761,13.7,13.0,https://www.screener.in/company/SPLPETRO/consolidated/,2026-08-01T22:43:49.792457+00:00
SPMLINFRA.NS,3154,consolidated,2026-03-31,40.6593,35.8,51.7669,38.7,33.4012,24.55,-1.0,56.0,23.0,476.0,72.0,10.0,372.1019814326291,,,0.3772391991570074,8.69,8.0,https://www.screener.in/company/SPMLINFRA/consolidated/,2026-08-01T22:43:49.792457+00:00
SRF.NS,3108,consolidated,2026-03-31,58.2382,59.5,49.9352,46.5,36.6954,31.9,2.0,10.0,16.0,-4.0,8.0,24.0,-5.322851510701787,8.890484812668253,15.253440957820509,0.3619854721549637,14.3,22.0,https://www.screener.in/company/SRF/consolidated/,2026-08-01T22:43:49.792457+00:00
SRHHYPOLTD.NS,3158,consolidated,2026-03-31,9.8389,9.5,9.2724,8.8,14.2542,9.6,-26.0,11.0,14.0,-11.0,7.0,17.0,-16.391050322541233,8.276600450251937,,0.0123583934088568,10.6,13.0,https://www.screener.in/company/SRHHYPOLTD/consolidated/,2026-08-01T22:43:49.792457+00:00
SRM.NS,1284734,consolidated,2026-03-31,18.1197,17.9,18.1197,17.9,18.1197,17.9,51.0,68.0,,81.0,,,62.87178890398113,-38.34992751175188,,0.3638814016172507,34.3,16.0,https://www.screener.in/company/SRM/consolidated/,2026-08-01T22:43:49.792457+00:00
SSDL.NS,1284902,consolidated,2024-03-31,10.4451,10.0,10.4451,10.0,10.4451,10.0,,,,,,,,,,0.6615384615384615,58.9,7.0,https://www.screener.in/company/SSDL/consolidated/,2026-08-01T22:43:49.792457+00:00
SSWL.NS,3196,consolidated,2026-03-31,17.465,17.0,17.3557,16.9,17.3557,16.9,9.0,,,-1.0,14.0,20.0,-0.7596603723609596,,,0.4587257617728532,11.1,10.0,https://www.screener.in/company/SSWL/consolidated/,2026-08-01T22:43:49.792457+00:00
STANLEY.NS,1284815,consolidated,2026-03-31,55.8764,57.55,55.8764,57.55,55.8764,57.55,0.0,58.0,,-24.0,,,-63.78379069981504,8.652960720047997,,0.6630901287553648,3.08,18.0,https://www.screener.in/company/STANLEY/consolidated/,2026-08-01T22:43:49.792457+00:00
STAR.NS,3217,consolidated,2026-03-31,31.3617,21.4,33.6612,22.1,18.9418,14.85,10.0,20.0,16.0,71.0,23.0,7.0,,15.053469026090038,17.382377820363494,0.5658191181203733,20.0,19.0,https://www.screener.in/company/STAR/consolidated/,2026-08-01T22:43:49.792457+00:00
STARCEMENT.NS,1274083,consolidated,2026-03-31,35.549,30.0,28.7659,23.5,22.8755,19.3,12.0,10.0,12.0,18.0,13.0,,16.64983314441626,16.46928181354006,11.762545885878373,0.1889689752428705,13.2,25.0,https://www.screener.in/company/STARCEMENT/consolidated/,2026-08-01T22:43:49.792457+00:00
STARTECK.NS,2284,consolidated,2026-03-31,18.5814,17.3,15.6827,15.1,14.8098,14.4,8.0,-9.0,15.0,28.0,16.0,19.0,2.653748853367821,-8.899007026519467,15.232927259772078,,9.5,,https://www.screener.in/company/STARTECK/consolidated/,2026-08-01T22:43:49.792457+00:00
STCINDIA.NS,3191,consolidated,2025-09-30,18.1153,17.1,19.3547,16.2,19.3547,16.2,,26.0,8.0,-7.0,1.0,1.0,,,,,,-37.0,https://www.screener.in/company/STCINDIA/consolidated/,2026-08-01T22:43:49.792457+00:00
STEELCITY.NS,1273643,consolidated,2026-03-31,9.8089,9.3,8.8092,8.6,9.7578,8.3,4.0,6.0,13.0,8.0,1.0,,8.433233915018823,6.208339574306843,10.87308290226181,0.072463768115942,10.7,32.0,https://www.screener.in/company/STEELCITY/consolidated/,2026-08-01T22:43:49.792457+00:00
STEELXIND.NS,3194,consolidated,2026-03-31,51.8,51.8,51.8,51.8,51.8,51.8,,,,,8.0,6.0,,,,,,12.0,https://www.screener.in/company/STEELXIND/consolidated/,2026-08-01T22:43:49.792457+00:00
STEL.NS,100066,consolidated,2026-03-31,47.2981,46.8,42.3636,44.9,34.2781,33.9,17.0,18.0,21.0,17.0,38.0,35.0,17.45767427299212,18.06682532033928,,0.0,1.18,97.0,https://www.screener.in/company/STEL/consolidated/,2026-08-01T22:43:49.792457+00:00
STOVEKRAFT.NS,1274828,consolidated,2021-03-31,24.7522,23.5,25.3019,23.8,25.3019,23.8,18.0,31.0,,104.0,-1.0,,,,,0.1721854304635761,67.5,13.0,https://www.screener.in/company/STOVEKRAFT/consolidated/,2026-08-01T22:43:49.792457+00:00
STUDDS.NS,1285751,consolidated,2026-03-31,25.3083,24.0,25.3083,24.0,25.3083,24.0,8.0,2.0,,36.0,,,7.615079249182299,-10.996662996231542,,0.0152963671128107,17.0,19.0,https://www.screener.in/company/STUDDS/consolidated/,2026-08-01T22:43:49.792457+00:00
STYL.NS,1285680,consolidated,2026-03-31,20.2869,19.5,20.2869,19.5,20.2869,19.5,,,,,,,,,,0.0589060308555399,23.3,26.0,https://www.screener.in/company/STYL/consolidated/,2026-08-01T22:43:49.792457+00:00
STYLAMIND.NS,3219,consolidated,2026-03-31,26.3917,26.4,26.1697,26.4,26.0575,26.25,6.0,22.0,,16.0,22.0,29.0,16.015946576132922,22.081474272524314,,0.0359801488833746,20.5,20.0,https://www.screener.in/company/STYLAMIND/consolidated/,2026-08-01T22:43:49.792457+00:00
STYRENIX.NS,3220,consolidated,2026-03-31,59.1866,22.5,73.4536,75.4,71.982,70.1,,,,,11.0,15.0,,,,0.2384784198975859,14.6,10.0,https://www.screener.in/company/STYRENIX/consolidated/,2026-08-01T22:43:49.792457+00:00
SUBROS.NS,3225,consolidated,2026-03-31,38.6752,36.7,42.0188,41.9,41.9086,41.15,10.0,29.0,22.0,54.0,19.0,24.0,51.16750805233868,28.453285254571448,20.32863233933906,0.0241157556270096,14.7,9.0,https://www.screener.in/company/SUBROS/consolidated/,2026-08-01T22:43:49.792457+00:00
SUDARSCHEM.NS,3229,consolidated,2026-03-31,65.1746,56.75,52.2837,49.45,40.5648,31.8,62.0,-33.0,-12.0,-25.0,6.0,13.0,-24.001558471292427,-32.57470859944283,-11.915458794673784,0.7168115942028985,0.54,6.0,https://www.screener.in/company/SUDARSCHEM/consolidated/,2026-08-01T22:43:49.792457+00:00
SUDEEPPHRM.NS,1285775,consolidated,2026-03-31,43.497,41.65,43.497,41.65,43.497,41.65,14.0,39.0,,40.0,,,-67.4091338138798,-42.16482019846768,,0.1698754246885617,25.2,35.0,https://www.screener.in/company/SUDEEPPHRM/consolidated/,2026-08-01T22:43:49.792457+00:00
SUKHJITS.NS,3236,consolidated,2026-03-31,14.2898,14.2,12.6682,13.1,13.1701,13.45,0.0,8.0,2.0,-24.0,5.0,8.0,-24.76232011459414,4.057640591732792,1.315859522054419,0.6073943661971831,4.87,6.0,https://www.screener.in/company/SUKHJITS/consolidated/,2026-08-01T22:43:49.792457+00:00
SULA.NS,1275376,consolidated,2026-03-31,42.8159,43.3,44.5979,45.0,44.5979,45.0,2.0,32.0,,-32.0,,,-32.71560566368337,8.953623599959037,,0.5663265306122449,4.61,19.0,https://www.screener.in/company/SULA/consolidated/,2026-08-01T22:43:49.792457+00:00
SUMEETINDS.NS,3239,consolidated,2026-03-31,91.061,64.6,54.9848,50.55,34.1447,8.2,1.0,42.0,3.0,35.0,67.0,28.0,,,3.3690815619549674,0.7594339622641509,14.7,5.0,https://www.screener.in/company/SUMEETINDS/consolidated/,2026-08-01T22:43:49.792457+00:00
SUMICHEM.NS,1274728,consolidated,2026-03-31,51.6949,51.7,50.7939,51.4,51.836,51.75,-3.0,8.0,,2.0,3.0,,2.6463800885048627,9.472380038459429,,0.0185840707964601,16.2,21.0,https://www.screener.in/company/SUMICHEM/consolidated/,2026-08-01T22:43:49.792457+00:00
SUMMITSEC.NS,3241,consolidated,2026-03-31,24.3318,24.3,22.5149,21.8,24.1678,15.15,42.0,42.0,8.0,41.0,13.0,16.0,41.33881421408863,41.71537154273368,7.647489266012619,0.0,1.14,97.0,https://www.screener.in/company/SUMMITSEC/consolidated/,2026-08-01T22:43:49.792457+00:00
SUNDARAM.NS,3254,consolidated,2020-03-31,188.1347,212.5,188.1347,212.5,188.1347,212.5,-1.0,13.0,,,-13.0,-12.0,,,,0.4042702485966319,-3.08,6.79,https://www.screener.in/company/SUNDARAM/consolidated/,2026-08-01T22:43:49.792457+00:00
SUNDARMFIN.NS,3253,consolidated,2026-03-31,28.5656,28.3,25.641,24.4,24.267,23.6,21.0,13.0,14.0,17.0,12.0,13.0,15.746006297836889,12.060925439159307,13.44479427226366,,15.0,,https://www.screener.in/company/SUNDARMFIN/consolidated/,2026-08-01T22:43:49.792457+00:00
SUNDRMFAST.NS,3256,consolidated,2026-03-31,42.6605,40.3,41.4858,40.0,37.4793,36.45,4.0,11.0,12.0,7.0,5.0,18.0,6.117682747426989,10.480475281773916,16.708328245235183,0.1461988304093567,14.9,16.0,https://www.screener.in/company/SUNDRMFAST/consolidated/,2026-08-01T22:43:49.792457+00:00
SUNDROP.NS,93,consolidated,2026-03-31,160.7183,114.55,140.7175,111.65,94.2787,65.9,22.0,-8.0,-1.0,9.0,-8.0,3.0,-4.804401348146737,-16.080493719296427,-5.617727292163144,0.0087897227856659,1.38,3.8,https://www.screener.in/company/SUNDROP/consolidated/,2026-08-01T22:43:49.792457+00:00
SUNFLAG.NS,3257,consolidated,2026-03-31,25.6962,26.1,18.8529,21.4,15.6149,12.2,4.0,8.0,14.0,-2.0,32.0,28.0,-43.38653221394135,7.561544744615145,13.663890286028945,0.0590622182146077,2.36,12.0,https://www.screener.in/company/SUNFLAG/consolidated/,2026-08-01T22:43:49.792457+00:00
SUNPHARMA.NS,3245,consolidated,2026-03-31,36.0134,35.5,33.0092,33.2,31.0571,30.5,10.0,17.0,10.0,13.0,20.0,9.0,10.642885152692315,31.64402736636669,9.737717121198376,0.0553667584061266,16.0,30.0,https://www.screener.in/company/SUNPHARMA/consolidated/,2026-08-01T22:43:49.792457+00:00
SUNTECK.NS,3267,consolidated,2026-03-31,47.493,36.35,99.2351,99.0,70.3597,34.8,46.0,35.0,24.0,425.0,-6.0,10.0,418.2584737879247,37.2317622807502,22.56226681443736,0.2143450567709775,5.95,29.0,https://www.screener.in/company/SUNTECK/consolidated/,2026-08-01T22:43:49.792457+00:00
SUNTV.NS,3248,consolidated,2026-03-31,14.0892,13.8,12.9069,13.0,18.1536,14.2,5.0,0.0,7.0,-4.0,-2.0,1.0,-5.509693304508545,-1.14748082252909,4.559126163656146,0.0083840860555247,12.3,50.0,https://www.screener.in/company/SUNTV/consolidated/,2026-08-01T22:43:49.792457+00:00
SUPERHOUSE.NS,1271340,consolidated,2026-03-31,26.0363,23.6,18.3697,12.5,13.6295,8.6,-4.0,-32.0,-18.0,-48.0,-1.0,0.0,-48.20704764453669,-31.49015095761676,-18.3364459922567,0.3892473118279569,0.8,6.0,https://www.screener.in/company/SUPERHOUSE/consolidated/,2026-08-01T22:43:49.792457+00:00
SUPRAJIT.NS,3277,consolidated,2026-03-31,42.8446,40.6,37.5682,36.9,32.0203,30.7,12.0,6.0,10.0,7.0,9.0,10.0,6.619222404593206,5.482596260493655,9.28797189311219,0.6910229645093946,13.8,10.0,https://www.screener.in/company/SUPRAJIT/consolidated/,2026-08-01T22:43:49.792457+00:00
SUPREME.NS,3278,consolidated,2026-03-31,33.549,26.9,29.0946,25.8,27.1201,25.0,-63.0,-21.0,14.0,-68.0,18.0,1.0,-69.04077838197995,-23.023235077916127,,0.0106066735853371,0.07,-77.17,https://www.screener.in/company/SUPREME/consolidated/,2026-08-01T22:43:49.792457+00:00
SUPREMEIND.NS,3279,consolidated,2026-03-31,55.1822,55.6,45.351,47.9,39.8812,37.65,7.0,-1.0,15.0,3.0,11.0,14.0,3.305100823854623,-0.4984508518614094,11.45892034739131,0.0147511752309936,15.8,14.0,https://www.screener.in/company/SUPREMEIND/consolidated/,2026-08-01T22:43:49.792457+00:00
SURAJEST.NS,1284586,consolidated,2026-03-31,21.2007,15.25,21.2007,15.25,21.2007,15.25,22.0,70.0,,41.0,,,25.02929337594486,14.894162023592129,,0.649546827794562,9.52,39.0,https://www.screener.in/company/SURAJEST/consolidated/,2026-08-01T22:43:49.792457+00:00
SURAJLTD.NS,3283,consolidated,2026-03-31,36.8979,29.4,56.9955,55.3,64.7322,51.05,-18.0,,,-31.0,27.0,17.0,-28.122226085467062,84.57299595055024,,0.437956204379562,4.98,8.0,https://www.screener.in/company/SURAJLTD/consolidated/,2026-08-01T22:43:49.792457+00:00
SURAKSHA.NS,1285177,consolidated,2026-03-31,32.5575,43.9,32.5575,43.9,32.5575,43.9,18.0,32.0,,61.0,,,-59.70966528232249,-41.89768429070176,,0.5327868852459017,14.1,31.0,https://www.screener.in/company/SURAKSHA/consolidated/,2026-08-01T22:43:49.792457+00:00
SURANAT&P.NS,3287,consolidated,2026-03-31,20.0129,12.05,21.345,19.9,25.1543,26.3,30.0,50.0,32.0,288.0,20.0,12.0,67.41543446194709,48.90257776314668,31.318823858703617,0.3681318681318681,14.7,-4.5,https://www.screener.in/company/SURANAT&P/consolidated/,2026-08-01T22:43:49.792457+00:00
SURYALA.NS,3298,consolidated,2026-03-31,7.8535,7.7,8.1988,8.0,8.1988,8.0,0.0,,,2.0,-2.0,10.0,1.6494223683381382,,,0.285234899328859,12.6,11.0,https://www.screener.in/company/SURYALA/consolidated/,2026-08-01T22:43:49.792457+00:00
SURYAROSNI.NS,3292,consolidated,2026-03-31,18.2268,18.2,16.4648,16.4,15.5458,15.3,-2.0,13.0,16.0,-5.0,10.0,19.0,-5.217800177257049,12.519208715745522,12.099860026203002,0.0303720577069096,11.2,6.0,https://www.screener.in/company/SURYAROSNI/consolidated/,2026-08-01T22:43:49.792457+00:00
SUVEN.NS,3303,consolidated,2026-03-31,3.171,3.2,3.171,3.2,3.171,3.2,-19.0,,,,29.0,38.0,,,,0.0287648054145516,-78.8,-4001.0,https://www.screener.in/company/SUVEN/consolidated/,2026-08-01T22:43:49.792457+00:00
SUYOG.NS,694435,consolidated,2026-03-31,20.7381,21.1,20.7381,21.1,20.7381,21.1,,,,,16.0,12.0,,,,0.7571428571428571,14.2,74.0,https://www.screener.in/company/SUYOG/consolidated/,2026-08-01T22:43:49.792457+00:00
SUZLON.NS,3305,consolidated,2026-03-31,72.2013,71.5,73.1554,77.8,58.7967,50.2,41.0,46.0,23.0,165.0,50.0,12.0,0.7257147922375751,87.70298717728902,9.502190444699664,0.0587489433643279,40.6,17.0,https://www.screener.in/company/SUZLON/consolidated/,2026-08-01T22:43:49.792457+00:00
SWANCORP.NS,3315,consolidated,2026-03-31,49.2216,46.4,49.2216,46.4,4500.3435,61.4,45.0,43.0,88.0,86.0,17.0,17.0,,,,0.2790605095541401,3.68,-4.7,https://www.screener.in/company/SWANCORP/consolidated/,2026-08-01T22:43:49.792457+00:00
SWELECTES.NS,2309,consolidated,2026-03-31,55.1624,51.5,39.7554,26.9,31.4387,22.0,39.0,19.0,13.0,206.0,18.0,9.0,115.2268239938247,16.169125942954476,12.822421723557763,0.8664495114006515,5.34,23.0,https://www.screener.in/company/SWELECTES/consolidated/,2026-08-01T22:43:49.792457+00:00
SWSOLAR.NS,1274686,consolidated,2026-03-31,39.2522,25.0,39.2522,25.0,23.2939,17.4,55.0,26.0,,32.0,-7.0,,,,,1.835130970724191,40.1,4.0,https://www.screener.in/company/SWSOLAR/consolidated/,2026-08-01T22:43:49.792457+00:00
SYMPHONY.NS,3327,consolidated,2026-03-31,46.5236,38.9,48.977,49.2,57.6725,54.7,-2.0,-30.0,-16.0,-45.0,-6.0,-5.0,,,,0.3174311926605505,2.96,11.0,https://www.screener.in/company/SYMPHONY/consolidated/,2026-08-01T22:43:49.792457+00:00
SYNCOMF.NS,3328,consolidated,2026-03-31,40.172,40.2,48.1513,46.2,30.9098,21.85,30.0,,22.0,57.0,11.0,17.0,56.82738757241306,44.18109958630752,,0.0024096385542168,20.2,16.0,https://www.screener.in/company/SYNCOMF/consolidated/,2026-08-01T22:43:49.792457+00:00
SYNGENE.NS,1272977,consolidated,2026-03-31,57.6796,55.8,57.7337,56.3,53.3412,55.0,5.0,0.0,,-8.0,-9.0,6.0,-12.091730883665598,-4.928924549384261,,0.0946476544740649,7.78,22.0,https://www.screener.in/company/SYNGENE/consolidated/,2026-08-01T22:43:49.792457+00:00
SYRMA.NS,1275268,consolidated,2026-03-31,71.3497,72.8,67.0015,66.1,67.0015,66.1,33.0,36.0,,39.0,,,34.65355120666147,-55.23697076060179,,0.13971358714635,13.9,11.0,https://www.screener.in/company/SYRMA/consolidated/,2026-08-01T22:43:49.792457+00:00
TAALTECH.NS,1273408,consolidated,2026-03-31,21.065,21.0,18.8494,18.5,13.9185,15.8,7.0,12.0,87.0,23.0,40.0,29.0,22.00980392010812,12.270319856242317,,0.0040816326530612,25.1,30.0,https://www.screener.in/company/TAALTECH/consolidated/,2026-08-01T22:43:49.792457+00:00
TAJGVK.NS,3341,consolidated,2026-03-31,20.8688,20.8,43.1819,20.6,75.3072,29.1,10.0,42.0,46.0,18.0,23.0,10.0,63.82920722551506,,60.690501616784864,0.1248780487804878,18.4,31.0,https://www.screener.in/company/TAJGVK/consolidated/,2026-08-01T22:43:49.792457+00:00
TALBROAUTO.NS,3345,consolidated,2026-03-31,21.0274,20.8,17.4636,17.8,16.3992,17.3,10.0,33.0,26.0,24.0,43.0,33.0,23.252791403094665,21.620046448860972,26.80066845392195,0.1130551816958277,15.1,16.0,https://www.screener.in/company/TALBROAUTO/consolidated/,2026-08-01T22:43:49.792457+00:00
TANLA.NS,3355,consolidated,2026-03-31,19.142,17.7,23.3261,20.5,26.9919,22.9,10.0,8.0,50.0,4.0,-9.0,33.0,4.845024731375003,7.956723198631588,49.03764391839802,0.0213022508038585,21.4,17.0,https://www.screener.in/company/TANLA/consolidated/,2026-08-01T22:43:49.792457+00:00
TARACHAND.NS,1274302,consolidated,2026-03-31,16.1462,16.0,16.1462,16.0,16.1462,16.0,,,,,49.0,,,,,0.9261744966442952,20.5,36.0,https://www.screener.in/company/TARACHAND/consolidated/,2026-08-01T22:43:49.792457+00:00
TARC.NS,1274820,consolidated,2026-03-31,243.2892,194.1,175.2382,134.95,176.8654,142.1,-4.0,25.0,,-5.0,27.0,,-1.970958714277116,25.354177711631976,,1.7843691148775895,1.81,-80.0,https://www.screener.in/company/TARC/consolidated/,2026-08-01T22:43:49.792457+00:00
TARIL.NS,3458,consolidated,2026-03-31,113.3097,77.6,79.4527,38.5,64.1086,32.9,22.0,106.0,44.0,87.0,76.0,35.0,78.84840134877362,100.78091489853529,,0.3016501650165016,19.1,15.0,https://www.screener.in/company/TARIL/consolidated/,2026-08-01T22:43:49.792457+00:00
TARMAT.NS,2777,consolidated,2026-03-31,78.2707,65.7,54.5536,34.7,45.9508,32.7,-7.0,4.0,24.0,8.0,-10.0,2.0,-10.558302220863135,-8.39431881857805,14.374339491922372,0.0802139037433155,3.47,6.0,https://www.screener.in/company/TARMAT/consolidated/,2026-08-01T22:43:49.792457+00:00
TARSONS.NS,1275103,consolidated,2026-03-31,48.8739,54.1,40.4653,37.0,40.4653,37.0,,-26.0,,,,,-47.80722566263606,,,0.6188976377952756,2.38,28.0,https://www.screener.in/company/TARSONS/consolidated/,2026-08-01T22:43:49.792457+00:00
TATACAP.NS,1285728,consolidated,2026-03-31,29.6545,29.9,29.6545,29.9,29.6545,29.9,32.0,34.0,,17.0,,,10.300847137713752,28.974313563577205,,,12.4,,https://www.screener.in/company/TATACAP/consolidated/,2026-08-01T22:43:49.792457+00:00
TATACHEM.NS,3362,consolidated,2026-03-31,44.1303,47.6,35.5133,34.2,23.3822,12.1,-5.0,3.0,-10.0,-51.0,-3.0,13.0,,,,0.3772988776761294,1.27,11.0,https://www.screener.in/company/TATACHEM/consolidated/,2026-08-01T22:43:49.792457+00:00
TATACOMM.NS,3364,consolidated,2026-03-31,43.5357,39.6,35.49,34.3,41.3571,33.15,12.0,-4.0,49.0,-15.0,3.0,20.0,-17.692176153238204,-4.345142810595792,61.01563542281427,3.553524804177546,32.6,19.0,https://www.screener.in/company/TATACOMM/consolidated/,2026-08-01T22:43:49.792457+00:00
TATACONSUM.NS,3367,consolidated,2026-03-31,79.2866,79.1,79.2548,77.7,59.709,67.75,14.0,12.0,68.0,13.0,7.0,23.0,7.698712116943152,11.738957706843012,,0.1294290435101891,7.35,14.0,https://www.screener.in/company/TATACONSUM/consolidated/,2026-08-01T22:43:49.792457+00:00
TATAELXSI.NS,3366,consolidated,2015-03-31,384.6433,389.6,403.0314,407.2,238.4324,239.55,16.0,16.0,,43.0,-3.0,16.0,43.44111026528934,15.877620069349495,,0.0,39.3,21.0,https://www.screener.in/company/TATAELXSI/consolidated/,2026-08-01T22:43:49.792457+00:00
TATAINVEST.NS,3368,consolidated,2026-03-31,88.1898,89.2,68.9222,70.5,49.9743,39.4,13.0,23.0,8.0,20.0,42.0,30.0,19.835040333713817,23.03295292205958,9.274948794311012,3.422079255355554e-05,1.44,90.0,https://www.screener.in/company/TATAINVEST/consolidated/,2026-08-01T22:43:49.792457+00:00
TATAPOWER.NS,3371,consolidated,2026-03-31,32.6223,31.8,32.3816,31.5,26.651,25.05,4.0,27.0,118.0,6.0,23.0,18.0,3.959896346917224,27.146573666963224,16.95349180123531,1.9291831357048748,10.2,20.0,https://www.screener.in/company/TATAPOWER/consolidated/,2026-08-01T22:43:49.792457+00:00
TATASTEEL.NS,3373,consolidated,2026-03-31,59.0862,54.9,37.202,26.8,26.4061,11.5,-2.0,8.0,24.0,10.0,6.0,18.0,6.454898596741354,6.681313648606846,,0.9042254348272926,11.7,15.0,https://www.screener.in/company/TATASTEEL/consolidated/,2026-08-01T22:43:49.792457+00:00
TATATECH.NS,1284568,consolidated,2026-03-31,50.8971,47.0,50.8971,47.0,50.8971,47.0,8.0,21.0,,-1.0,,,-4.347518473802648,,,0.2391027275044608,16.3,16.0,https://www.screener.in/company/TATATECH/consolidated/,2026-08-01T22:43:49.792457+00:00
TATVA.NS,1274895,consolidated,2026-03-31,121.129,87.2,95.9757,78.2,95.9381,78.2,6.0,-4.0,,-5.0,-5.0,,-4.309069654821718,-7.125502067705513,,0.1536491677336747,5.53,19.0,https://www.screener.in/company/TATVA/consolidated/,2026-08-01T22:43:49.792457+00:00
TBOTEK.NS,1284773,consolidated,2026-03-31,76.4009,74.65,76.4009,74.65,76.4009,74.65,36.0,91.0,,20.0,,,17.58415684248529,,,0.4874274661508704,17.6,14.0,https://www.screener.in/company/TBOTEK/consolidated/,2026-08-01T22:43:49.792457+00:00
TBZ.NS,3469,consolidated,2026-03-31,15.9764,16.0,15.6801,15.8,20.2064,16.3,10.0,36.0,25.0,71.0,25.0,15.0,71.41318921903957,36.15413588460357,,1.0572792362768495,27.1,11.0,https://www.screener.in/company/TBZ/consolidated/,2026-08-01T22:43:49.792457+00:00
TCC.NS,25,consolidated,2026-03-31,41.9254,39.2,41.9254,39.2,41.9254,39.2,431.0,,,325.0,,,,,,0.1771150334753499,5.35,44.0,https://www.screener.in/company/TCC/consolidated/,2026-08-01T22:43:49.792457+00:00
TCI.NS,3461,consolidated,2026-03-31,19.8064,19.9,19.09,19.1,19.3916,18.8,9.0,24.0,22.0,12.0,16.0,16.0,13.26805938141906,25.520510740242685,17.895363040539024,0.1215900233826968,19.2,11.0,https://www.screener.in/company/TCI/consolidated/,2026-08-01T22:43:49.792457+00:00
TCIEXP.NS,1273600,consolidated,2026-03-31,30.9159,30.8,31.6557,31.4,31.6557,31.4,0.0,,,-16.0,-19.0,,-16.45050768896017,,,0.0769230769230769,10.4,10.0,https://www.screener.in/company/TCIEXP/consolidated/,2026-08-01T22:43:49.792457+00:00
TCPLPACK.NS,3384,consolidated,2026-03-31,22.8637,22.6,19.8958,19.8,18.1343,18.4,7.0,26.0,,3.0,41.0,15.0,-4.151977956057373,23.91820240657505,,0.8817802503477051,15.7,16.0,https://www.screener.in/company/TCPLPACK/consolidated/,2026-08-01T22:43:49.792457+00:00
TCS.NS,3365,consolidated,2026-03-31,26.2873,28.1,28.7732,29.8,26.8374,26.75,6.0,9.0,8.0,8.0,-6.0,6.0,5.69441047959276,9.180220435004284,8.246313728126275,0.1052126072361059,51.8,27.0,https://www.screener.in/company/TCS/consolidated/,2026-08-01T22:43:49.792457+00:00
TDPOWERSYS.NS,3385,consolidated,2026-03-31,49.1248,46.1,39.2598,38.5,37.7574,34.7,29.0,43.0,40.0,36.0,96.0,38.0,35.075698360321475,39.23489785762153,,0.0167910447761194,24.7,18.0,https://www.screener.in/company/TDPOWERSYS/consolidated/,2026-08-01T22:43:49.792457+00:00
TEAMLEASE.NS,1273242,consolidated,2026-03-31,34.6484,34.5,42.8743,39.4,55.598,48.0,14.0,13.0,19.0,10.0,-21.0,1.0,8.55342648801438,12.941059222628915,19.096160022376687,0.1111111111111111,14.8,1.3,https://www.screener.in/company/TEAMLEASE/consolidated/,2026-08-01T22:43:49.792457+00:00
TECHM.NS,100068,consolidated,2026-03-31,39.4701,34.6,33.0234,30.3,25.0517,20.5,2.0,2.0,5.0,1.0,6.0,13.0,-0.3371569760996507,1.4322497450161231,4.733158422822559,0.0738114532685035,17.5,17.0,https://www.screener.in/company/TECHM/consolidated/,2026-08-01T22:43:49.792457+00:00
TECHNOE.NS,1274597,consolidated,2026-03-31,44.2541,44.2,34.1421,31.8,36.0684,27.3,58.0,25.0,,34.0,26.0,,32.900300853218,19.77631618951716,,0.017320182824152,11.4,14.0,https://www.screener.in/company/TECHNOE/consolidated/,2026-08-01T22:43:49.792457+00:00
TECHNVISN.NS,3119,consolidated,2026-03-31,537.2515,178.6,317.9444,122.0,353.2872,128.8,21.0,-44.0,-6.0,0.0,82.0,47.0,0.0,-44.28603208843885,-6.562352546884254,1.3333333333333333,1.93,2.1,https://www.screener.in/company/TECHNVISN/consolidated/,2026-08-01T22:43:49.792457+00:00
TEGA.NS,1275116,consolidated,2026-03-31,55.7503,56.6,45.4153,46.05,45.4153,46.05,12.0,0.0,37.0,-8.0,,,-11.856214454981371,-4.3183505824273,,0.1168183152333431,5.94,14.0,https://www.screener.in/company/TEGA/consolidated/,2026-08-01T22:43:49.792457+00:00
TEJASNET.NS,1274086,consolidated,2026-03-31,81.4236,50.35,84.9234,56.6,48.9275,22.2,6.0,,,,13.0,,,,,1.4251108836574549,-26.8,-50.0,https://www.screener.in/company/TEJASNET/consolidated/,2026-08-01T22:43:49.792457+00:00
TEMBO.NS,1274396,consolidated,2026-03-31,20.1076,17.3,46.5774,27.0,52.6503,31.55,63.0,105.0,,136.0,23.0,,111.44114593242084,93.40467574806256,,0.8520971302428256,27.5,13.0,https://www.screener.in/company/TEMBO/consolidated/,2026-08-01T22:43:49.792457+00:00
TENNIND.NS,1285764,consolidated,2026-03-31,35.5855,36.4,35.5855,36.4,35.5855,36.4,4.0,,,18.0,,,-5.650327549317947,,,0.0425709515859766,44.4,17.0,https://www.screener.in/company/TENNIND/consolidated/,2026-08-01T22:43:49.792457+00:00
TERASOFT.NS,3399,consolidated,2026-03-31,26.7268,22.4,26.2343,21.85,26.2343,21.85,22.0,,,93.0,40.0,16.0,92.69685518773429,,,0.2671232876712329,18.5,15.0,https://www.screener.in/company/TERASOFT/consolidated/,2026-08-01T22:43:49.792457+00:00
TEXINFRA.NS,3401,consolidated,2026-03-31,305.3875,306.3,326.5055,272.6,180.2024,71.25,2.0,11.0,-6.0,52.0,12.0,12.0,53.02500528744412,-0.2309493486911895,-7.119917045604119,0.0262417994376757,0.91,-26.0,https://www.screener.in/company/TEXINFRA/consolidated/,2026-08-01T22:43:49.792457+00:00
TEXMOPIPES.NS,3403,consolidated,2026-03-31,18.0912,9.7,17.8278,14.1,15.9201,14.05,-16.0,5.0,17.0,31.0,-4.0,4.0,,5.330521241467823,13.217360994503814,0.2391304347826087,6.29,8.0,https://www.screener.in/company/TEXMOPIPES/consolidated/,2026-08-01T22:43:49.792457+00:00
TEXRAIL.NS,3402,consolidated,2026-03-31,44.1217,28.6,97.4569,40.65,125.9941,64.4,25.0,69.0,39.0,97.0,26.0,2.0,80.96117443966043,61.27153223232356,23.32153521650715,0.3770008424599831,7.63,9.0,https://www.screener.in/company/TEXRAIL/consolidated/,2026-08-01T22:43:49.792457+00:00
TFCILTD.NS,3448,consolidated,2022-09-30,24.2452,20.0,17.3594,14.8,17.0296,13.65,,,,,46.0,28.0,,,,,9.87,,https://www.screener.in/company/TFCILTD/consolidated/,2026-08-01T22:43:49.792457+00:00
TFL.NS,3462,consolidated,2026-03-31,103.6115,108.4,103.6115,108.4,83.7755,58.1,7.0,-4.0,,17.0,17.0,3.0,,,,,-12.5,,https://www.screener.in/company/TFL/consolidated/,2026-08-01T22:43:49.792457+00:00
TGBHOTELS.NS,448,consolidated,2020-03-31,17.6833,15.95,17.6833,15.95,17.6833,15.95,-37.0,16.0,-21.0,29.0,2.0,-18.0,,,-20.809573685399094,0.1301424050632911,0.86,-64.97,https://www.screener.in/company/TGBHOTELS/consolidated/,2026-08-01T22:43:49.792457+00:00
THAKDEV.NS,3406,consolidated,2026-03-31,18.9603,21.7,18.9603,21.7,18.9603,21.7,-16.0,-15.0,8.0,-32.0,13.0,7.0,-31.843287811341327,-14.86484658921504,8.55275066467831,0.1093480069102309,3.33,10.53,https://www.screener.in/company/THAKDEV/consolidated/,2026-08-01T22:43:49.792457+00:00
THEINVEST.NS,1042,consolidated,2026-03-31,23.9631,21.6,47.6734,27.6,63.5666,32.15,-3.0,14.0,18.0,37.0,-5.0,-10.0,37.8266713165379,14.47508445747645,17.898953569413933,0.0761904761904762,4.08,20.0,https://www.screener.in/company/THEINVEST/consolidated/,2026-08-01T22:43:49.792457+00:00
THEJO.NS,1272810,consolidated,2026-03-31,46.4701,44.2,42.0935,39.6,32.8794,33.45,10.0,14.0,80.0,16.0,21.0,,14.437832756300706,12.508327028586953,72.0331536026199,0.1154929577464788,15.7,13.0,https://www.screener.in/company/THEJO/consolidated/,2026-08-01T22:43:49.792457+00:00
THELEELA.NS,1285468,consolidated,2026-03-31,37.2286,37.8,37.2286,37.8,37.2286,37.8,21.0,,,106.0,,,,,,0.2827920049968769,8.2,48.0,https://www.screener.in/company/THELEELA/consolidated/,2026-08-01T22:43:49.792457+00:00
THEMISMED.NS,3411,consolidated,2026-03-31,32.5287,30.2,24.5785,20.1,29.4303,26.6,-1.0,-46.0,-20.0,-69.0,2.0,8.0,-73.12196034667846,-50.10352055715072,-24.174586404768483,0.2512562814070351,0.41,0.1,https://www.screener.in/company/THEMISMED/consolidated/,2026-08-01T22:43:49.792457+00:00
THERMAX.NS,3412,consolidated,2026-03-31,75.6739,70.3,73.0192,69.3,63.3764,62.85,10.0,18.0,7.0,7.0,25.0,18.0,16.96457817236785,28.380237591931,9.824058994623286,0.4239639639639639,10.6,8.0,https://www.screener.in/company/THERMAX/consolidated/,2026-08-01T22:43:49.792457+00:00
THOMASCOOK.NS,3416,consolidated,2026-03-31,35.4173,31.7,35.4173,31.7,51.2742,42.9,18.0,24.0,7.0,222.0,11.0,1.0,221.446207145244,,,0.2117046347211311,9.27,5.0,https://www.screener.in/company/THOMASCOOK/consolidated/,2026-08-01T22:43:49.792457+00:00
THYROCARE.NS,1273341,consolidated,2026-03-31,52.4006,51.2,43.9931,45.8,46.6985,45.85,16.0,8.0,12.0,36.0,5.0,12.0,36.12084644506353,7.508322483811369,12.29993177671933,0.0871794871794871,28.4,32.0,https://www.screener.in/company/THYROCARE/consolidated/,2026-08-01T22:43:49.792457+00:00
TI.NS,3421,consolidated,2026-03-31,35.158,34.0,40.2526,36.95,40.2526,36.95,26.0,54.0,11.0,53.0,63.0,40.0,-52.99865837182204,,,0.7716297786720322,13.1,16.0,https://www.screener.in/company/TI/consolidated/,2026-08-01T22:43:49.792457+00:00
TICL.NS,3356,consolidated,2026-03-31,10.4143,4.7,10.5691,9.85,10.5691,9.85,-10.0,16.0,8.0,102.0,3.0,-5.0,,-38.30029262332404,,1.1368978805394991,2.25,11.92,https://www.screener.in/company/TICL/consolidated/,2026-08-01T22:43:49.792457+00:00
TIIL.NS,3388,consolidated,2026-03-31,21.7248,21.0,17.2563,18.1,13.5123,11.8,12.0,19.0,11.0,2.0,30.0,24.0,2.656890528138512,18.79488565826368,12.670352996936728,0.4048442906574394,15.0,17.0,https://www.screener.in/company/TIIL/consolidated/,2026-08-01T22:43:49.792457+00:00
TIINDIA.NS,1274187,consolidated,2026-03-31,81.5758,82.8,71.6429,69.3,61.7869,64.05,15.0,17.0,,-11.0,19.0,,-12.718526595355018,18.1662730371392,,0.0972777706102438,9.95,10.0,https://www.screener.in/company/TIINDIA/consolidated/,2026-08-01T22:43:49.792457+00:00
TIL.NS,3420,consolidated,2026-03-31,60.525,59.35,48.319,55.2,23.8369,10.3,95.0,10.0,4.0,20.0,39.0,14.0,,,,3.4414414414414414,-26.0,1.8,https://www.screener.in/company/TIL/consolidated/,2026-08-01T22:43:49.792457+00:00
TIMETECHNO.NS,3423,consolidated,2026-03-31,21.5516,21.5,17.3238,16.8,15.8807,14.8,12.0,35.0,13.0,29.0,38.0,20.0,25.20627100121136,32.9161106462063,11.18668210163838,0.1793052837573385,13.4,15.0,https://www.screener.in/company/TIMETECHNO/consolidated/,2026-08-01T22:43:49.792457+00:00
TIMKEN.NS,3426,consolidated,2026-03-31,58.1538,57.0,58.1538,57.0,58.1538,57.0,,,,,15.0,19.0,,,,0.0051475634866163,14.3,18.0,https://www.screener.in/company/TIMKEN/consolidated/,2026-08-01T22:43:49.792457+00:00
TINNARUBR.NS,3427,consolidated,2026-03-31,38.4879,33.7,30.5563,29.5,28.7526,26.6,23.0,238.0,34.0,36.0,91.0,50.0,32.02311484149658,,33.67907240743009,0.43,22.1,19.0,https://www.screener.in/company/TINNARUBR/consolidated/,2026-08-01T22:43:49.792457+00:00
TIRUMALCHM.NS,3415,consolidated,2026-03-31,16.95,10.2,14.4447,10.0,13.9352,11.0,-7.0,,,,-3.0,17.0,,,,1.3906649616368287,-11.8,-2.0,https://www.screener.in/company/TIRUMALCHM/consolidated/,2026-08-01T22:43:49.792457+00:00
TITAGARH.NS,3435,consolidated,2026-03-31,58.0892,56.6,47.3285,48.9,65.7713,52.9,5.0,65.0,27.0,7.0,55.0,24.0,-5.706671592463042,,,0.2536644951140065,6.47,10.0,https://www.screener.in/company/TITAGARH/consolidated/,2026-08-01T22:43:49.792457+00:00
TITAN.NS,3437,consolidated,2026-03-31,87.6803,88.1,90.2034,87.1,86.7701,80.25,29.0,40.0,22.0,17.0,22.0,28.0,15.997020938459736,39.13165025727099,22.352448376519156,1.9500095523148444,37.7,10.0,https://www.screener.in/company/TITAN/consolidated/,2026-08-01T22:43:49.792457+00:00
TMCV.NS,1285768,consolidated,2026-03-31,33.3839,37.8,33.3839,37.8,33.3839,37.8,,,,,,,,,,0.4409455002355897,34.0,9.0,https://www.screener.in/company/TMCV/consolidated/,2026-08-01T22:43:49.792457+00:00
TMPV.NS,3370,consolidated,2026-03-31,10.8745,8.6,12.6576,8.9,12.7363,9.3,-1.0,101.0,21.0,232.0,13.0,1.0,213.37889218368989,,18.75423249607216,0.7059017739229754,75.7,6.0,https://www.screener.in/company/TMPV/consolidated/,2026-08-01T22:43:49.792457+00:00
TNPETRO.NS,3352,consolidated,2026-03-31,12.8255,13.0,10.1812,9.2,8.7271,6.9,-12.0,-4.0,18.0,0.0,-8.0,17.0,1.1332409432130763,-5.045804816027388,10.200727101948123,0.4567779960707269,9.55,9.0,https://www.screener.in/company/TNPETRO/consolidated/,2026-08-01T22:43:49.792457+00:00
TOLINS.NS,1284968,consolidated,2026-03-31,15.5571,14.3,15.5571,14.3,15.5571,14.3,,,,,,,,,,0.0304709141274238,10.4,15.0,https://www.screener.in/company/TOLINS/consolidated/,2026-08-01T22:43:49.792457+00:00
TORNTPHARM.NS,3445,consolidated,2026-03-31,60.8427,60.7,53.5793,55.7,44.1362,41.7,13.0,12.0,2.0,22.0,27.0,21.0,20.217860001764087,11.56050897709826,2.2397359581316945,1.7913686218407248,27.4,33.0,https://www.screener.in/company/TORNTPHARM/consolidated/,2026-08-01T22:43:49.792457+00:00
TORNTPOWER.NS,3446,consolidated,2026-03-31,27.7229,26.5,22.9644,21.9,18.4102,15.95,4.0,12.0,10.0,4.0,25.0,23.0,2.860359903628296,12.288820674911328,9.856329260913643,0.7324246395806029,12.5,19.0,https://www.screener.in/company/TORNTPOWER/consolidated/,2026-08-01T22:43:49.792457+00:00
TOTAL.NS,1274115,consolidated,2026-03-31,54.3807,14.9,37.9351,18.35,24.858,10.1,2.0,62.0,10.0,14.0,-4.0,,14.19681731644291,,,0.4444444444444444,8.97,2.4,https://www.screener.in/company/TOTAL/consolidated/,2026-08-01T22:43:49.792457+00:00
TOUCHWOOD.NS,1274221,consolidated,2026-03-31,41.3726,44.0,58.1464,52.0,59.0515,52.35,27.0,33.0,,24.0,-12.0,,14.523742098199977,30.618389979509743,,0.0802539106778508,9.63,8.7,https://www.screener.in/company/TOUCHWOOD/consolidated/,2026-08-01T22:43:49.792457+00:00
TPLPLASTEH.NS,3451,consolidated,2026-03-31,41.6338,32.0,37.9299,32.2,28.4327,25.25,16.0,29.0,,24.0,17.0,6.0,21.88414181546488,22.00171876667025,,0.1124260355029585,18.4,11.0,https://www.screener.in/company/TPLPLASTEH/consolidated/,2026-08-01T22:43:49.792457+00:00
TRANSPEK.NS,3460,consolidated,2026-03-31,17.6631,16.6,18.0126,15.3,19.1305,16.2,-9.0,15.0,7.0,-19.0,-7.0,11.0,-18.225322445908144,14.389621465290547,8.472420423470496,0.078125,6.04,15.0,https://www.screener.in/company/TRANSPEK/consolidated/,2026-08-01T22:43:49.792457+00:00
TRANSRAILL.NS,1285196,consolidated,2026-03-31,22.5798,24.55,22.5798,24.55,22.5798,24.55,30.0,33.0,,56.0,,,-13.95142554019426,-25.353439747706474,,0.2972380534853134,20.0,12.0,https://www.screener.in/company/TRANSRAILL/consolidated/,2026-08-01T22:43:49.792457+00:00
TRAVELFOOD.NS,1285532,consolidated,2026-03-31,41.7054,40.35,41.7054,40.35,41.7054,40.35,16.0,54.0,28.0,23.0,,,-62.39072399962326,,,0.1697851697851697,35.3,39.0,https://www.screener.in/company/TRAVELFOOD/consolidated/,2026-08-01T22:43:49.792457+00:00
TREEHOUSE.NS,3464,consolidated,2026-03-31,14.6536,13.4,14.6536,13.4,14.6536,13.4,-26.0,11.0,,20.0,-10.0,-16.0,,,,0.033202368435615,-5.36,-293.98,https://www.screener.in/company/TREEHOUSE/consolidated/,2026-08-01T22:43:49.792457+00:00
TREJHARA.NS,1274610,consolidated,2026-03-31,84.3567,61.25,52.7697,30.85,38.3601,8.0,85.0,-4.0,,28.0,15.0,,,-17.725067634646873,,0.0774410774410774,3.31,6.0,https://www.screener.in/company/TREJHARA/consolidated/,2026-08-01T22:43:49.792457+00:00
TREL.NS,1284455,consolidated,2026-03-31,24.4209,25.0,24.4209,25.0,24.4209,25.0,-15.0,,,2.0,,,,,,0.0,2.94,54.0,https://www.screener.in/company/TREL/consolidated/,2026-08-01T22:43:49.792457+00:00
TRENT.NS,3467,consolidated,2026-03-31,140.7325,142.6,177.1806,147.9,162.4575,140.3,35.0,69.0,43.0,71.0,37.0,38.0,56.95960223164751,,40.06211303847864,0.3666428060128847,27.7,19.0,https://www.screener.in/company/TRENT/consolidated/,2026-08-01T22:43:49.792457+00:00
TRF.NS,3468,consolidated,2026-03-31,15.5541,15.0,12.8512,14.4,12.8512,14.4,-22.0,15.0,8.0,-62.0,13.0,-3.0,,,,,,7.82,https://www.screener.in/company/TRF/consolidated/,2026-08-01T22:43:49.792457+00:00
TRIDENT.NS,3473,consolidated,2026-03-31,43.3904,44.2,38.6383,36.1,26.333,25.8,2.0,3.0,4.0,-6.0,3.0,19.0,-4.886005123890358,4.28361890406388,4.423693007594887,0.3832774518021793,7.91,13.0,https://www.screener.in/company/TRIDENT/consolidated/,2026-08-01T22:43:49.792457+00:00
TRIGYN.NS,3475,consolidated,2026-03-31,19.0905,19.35,14.0868,9.75,9.7453,8.2,-8.0,-49.0,-25.0,-61.0,-19.0,-6.0,-61.35218116331266,-49.70145670719862,-25.89794752022664,0.0125470514429109,0.27,0.4,https://www.screener.in/company/TRIGYN/consolidated/,2026-08-01T22:43:49.792457+00:00
TRITURBINE.NS,3486,consolidated,2026-03-31,58.9701,56.4,56.9559,55.2,44.3408,41.85,20.0,27.0,13.0,28.0,37.0,18.0,21.9850720369571,28.252749570841807,12.39232566878159,0.0248962655601659,27.1,21.0,https://www.screener.in/company/TRITURBINE/consolidated/,2026-08-01T22:43:49.792457+00:00
TRIVENI.NS,1272591,consolidated,2026-03-31,17.1739,17.3,14.1739,11.3,10.504,8.75,2.0,-8.0,39.0,-28.0,15.0,20.0,-46.86562920066408,0.1636669972163051,,0.6464253664373317,6.13,8.0,https://www.screener.in/company/TRIVENI/consolidated/,2026-08-01T22:43:49.792457+00:00
TRU.NS,1273628,consolidated,2026-03-31,216.8168,133.3,384.9484,185.45,384.9484,185.45,-12.0,,,,-50.0,,,,,,-106.0,,https://www.screener.in/company/TRU/consolidated/,2026-08-01T22:43:49.792457+00:00
TRUALT.NS,1285696,consolidated,2026-03-31,24.1137,20.55,24.1137,20.55,24.1137,20.55,31.0,,,43.0,,,27.844147481444526,,,1.0861275476660093,9.09,19.0,https://www.screener.in/company/TRUALT/consolidated/,2026-08-01T22:43:49.792457+00:00
TSFINV.NS,1274315,consolidated,2026-03-31,15.5237,13.35,14.0578,12.6,14.6305,13.25,124.0,45.0,,26.0,38.0,,29.966995621636737,47.80453404289497,,0.0389524283109564,8.23,24.0,https://www.screener.in/company/TSFINV/consolidated/,2026-08-01T22:43:49.792457+00:00
TTKPRESTIG.NS,3488,consolidated,2026-03-31,49.021,48.1,45.7981,44.7,46.6648,46.45,2.0,-5.0,4.0,-12.0,-6.0,5.0,-13.84121613243786,-7.239724645079148,3.5444361566979943,0.0878787878787878,8.97,10.0,https://www.screener.in/company/TTKPRESTIG/consolidated/,2026-08-01T22:43:49.792457+00:00
TVSELECT.NS,1272519,consolidated,2019-03-31,75.0879,71.8,65.0253,66.8,62.254,61.15,67.0,64.0,14.0,59.0,20.0,17.0,25.912814782900615,74.17601355344775,,0.0,11.6,0.6,https://www.screener.in/company/TVSELECT/consolidated/,2026-08-01T22:43:49.792457+00:00
TVSHLTD.NS,3252,consolidated,2026-03-31,20.9096,19.9,18.8192,18.1,19.1692,18.4,20.0,39.0,20.0,40.0,37.0,22.0,37.685570938675525,39.26589657408475,19.238280407752907,5.591710485617074,30.6,16.0,https://www.screener.in/company/TVSHLTD/consolidated/,2026-08-01T22:43:49.792457+00:00
TVSMOTOR.NS,3502,consolidated,2026-03-31,61.6331,61.3,53.3782,55.2,50.7297,51.1,21.0,38.0,23.0,33.0,50.0,31.0,31.450465881585487,38.40261923986385,21.542764588283458,3.4282279142707788,33.6,15.0,https://www.screener.in/company/TVSMOTOR/consolidated/,2026-08-01T22:43:49.792457+00:00
TVSSCS.NS,1284449,consolidated,2026-03-31,153.7842,46.8,153.7842,46.8,153.7842,46.8,3.0,29.0,,71.0,,,33.441553321958104,,,1.355140186915888,9.7,7.0,https://www.screener.in/company/TVSSCS/consolidated/,2026-08-01T22:43:49.792457+00:00
TVSSRICHAK.NS,3503,consolidated,2026-03-31,56.4567,41.7,44.7226,33.7,31.9188,21.2,7.0,-1.0,-9.0,-5.0,12.0,5.0,-2.9776549776856065,-0.7401057573526382,-9.15920545390466,0.6439966414777498,5.89,8.0,https://www.screener.in/company/TVSSRICHAK/consolidated/,2026-08-01T22:43:49.792457+00:00
TVTODAY.NS,3499,consolidated,2026-03-31,20.7803,22.9,16.9498,13.1,17.1437,14.4,-3.0,-28.0,-10.0,-35.0,-17.0,-9.0,-45.4559114130391,-35.819967850932365,-13.819566862160473,0.0168350168350168,2.91,3.8,https://www.screener.in/company/TVTODAY/consolidated/,2026-08-01T22:43:49.792457+00:00
TVVISION.NS,1273485,consolidated,2026-03-31,72.8106,10.9,72.8106,10.9,72.8106,10.9,-42.0,6.0,,-35.0,15.0,,,,,,,-138.0,https://www.screener.in/company/TVVISION/consolidated/,2026-08-01T22:43:49.792457+00:00
UBL.NS,3548,consolidated,2026-03-31,121.0898,118.1,116.2287,115.9,110.927,106.9,7.0,24.0,2.0,2.0,-1.0,6.0,10.769546894097592,29.56957725463409,3.3153824840859603,0.2912428129146395,7.69,9.0,https://www.screener.in/company/UBL/consolidated/,2026-08-01T22:43:49.792457+00:00
UCAL.NS,3520,consolidated,2026-03-31,10.8493,11.6,8.92,8.65,12.5161,11.7,1.0,,,,-7.0,0.0,,,,0.5705521472392638,-5.43,6.0,https://www.screener.in/company/UCAL/consolidated/,2026-08-01T22:43:49.792457+00:00
UCOBANK.NS,3521,consolidated,2025-03-31,22.5694,19.3,21.5891,18.2,21.5891,18.2,19.0,,,37.0,14.0,-5.0,34.48083668017652,,,,8.5,,https://www.screener.in/company/UCOBANK/consolidated/,2026-08-01T22:43:49.792457+00:00
UDS.NS,1284513,consolidated,2026-03-31,17.5757,16.2,17.5757,16.2,17.5757,16.2,12.0,13.0,,36.0,,,,,,0.0427756653992395,8.88,4.6,https://www.screener.in/company/UDS/consolidated/,2026-08-01T22:43:49.792457+00:00
UEL.NS,1928,consolidated,2018-03-31,674.6612,768.6,369.3058,22.5,196.0394,28.0,44.0,,,12.0,149.0,29.0,13.040381433805573,,,0.641860465116279,8.03,12.0,https://www.screener.in/company/UEL/consolidated/,2026-08-01T22:43:49.792457+00:00
UFBL.NS,1274859,consolidated,2026-03-31,127.7321,121.6,127.7321,121.6,127.7321,121.6,3.0,6.0,,,-6.0,,,,,2.8456591639871385,-17.6,14.0,https://www.screener.in/company/UFBL/consolidated/,2026-08-01T22:43:49.792457+00:00
UFLEX.NS,3522,consolidated,2026-03-31,19.8233,17.0,12.7704,11.6,9.1678,5.8,2.0,-17.0,1.0,-17.0,-3.0,7.0,-12.95143288103745,-17.761308751761273,0.1030641721071035,1.2499384388081751,4.27,12.0,https://www.screener.in/company/UFLEX/consolidated/,2026-08-01T22:43:49.792457+00:00
UFO.NS,1270842,consolidated,2026-03-31,33.861,27.4,33.861,27.4,22.1263,16.75,7.0,17.0,-11.0,51.0,-9.0,-19.0,,,-12.01068790869022,0.2892307692307692,6.33,16.0,https://www.screener.in/company/UFO/consolidated/,2026-08-01T22:43:49.792457+00:00
UGARSUGAR.NS,3523,consolidated,2023-09-30,10.0344,8.5,12.9019,13.0,12.7048,12.2,27.0,,,96.0,5.0,-3.0,95.81466516090538,,,1.308139534883721,60.2,10.0,https://www.screener.in/company/UGARSUGAR/consolidated/,2026-08-01T22:43:49.792457+00:00
UGROCAP.NS,645,consolidated,2026-03-31,8.8067,8.7,8.8067,8.7,8.8067,8.7,,,,,-4.0,13.0,,,,,6.02,,https://www.screener.in/company/UGROCAP/consolidated/,2026-08-01T22:43:49.792457+00:00
ULTRACEMCO.NS,3525,consolidated,2026-03-31,48.0433,47.5,41.9023,44.0,39.9856,41.1,12.0,8.0,13.0,17.0,9.0,13.0,16.464632084834086,7.923379918073459,11.865167574751425,0.3100203591564001,11.1,19.0,https://www.screener.in/company/ULTRACEMCO/consolidated/,2026-08-01T22:43:49.792457+00:00
ULTRAMAR.NS,3524,consolidated,2026-03-31,19.2497,18.2,18.2061,17.2,17.405,16.95,12.0,7.0,,5.0,-1.0,11.0,5.285349529524575,7.6758472596625715,,0.0988505747126436,8.59,16.0,https://www.screener.in/company/ULTRAMAR/consolidated/,2026-08-01T22:43:49.792457+00:00
UMESLTD.NS,3573,consolidated,2026-03-31,95.8592,71.0,179.7016,132.5,168.4715,124.95,10.0,69.0,8.0,80.0,4.0,8.0,95.74338205844316,71.87719275874788,,0.0938775510204081,4.81,50.0,https://www.screener.in/company/UMESLTD/consolidated/,2026-08-01T22:43:49.792457+00:00
UMIYA-MRO.NS,2142,consolidated,2026-03-31,26.0457,26.1,23.4785,22.35,23.4785,22.35,29.0,,,3.0,22.0,7.0,,,,1.1043478260869566,-3.61,39.0,https://www.screener.in/company/UMIYA-MRO/consolidated/,2026-08-01T22:43:49.792457+00:00
UNICHEMLAB.NS,3531,consolidated,2026-03-31,56.9433,30.5,67.1614,50.6,48.4884,25.5,18.0,25.0,-3.0,35.0,11.0,7.0,,49.12047856852831,11.67779856164708,0.1840264998159735,3.17,9.0,https://www.screener.in/company/UNICHEMLAB/consolidated/,2026-08-01T22:43:49.792457+00:00
UNIECOM.NS,1284886,consolidated,2026-03-31,62.1696,60.0,62.1696,60.0,62.1696,60.0,,,,,,,,,,0.0466321243523316,15.6,17.0,https://www.screener.in/company/UNIECOM/consolidated/,2026-08-01T22:43:49.792457+00:00
UNIMECH.NS,1285207,consolidated,2026-03-31,69.7518,65.6,69.7518,65.6,69.7518,65.6,37.0,,,41.0,,,-82.15482114743918,,,0.1723202170963365,9.0,31.0,https://www.screener.in/company/UNIMECH/consolidated/,2026-08-01T22:43:49.792457+00:00
UNIONBANK.NS,3536,consolidated,2026-03-31,6.5331,6.4,6.4115,6.3,8.6722,6.9,10.0,47.0,30.0,32.0,36.0,3.0,26.91301019638539,41.60417324043564,2.57843528976458,,15.7,,https://www.screener.in/company/UNIONBANK/consolidated/,2026-08-01T22:43:49.792457+00:00
UNIPARTS.NS,1275368,consolidated,2026-03-31,17.4446,17.6,16.8821,17.1,16.8821,17.1,-5.0,12.0,,-8.0,,,-8.245655343031345,11.653898243978931,,0.1781609195402299,18.3,21.0,https://www.screener.in/company/UNIPARTS/consolidated/,2026-08-01T22:43:49.792457+00:00
UNITDSPR.NS,3555,consolidated,2026-03-31,63.7478,62.4,63.2096,61.7,97.6615,70.9,6.0,35.0,29.0,23.0,18.0,13.0,17.367743411100744,36.7710760874816,29.53441380589512,0.0461297888975762,21.4,18.0,https://www.screener.in/company/UNITDSPR/consolidated/,2026-08-01T22:43:49.792457+00:00
UNITEDTEA.NS,3553,consolidated,2018-03-31,18.042,18.6,16.3437,15.8,15.7612,14.7,,,,,4.0,1.0,,,,0.0,10.8,21.0,https://www.screener.in/company/UNITEDTEA/consolidated/,2026-08-01T22:43:49.792457+00:00
UNIVCABLES.NS,3560,consolidated,2026-03-31,20.821,20.9,16.0521,15.7,12.4998,10.6,11.0,19.0,,11.0,49.0,32.0,11.350211167853775,19.389819523703068,,0.6224219989423585,8.9,9.0,https://www.screener.in/company/UNIVCABLES/consolidated/,2026-08-01T22:43:49.792457+00:00
UNOMINDA.NS,2090,consolidated,2026-03-31,59.5096,58.2,61.2452,59.6,54.4002,50.5,20.0,43.0,28.0,23.0,24.0,41.0,22.02192888165369,40.39871763991514,24.865275118999985,0.401230048323327,19.3,11.0,https://www.screener.in/company/UNOMINDA/consolidated/,2026-08-01T22:43:49.792457+00:00
UPL.NS,3554,consolidated,2026-03-31,30.87,27.7,23.0325,19.0,23.5079,20.4,-1.0,-10.0,6.0,-21.0,-4.0,5.0,-18.628389106081933,-7.367912621546013,5.769642572453293,0.6795019598801014,5.64,18.0,https://www.screener.in/company/UPL/consolidated/,2026-08-01T22:43:49.792457+00:00
URBANCO.NS,1285641,consolidated,2026-03-31,33.4194,33.5,33.4194,33.5,33.4194,33.5,35.0,1.0,,8.0,,,,,,0.0634624358376108,-12.0,-20.0,https://www.screener.in/company/URBANCO/consolidated/,2026-08-01T22:43:49.792457+00:00
URJA.NS,3571,consolidated,2026-03-31,421.051,414.6,400.1372,402.8,296.1533,301.5,19.0,-5.0,2.0,-4.0,6.0,25.0,0.0,0.0,4.137974399241062,0.053319748683987,0.76,3.19,https://www.screener.in/company/URJA/consolidated/,2026-08-01T22:43:49.792457+00:00
USHAMART.NS,3574,consolidated,2026-03-31,27.0822,27.3,22.4954,24.0,21.2642,19.7,4.0,25.0,12.0,9.0,49.0,40.0,9.992351183743551,25.50620525531881,,0.0693519079345851,15.1,20.0,https://www.screener.in/company/USHAMART/consolidated/,2026-08-01T22:43:49.792457+00:00
UTIAMC.NS,1274795,consolidated,2026-03-31,19.9306,19.4,20.1563,20.0,20.6901,20.3,10.0,-1.0,,2.0,-3.0,,-2.992242585092197,-4.203327013635838,10.36171800168093,0.0312985571587125,10.3,45.0,https://www.screener.in/company/UTIAMC/consolidated/,2026-08-01T22:43:49.792457+00:00
UTTAMSUGAR.NS,3579,consolidated,2026-03-31,9.8761,9.3,9.8761,9.3,9.8761,9.3,,,,,0.0,12.0,,,,0.8242009132420092,12.2,10.0,https://www.screener.in/company/UTTAMSUGAR/consolidated/,2026-08-01T22:43:49.792457+00:00
UYFINCORP.NS,1174,consolidated,2022-09-30,26.7346,18.6,17.3038,11.5,16.1674,12.0,62.0,-13.0,17.0,-6.0,15.0,18.0,23.191347739112,-6.754533912888416,13.61318135140226,,2.35,,https://www.screener.in/company/UYFINCORP/consolidated/,2026-08-01T22:43:49.792457+00:00
V2RETAIL.NS,3584,consolidated,2026-03-31,104.8292,87.3,104.8292,87.3,75.2147,69.15,54.0,67.0,,135.0,78.0,44.0,,,,1.1031042128603104,22.9,15.0,https://www.screener.in/company/V2RETAIL/consolidated/,2026-08-01T22:43:49.792457+00:00
VADILALIND.NS,3588,consolidated,2026-03-31,22.2013,21.7,22.3142,21.35,22.6262,21.2,12.0,103.0,27.0,16.0,44.0,27.0,17.22277998406032,101.84828522906685,26.520885827804875,0.2705882352941176,20.1,17.0,https://www.screener.in/company/VADILALIND/consolidated/,2026-08-01T22:43:49.792457+00:00
VAIBHAVGBL.NS,3590,consolidated,2026-03-31,34.8599,31.5,35.6897,35.6,29.8943,26.1,11.0,0.0,21.0,37.0,-20.0,16.0,35.80618624556149,-0.939649353938654,20.588243475835032,0.2524271844660194,17.9,10.0,https://www.screener.in/company/VAIBHAVGBL/consolidated/,2026-08-01T22:43:49.792457+00:00
VAKRANGEE.NS,3592,consolidated,2026-03-31,314.2692,195.3,226.2008,119.7,139.4434,61.9,9.0,-29.0,-30.0,117.0,-29.0,-23.0,115.44346900318838,-29.881987470452263,-30.36475357396843,0.0187793427230046,5.4,11.0,https://www.screener.in/company/VAKRANGEE/consolidated/,2026-08-01T22:43:49.792457+00:00
VARROC.NS,1274377,consolidated,2026-03-31,37.614,37.6,43.7,39.7,31.7611,18.05,9.0,19.0,-4.0,32.0,15.0,,,,-27.22226486942816,0.5196629213483146,15.1,9.0,https://www.screener.in/company/VARROC/consolidated/,2026-08-01T22:43:49.792457+00:00
VASWANI.NS,3618,consolidated,2024-03-31,20.6479,20.8,20.6479,20.8,20.6479,20.8,,,,,31.0,22.0,,,,,,5.0,https://www.screener.in/company/VASWANI/consolidated/,2026-08-01T22:43:49.792457+00:00
VBL.NS,1273562,consolidated,2025-12-31,67.7357,63.5,64.3199,59.7,65.61,58.4,18.0,50.0,40.0,24.0,33.0,,24.889272877751555,54.80714188204079,33.48443673434189,0.1281029727244866,16.2,23.0,https://www.screener.in/company/VBL/consolidated/,2026-08-01T22:43:49.792457+00:00
VEDL.NS,2943,consolidated,2026-03-31,9.5229,8.7,6.7456,5.7,4.7797,3.2,-19.0,8.0,13.0,17.0,18.0,16.0,16.054402392020585,7.338289967994038,,0.6635583662289535,38.2,31.0,https://www.screener.in/company/VEDL/consolidated/,2026-08-01T22:43:49.792457+00:00
VEDPOWER.NS,1286015,consolidated,2026-03-31,17.4,17.4,17.4,17.4,17.4,17.4,,,,,,,,,,,,18.0,https://www.screener.in/company/VEDPOWER/consolidated/,2026-08-01T22:43:49.792457+00:00
VEEDOL.NS,3418,consolidated,2026-03-31,18.4,17.6,17.5935,16.7,18.0347,17.15,5.0,6.0,8.0,19.0,-14.0,3.0,18.696379851298328,6.369124078584409,8.333685959285809,0.0154589371980676,19.7,10.0,https://www.screener.in/company/VEEDOL/consolidated/,2026-08-01T22:43:49.792457+00:00
VENTIVE.NS,1285201,consolidated,2026-03-31,75.1104,55.7,75.1104,55.7,75.1104,55.7,,,,,,,,,,0.467490010897203,8.35,44.0,https://www.screener.in/company/VENTIVE/consolidated/,2026-08-01T22:43:49.792457+00:00
VERANDA.NS,1275198,consolidated,2026-03-31,71.1346,71.15,71.1346,71.15,71.1346,71.15,44.0,37.0,,30.0,,,,,,0.3987473903966597,3.84,34.0,https://www.screener.in/company/VERANDA/consolidated/,2026-08-01T22:43:49.792457+00:00
VGL.NS,22,consolidated,2020-03-31,9.8729,9.9,9.8729,9.9,9.8729,9.9,,,,,34.0,6.0,,,,1.8138528138528136,-15.9,6.0,https://www.screener.in/company/VGL/consolidated/,2026-08-01T22:43:49.792457+00:00
VGUARD.NS,3583,consolidated,2026-03-31,56.7809,57.0,52.6954,50.2,54.0646,54.3,13.0,10.0,,20.0,5.0,10.0,17.249283335089636,8.616940146690123,,0.0695322376738306,14.4,9.0,https://www.screener.in/company/VGUARD/consolidated/,2026-08-01T22:43:49.792457+00:00
VHL.NS,3609,consolidated,2026-03-31,5.1318,5.0,4.3019,4.6,4.0783,4.1,28.0,11.0,3.0,-2.0,0.0,10.0,-1.845977180080094,10.77289641760597,3.1389743701356387,0.0,5.91,83.0,https://www.screener.in/company/VHL/consolidated/,2026-08-01T22:43:49.792457+00:00
VIDHIING.NS,3649,consolidated,2026-03-31,51.421,56.7,46.1766,41.3,41.7567,38.1,-2.0,6.0,,9.0,-2.0,20.0,9.08366174789843,6.009063749653909,,0.1768292682926829,15.6,19.0,https://www.screener.in/company/VIDHIING/consolidated/,2026-08-01T22:43:49.792457+00:00
VIDYAWIRES.NS,1285797,consolidated,2026-03-31,25.7608,20.9,25.7608,20.9,25.7608,20.9,22.0,,,39.0,,,-63.05716041730051,,,0.1770833333333333,17.8,4.7,https://www.screener.in/company/VIDYAWIRES/consolidated/,2026-08-01T22:43:49.792457+00:00
VIJAYA.NS,1274919,consolidated,2026-03-31,68.7427,67.7,57.3329,60.9,57.3329,60.9,21.0,15.0,,27.0,,,26.572024791272185,-2.04550700586178,,0.4420062695924764,19.7,41.0,https://www.screener.in/company/VIJAYA/consolidated/,2026-08-01T22:43:49.792457+00:00
VIKASECO.NS,3655,consolidated,2026-03-31,45.3745,40.5,44.4482,40.0,44.4482,40.0,-4.0,,,-31.0,-12.0,-18.0,-41.51964523574267,-12.944943670387588,,0.0759493670886076,0.8,2.4,https://www.screener.in/company/VIKASECO/consolidated/,2026-08-01T22:43:49.792457+00:00
VIKASLIFE.NS,1274660,consolidated,2026-03-31,10.246,3.3,13.3594,13.4,13.3594,13.4,2.0,50.0,,47.0,-19.0,,,,,0.1902173913043478,3.4,-23.0,https://www.screener.in/company/VIKASLIFE/consolidated/,2026-08-01T22:43:49.792457+00:00
VIKRAMSOLR.NS,1285605,consolidated,2026-03-31,37.5213,16.55,37.5213,16.55,37.5213,16.55,32.0,65.0,,214.0,,,184.90096076525325,-4.414888802949424,,0.194453198865427,21.4,19.0,https://www.screener.in/company/VIKRAMSOLR/consolidated/,2026-08-01T22:43:49.792457+00:00
VIKRAN.NS,1285612,consolidated,2026-03-31,20.4129,20.7,20.4129,20.7,20.4129,20.7,,,,,,,,,,0.2431340872374798,10.9,14.0,https://www.screener.in/company/VIKRAN/consolidated/,2026-08-01T22:43:49.792457+00:00
VIMTALABS.NS,3661,consolidated,2024-09-30,33.1006,32.0,27.7215,24.5,29.1553,26.1,15.0,,,24.0,31.0,31.0,24.142896755342317,,,0.0350877192982456,13.5,34.0,https://www.screener.in/company/VIMTALABS/consolidated/,2026-08-01T22:43:49.792457+00:00
VINATIORGA.NS,3663,consolidated,2026-03-31,46.0255,47.3,51.0563,49.9,51.9132,50.2,3.0,11.0,,2.0,-8.0,17.0,1.6245999980729176,10.313457210493349,,0.0,14.9,28.0,https://www.screener.in/company/VINATIORGA/consolidated/,2026-08-01T22:43:49.792457+00:00
VINCOFE.NS,1270733,consolidated,2026-03-31,55.4465,52.0,55.5548,52.85,55.5548,52.85,106.0,,,165.0,27.0,,137.5527072259851,,,0.2175438596491228,16.6,18.0,https://www.screener.in/company/VINCOFE/consolidated/,2026-08-01T22:43:49.792457+00:00
VINDHYATEL.NS,3664,consolidated,2026-03-31,9.5682,9.9,9.2084,9.5,8.1613,7.9,7.0,-4.0,9.0,6.0,8.0,13.0,5.914714411803046,-4.003455170440217,8.78019350395245,0.3412604042806183,5.31,6.0,https://www.screener.in/company/VINDHYATEL/consolidated/,2026-08-01T22:43:49.792457+00:00
VIPIND.NS,3670,consolidated,2026-03-31,94.945,67.9,83.3707,62.45,63.5864,46.75,-4.0,,,,-7.0,9.0,,,,2.55363321799308,-92.4,-13.0,https://www.screener.in/company/VIPIND/consolidated/,2026-08-01T22:43:49.792457+00:00
VIRINCHI.NS,3678,consolidated,2026-03-31,35.7701,29.4,28.69,25.5,19.1987,11.3,-3.0,,,,-16.0,-5.0,,,,0.5537525354969574,-5.39,23.0,https://www.screener.in/company/VIRINCHI/consolidated/,2026-08-01T22:43:49.792457+00:00
VISAKAIND.NS,3683,consolidated,2026-03-31,39.095,32.8,21.9451,11.25,19.2504,9.9,0.0,-35.0,,-39.0,-13.0,11.0,16.803292501773992,-5.954897010300186,,0.366384522370012,1.68,8.0,https://www.screener.in/company/VISAKAIND/consolidated/,2026-08-01T22:43:49.792457+00:00
VISHNU.NS,3686,consolidated,2026-03-31,23.5134,25.0,22.4184,24.0,21.1316,16.95,5.0,33.0,21.0,2.0,37.0,27.0,-2.589054895119558,29.596816007993954,19.493683790433455,0.4929840972871843,14.3,15.0,https://www.screener.in/company/VISHNU/consolidated/,2026-08-01T22:43:49.792457+00:00
VIYASH.NS,2938,consolidated,2026-03-31,104.9374,66.0,99.5983,66.8,72.1382,58.45,34.0,15.0,28.0,73.0,-3.0,8.0,,1.1204426024345793,,0.1683270353830299,7.39,19.0,https://www.screener.in/company/VIYASH/consolidated/,2026-08-01T22:43:49.792457+00:00
VLSFINANCE.NS,3700,consolidated,2026-03-31,9.2096,4.3,7.4398,4.3,9.0004,5.3,-22.0,-37.0,14.0,-27.0,2.0,17.0,-21.77932531761366,-34.44715441720276,11.709414414240737,0.0,0.95,43.0,https://www.screener.in/company/VLSFINANCE/consolidated/,2026-08-01T22:43:49.792457+00:00
VMM.NS,1285185,consolidated,2026-03-31,93.1576,97.1,93.1576,97.1,93.1576,97.1,19.0,48.0,,39.0,,,36.35509976436755,47.25153524094148,,0.2681775259678942,12.2,15.0,https://www.screener.in/company/VMM/consolidated/,2026-08-01T22:43:49.792457+00:00
VOEPL.NS,1275291,consolidated,2026-03-31,110.4447,104.15,110.4447,104.15,110.4447,104.15,,,,,,,,,,0.837378640776699,4.33,10.0,https://www.screener.in/company/VOEPL/consolidated/,2026-08-01T22:43:49.792457+00:00
VOLTAS.NS,3708,consolidated,2026-03-31,100.8975,91.6,89.4418,81.5,64.4441,61.25,14.0,-6.0,2.0,17.0,5.0,14.0,40.68227715981549,-6.467987091845884,-0.2944698695617864,0.1555834378920953,6.1,3.6,https://www.screener.in/company/VOLTAS/consolidated/,2026-08-01T22:43:49.792457+00:00
VRAJ.NS,1284832,consolidated,2026-03-31,11.2798,12.1,11.2798,12.1,11.2798,12.1,4.0,24.0,,-16.0,,,-55.3673910007122,-15.266342411384038,,0.1036144578313253,7.89,10.0,https://www.screener.in/company/VRAJ/consolidated/,2026-08-01T22:43:49.792457+00:00
VSSL.NS,5313,consolidated,2025-03-31,23.1907,23.6,23.1907,23.6,23.1907,23.6,,,,,18.0,27.0,,,,0.150375939849624,12.1,8.0,https://www.screener.in/company/VSSL/consolidated/,2026-08-01T22:43:49.792457+00:00
VSTTILLERS.NS,3712,consolidated,2026-03-31,35.0573,34.9,34.4272,34.6,34.4272,34.6,7.0,,,5.0,17.0,9.0,4.2220987577825,,,0.0018281535648994,9.99,13.0,https://www.screener.in/company/VSTTILLERS/consolidated/,2026-08-01T22:43:49.792457+00:00
VTL.NS,3612,consolidated,2026-03-31,18.5847,18.6,15.1571,15.6,12.9628,12.0,-1.0,12.0,2.0,-2.0,9.0,11.0,-2.15520636208244,12.33540963588393,2.9239294632612545,0.1764314247669773,7.3,14.0,https://www.screener.in/company/VTL/consolidated/,2026-08-01T22:43:49.792457+00:00
WAAREEENER.NS,1285121,consolidated,2026-03-31,36.8707,37.85,36.8707,37.85,36.8707,37.85,58.0,143.0,,100.0,,,74.00273880827555,120.06116398675076,,0.2225377476104723,32.8,21.0,https://www.screener.in/company/WAAREEENER/consolidated/,2026-08-01T22:43:49.792457+00:00
WAAREERTL.NS,49530,consolidated,2026-03-31,65.1611,47.4,105.6043,46.1,119.2178,50.75,112.0,190.0,,105.0,98.0,69.0,105.0708472189835,,,0.1563169164882226,68.9,19.0,https://www.screener.in/company/WAAREERTL/consolidated/,2026-08-01T22:43:49.792457+00:00
WABAG.NS,3585,consolidated,2026-03-31,26.6306,28.6,21.4897,17.4,19.9713,16.25,10.0,28.0,15.0,93.0,39.0,13.0,205.2761478768868,27.40934080145689,13.830082452849757,0.0887850467289719,15.9,12.0,https://www.screener.in/company/WABAG/consolidated/,2026-08-01T22:43:49.792457+00:00
WANBURY.NS,3726,consolidated,2025-03-31,30.2346,23.05,30.7417,25.3,23.5547,20.8,5.0,31.0,26.0,80.0,28.0,21.0,-27.971148876394917,-18.41826935498292,,3.0338983050847457,76.5,14.0,https://www.screener.in/company/WANBURY/consolidated/,2026-08-01T22:43:49.792457+00:00
WCIL.NS,1284983,consolidated,2026-03-31,18.6371,20.7,18.6371,20.7,18.6371,20.7,4.0,-3.0,,-18.0,,,-25.162311654752823,-19.570436866839003,,0.2606689734717416,4.58,4.7,https://www.screener.in/company/WCIL/consolidated/,2026-08-01T22:43:49.792457+00:00
WEALTH.NS,1273302,consolidated,2026-03-31,26.9796,26.8,24.3415,22.05,22.619,20.3,32.0,25.0,31.0,41.0,35.0,,40.86319304989389,24.60058140773236,31.04066865594706,0.0,27.7,72.0,https://www.screener.in/company/WEALTH/consolidated/,2026-08-01T22:43:49.792457+00:00
WEBELSOLAR.NS,3730,consolidated,2026-03-31,17.2296,15.6,17.2296,15.6,17.2296,15.6,,,,,71.0,37.0,,,,0.2079365079365079,66.9,41.0,https://www.screener.in/company/WEBELSOLAR/consolidated/,2026-08-01T22:43:49.792457+00:00
WEIZMANIND.NS,3732,consolidated,2026-03-31,25.0981,24.5,25.6711,25.05,22.4895,22.25,-2.0,5.0,5.0,12.0,7.0,12.0,12.30288121534102,4.896438776776591,5.408163248146436,0.0909090909090909,9.55,11.0,https://www.screener.in/company/WEIZMANIND/consolidated/,2026-08-01T22:43:49.792457+00:00
WEL.NS,1274682,consolidated,2026-03-31,116.8274,113.1,116.8274,113.1,116.8274,113.1,,,,,80.0,,,,,1.0865384615384617,8.95,4.3,https://www.screener.in/company/WEL/consolidated/,2026-08-01T22:43:49.792457+00:00
WELCORP.NS,3738,consolidated,2026-03-31,18.2548,17.4,17.9138,17.1,20.4427,17.9,20.0,21.0,29.0,119.0,64.0,35.0,97.81374118561196,15.757931741136687,26.73601380666051,0.2572083879423329,19.4,14.0,https://www.screener.in/company/WELCORP/consolidated/,2026-08-01T22:43:49.792457+00:00
WELENT.NS,3742,consolidated,2026-03-31,18.9726,19.6,17.5073,18.1,16.5452,15.5,9.0,25.0,90.0,13.0,42.0,25.0,-19.34956494914896,23.89444527788811,90.57753609910696,0.6527595269382391,14.1,21.0,https://www.screener.in/company/WELENT/consolidated/,2026-08-01T22:43:49.792457+00:00
WELSPUNLIV.NS,3740,consolidated,2026-03-31,30.3917,23.2,29.1307,22.5,20.7504,17.4,5.0,-17.0,-11.0,4.0,2.0,4.0,2.464038965577986,-16.884683394349498,-11.62537929110885,0.4708155379296319,4.47,8.0,https://www.screener.in/company/WELSPUNLIV/consolidated/,2026-08-01T22:43:49.792457+00:00
WENDT.NS,3745,consolidated,2026-03-31,67.0236,64.0,59.6054,55.5,55.3715,49.25,4.0,1.0,1.0,-32.0,13.0,15.0,-28.66943801112517,2.644201181753192,3.044406748796069,-0.0,4.89,14.0,https://www.screener.in/company/WENDT/consolidated/,2026-08-01T22:43:49.792457+00:00
WESTLIFE.NS,3749,consolidated,2026-03-31,519.6861,301.1,417.9923,181.45,435.9565,223.45,5.0,16.0,8.0,-64.0,-1.0,9.0,-33.877016479041565,,27.66439281750919,2.9159935379644586,0.84,13.0,https://www.screener.in/company/WESTLIFE/consolidated/,2026-08-01T22:43:49.792457+00:00
WEWORK.NS,1285729,consolidated,2026-03-31,117.9267,123.9,117.9267,123.9,117.9267,123.9,23.0,,,36.0,,,,,,18.624161073825505,31.6,65.0,https://www.screener.in/company/WEWORK/consolidated/,2026-08-01T22:43:49.792457+00:00
WHEELS.NS,3751,consolidated,2026-03-31,23.0376,21.1,23.2161,21.4,27.2747,25.6,6.0,143.0,14.0,41.0,10.0,9.0,40.24211284944743,142.2757331187537,14.0283828802946,0.7377521613832853,15.8,8.0,https://www.screener.in/company/WHEELS/consolidated/,2026-08-01T22:43:49.792457+00:00
WHIRLPOOL.NS,3752,consolidated,2026-03-31,64.458,51.8,67.7238,70.4,69.2346,71.3,6.0,-2.0,,13.0,-18.0,-1.0,10.281687090109305,-3.5460039148948685,,0.0170632059601057,7.75,6.0,https://www.screener.in/company/WHIRLPOOL/consolidated/,2026-08-01T22:43:49.792457+00:00
WILLAMAGOR.NS,3755,consolidated,2026-03-31,1.5179,1.4,1.3325,1.3,1.0238,0.7,-20.0,14.0,6.0,25.0,2.0,-8.0,,,,,,-9725.32,https://www.screener.in/company/WILLAMAGOR/consolidated/,2026-08-01T22:43:49.792457+00:00
WINDLAS.NS,1274901,consolidated,2026-03-31,26.6471,26.0,20.5309,21.1,20.5309,21.1,21.0,16.0,,17.0,,,16.258571174966296,4.985740097478719,,0.0602409638554216,12.2,12.0,https://www.screener.in/company/WINDLAS/consolidated/,2026-08-01T22:43:49.792457+00:00
WINDMACHIN.NS,3757,consolidated,2026-03-31,52.0239,48.55,39.2087,35.5,52.8078,46.9,15.0,-36.0,-9.0,-36.0,50.0,23.0,-54.01793039364799,-46.97553274665407,-17.8490096045123,0.1740890688259109,0.2,6.0,https://www.screener.in/company/WINDMACHIN/consolidated/,2026-08-01T22:43:49.792457+00:00
WIPL.NS,1274054,consolidated,2026-03-31,48.9618,47.5,51.4886,45.5,53.0568,39.75,3.0,29.0,-15.0,-50.0,22.0,,-50.27216713259151,,-14.265051436724296,0.2045454545454545,1.0,3.0,https://www.screener.in/company/WIPL/consolidated/,2026-08-01T22:43:49.792457+00:00
WIPRO.NS,3763,consolidated,2026-03-31,20.8408,20.7,21.6073,20.2,19.4466,18.9,1.0,4.0,4.0,5.0,-9.0,6.0,6.754625358156718,5.014406468289345,6.407782934162287,0.2305297719810495,15.5,19.0,https://www.screener.in/company/WIPRO/consolidated/,2026-08-01T22:43:49.792457+00:00
WOCKPHARMA.NS,3767,consolidated,2026-03-31,241.3359,203.6,241.3359,203.6,174.8061,110.7,8.0,-19.0,1.0,43.0,32.0,8.0,,-22.745072770821963,-2.819142681736242,0.4520242914979757,6.11,19.0,https://www.screener.in/company/WOCKPHARMA/consolidated/,2026-08-01T22:43:49.792457+00:00
WORTHPERI.NS,1274149,consolidated,2026-03-31,13.407,13.3,11.792,12.1,10.5396,10.7,1.0,3.0,,-7.0,6.0,,-6.785365998456527,-1.755118229285968,,0.2234042553191489,8.14,11.0,https://www.screener.in/company/WORTHPERI/consolidated/,2026-08-01T22:43:49.792457+00:00
WPIL.NS,3770,consolidated,2026-03-31,27.5745,26.9,21.1598,19.3,24.7223,18.3,5.0,13.0,83.0,-6.0,35.0,29.0,-5.786349460609596,13.435219717234892,66.31242072193398,0.3155248271527341,10.7,17.0,https://www.screener.in/company/WPIL/consolidated/,2026-08-01T22:43:49.792457+00:00
WSI.NS,3719,consolidated,2026-03-31,72.6592,30.0,72.6592,30.0,57.0235,24.5,5.0,19.0,8.0,-44.0,68.0,20.0,-58.33286052545972,,,0.1734112823627666,0.8,9.91,https://www.screener.in/company/WSI/consolidated/,2026-08-01T22:43:49.792457+00:00
WSTCSTPAPR.NS,3747,consolidated,2026-03-31,10.1841,7.6,9.7538,7.5,9.7881,7.4,-5.0,115.0,,-46.0,17.0,20.0,-45.72687795430773,,,0.095620842572062,4.25,10.0,https://www.screener.in/company/WSTCSTPAPR/consolidated/,2026-08-01T22:43:49.792457+00:00
XCHANGING.NS,572,consolidated,2026-03-31,40.2058,24.8,31.0884,19.7,25.4888,18.35,5.0,-1.0,7.0,10.0,-11.0,-3.0,9.83617582582401,-0.9463129050985232,9.027454827432058,0.1792929292929292,15.8,34.0,https://www.screener.in/company/XCHANGING/consolidated/,2026-08-01T22:43:49.792457+00:00
XELPMOC.NS,1274619,consolidated,2026-03-31,247.5262,127.6,247.5262,127.6,247.5262,127.6,-37.0,,,17.0,-28.0,,,,,0.0092221331194867,-10.5,-190.11,https://www.screener.in/company/XELPMOC/consolidated/,2026-08-01T22:43:49.792457+00:00
XPROINDIA.NS,3775,consolidated,2026-03-31,91.3732,63.9,65.9617,49.1,64.7146,45.3,0.0,18.0,10.0,-25.0,50.0,47.0,-30.98077822957364,11.6524817118143,,0.4281949934123847,2.8,9.0,https://www.screener.in/company/XPROINDIA/consolidated/,2026-08-01T22:43:49.792457+00:00
XTGLOBAL.NS,1049,consolidated,2026-03-31,44.4134,43.9,39.2954,40.4,45.2194,43.4,15.0,4.0,,-3.0,-4.0,49.0,-2.921393755498425,-12.53428838047338,,0.2463054187192118,5.97,7.0,https://www.screener.in/company/XTGLOBAL/consolidated/,2026-08-01T22:43:49.792457+00:00
YASHO.NS,1274312,consolidated,2026-03-31,105.7803,72.2,80.181,42.5,80.181,42.5,7.0,3.0,,-28.0,49.0,,-29.40210819637199,1.2277259359208204,,1.2567567567567568,5.85,20.0,https://www.screener.in/company/YASHO/consolidated/,2026-08-01T22:43:49.792457+00:00
YATHARTH.NS,1284424,consolidated,2026-03-31,38.9769,38.5,38.9769,38.5,38.9769,38.5,36.0,57.0,,39.0,,,21.930557183449608,10.414972435274894,,0.148314606741573,10.4,24.0,https://www.screener.in/company/YATHARTH/consolidated/,2026-08-01T22:43:49.792457+00:00
YATRA.NS,1284491,consolidated,2026-03-31,136.1728,49.6,136.1728,49.6,136.1728,49.6,38.0,22.0,,89.0,,,64.45502715839883,,,0.1239470517448856,6.23,8.0,https://www.screener.in/company/YATRA/consolidated/,2026-08-01T22:43:49.792457+00:00
YESBANK.NS,3783,consolidated,2026-03-31,39.6561,27.6,40.5432,35.2,30.9343,24.2,10.0,25.0,3.0,69.0,12.0,-21.0,62.71024220942954,,-21.133014818303465,,7.1,,https://www.screener.in/company/YESBANK/consolidated/,2026-08-01T22:43:49.792457+00:00
YUKEN.NS,3786,consolidated,2026-03-31,75.7624,62.3,64.1839,54.0,71.2777,55.3,7.0,75.0,25.0,21.0,5.0,23.0,10.09871211175819,19.446959530885888,,0.3074866310160428,4.29,11.0,https://www.screener.in/company/YUKEN/consolidated/,2026-08-01T22:43:49.792457+00:00
ZAGGLE.NS,1284492,consolidated,2026-03-31,65.2133,63.8,65.2133,63.8,65.2133,63.8,51.0,,,82.0,,,60.58547263065379,,,0.0391737891737891,10.4,10.0,https://www.screener.in/company/ZAGGLE/consolidated/,2026-08-01T22:43:49.792457+00:00
ZEEL.NS,3788,consolidated,2026-03-31,36.6987,28.2,32.6862,25.3,33.2383,27.7,0.0,-21.0,-10.0,95.0,-11.0,-13.0,78.002609059935,-19.476837839344675,-10.519824207401795,0.0225916453537936,2.4,4.9,https://www.screener.in/company/ZEEL/consolidated/,2026-08-01T22:43:49.792457+00:00
ZEEMEDIA.NS,3790,consolidated,2026-03-31,152.232,184.5,47.1162,15.7,55.1013,14.5,2.0,-40.0,9.0,29.0,-9.0,-11.0,,-54.91219680830493,,0.3705357142857143,3.0,14.0,https://www.screener.in/company/ZEEMEDIA/consolidated/,2026-08-01T22:43:49.792457+00:00
ZENITHSTL.NS,3792,consolidated,2026-03-31,20.1367,17.1,18.9701,16.5,18.9701,16.5,-31.0,2.0,8.0,30.0,34.0,23.0,,,,,,-30.44,https://www.screener.in/company/ZENITHSTL/consolidated/,2026-08-01T22:43:49.792457+00:00
ZENSARTECH.NS,3800,consolidated,2026-03-31,24.8025,25.4,23.4471,24.0,20.76,20.6,5.0,18.0,10.0,34.0,4.0,9.0,33.00956150314383,20.6849445021817,10.133062013162796,0.0167408349226531,17.3,16.0,https://www.screener.in/company/ZENSARTECH/consolidated/,2026-08-01T22:43:49.792457+00:00
ZENTEC.NS,3791,consolidated,2026-03-31,65.8325,64.1,151.7895,76.1,122.7573,76.5,46.0,128.0,56.0,67.0,77.0,34.0,58.51850401732577,122.83916005172092,26.514178659449676,0.0100582318687136,10.7,33.0,https://www.screener.in/company/ZENTEC/consolidated/,2026-08-01T22:43:49.792457+00:00
ZFCVINDIA.NS,3720,consolidated,2026-03-31,62.6,57.4,71.6359,69.0,71.6359,69.0,6.0,,,17.0,14.0,9.0,17.64121341468656,,,0.0149051490514905,14.6,16.0,https://www.screener.in/company/ZFCVINDIA/consolidated/,2026-08-01T22:43:49.792457+00:00
ZFSTEERING.NS,3802,consolidated,2026-03-31,40.6478,37.5,31.3176,24.7,26.9686,22.8,8.0,,-4.0,-14.0,5.0,-8.0,-14.410689813962463,-18.902797369769495,,0.2203742203742204,3.29,12.0,https://www.screener.in/company/ZFSTEERING/consolidated/,2026-08-01T22:43:49.792457+00:00
ZOTA.NS,1274070,consolidated,2026-03-31,265.7362,151.1,230.4317,128.0,230.4317,128.0,57.0,,,,29.0,,,,,0.3890489913544668,-15.0,3.4,https://www.screener.in/company/ZOTA/consolidated/,2026-08-01T22:43:49.792457+00:00
ZSARACOM.NS,2894,consolidated,2026-03-31,20.7688,12.4,16.3648,10.9,14.9425,10.55,71.0,34.0,21.0,99.0,42.0,,95.05076725588016,31.635993855153856,,,8.92,,https://www.screener.in/company/ZSARACOM/consolidated/,2026-08-01T22:43:49.792457+00:00
ZUARI.NS,249383,consolidated,2026-03-31,4.2312,3.6,5.6729,4.5,5.9894,5.0,-11.0,31.0,18.0,34.0,9.0,3.0,24.499602479930505,,,0.3073240785064624,15.1,9.0,https://www.screener.in/company/ZUARI/consolidated/,2026-08-01T22:43:49.792457+00:00
ZUARIIND.NS,3808,consolidated,2026-03-31,30.241,23.35,21.7757,16.9,21.7757,16.9,3.0,28.0,17.0,-28.0,11.0,10.0,-29.69148894789237,,,0.7174813587406794,2.69,7.0,https://www.screener.in/company/ZUARIIND/consolidated/,2026-08-01T22:43:49.792457+00:00
ZYDUSLIFE.NS,567,consolidated,2026-03-31,22.5917,21.4,21.6004,21.3,23.0013,22.0,16.0,19.0,11.0,32.0,14.0,12.0,37.25888616128028,19.171021885015872,10.243224490909752,0.4609029212156978,21.2,31.0,https://www.screener.in/company/ZYDUSLIFE/consolidated/,2026-08-01T22:43:49.792457+00:00
ZYDUSWELL.NS,3810,consolidated,2026-03-31,43.7478,39.9,40.208,35.9,40.2929,35.9,21.0,-2.0,8.0,-10.0,5.0,14.0,-14.007146983985896,10.69718360117653,1.619201194313313,0.549776862341229,3.98,13.0,https://www.screener.in/company/ZYDUSWELL/consolidated/,2026-08-01T22:43:49.792457+00:00
