symbol,screener_company_id,statement_type,financial_reporting_date,pe_average_3y,pe_median_3y,pe_average_5y,pe_median_5y,pe_average_10y,pe_median_10y,sales_growth_3y,sales_growth_5y,sales_growth_10y,profit_growth_3y,profit_growth_5y,profit_growth_10y,eps_growth_3y,eps_growth_5y,eps_growth_10y,debt_to_equity,roe,opm,source_url,refreshed_at
20MICRONS.NS,11,consolidated,2026-03-31,12.0278,11.65,10.3798,10.0,9.8941,9.95,11.0,23.0,20.0,17.0,32.0,19.0,16.919569634326372,23.81116132628234,19.80141801671,0.3223140495867768,14.5,13.0,https://www.screener.in/company/20MICRONS/consolidated/,2026-09-01T23:39:41.636880+00:00
21STCENMGM.NS,3504,consolidated,2026-03-31,3.2241,2.0,2.6964,1.9,4.35,2.9,23.0,,,-13.0,2.0,9.0,,,,0.0,-57.2,162.0,https://www.screener.in/company/21STCENMGM/consolidated/,2026-09-01T23:39:41.636880+00:00
360ONE.NS,1274695,consolidated,2026-03-31,36.7399,37.25,32.5607,33.75,33.4436,34.7,30.0,27.0,,23.0,24.0,,17.449167573234714,23.314032361039928,,1.6196624644164297,14.4,62.0,https://www.screener.in/company/360ONE/consolidated/,2026-09-01T23:39:41.636880+00:00
3BBLACKBIO.NS,1778,consolidated,2026-03-31,25.2373,24.15,19.5824,19.4,17.9782,16.8,32.0,-12.0,68.0,31.0,24.0,63.0,25.48561699587985,-14.754439580276236,63.1796407525814,0.0092307692307692,19.8,35.0,https://www.screener.in/company/3BBLACKBIO/consolidated/,2026-09-01T23:39:41.636880+00:00
3MINDIA.NS,13,consolidated,2024-03-31,61.8253,62.6,72.1412,65.4,82.0378,67.45,17.0,10.0,,53.0,6.0,10.0,53.16297654396451,9.763128266206444,,0.0083837913367489,30.5,19.0,https://www.screener.in/company/3MINDIA/consolidated/,2026-09-01T23:39:41.636880+00:00
3PLAND.NS,2591,consolidated,2026-03-31,34.7873,34.45,32.785,31.5,41.5403,31.1,23.0,77.0,28.0,12.0,18.0,12.0,12.054415102248006,,28.315327585610216,0.0,1.78,64.86,https://www.screener.in/company/3PLAND/consolidated/,2026-09-01T23:39:41.636880+00:00
5PAISA.NS,1274195,consolidated,2026-03-31,32.5405,33.4,49.9344,39.4,58.2332,40.7,-2.0,25.0,,0.0,-6.0,,-0.1763050201090465,19.658605062578616,,0.5839753466872111,7.04,31.0,https://www.screener.in/company/5PAISA/consolidated/,2026-09-01T23:39:41.636880+00:00
63MOONS.NS,1018,consolidated,2026-03-31,23.2076,14.1,23.2076,14.1,25.2687,21.2,-10.0,,5.0,-23.0,52.0,26.0,,,,0.0014076576576576,-1.98,-94.0,https://www.screener.in/company/63MOONS/consolidated/,2026-09-01T23:39:41.636880+00:00
A2ZINFRA.NS,16,consolidated,2026-03-31,28.0119,23.9,28.0119,23.9,24.7675,22.7,3.0,16.0,7.0,-22.0,31.0,-8.0,,,,1.9795918367346936,15.4,0.7,https://www.screener.in/company/A2ZINFRA/consolidated/,2026-09-01T23:39:41.636880+00:00
AADHARHFC.NS,1284772,consolidated,2026-03-31,21.8372,21.1,21.8372,21.1,21.8372,21.1,22.0,27.0,,25.0,,,22.14798328902503,23.8814114047321,,,15.9,,https://www.screener.in/company/AADHARHFC/consolidated/,2026-09-01T23:39:41.636880+00:00
AAKASH.NS,1274334,consolidated,2024-09-30,19.019,18.4,18.5848,18.0,18.5848,18.0,,,,,-21.0,,,,,0.2333333333333333,11.2,14.0,https://www.screener.in/company/AAKASH/consolidated/,2026-09-01T23:39:41.636880+00:00
AARTIDRUGS.NS,20,consolidated,2026-03-31,24.2975,25.2,23.684,23.6,21.1377,21.1,-2.0,-7.0,11.0,5.0,-7.0,13.0,5.9493521191184895,-6.623882553668247,11.659454370351853,0.3724983860555197,13.4,12.0,https://www.screener.in/company/AARTIDRUGS/consolidated/,2026-09-01T23:39:41.636880+00:00
AARTIIND.NS,21,consolidated,2026-03-31,46.1032,45.05,40.3252,41.35,34.8527,32.85,8.0,-5.0,5.0,-9.0,-9.0,14.0,-8.39834240219396,-5.101886237013186,4.13347123277954,0.8339210747271201,7.13,15.0,https://www.screener.in/company/AARTIIND/consolidated/,2026-09-01T23:39:41.636880+00:00
AARTIPHARM.NS,1275418,consolidated,2026-03-31,26.7481,26.6,25.8638,26.15,25.8638,26.15,-2.0,,,-3.0,,,-3.3590304331914456,,,0.3549905838041431,8.59,22.0,https://www.screener.in/company/AARTIPHARM/consolidated/,2026-09-01T23:39:41.636880+00:00
AARVI.NS,1274156,consolidated,2026-03-31,15.7658,15.7,14.4595,14.0,10.7475,11.3,14.0,11.0,22.0,6.0,21.0,,6.64962138437013,10.943724300935664,-17.51397825001061,0.1901408450704225,13.4,3.3,https://www.screener.in/company/AARVI/consolidated/,2026-09-01T23:39:41.636880+00:00
AAVAS.NS,1274569,consolidated,2024-03-31,26.0968,26.4,34.2263,27.9,44.3455,38.2,22.0,23.0,,19.0,-12.0,,18.99113953037732,22.42991713805236,,,13.9,,https://www.screener.in/company/AAVAS/consolidated/,2026-09-01T23:39:41.636880+00:00
ABANSENT.NS,269500,consolidated,2026-03-31,18.3146,16.4,14.1496,12.2,12.8303,10.3,95.0,-35.0,,-38.0,10.0,43.0,-37.98563254842136,-34.281993568319294,,0.7453703703703703,1.84,0.2,https://www.screener.in/company/ABANSENT/consolidated/,2026-09-01T23:39:41.636880+00:00
ABB.NS,27,consolidated,2026-06-30,83.4523,86.45,83.4523,86.45,83.4523,86.45,,,,,32.0,22.0,108.22902015389552,,,0.0155262876110932,22.4,14.0,https://www.screener.in/company/ABB/consolidated/,2026-09-01T23:39:41.636880+00:00
ABCAPITAL.NS,1274128,consolidated,2026-03-31,19.657,18.3,18.8366,18.0,22.5299,20.8,15.0,28.0,22.0,-7.0,30.0,,-9.394109024525132,25.916087505854748,8.406821905502282,,12.0,,https://www.screener.in/company/ABCAPITAL/consolidated/,2026-09-01T23:39:41.636880+00:00
ABCOTS.NS,1275148,consolidated,2026-03-31,51.9883,47.9,51.9883,47.9,51.9883,47.9,21.0,,,89.0,,,46.65570029175372,,,0.9607843137254902,9.87,12.0,https://www.screener.in/company/ABCOTS/consolidated/,2026-09-01T23:39:41.636880+00:00
ABDL.NS,1284830,consolidated,2026-03-31,82.7598,68.9,82.7598,68.9,82.7598,68.9,8.0,147.0,,422.0,,,388.4994055649934,136.6243830938149,,0.6921226698737222,14.3,14.0,https://www.screener.in/company/ABDL/consolidated/,2026-09-01T23:39:41.636880+00:00
ABFRL.NS,486604,consolidated,2026-03-31,31.8535,32.3,30.04,28.7,30.04,28.7,-13.0,-6.0,,,-8.0,0.0,,,,1.0597602739726026,-13.6,8.0,https://www.screener.in/company/ABFRL/consolidated/,2026-09-01T23:39:41.636880+00:00
ABLBL.NS,1285513,consolidated,2026-03-31,56.1549,56.9,56.1549,56.9,56.1549,56.9,,,,,,,,,,2.1358811040339702,14.9,16.0,https://www.screener.in/company/ABLBL/consolidated/,2026-09-01T23:39:41.636880+00:00
ABMKNO.NS,38,consolidated,2026-03-31,26.6696,22.15,21.6779,18.2,16.9005,13.45,9.0,-14.0,,-11.0,7.0,4.0,-10.618663068325484,-13.942564558538216,,0.0,3.96,14.0,https://www.screener.in/company/ABMKNO/consolidated/,2026-09-01T23:39:41.636880+00:00
ABREL.NS,613,consolidated,2026-03-31,106.993,74.1,97.8672,68.55,76.8588,52.5,-53.0,,,,10.0,15.0,,,,1.5228316671169957,-2.64,-86.0,https://www.screener.in/company/ABREL/consolidated/,2026-09-01T23:39:41.636880+00:00
ABSLAMC.NS,1274975,consolidated,2026-03-31,23.8171,23.9,20.1801,20.5,20.1801,20.5,15.0,13.0,,18.0,,,17.69032975277076,-35.06318925222052,,0.0158376639445681,25.2,59.0,https://www.screener.in/company/ABSLAMC/consolidated/,2026-09-01T23:39:41.636880+00:00
ACC.NS,39,consolidated,2026-03-31,19.6589,15.8,25.5233,22.15,26.6142,22.9,5.0,7.0,12.0,31.0,-12.0,-3.0,4.67965214924706,9.181342164008475,6.281872106295716,0.0208748965987056,10.9,10.0,https://www.screener.in/company/ACC/consolidated/,2026-09-01T23:39:41.636880+00:00
ACCELYA.NS,1688,consolidated,2026-06-30,18.4797,17.4,20.595,19.2,20.6903,19.4,4.0,20.0,2.0,-4.0,-3.0,-1.0,-9.037080813184406,17.715868166249837,1.397439285736013,0.064,39.3,33.0,https://www.screener.in/company/ACCELYA/consolidated/,2026-09-01T23:39:41.636880+00:00
ACE.NS,53,consolidated,2026-03-31,38.8316,38.5,34.5004,30.35,42.5203,30.5,15.0,40.0,48.0,38.0,36.0,38.0,34.2418104573315,37.74454587040916,44.974241664513805,0.0039781203381402,22.8,16.0,https://www.screener.in/company/ACE/consolidated/,2026-09-01T23:39:41.636880+00:00
ACEINTEG.NS,1274098,consolidated,2025-03-31,70.3034,77.4,70.3034,77.4,70.3034,77.4,,,,,7.0,,,,,0.0079817559863169,-8.59,-28.07,https://www.screener.in/company/ACEINTEG/consolidated/,2026-09-01T23:39:41.636880+00:00
ACI.NS,1275357,consolidated,2026-03-31,36.3848,34.8,34.5293,32.4,34.5293,32.4,-9.0,,,-35.0,,,-34.69209936221063,,,0.2408268733850129,5.42,20.0,https://www.screener.in/company/ACI/consolidated/,2026-09-01T23:39:41.636880+00:00
ACMESOLAR.NS,1285145,consolidated,2026-03-31,78.2158,42.7,78.2158,42.7,78.2158,42.7,16.0,51.0,,149.0,,,,41.3218766418493,,3.931238885595732,10.4,87.0,https://www.screener.in/company/ACMESOLAR/consolidated/,2026-09-01T23:39:41.636880+00:00
ACUTAAS.NS,1274921,consolidated,2026-03-31,67.3968,63.75,61.4219,59.4,61.4219,59.4,30.0,46.0,,62.0,,,56.14003928554243,38.39539905554592,,0.0217654171704957,24.0,37.0,https://www.screener.in/company/ACUTAAS/consolidated/,2026-09-01T23:39:41.636880+00:00
ADANIENSOL.NS,1272969,consolidated,2026-03-31,71.3937,65.9,124.6134,89.25,82.3015,53.9,28.0,13.0,20.0,21.0,-5.0,43.0,19.052468155127,11.288858368390953,18.951761968497483,1.9340071577457036,9.44,30.0,https://www.screener.in/company/ADANIENSOL/consolidated/,2026-09-01T23:39:41.636880+00:00
ADANIENT.NS,56,consolidated,2026-03-31,97.5187,100.45,156.7602,110.75,95.1737,71.85,-8.0,,,,14.0,51.0,55.315101266327616,57.37774158374294,24.304119164369983,1.3175246521513482,-3.38,14.0,https://www.screener.in/company/ADANIENT/consolidated/,2026-09-01T23:39:41.636880+00:00
ADANIGREEN.NS,1274366,consolidated,2026-03-31,134.3177,117.05,286.7397,167.4,396.1202,216.0,18.0,44.0,70.0,17.0,3.0,,17.708711508133625,49.56818616350225,,5.186326070623592,11.4,86.0,https://www.screener.in/company/ADANIGREEN/consolidated/,2026-09-01T23:39:41.636880+00:00
ADANIPORTS.NS,57,consolidated,2026-03-31,28.4443,27.3,28.4336,27.45,24.6874,24.1,23.0,21.0,16.0,27.0,17.0,20.0,31.253901408476104,17.724629625226317,14.791593006337834,0.6624287456101043,16.4,58.0,https://www.screener.in/company/ADANIPORTS/consolidated/,2026-09-01T23:39:41.636880+00:00
ADANIPOWER.NS,58,consolidated,2026-03-31,18.0158,16.2,16.446,15.4,19.4085,16.2,12.0,58.0,37.0,6.0,58.0,44.0,6.202110138165407,58.77643946096809,35.050447915251425,0.8418929115912346,21.1,37.0,https://www.screener.in/company/ADANIPOWER/consolidated/,2026-09-01T23:39:41.636880+00:00
ADDIND.NS,61,consolidated,2026-03-31,22.2361,19.4,24.0964,19.0,26.1664,22.6,,16.0,10.0,0.0,54.0,27.0,-48.22592219893983,15.401663039653268,9.060034001305796,0.0,2.93,-23.16,https://www.screener.in/company/ADDIND/consolidated/,2026-09-01T23:39:41.636880+00:00
ADFFOODS.NS,62,consolidated,2026-03-31,34.7,34.15,34.0176,33.1,31.0351,32.0,15.0,14.0,30.0,20.0,9.0,26.0,17.056187701141788,10.346016538582848,29.855457102131624,0.0961538461538461,17.7,19.0,https://www.screener.in/company/ADFFOODS/consolidated/,2026-09-01T23:39:41.636880+00:00
ADOR.NS,75,consolidated,2026-03-31,31.2918,26.05,30.3767,27.1,30.0519,25.5,,40.0,13.0,,20.0,20.0,12.360779353364816,19.6512246024805,7.234388989620877,0.0054151624548736,15.8,13.0,https://www.screener.in/company/ADOR/consolidated/,2026-09-01T23:39:41.636880+00:00
ADROITINFO.NS,687,consolidated,2026-03-31,23.0188,21.65,25.4753,22.95,21.001,18.2,29.0,19.0,5.0,-4.0,8.0,-14.0,-6.655330175199248,,2.8625296063705896,0.3410263022176379,4.34,9.06,https://www.screener.in/company/ADROITINFO/consolidated/,2026-09-01T23:39:41.636880+00:00
ADSL.NS,137,consolidated,2026-03-31,21.938,20.65,19.6011,18.75,17.4077,15.4,14.0,9.0,21.0,-18.0,8.0,13.0,59.36754296471816,6.117300431287598,19.90828966259404,0.2218597063621533,4.82,6.0,https://www.screener.in/company/ADSL/consolidated/,2026-09-01T23:39:41.636880+00:00
ADVAIT.NS,1274785,consolidated,2026-03-31,58.9513,56.1,49.6618,50.15,44.4391,47.6,90.0,63.0,,83.0,128.0,,78.78430994362114,58.79966168345487,,0.3417266187050359,21.5,12.0,https://www.screener.in/company/ADVAIT/consolidated/,2026-09-01T23:39:41.636880+00:00
ADVANCE.NS,1285700,consolidated,2025-03-31,20.5009,20.4,20.5009,20.4,20.5009,20.4,,,,,,,,,,0.7920792079207921,29.1,10.0,https://www.screener.in/company/ADVANCE/consolidated/,2026-09-01T23:39:41.636880+00:00
ADVENTHTL.NS,1285770,consolidated,2026-03-31,5.9142,0.0,5.9142,0.0,5.9142,0.0,,,,,,,,,,0.8838495575221239,5.47,35.0,https://www.screener.in/company/ADVENTHTL/consolidated/,2026-09-01T23:39:41.636880+00:00
ADVENZYMES.NS,1273452,consolidated,2026-03-31,27.4392,27.7,28.0538,27.9,27.7069,27.7,11.0,1.0,7.0,12.0,-5.0,1.0,16.8316422094545,2.857205556471732,8.015989249726907,0.0196078431372549,10.2,30.0,https://www.screener.in/company/ADVENZYMES/consolidated/,2026-09-01T23:39:41.636880+00:00
ADVIKCA.NS,1273291,consolidated,2026-03-31,21.3962,13.9,28.4872,15.3,58.7387,20.6,-87.0,,,,-9.0,-1.0,,,,,-14.3,,https://www.screener.in/company/ADVIKCA/consolidated/,2026-09-01T23:39:41.636880+00:00
AEGISLOG.NS,84,consolidated,2026-03-31,38.607,39.15,33.9393,31.55,40.9335,39.0,-1.0,31.0,23.0,24.0,36.0,24.0,24.72164494950393,32.10602773155544,22.40158983795166,0.685383980181668,16.3,21.0,https://www.screener.in/company/AEGISLOG/consolidated/,2026-09-01T23:39:41.636880+00:00
AEGISVOPAK.NS,1285467,consolidated,2026-03-31,101.4591,111.5,101.4591,111.5,101.4591,111.5,38.0,,,1472.0,,,,,,0.8694942903752039,11.0,75.0,https://www.screener.in/company/AEGISVOPAK/consolidated/,2026-09-01T23:39:41.636880+00:00
AEPL.NS,1274664,consolidated,2026-03-31,94.5361,72.0,93.2415,71.05,93.2415,71.05,11.0,,,12.0,21.0,,11.86889420813968,,,0.018066561014263,9.65,16.13,https://www.screener.in/company/AEPL/consolidated/,2026-09-01T23:39:41.636880+00:00
AEROENTER.NS,2906,consolidated,2026-03-31,15.2652,18.0,16.4469,18.45,26.1607,20.3,14.0,49.0,43.0,17.0,36.0,29.0,14.538681276832556,48.747866935632935,,0.0495767835550181,8.41,16.0,https://www.screener.in/company/AEROENTER/consolidated/,2026-09-01T23:39:41.636880+00:00
AEROFLEX.NS,1284464,consolidated,2026-03-31,55.2829,50.6,55.2829,50.6,55.2829,50.6,18.0,50.0,,20.0,,,16.73877216503947,9.814252166932324,,0.0201342281879194,14.1,23.0,https://www.screener.in/company/AEROFLEX/consolidated/,2026-09-01T23:39:41.636880+00:00
AERONEU.NS,1275392,consolidated,2026-03-31,358.2905,289.6,303.9806,243.9,303.9806,243.9,11.0,,,-24.0,,,-20.82937048465997,28.279738788208974,,0.2352941176470588,1.6,2.9,https://www.screener.in/company/AERONEU/consolidated/,2026-09-01T23:39:41.636880+00:00
AEROPLANE.NS,1285930,consolidated,2026-03-31,15.575,14.8,15.575,14.8,15.575,14.8,20.0,49.0,,83.0,,,-32.31150876706956,-17.35821326349938,,0.8194594594594594,15.8,10.0,https://www.screener.in/company/AEROPLANE/consolidated/,2026-09-01T23:39:41.636880+00:00
AETHER.NS,1275232,consolidated,2026-03-31,86.0506,84.25,88.1738,88.3,88.1738,88.3,21.0,,,20.0,,,16.465226199607173,,,0.1864820846905537,9.66,31.0,https://www.screener.in/company/AETHER/consolidated/,2026-09-01T23:39:41.636880+00:00
AFCONS.NS,1285138,consolidated,2026-03-31,32.0573,31.45,32.0573,31.45,32.0573,31.45,-2.0,12.0,,-11.0,,,-50.70169134755393,-21.67261577089884,,0.6655045871559633,5.61,9.0,https://www.screener.in/company/AFCONS/consolidated/,2026-09-01T23:39:41.636880+00:00
AFFLE.NS,1274684,consolidated,2026-03-31,59.0766,58.25,63.1847,61.35,69.9386,64.2,24.0,28.0,,23.0,11.0,,20.731730901332448,25.040987302947727,,0.0041073384446878,13.8,22.0,https://www.screener.in/company/AFFLE/consolidated/,2026-09-01T23:39:41.636880+00:00
AFSL.NS,1275375,consolidated,2026-03-31,15.8785,11.7,16.7521,17.4,16.7521,17.4,174.0,18.0,,14.0,,,13.738248056337763,16.027981565232775,,0.6032,8.29,0.8,https://www.screener.in/company/AFSL/consolidated/,2026-09-01T23:39:41.636880+00:00
AGARIND.NS,88,consolidated,2026-03-31,13.9728,13.9,12.458,12.5,17.1216,12.7,-6.0,2.0,20.0,-22.0,7.0,10.0,-22.12488400879521,-5.913634788416944,8.863487793461179,0.4949201741654572,6.62,7.0,https://www.screener.in/company/AGARIND/consolidated/,2026-09-01T23:39:41.636880+00:00
AGARWALEYE.NS,1285311,consolidated,2026-03-31,170.0308,183.7,170.0308,183.7,170.0308,183.7,27.0,34.0,,13.0,,,,,,0.5261599210266535,6.81,28.0,https://www.screener.in/company/AGARWALEYE/consolidated/,2026-09-01T23:39:41.636880+00:00
AGI.NS,1374,consolidated,2026-03-31,61.7443,79.65,51.6576,36.0,30.3458,13.3,,,13.0,,28.0,22.0,74.37808113001904,29.34920720857324,16.462144978897953,0.1001246364769422,15.8,23.0,https://www.screener.in/company/AGI/consolidated/,2026-09-01T23:39:41.636880+00:00
AGIIL.NS,1270784,consolidated,2026-03-31,34.7684,34.8,25.9141,19.8,18.6954,13.8,14.0,41.0,38.0,26.0,74.0,43.0,24.427158868299912,40.62823883876352,34.910520524835945,0.4008620689655172,25.0,37.0,https://www.screener.in/company/AGIIL/consolidated/,2026-09-01T23:39:41.636880+00:00
AGROPHOS.NS,1273571,consolidated,2026-03-31,10.4975,8.7,10.4975,8.7,10.4975,8.7,4.0,,,12.0,11.0,,12.10563170454122,,,0.4285714285714285,10.4,11.0,https://www.screener.in/company/AGROPHOS/consolidated/,2026-09-01T23:39:41.636880+00:00
AHCL.NS,1285622,consolidated,2026-03-31,27.9075,27.9,27.9075,27.9,27.9075,27.9,,,,,,,,,,0.1913043478260869,18.4,28.0,https://www.screener.in/company/AHCL/consolidated/,2026-09-01T23:39:41.636880+00:00
AHLEAST.NS,291,consolidated,2026-03-31,14.0013,14.1,16.1418,14.6,16.4568,14.7,9.0,12.0,-7.0,,16.0,7.0,,,,2.344262295081968,-3.08,30.0,https://www.screener.in/company/AHLEAST/consolidated/,2026-09-01T23:39:41.636880+00:00
AHLUCONT.NS,96,consolidated,2026-03-31,28.0576,27.9,25.1962,23.4,25.9801,24.75,17.0,28.0,12.0,11.0,10.0,8.0,11.07786246835769,28.069502942795733,12.158206350003107,0.0354541039339485,13.8,8.0,https://www.screener.in/company/AHLUCONT/consolidated/,2026-09-01T23:39:41.636880+00:00
AIAENG.NS,101,consolidated,2026-03-31,31.0171,30.9,31.0565,30.9,30.7063,30.7,-3.0,19.0,12.0,7.0,15.0,13.0,6.730524916716507,17.79281715630907,10.883924879111628,0.0012459506603538,17.0,28.0,https://www.screener.in/company/AIAENG/consolidated/,2026-09-01T23:39:41.636880+00:00
AIIL.NS,1270863,consolidated,2026-03-31,9.6166,7.6,9.6166,7.6,9.6166,7.6,69.0,,,217.0,80.0,109.0,-23.443050870532154,,,,13.1,,https://www.screener.in/company/AIIL/consolidated/,2026-09-01T23:39:41.636880+00:00
AIRAN.NS,1273675,consolidated,2026-03-31,30.2209,26.45,28.5408,26.1,30.3119,26.8,5.0,18.0,,7.0,-8.0,,5.333022737905702,15.593862393479396,,0.0064102564102564,8.11,12.0,https://www.screener.in/company/AIRAN/consolidated/,2026-09-01T23:39:41.636880+00:00
AIROLAM.NS,1274164,consolidated,2026-03-31,42.3437,26.85,33.7731,23.1,32.8012,22.5,7.0,0.0,,-9.0,10.0,,-9.36977705669031,0.1642944240025201,,1.0379746835443038,7.26,8.0,https://www.screener.in/company/AIROLAM/consolidated/,2026-09-01T23:39:41.636880+00:00
AJANTPHARM.NS,104,consolidated,2026-03-31,37.6259,36.8,32.7649,34.8,29.1247,27.4,13.0,12.0,10.0,24.0,19.0,11.0,22.578361040056283,10.902226450355146,10.37702460814931,0.0574331787055445,27.1,25.0,https://www.screener.in/company/AJANTPHARM/consolidated/,2026-09-01T23:39:41.636880+00:00
AJMERA.NS,108,consolidated,2026-03-31,23.8196,23.75,22.4179,22.1,16.7249,15.8,36.0,38.0,13.0,28.0,11.0,16.0,23.60229563622873,34.954430573853614,12.27903609015386,0.5085836909871244,11.5,27.0,https://www.screener.in/company/AJMERA/consolidated/,2026-09-01T23:39:41.636880+00:00
AKASH.NS,1273661,consolidated,2026-03-31,58.5924,36.4,67.3575,34.6,54.1188,33.35,10.0,-5.0,-8.0,-14.0,-32.0,,-21.942090117707004,-10.523056803197006,-20.505814446157625,1.0828055360075064,1.05,6.92,https://www.screener.in/company/AKASH/consolidated/,2026-09-01T23:39:41.636880+00:00
AKCAPIT.NS,110,consolidated,2026-03-31,8.1918,8.0,6.3504,6.9,5.2998,4.2,12.0,8.0,10.0,8.0,31.0,21.0,7.988814275339862,8.203012751332661,10.252785952045553,,11.0,,https://www.screener.in/company/AKCAPIT/consolidated/,2026-09-01T23:39:41.636880+00:00
AKG.NS,1274561,consolidated,2026-03-31,52.9266,50.3,46.1908,44.1,46.1545,41.45,-27.0,-23.0,,-48.0,-3.0,,-48.59927767574731,-23.864913425596924,,0.1082242990654205,0.68,0.53,https://www.screener.in/company/AKG/consolidated/,2026-09-01T23:39:41.636880+00:00
AKI.NS,1274581,consolidated,2026-03-31,79.2158,74.7,73.8471,74.0,62.5537,61.5,15.0,,28.0,18.0,18.0,,3.777107043295369,-3.749021568765021,,0.2079207920792079,2.33,-2.2,https://www.screener.in/company/AKI/consolidated/,2026-09-01T23:39:41.636880+00:00
AKUMS.NS,1284874,consolidated,2026-03-31,31.9988,25.9,31.9988,25.9,31.9988,25.9,6.0,16.0,16.0,29.0,,,34.717235485590315,-55.63820172130324,,0.0473747736873868,8.45,13.0,https://www.screener.in/company/AKUMS/consolidated/,2026-09-01T23:39:41.636880+00:00
ALANKIT.NS,967,consolidated,2026-03-31,18.5494,19.1,27.6581,20.6,35.1624,20.7,3.0,4.0,12.0,-17.0,-12.0,-13.0,,0.2881892180566225,10.411032000450016,0.056782334384858,3.84,6.0,https://www.screener.in/company/ALANKIT/consolidated/,2026-09-01T23:39:41.636880+00:00
ALEMBICLTD.NS,120,consolidated,2026-03-31,9.1532,8.5,9.3435,8.8,7.649,7.5,24.0,-2.0,3.0,16.0,-3.0,12.0,18.541801179017583,-1.5292057215253283,3.479041066512289,0.0044989775051124,13.0,36.0,https://www.screener.in/company/ALEMBICLTD/consolidated/,2026-09-01T23:39:41.636880+00:00
ALFREDHE.NS,1270909,consolidated,2026-03-31,42.8817,25.2,41.8549,30.6,43.9108,31.8,154.0,,,,37.0,20.0,505.56474732717015,,81.0934380580449,,-24.8,,https://www.screener.in/company/ALFREDHE/consolidated/,2026-09-01T23:39:41.636880+00:00
ALGOQUANT.NS,1340,consolidated,2026-03-31,60.7133,48.2,60.7133,48.2,60.7133,48.2,,,,,58.0,64.0,,,,0.2537313432835821,28.4,27.0,https://www.screener.in/company/ALGOQUANT/consolidated/,2026-09-01T23:39:41.636880+00:00
ALICON.NS,127,consolidated,2026-03-31,29.6152,29.35,30.1088,29.45,24.9603,26.0,8.0,86.0,6.0,-9.0,-4.0,9.0,-12.907397676117116,,1.5245893039373517,0.5636942675159236,6.42,10.0,https://www.screener.in/company/ALICON/consolidated/,2026-09-01T23:39:41.636880+00:00
ALIVUS.NS,1274896,consolidated,2021-03-31,2.638,2.6,2.15,2.25,2.1481,2.2,,,,,16.0,,,,,,,31.0,https://www.screener.in/company/ALIVUS/consolidated/,2026-09-01T23:39:41.636880+00:00
ALKEM.NS,1273171,consolidated,2026-03-31,30.9373,29.1,30.6447,29.0,29.6757,28.6,8.0,9.0,12.0,32.0,7.0,12.0,32.73951630768903,7.746111968311609,11.993328736002162,0.1481186685962373,18.9,20.0,https://www.screener.in/company/ALKEM/consolidated/,2026-09-01T23:39:41.636880+00:00
ALKYLAMINE.NS,132,consolidated,2020-03-31,52.3177,53.1,62.6569,60.0,45.9642,46.2,26.0,33.0,31.0,54.0,-13.0,32.0,57.20190556392632,34.85429133690059,31.72231067003024,0.1623134328358209,41.4,26.0,https://www.screener.in/company/ALKYLAMINE/consolidated/,2026-09-01T23:39:41.636880+00:00
ALLCARGO.NS,134,consolidated,2026-03-31,34.9896,26.3,22.7314,14.7,13.6633,5.2,-52.0,-52.0,-32.0,-80.0,-5.0,0.0,-80.16781074047631,-50.94407521368678,-32.04220098075837,1.2073170731707317,0.88,12.0,https://www.screener.in/company/ALLCARGO/consolidated/,2026-09-01T23:39:41.636880+00:00
ALLDIGI.NS,138,consolidated,2026-03-31,20.1089,20.1,20.029,19.7,17.5573,15.6,15.0,18.0,10.0,20.0,12.0,12.0,18.951377126836142,18.54417054856581,10.270054776270632,0.6812749003984063,31.5,28.0,https://www.screener.in/company/ALLDIGI/consolidated/,2026-09-01T23:39:41.636880+00:00
ALLTIME.NS,1285591,consolidated,2026-03-31,33.8015,33.0,33.8015,33.0,33.8015,33.0,,,,,,,,,,0.1402936378466558,8.96,14.0,https://www.screener.in/company/ALLTIME/consolidated/,2026-09-01T23:39:41.636880+00:00
ALMONDZ.NS,140,consolidated,2026-03-31,17.6032,18.15,15.7477,14.4,14.6928,12.4,36.0,9.0,59.0,22.0,7.0,25.0,17.389140861314445,6.75479638921781,,0.1821561338289963,11.2,14.0,https://www.screener.in/company/ALMONDZ/consolidated/,2026-09-01T23:39:41.636880+00:00
ALPA.NS,143,consolidated,2026-03-31,11.1772,11.0,12.7943,11.15,16.9155,12.7,4.0,24.0,8.0,6.0,4.0,7.0,6.038306207109678,15.625623316640414,8.140206108438953,0.0161290322580645,8.39,-1.0,https://www.screener.in/company/ALPA/consolidated/,2026-09-01T23:39:41.636880+00:00
ALPINETEX.NS,1286046,consolidated,2026-03-31,8.1548,7.6,8.1548,7.6,8.1548,7.6,,,,,,,,,,2.452054794520548,34.6,14.0,https://www.screener.in/company/ALPINETEX/consolidated/,2026-09-01T23:39:41.636880+00:00
ALUFLUOR.NS,151,consolidated,2026-03-31,19.3165,18.95,21.4776,20.3,21.4776,20.3,15.0,116.0,,26.0,13.0,37.0,25.15376643353313,,,0.3571428571428571,22.0,22.0,https://www.screener.in/company/ALUFLUOR/consolidated/,2026-09-01T23:39:41.636880+00:00
AMAGI.NS,1285861,consolidated,2026-03-31,544.1365,199.0,544.1365,199.0,544.1365,199.0,30.0,28.0,,30.0,,,,-61.74736288074792,,0.0176437108708025,10.3,5.0,https://www.screener.in/company/AMAGI/consolidated/,2026-09-01T23:39:41.636880+00:00
AMAL.NS,153,consolidated,2026-03-31,62.5568,31.8,108.3197,62.3,99.4781,51.0,58.0,21.0,,50.0,16.0,35.0,,20.58243378375706,,0.0,20.4,14.0,https://www.screener.in/company/AMAL/consolidated/,2026-09-01T23:39:41.636880+00:00
AMARJOTHI.NS,158,consolidated,2026-03-31,9.5373,9.3,9.1378,9.05,7.7222,8.0,2.0,-10.0,0.0,-3.0,-1.0,4.0,-2.600918881985381,-9.573002007684927,-0.1267711726464337,0.28,4.84,12.0,https://www.screener.in/company/AMARJOTHI/consolidated/,2026-09-01T23:39:41.636880+00:00
AMBER.NS,1274257,consolidated,2026-03-31,98.5494,98.0,87.3645,91.75,80.5445,89.3,21.0,19.0,24.0,8.0,19.0,,2.6577017491857147,15.821461682182967,16.353549570500327,0.6180237877401646,5.99,7.0,https://www.screener.in/company/AMBER/consolidated/,2026-09-01T23:39:41.636880+00:00
AMBUJACEM.NS,163,consolidated,2026-03-31,32.5108,32.0,33.2008,31.95,28.909,27.5,1.0,15.0,22.0,21.0,-2.0,4.0,10.967459861549212,12.639963761957972,7.1493735519478685,0.0145921445060407,8.85,15.0,https://www.screener.in/company/AMBUJACEM/consolidated/,2026-09-01T23:39:41.636880+00:00
AMJLAND.NS,2592,consolidated,2026-03-31,14.7437,13.75,21.1943,13.7,19.7067,13.7,14.0,15.0,1.0,8.0,2.0,7.0,29.55863725324881,27.296566340949525,7.44827643298458,0.0,3.42,26.0,https://www.screener.in/company/AMJLAND/consolidated/,2026-09-01T23:39:41.636880+00:00
AMNPLST.NS,167,consolidated,2026-03-31,31.6089,30.1,28.1187,27.8,22.3481,22.4,-1.0,2.0,15.0,17.0,8.0,22.0,16.866915815850405,2.322059889728867,15.009157790469096,0.0924657534246575,13.3,11.0,https://www.screener.in/company/AMNPLST/consolidated/,2026-09-01T23:39:41.636880+00:00
AMRUTANJAN.NS,177,consolidated,2016-03-31,94.0652,94.55,99.8267,100.5,76.5374,81.05,11.0,15.0,13.0,27.0,-7.0,8.0,26.654283016013245,-25.04604207815119,,0.018348623853211,20.0,18.0,https://www.screener.in/company/AMRUTANJAN/consolidated/,2026-09-01T23:39:41.636880+00:00
ANANDRATHI.NS,1275117,consolidated,2026-03-31,64.8272,67.55,51.1692,55.1,51.1692,55.1,31.0,55.0,,33.0,,,33.12743247497396,42.468746021386174,,0.083083083083083,47.3,39.0,https://www.screener.in/company/ANANDRATHI/consolidated/,2026-09-01T23:39:41.636880+00:00
ANANTRAJ.NS,183,consolidated,2026-03-31,47.7291,43.55,45.4832,41.2,36.5596,33.1,38.0,120.0,21.0,54.0,56.0,34.0,48.277211806066525,112.01001393979617,20.69843837932206,0.1176368975643461,11.2,27.0,https://www.screener.in/company/ANANTRAJ/consolidated/,2026-09-01T23:39:41.636880+00:00
ANDHRSUGAR.NS,188,consolidated,2026-03-31,16.7165,17.45,13.3191,11.5,11.0321,9.6,1.0,-6.0,8.0,-20.0,-2.0,8.0,-23.509983737605666,-9.221749942631552,5.631634955925913,0.0005984440454817,6.11,9.0,https://www.screener.in/company/ANDHRSUGAR/consolidated/,2026-09-01T23:39:41.636880+00:00
ANDREWYU.NS,189,consolidated,2026-03-31,119.7815,98.2,119.0,90.0,87.191,54.6,-8.0,,,,2.0,3.0,,,,0.3711656441717791,-5.78,-27.0,https://www.screener.in/company/ANDREWYU/consolidated/,2026-09-01T23:39:41.636880+00:00
ANGELONE.NS,1274790,consolidated,2026-03-31,23.019,22.4,21.1084,20.35,21.7379,21.3,20.0,25.0,40.0,1.0,18.0,,-1.9756704030823191,22.58910866690138,16.352944639040203,1.2996077149395229,15.6,37.0,https://www.screener.in/company/ANGELONE/consolidated/,2026-09-01T23:39:41.636880+00:00
ANIKINDS.NS,191,consolidated,2026-03-31,87.5396,70.9,49.8366,17.3,49.8366,17.3,7.0,,,,20.0,6.0,,,,0.0803108808290155,-0.24,-1.2,https://www.screener.in/company/ANIKINDS/consolidated/,2026-09-01T23:39:41.636880+00:00
ANNAPURNA.NS,1275299,consolidated,2026-03-31,29.316,29.5,29.316,29.5,29.316,29.5,48.0,,,62.0,,,47.29065080210504,,,0.693939393939394,9.69,14.0,https://www.screener.in/company/ANNAPURNA/consolidated/,2026-09-01T23:39:41.636880+00:00
ANSALBU.NS,203,consolidated,2026-03-31,19.639,8.6,14.5028,6.6,14.6833,6.9,7.0,-34.0,-20.0,32.0,5.0,1.0,,-34.39320516377092,-19.949418561632715,0.3794828382330306,0.62,14.91,https://www.screener.in/company/ANSALBU/consolidated/,2026-09-01T23:39:41.636880+00:00
ANTHEM.NS,1285544,consolidated,2026-03-31,80.517,76.5,80.517,76.5,80.517,76.5,26.0,17.0,,21.0,,,16.014501790858038,-49.46308489052722,,0.0177514792899408,22.3,40.0,https://www.screener.in/company/ANTHEM/consolidated/,2026-09-01T23:39:41.636880+00:00
ANUP.NS,1274633,consolidated,2026-03-31,58.0304,41.55,42.0679,35.1,36.9991,30.3,26.0,16.0,,29.0,29.0,,20.7008901505374,21.21445379097768,,0.1591895803183791,17.1,19.0,https://www.screener.in/company/ANUP/consolidated/,2026-09-01T23:39:41.636880+00:00
ANURAS.NS,1274847,consolidated,2026-03-31,86.1778,85.2,76.1828,70.4,75.393,69.5,14.0,19.0,,-2.0,11.0,,-3.892895335471725,16.2399963539009,,0.5599880023995201,5.5,22.0,https://www.screener.in/company/ANURAS/consolidated/,2026-09-01T23:39:41.636880+00:00
APARINDS.NS,211,consolidated,2026-03-31,38.8709,38.65,29.4733,28.55,22.7182,18.2,17.0,44.0,24.0,16.0,94.0,41.0,13.431599713301036,42.12504012987799,22.635355167688044,0.1772668273688114,20.3,9.0,https://www.screener.in/company/APARINDS/consolidated/,2026-09-01T23:39:41.636880+00:00
APCL.NS,196,consolidated,2026-03-31,64.1692,60.15,64.1692,60.15,64.1692,60.15,-12.0,,,14.0,-25.0,-4.0,,,,0.7506775067750677,-10.1,6.0,https://www.screener.in/company/APCL/consolidated/,2026-09-01T23:39:41.636880+00:00
APCOTEXIND.NS,212,consolidated,2016-09-30,59.0589,56.3,61.7107,60.2,43.568,45.25,,,,,15.0,16.0,,,,0.1624365482233502,24.4,10.0,https://www.screener.in/company/APCOTEXIND/consolidated/,2026-09-01T23:39:41.636880+00:00
APLAPOLLO.NS,214,consolidated,2026-03-31,57.1095,56.45,53.1004,52.45,40.0989,42.05,13.0,27.0,26.0,23.0,21.0,37.0,23.256106497837315,24.613382810199024,26.0181616028214,0.0940154804606381,25.4,8.0,https://www.screener.in/company/APLAPOLLO/consolidated/,2026-09-01T23:39:41.636880+00:00
APLLTD.NS,121,consolidated,2026-03-31,29.2019,29.7,30.0939,29.7,25.336,24.9,9.0,-9.0,0.0,28.0,2.0,3.0,25.422326306247637,-10.059278859417454,-1.0624745203683172,0.2519823788546255,13.4,15.0,https://www.screener.in/company/APLLTD/consolidated/,2026-09-01T23:39:41.636880+00:00
APOLLO.NS,1274254,consolidated,2026-03-31,95.1411,95.0,70.2076,68.9,60.2247,58.9,45.0,62.0,,76.0,102.0,,51.98994495915243,45.17712796537412,,0.4135567402894136,11.8,23.0,https://www.screener.in/company/APOLLO/consolidated/,2026-09-01T23:39:41.636880+00:00
APOLLOHOSP.NS,218,consolidated,2026-03-31,84.5146,76.65,83.9393,79.5,83.8916,76.2,15.0,76.0,23.0,32.0,12.0,20.0,33.33333333333333,66.79619875565163,23.034498973464945,0.8958860759493671,21.2,15.0,https://www.screener.in/company/APOLLOHOSP/consolidated/,2026-09-01T23:39:41.636880+00:00
APOLLOPIPE.NS,180,consolidated,2026-03-31,90.0924,86.3,82.6674,71.1,52.439,46.1,,,,,4.0,24.0,-31.417585818776573,-15.170366382307886,,0.1514041514041514,-0.88,4.3,https://www.screener.in/company/APOLLOPIPE/consolidated/,2026-09-01T23:39:41.636880+00:00
APOLLOTYRE.NS,219,consolidated,2026-03-31,19.5873,19.1,20.0844,19.4,18.0872,17.8,5.0,24.0,7.0,26.0,15.0,9.0,9.47637013312499,31.43185382861993,-0.2058861960757996,0.2198492462311558,13.1,14.0,https://www.screener.in/company/APOLLOTYRE/consolidated/,2026-09-01T23:39:41.636880+00:00
APOLSINHOT.NS,1270744,consolidated,2026-03-31,39.8684,39.35,32.5237,32.85,30.2348,19.9,20.0,4.0,33.0,5.0,8.0,23.0,-14.70403192626245,1.874079865999856,26.895361787058736,0.5796178343949044,7.75,4.6,https://www.screener.in/company/APOLSINHOT/consolidated/,2026-09-01T23:39:41.636880+00:00
APOORVA.NS,1273189,consolidated,2026-03-31,67.8963,36.25,46.1536,27.1,30.6838,18.2,-36.0,-37.0,-3.0,-46.0,11.0,18.0,-46.24392069335693,-37.81032214600504,-3.1343649183027567,0.0003367910548295,0.22,13.39,https://www.screener.in/company/APOORVA/consolidated/,2026-09-01T23:39:41.636880+00:00
APTUS.NS,1274911,consolidated,2026-03-31,21.957,22.3,23.9523,24.95,23.908,24.9,26.0,29.0,,23.0,-8.0,,23.07683382514472,-8.128228295153972,,,20.1,,https://www.screener.in/company/APTUS/consolidated/,2026-09-01T23:39:41.636880+00:00
AQYLON.NS,3163,consolidated,2025-03-31,42.2163,57.85,42.2163,57.85,42.2163,57.85,,15.0,-26.0,26.0,158.0,-2.0,,,,,391.0,-9.0,https://www.screener.in/company/AQYLON/consolidated/,2026-09-01T23:39:41.636880+00:00
ARCHIDPLY.NS,230,consolidated,2026-03-31,20.6345,19.3,17.0107,16.15,17.0107,16.15,17.0,,,-10.0,27.0,11.0,-13.307745682881688,,,1.625,8.23,7.0,https://www.screener.in/company/ARCHIDPLY/consolidated/,2026-09-01T23:39:41.636880+00:00
ARCL.NS,1284531,consolidated,2026-03-31,13.0203,13.3,13.0203,13.3,13.0203,13.3,18.0,-8.0,,-23.0,,,-23.663929266410666,-8.374633038990764,,0.8658536585365854,6.71,12.0,https://www.screener.in/company/ARCL/consolidated/,2026-09-01T23:39:41.636880+00:00
ARE&M.NS,157,consolidated,2026-03-31,21.3019,21.9,19.3008,18.5,19.8981,19.7,10.0,-3.0,,-10.0,4.0,-1.0,4.578054804647014,5.262512510674688,,0.0501296456352636,7.18,11.0,https://www.screener.in/company/ARE&M/consolidated/,2026-09-01T23:39:41.636880+00:00
ARENTERP.NS,2638,consolidated,2026-03-31,30.1934,26.3,27.4611,23.35,23.1115,20.6,-33.0,,,,-3.0,7.0,,,,0.0,-0.85,-50.88,https://www.screener.in/company/ARENTERP/consolidated/,2026-09-01T23:39:41.636880+00:00
ARFIN.NS,1270851,consolidated,2026-03-31,115.6176,120.0,115.6176,120.0,115.6176,120.0,,,,,71.0,26.0,,,,0.7588235294117647,9.43,7.0,https://www.screener.in/company/ARFIN/consolidated/,2026-09-01T23:39:41.636880+00:00
ARIES.NS,237,consolidated,2026-03-31,14.7127,13.7,13.5824,12.35,14.0285,11.95,17.0,19.0,19.0,36.0,25.0,16.0,35.75522315935622,18.995995905627083,19.4752815781124,0.1676646706586826,13.7,12.0,https://www.screener.in/company/ARIES/consolidated/,2026-09-01T23:39:41.636880+00:00
ARIHANT.NS,239,consolidated,2026-03-31,16.8209,17.2,14.5175,14.85,14.5175,14.85,87.0,51.0,21.0,81.0,104.0,36.0,72.18925398309935,,,1.0781671159029649,17.3,21.0,https://www.screener.in/company/ARIHANT/consolidated/,2026-09-01T23:39:41.636880+00:00
ARIHANTCAP.NS,238,consolidated,2026-03-31,17.1253,18.35,15.6573,15.15,12.2132,10.5,14.0,-2.0,14.0,3.0,23.0,24.0,0.8264837609052167,-2.929440543228612,13.346158167069769,0.5419501133786848,7.69,35.0,https://www.screener.in/company/ARIHANTCAP/consolidated/,2026-09-01T23:39:41.636880+00:00
ARIHANTSUP.NS,240,consolidated,2026-03-31,25.0601,24.5,22.0027,21.3,21.0177,20.4,12.0,33.0,9.0,3.0,17.0,13.0,0.892050933529287,31.48495539640375,8.6868148665179,2.4077134986225897,13.7,21.0,https://www.screener.in/company/ARIHANTSUP/consolidated/,2026-09-01T23:39:41.636880+00:00
ARIS.NS,1285242,consolidated,2026-03-31,68.2329,28.4,68.2329,28.4,68.2329,28.4,13.0,,,80.0,,,,,,0.094722598105548,11.2,10.0,https://www.screener.in/company/ARIS/consolidated/,2026-09-01T23:39:41.636880+00:00
ARKADE.NS,1284982,consolidated,2026-03-31,17.4578,18.25,17.4578,18.25,17.4578,18.25,55.0,53.0,,53.0,,,-89.54690014689105,-69.27729807053483,,0.1122448979591836,20.3,23.0,https://www.screener.in/company/ARKADE/consolidated/,2026-09-01T23:39:41.636880+00:00
ARMANFIN.NS,243,consolidated,2026-03-31,18.8614,15.9,26.637,19.95,23.737,17.6,15.0,40.0,22.0,-16.0,22.0,22.0,-21.296588784135334,33.90157321583149,14.429183562137936,,6.26,,https://www.screener.in/company/ARMANFIN/consolidated/,2026-09-01T23:39:41.636880+00:00
ARSSBL.NS,1285676,consolidated,2026-03-31,25.4197,25.7,25.4197,25.7,25.4197,25.7,26.0,,,51.0,,,3.258080877819669,,,0.6231454005934718,14.0,41.0,https://www.screener.in/company/ARSSBL/consolidated/,2026-09-01T23:39:41.636880+00:00
ARTEMISMED.NS,1274726,consolidated,2026-03-31,48.3962,48.1,38.721,38.6,37.8682,37.75,14.0,77.0,,41.0,57.0,,31.507222117392875,67.96122908152995,,0.2802139037433155,12.0,18.0,https://www.screener.in/company/ARTEMISMED/consolidated/,2026-09-01T23:39:41.636880+00:00
ARVIND.NS,262,consolidated,2026-03-31,26.2114,26.35,20.624,21.95,15.342,10.8,4.0,134.0,3.0,6.0,43.0,18.0,0.6848062706925617,,2.6382302766210453,0.410484668644906,10.8,11.0,https://www.screener.in/company/ARVIND/consolidated/,2026-09-01T23:39:41.636880+00:00
ARVINDFASN.NS,1274634,consolidated,2026-03-31,107.4111,93.7,117.2691,111.2,121.3309,114.25,9.0,17.0,,53.0,13.0,,49.21761167211039,,,1.4167550371155886,14.1,13.0,https://www.screener.in/company/ARVINDFASN/consolidated/,2026-09-01T23:39:41.636880+00:00
ARVSMART.NS,1272994,consolidated,2026-03-31,49.2335,37.1,46.2756,39.95,30.7592,24.3,30.0,59.0,18.0,52.0,37.0,23.0,54.97570057932568,53.5963279638044,12.185442255746516,0.8983050847457628,14.2,37.0,https://www.screener.in/company/ARVSMART/consolidated/,2026-09-01T23:39:41.636880+00:00
ARYAMAN.NS,263,consolidated,2026-03-31,24.6608,23.3,26.1828,23.0,30.1054,23.7,15.0,107.0,46.0,96.0,66.0,39.0,92.95942491844389,105.4180801899372,44.45771568852142,,20.4,,https://www.screener.in/company/ARYAMAN/consolidated/,2026-09-01T23:39:41.636880+00:00
ASAHIINDIA.NS,264,consolidated,2026-03-31,55.6437,52.65,47.5229,43.35,47.9291,42.5,7.0,22.0,14.0,-2.0,21.0,17.0,-3.4248629510707507,19.83891629841519,14.211376689446675,0.559003051881994,10.3,20.0,https://www.screener.in/company/ASAHIINDIA/consolidated/,2026-09-01T23:39:41.636880+00:00
ASALCBR.NS,303,consolidated,2026-03-31,79.3456,76.15,77.3805,74.35,58.8015,46.0,,,,,9.0,19.0,138.9174092865857,,,0.0992805755395683,14.6,13.0,https://www.screener.in/company/ASALCBR/consolidated/,2026-09-01T23:39:41.636880+00:00
ASHAPURMIN.NS,269,consolidated,2026-03-31,16.5696,16.1,14.7477,14.6,15.6757,14.6,42.0,43.0,10.0,51.0,31.0,25.0,48.66035578835097,33.09802570721458,8.45621422367071,0.8756822316555488,28.0,10.0,https://www.screener.in/company/ASHAPURMIN/consolidated/,2026-09-01T23:39:41.636880+00:00
ASHIANA.NS,272,consolidated,2026-03-31,69.5044,49.45,77.9934,69.7,59.1806,44.05,41.0,85.0,1.0,63.0,16.0,8.0,62.77075178816081,133.2221626160242,1.269285846721946,0.3760186263096624,14.5,13.0,https://www.screener.in/company/ASHIANA/consolidated/,2026-09-01T23:39:41.636880+00:00
ASHIMASYN.NS,275,consolidated,2026-03-31,9.0135,8.9,50.3885,9.1,188.9044,210.0,,-35.0,,,-1.0,1.0,,,,0.592057761732852,-7.39,-18.0,https://www.screener.in/company/ASHIMASYN/consolidated/,2026-09-01T23:39:41.636880+00:00
ASHOKA.NS,282,consolidated,2026-03-31,9.1892,4.7,7.9187,4.8,8.6334,7.25,-2.0,24.0,28.0,35.0,4.0,1.0,105.81157785687245,55.97550679883005,,0.2444140446876425,15.3,22.0,https://www.screener.in/company/ASHOKA/consolidated/,2026-09-01T23:39:41.636880+00:00
ASHOKAMET.NS,1274265,consolidated,2026-03-31,8.9006,6.1,9.7802,7.5,10.3489,7.2,-18.0,135.0,,50.0,26.0,,49.61139722270698,98.55057185194568,,0.4754098360655737,9.25,20.0,https://www.screener.in/company/ASHOKAMET/consolidated/,2026-09-01T23:39:41.636880+00:00
ASHOKLEY.NS,281,consolidated,2026-03-31,25.8918,25.2,29.275,26.15,24.9178,24.3,5.0,84.0,15.0,45.0,23.0,15.0,40.96187738030692,,17.284500742967722,4.489572361491469,27.4,19.0,https://www.screener.in/company/ASHOKLEY/consolidated/,2026-09-01T23:39:41.636880+00:00
ASIANENE.NS,294,consolidated,2026-03-31,35.2805,33.6,28.3065,30.9,29.9829,24.5,93.0,11.0,16.0,52.0,28.0,22.0,,13.92460034905032,,0.3218623481781376,12.9,11.0,https://www.screener.in/company/ASIANENE/consolidated/,2026-09-01T23:39:41.636880+00:00
ASIANHOTNR.NS,292,consolidated,2026-03-31,387.26,379.9,387.26,379.9,387.26,379.9,,15.0,8.0,,36.0,14.0,,,,0.3626492942453854,0.57,13.0,https://www.screener.in/company/ASIANHOTNR/consolidated/,2026-09-01T23:39:41.636880+00:00
ASIANPAINT.NS,295,consolidated,2026-03-31,56.6608,56.45,67.9405,62.9,66.8816,62.05,1.0,7.0,10.0,2.0,-5.0,8.0,1.7446703820718223,6.617095217914515,9.502681328868956,0.1838386674153097,21.8,19.0,https://www.screener.in/company/ASIANPAINT/consolidated/,2026-09-01T23:39:41.636880+00:00
ASIANTILES.NS,290,consolidated,2026-03-31,80.485,64.6,43.3119,25.6,47.5457,42.7,6.0,-20.0,-2.0,31.0,-14.0,-10.0,,-31.136051418508583,-13.279753213213375,0.2884362680683311,1.27,4.8,https://www.screener.in/company/ASIANTILES/consolidated/,2026-09-01T23:39:41.636880+00:00
ASIANTNE.NS,297,consolidated,2026-03-31,49.1212,45.85,35.2541,38.9,25.8944,19.6,26.0,-31.0,-2.0,-19.0,-7.0,0.0,-31.32112659998273,-34.02460446135529,-11.937421342920118,0.2036038592508512,0.81,0.64,https://www.screener.in/company/ASIANTNE/consolidated/,2026-09-01T23:39:41.636880+00:00
ASKAUTOLTD.NS,1284561,consolidated,2026-03-31,38.632,38.5,38.632,38.5,38.632,38.5,18.0,25.0,,34.0,,,34.195798019989645,23.636347834823447,,0.5179252479023646,25.1,12.0,https://www.screener.in/company/ASKAUTOLTD/consolidated/,2026-09-01T23:39:41.636880+00:00
ASPINWALL.NS,1273375,consolidated,2026-03-31,29.3703,23.4,22.5809,16.1,21.4862,17.85,12.0,4.0,1.0,-21.0,6.0,,-22.75842589045154,15.409739217862397,4.801035670873466,0.3930348258706467,3.83,4.7,https://www.screener.in/company/ASPINWALL/consolidated/,2026-09-01T23:39:41.636880+00:00
ASSAMENT.NS,1274723,consolidated,2026-03-31,40.9631,35.5,41.9108,34.7,39.9085,33.75,8.0,13.0,,10.0,6.0,,9.74428563387546,6.920426167692906,,,2.97,,https://www.screener.in/company/ASSAMENT/consolidated/,2026-09-01T23:39:41.636880+00:00
ASTAR.NS,296,consolidated,2026-03-31,21.1019,18.9,17.8108,16.6,17.4503,16.0,-14.0,-9.0,-6.0,-23.0,-8.0,-3.0,-21.213268167121267,-8.763069798571587,-5.909393085705283,0.2973462002412545,2.51,2.0,https://www.screener.in/company/ASTAR/consolidated/,2026-09-01T23:39:41.636880+00:00
ASTEC.NS,306,consolidated,2026-03-31,49.8745,46.2,42.8854,39.2,47.683,45.6,-11.0,,,,-15.0,3.0,,,,1.1512820512820512,-25.2,1.3,https://www.screener.in/company/ASTEC/consolidated/,2026-09-01T23:39:41.636880+00:00
ASTERDM.NS,1274286,consolidated,2026-03-31,98.6494,93.9,70.6996,82.85,55.5505,40.45,16.0,23.0,48.0,-1.0,27.0,,-4.166484640653012,20.40319774028523,43.66308302520368,0.4851398601398601,10.7,19.0,https://www.screener.in/company/ASTERDM/consolidated/,2026-09-01T23:39:41.636880+00:00
ASTRAL.NS,309,consolidated,2026-03-31,85.3259,83.05,87.7221,88.45,79.0408,76.7,8.0,6.0,18.0,6.0,-1.0,21.0,5.513909424506291,5.749962858816504,18.07933142930389,0.0616067028092656,13.8,16.0,https://www.screener.in/company/ASTRAL/consolidated/,2026-09-01T23:39:41.636880+00:00
ASTRAMICRO.NS,308,consolidated,2026-03-31,65.8696,64.25,58.4641,58.05,43.6943,41.9,13.0,46.0,13.0,40.0,60.0,31.0,36.10149235301829,43.58064303643592,12.07300962478881,0.2190114068441064,16.0,29.0,https://www.screener.in/company/ASTRAMICRO/consolidated/,2026-09-01T23:39:41.636880+00:00
ATALREAL.NS,1274799,consolidated,2026-03-31,70.0509,69.1,70.0509,69.1,70.0509,69.1,,,,,33.0,,,,,0.1458333333333333,7.95,10.0,https://www.screener.in/company/ATALREAL/consolidated/,2026-09-01T23:39:41.636880+00:00
ATGL.NS,1274591,consolidated,2026-03-31,123.3462,111.35,240.0099,135.15,190.2562,114.6,10.0,7.0,,6.0,-16.0,,6.242094427102551,7.199518032883279,,0.4635149023638232,14.4,19.0,https://www.screener.in/company/ATGL/consolidated/,2026-09-01T23:39:41.636880+00:00
ATL.NS,1284454,consolidated,2026-03-31,23.0479,23.2,23.0479,23.2,23.0479,23.2,5.0,,,-8.0,,,,,,2.184659090909091,14.4,21.0,https://www.screener.in/company/ATL/consolidated/,2026-09-01T23:39:41.636880+00:00
ATLANTAA.NS,314,consolidated,2026-03-31,14.7169,11.5,14.7169,11.5,17.2603,12.65,13.0,15.0,7.0,25.0,26.0,-4.0,,,,1.4941198607583026,-0.81,41.3,https://www.screener.in/company/ATLANTAA/consolidated/,2026-09-01T23:39:41.636880+00:00
ATLANTAELE.NS,1285669,consolidated,2026-03-31,59.1934,58.7,59.1934,58.7,59.1934,58.7,28.0,96.0,,32.0,,,-24.553191461941093,39.99379984823,,0.0548977395048439,31.7,19.0,https://www.screener.in/company/ATLANTAELE/consolidated/,2026-09-01T23:39:41.636880+00:00
ATLASCYCLE.NS,315,consolidated,2024-03-31,130.5589,132.9,130.5589,132.9,130.5589,132.9,-28.0,-5.0,,-15.0,27.0,-3.0,,,,0.0238076343147369,-28.0,-731.76,https://www.screener.in/company/ATLASCYCLE/consolidated/,2026-09-01T23:39:41.636880+00:00
ATUL.NS,319,consolidated,2026-03-31,44.4177,43.9,43.0523,40.95,35.3172,34.7,5.0,1.0,9.0,9.0,-7.0,11.0,9.746869233640986,0.7651369493906657,9.555445747485546,0.0294164925253174,11.5,18.0,https://www.screener.in/company/ATUL/consolidated/,2026-09-01T23:39:41.636880+00:00
ATULAUTO.NS,318,consolidated,2026-03-31,98.873,64.9,106.4371,67.8,78.2524,29.0,17.0,47.0,-1.0,125.0,19.0,1.0,108.51159346021296,,-3.4339170671621067,0.2995867768595041,9.3,10.0,https://www.screener.in/company/ATULAUTO/consolidated/,2026-09-01T23:39:41.636880+00:00
AUBANK.NS,1274092,consolidated,2017-03-31,126.8601,120.3,118.7485,111.3,92.5811,97.2,29.0,,,49.0,13.0,,4.775471609961546,,,,22.3,,https://www.screener.in/company/AUBANK/consolidated/,2026-09-01T23:39:41.636880+00:00
AURIONPRO.NS,323,consolidated,2026-03-31,38.4747,39.8,30.7036,29.8,18.5278,12.0,29.0,34.0,15.0,31.0,47.0,29.0,21.07984372408176,,11.86892919816145,0.0350978135788262,13.4,19.0,https://www.screener.in/company/AURIONPRO/consolidated/,2026-09-01T23:39:41.636880+00:00
AUROPHARMA.NS,325,consolidated,2026-03-31,22.1203,21.85,18.9176,19.45,17.5634,17.4,11.0,1.0,6.0,23.0,17.0,8.0,22.40612111956965,-7.898846142025617,5.715914409064893,0.2130585099363965,10.1,20.0,https://www.screener.in/company/AUROPHARMA/consolidated/,2026-09-01T23:39:41.636880+00:00
AURUM.NS,1272987,consolidated,2026-03-31,1724.5571,1707.7,759.7938,9.85,204.5009,80.2,44.0,,,18.0,31.0,-4.0,,-76.15093996253985,-14.18183773420958,0.4446640316205533,-2.68,25.0,https://www.screener.in/company/AURUM/consolidated/,2026-09-01T23:39:41.636880+00:00
AURUS.NS,29704,consolidated,2025-03-31,2.2516,2.0,3.4172,2.5,3.4172,2.5,6.0,5.0,,,-1.0,-20.0,,,,0.8125,-63.0,-90.0,https://www.screener.in/company/AURUS/consolidated/,2026-09-01T23:39:41.636880+00:00
AUSOMENT.NS,328,consolidated,2026-03-31,16.3354,10.0,18.1777,11.8,12.7517,7.4,127.0,5.0,,153.0,15.0,23.0,153.2898509550443,4.821777230156488,,0.0555555555555555,12.8,0.6,https://www.screener.in/company/AUSOMENT/consolidated/,2026-09-01T23:39:41.636880+00:00
AUSTENG.NS,329,consolidated,2026-03-31,14.3367,13.4,16.3859,14.9,16.6866,15.0,4.0,47.0,17.0,4.0,16.0,9.0,3.707034701231393,,,0.0142857142857142,7.06,5.0,https://www.screener.in/company/AUSTENG/consolidated/,2026-09-01T23:39:41.636880+00:00
AUTOIND.NS,331,consolidated,2026-03-31,38.5829,17.35,48.0709,22.8,48.0709,22.8,8.0,20.0,9.0,118.0,9.0,7.0,43.83028160216245,,,1.649746192893401,11.2,9.0,https://www.screener.in/company/AUTOIND/consolidated/,2026-09-01T23:39:41.636880+00:00
AVALON.NS,1284340,consolidated,2026-03-31,102.8677,87.1,91.8429,80.2,91.8429,80.2,19.0,40.0,,29.0,,,23.14706160987603,-58.32326883238077,,0.2954230235783633,16.9,11.0,https://www.screener.in/company/AVALON/consolidated/,2026-09-01T23:39:41.636880+00:00
AVANCE.NS,339,consolidated,2026-03-31,45.763,33.7,45.763,33.7,45.763,33.7,73.0,,63.0,218.0,,11.0,,,,0.416243654822335,3.42,0.2,https://www.screener.in/company/AVANCE/consolidated/,2026-09-01T23:39:41.636880+00:00
AVANTEL.NS,340,consolidated,2026-03-31,111.4703,74.8,80.426,57.5,80.426,57.5,13.0,0.0,,-17.0,70.0,57.0,-18.116584085222364,-0.6993693462086226,,0.1005917159763313,5.29,23.0,https://www.screener.in/company/AVANTEL/consolidated/,2026-09-01T23:39:41.636880+00:00
AVANTIFEED.NS,341,consolidated,2026-03-31,21.1354,20.55,22.2534,21.4,21.1964,20.1,6.0,12.0,14.0,28.0,8.0,17.0,29.565832167060396,10.9720280774938,14.424940283690058,0.0039561777236762,18.3,10.0,https://www.screener.in/company/AVANTIFEED/consolidated/,2026-09-01T23:39:41.636880+00:00
AVONMORE.NS,139,consolidated,2026-03-31,25.0418,22.35,16.8214,17.95,10.6387,6.0,-3.0,-9.0,60.0,-51.0,27.0,28.0,-50.70257245805332,-7.914156182436194,47.57731615945522,,3.62,,https://www.screener.in/company/AVONMORE/consolidated/,2026-09-01T23:39:41.636880+00:00
AVROIND.NS,1274389,consolidated,2026-03-31,36.7103,38.2,36.7103,38.2,36.7103,38.2,,,,,31.0,,,,,0.1973184357541899,5.14,2.21,https://www.screener.in/company/AVROIND/consolidated/,2026-09-01T23:39:41.636880+00:00
AVTNPL.NS,346,consolidated,2026-03-31,21.9114,21.1,21.1092,20.45,21.3404,20.35,7.0,8.0,12.0,-5.0,3.0,11.0,-5.699217692224279,7.480735567061836,11.612317403390438,0.2039355992844365,12.2,14.0,https://www.screener.in/company/AVTNPL/consolidated/,2026-09-01T23:39:41.636880+00:00
AWFIS.NS,1284789,consolidated,2026-03-31,60.7299,62.2,60.7299,62.2,60.7299,62.2,40.0,29.0,,53.0,,,,,,2.7142857142857144,14.0,37.0,https://www.screener.in/company/AWFIS/consolidated/,2026-09-01T23:39:41.636880+00:00
AWHCL.NS,1274824,consolidated,2026-03-31,21.3557,21.0,17.9282,18.7,18.4811,19.3,7.0,11.0,16.0,3.0,0.0,,3.361696473713116,10.79556656505356,-14.910719403562933,0.6211096075778079,10.9,18.0,https://www.screener.in/company/AWHCL/consolidated/,2026-09-01T23:39:41.636880+00:00
AWL.NS,1275165,consolidated,2026-03-31,100.4487,31.1,90.7406,43.6,90.7406,43.6,9.0,8.0,,22.0,,,21.523241381255698,-33.904970931606584,,0.1062260536398467,10.7,3.2,https://www.screener.in/company/AWL/consolidated/,2026-09-01T23:39:41.636880+00:00
AXISBANK.NS,348,consolidated,2026-03-31,13.7038,13.6,15.0378,14.1,24.8818,15.2,15.0,30.0,12.0,35.0,10.0,8.0,34.153669288886256,29.29886224595928,9.251961653862397,,13.1,,https://www.screener.in/company/AXISBANK/consolidated/,2026-09-01T23:39:41.636880+00:00
AXISCADES.NS,350,consolidated,2026-03-31,83.2101,66.45,60.0389,50.95,47.9278,34.2,-14.0,-1.0,0.0,42.0,86.0,23.0,,,4.876881278219547,0.5337001375515819,4.06,13.0,https://www.screener.in/company/AXISCADES/consolidated/,2026-09-01T23:39:41.636880+00:00
AXITA.NS,1274613,consolidated,2025-03-31,815.1,818.0,815.1,818.0,815.1,818.0,,,,,31.0,,,,,0.0317460317460317,0.77,-0.8,https://www.screener.in/company/AXITA/consolidated/,2026-09-01T23:39:41.636880+00:00
AYMSYNTEX.NS,3743,consolidated,2026-03-31,173.6095,81.7,168.4954,79.8,168.4954,79.8,-2.0,,,-6.0,24.0,12.0,-7.606115577580619,,,0.3191850594227504,1.12,8.0,https://www.screener.in/company/AYMSYNTEX/consolidated/,2026-09-01T23:39:41.636880+00:00
AZAD.NS,1284610,consolidated,2026-03-31,91.0645,100.7,91.0645,100.7,91.0645,100.7,34.0,63.0,,150.0,,,-26.238039482005384,-22.99368249466186,,0.3100065402223675,9.09,38.0,https://www.screener.in/company/AZAD/consolidated/,2026-09-01T23:39:41.636880+00:00
AZADIND.NS,1440,consolidated,2026-03-31,6238.7162,4385.8,6238.7162,4385.8,6238.7162,4385.8,,,,,38.0,,,,,0.0048554567864346,2.46,3.55,https://www.screener.in/company/AZADIND/consolidated/,2026-09-01T23:39:41.636880+00:00
BAGFILMS.NS,365,consolidated,2026-03-31,36.6968,28.3,43.0683,31.15,39.3879,30.3,10.0,18.0,62.0,58.0,13.0,-1.0,,,,0.6976744186046512,2.27,12.0,https://www.screener.in/company/BAGFILMS/consolidated/,2026-09-01T23:39:41.636880+00:00
BAJAJ-AUTO.NS,369,consolidated,2026-03-31,30.8589,31.05,26.2939,27.2,22.9776,20.6,20.0,17.0,10.0,21.0,27.0,15.0,21.52865181278612,18.025178587978075,10.600789216949424,0.5849042027194067,29.2,20.0,https://www.screener.in/company/BAJAJ-AUTO/consolidated/,2026-09-01T23:39:41.636880+00:00
BAJAJCON.NS,370,consolidated,2026-03-31,24.7266,23.8,21.3118,20.2,21.6427,21.05,7.0,-4.0,-2.0,10.0,14.0,1.0,14.774399518547398,-0.7519650487427088,0.8940870694317482,0.0211920529801324,24.7,21.0,https://www.screener.in/company/BAJAJCON/consolidated/,2026-09-01T23:39:41.636880+00:00
BAJAJELEC.NS,371,consolidated,2026-03-31,73.1019,67.4,70.8513,66.0,66.6858,60.1,-3.0,,,,-22.0,3.0,,,,0.0997490589711417,-0.72,4.1,https://www.screener.in/company/BAJAJELEC/consolidated/,2026-09-01T23:39:41.636880+00:00
BAJAJFINSV.NS,373,consolidated,2026-03-31,33.0006,33.0,39.5099,35.0,36.7194,34.7,22.0,17.0,18.0,16.0,3.0,21.0,14.977440917279994,16.868289734326925,17.99071386457898,5.517730860553167,13.2,38.0,https://www.screener.in/company/BAJAJFINSV/consolidated/,2026-09-01T23:39:41.636880+00:00
BAJAJHIND.NS,374,consolidated,2026-03-31,82.32,98.5,82.32,98.5,23.4211,11.45,-5.0,20.0,10.0,45.0,9.0,2.0,,,,6.356,24.4,5.0,https://www.screener.in/company/BAJAJHIND/consolidated/,2026-09-01T23:39:41.636880+00:00
BAJAJHLDNG.NS,375,consolidated,2026-03-31,16.5677,16.0,15.9118,15.4,13.5395,13.1,29.0,17.0,14.0,19.0,21.0,20.0,25.713485476876663,21.43140438447857,15.579628814619294,0.0001367053998632,11.9,85.0,https://www.screener.in/company/BAJAJHLDNG/consolidated/,2026-09-01T23:39:41.636880+00:00
BAJAJINDEF.NS,1285339,consolidated,2026-03-31,31.0424,31.6,31.0424,31.6,31.0424,31.6,,,,,,,,,,0.0111111111111111,9.2,9.0,https://www.screener.in/company/BAJAJINDEF/consolidated/,2026-09-01T23:39:41.636880+00:00
BAJAJST.NS,376,consolidated,2026-03-31,17.9399,18.5,14.2351,12.6,10.6845,8.7,-2.0,-10.0,29.0,-15.0,6.0,35.0,-18.217342490476156,-10.861087024741522,,0.1485849056603773,9.1,10.0,https://www.screener.in/company/BAJAJST/consolidated/,2026-09-01T23:39:41.636880+00:00
BAJEL.NS,1284616,consolidated,2026-03-31,114.4,109.85,114.4,109.85,114.4,109.85,,,,,,,,,,0.4912985274431057,4.1,3.4,https://www.screener.in/company/BAJEL/consolidated/,2026-09-01T23:39:41.636880+00:00
BAJFINANCE.NS,372,consolidated,2026-03-31,32.1411,32.3,41.5561,34.4,46.8362,43.65,26.0,34.0,31.0,19.0,7.0,25.0,17.144996665524094,33.04846703924134,29.133969264710235,,18.2,,https://www.screener.in/company/BAJFINANCE/consolidated/,2026-09-01T23:39:41.636880+00:00
BALAJEE.NS,1284967,consolidated,2026-03-31,16.8856,16.4,16.8856,16.4,16.8856,16.4,6.0,3.0,,-12.0,,,-78.75815156541883,-55.99142235082266,,0.760655737704918,3.68,6.0,https://www.screener.in/company/BALAJEE/consolidated/,2026-09-01T23:39:41.636880+00:00
BALAJITELE.NS,381,consolidated,2026-03-31,31.213,25.0,31.213,25.0,31.213,25.0,-29.0,10.0,,-2.0,8.0,0.0,,,,0.0304487179487179,-7.66,-8.0,https://www.screener.in/company/BALAJITELE/consolidated/,2026-09-01T23:39:41.636880+00:00
BALAMINES.NS,380,consolidated,2026-03-31,32.1057,32.85,30.0321,29.15,24.7008,24.2,-15.0,-7.0,11.0,-20.0,-10.0,24.0,-19.91747343730025,-6.8333122514517175,11.24277000643248,0.0673076923076923,8.74,21.0,https://www.screener.in/company/BALAMINES/consolidated/,2026-09-01T23:39:41.636880+00:00
BALAXI.NS,1273133,consolidated,2026-03-31,12.772,12.3,12.0774,11.4,13.9706,12.15,-7.0,-48.0,,-69.0,-27.0,21.0,-69.35013735846299,-49.12671732925138,,0.2329317269076305,0.59,3.2,https://www.screener.in/company/BALAXI/consolidated/,2026-09-01T23:39:41.636880+00:00
BALKRISIND.NS,383,consolidated,2026-03-31,35.762,33.9,34.3523,33.15,31.1651,31.3,4.0,-2.0,9.0,1.0,-1.0,19.0,5.537762429629534,1.0891336726385648,10.798828109518643,0.3752281854691493,9.66,22.0,https://www.screener.in/company/BALKRISIND/consolidated/,2026-09-01T23:39:41.636880+00:00
BALMLAWRIE.NS,385,consolidated,2026-03-31,14.3411,13.65,13.7729,13.25,14.4803,13.6,6.0,18.0,5.0,17.0,6.0,4.0,17.202664519970057,18.108504814393168,5.380753803930771,0.1063315611406476,13.7,13.0,https://www.screener.in/company/BALMLAWRIE/consolidated/,2026-09-01T23:39:41.636880+00:00
BALPHARMA.NS,377,consolidated,2026-03-31,28.8671,22.95,30.9832,25.4,45.117,33.15,1.0,6.0,16.0,35.0,-3.0,-1.0,33.93192919701311,4.248364122878967,13.608376497073603,1.951219512195122,7.87,10.0,https://www.screener.in/company/BALPHARMA/consolidated/,2026-09-01T23:39:41.636880+00:00
BALRAMCHIN.NS,387,consolidated,2026-03-31,22.6203,22.75,22.3912,22.4,15.7425,15.6,10.0,-4.0,5.0,10.0,13.0,21.0,9.973031727573156,-3.888207623388396,16.44065180805243,0.7660705654905752,9.54,11.0,https://www.screener.in/company/BALRAMCHIN/consolidated/,2026-09-01T23:39:41.636880+00:00
BALUFORGE.NS,472222,consolidated,2026-03-31,35.1443,32.3,33.5632,31.0,33.5632,31.0,50.0,102.0,,88.0,19.0,33.0,65.91716751111247,80.6065827076879,,0.0953575909661229,19.6,27.0,https://www.screener.in/company/BALUFORGE/consolidated/,2026-09-01T23:39:41.636880+00:00
BANCOINDIA.NS,393,consolidated,2026-03-31,18.7481,18.4,14.8889,16.1,13.8571,12.9,19.0,32.0,18.0,24.0,42.0,18.0,26.92860136386081,33.475326179051336,18.26933196458305,0.3643916913946587,30.2,17.0,https://www.screener.in/company/BANCOINDIA/consolidated/,2026-09-01T23:39:41.636880+00:00
BANG.NS,394,consolidated,2026-03-31,11.2857,10.85,15.5911,13.1,20.1712,14.5,24.0,41.0,21.0,89.0,0.0,5.0,72.85496751800598,33.63661273247733,17.982752368216982,0.4361702127659574,8.55,3.6,https://www.screener.in/company/BANG/consolidated/,2026-09-01T23:39:41.636880+00:00
BANKA.NS,1274287,consolidated,2026-03-31,31.876,27.55,30.1448,27.8,30.1448,27.8,10.0,-22.0,,-38.0,-3.0,,-48.47974068170484,-31.61714306956298,,1.031605562579014,1.74,11.74,https://www.screener.in/company/BANKA/consolidated/,2026-09-01T23:39:41.636880+00:00
BANKBARODA.NS,395,consolidated,2026-03-31,6.6519,6.6,7.5828,7.0,14.0665,8.0,13.0,73.0,19.0,10.0,25.0,4.0,10.019668313323104,66.60451107107004,,,12.7,,https://www.screener.in/company/BANKBARODA/consolidated/,2026-09-01T23:39:41.636880+00:00
BANKINDIA.NS,396,consolidated,2026-03-31,7.0234,6.6,7.4954,7.15,8.3797,7.65,16.0,39.0,14.0,42.0,19.0,2.0,34.28317583399792,28.909184611980308,,,12.4,,https://www.screener.in/company/BANKINDIA/consolidated/,2026-09-01T23:39:41.636880+00:00
BANSALWIRE.NS,1284840,consolidated,2026-03-31,34.6478,34.5,34.6478,34.5,34.6478,34.5,20.0,,,40.0,,,-46.14949837227116,,,0.3881118881118881,12.1,7.0,https://www.screener.in/company/BANSALWIRE/consolidated/,2026-09-01T23:39:41.636880+00:00
BANSWRAS.NS,400,consolidated,2026-03-31,15.3354,16.45,12.0645,9.85,11.6497,10.0,-3.0,25.0,3.0,-30.0,6.0,4.0,-34.84082922856516,16.52805673960991,1.269877157054777,0.811965811965812,6.53,10.0,https://www.screener.in/company/BANSWRAS/consolidated/,2026-09-01T23:39:41.636880+00:00
BASF.NS,406,consolidated,2026-03-31,45.1834,45.8,49.6,50.8,53.3158,50.95,,,,,1.0,13.0,163.908800273413,41.28356849648407,,0.0336113217083649,10.9,6.0,https://www.screener.in/company/BASF/consolidated/,2026-09-01T23:39:41.636880+00:00
BATAINDIA.NS,408,consolidated,2026-03-31,64.3285,65.65,65.9612,65.95,62.5074,61.35,1.0,32.0,0.0,-19.0,-18.0,2.0,-25.383305953820155,,-4.708165213179627,0.8695924764890283,10.6,20.0,https://www.screener.in/company/BATAINDIA/consolidated/,2026-09-01T23:39:41.636880+00:00
BATLIBOI.NS,409,consolidated,2026-03-31,34.4348,33.1,35.6388,31.75,28.4483,28.3,5.0,16.0,7.0,-59.0,16.0,15.0,,,,0.418848167539267,0.37,5.0,https://www.screener.in/company/BATLIBOI/consolidated/,2026-09-01T23:39:41.636880+00:00
BBOX.NS,89,consolidated,2026-03-31,37.3101,33.65,36.8038,34.5,31.724,31.9,0.0,13.0,25.0,80.0,30.0,46.0,105.57595921478053,20.608792725067527,,0.8958818958818959,25.7,9.0,https://www.screener.in/company/BBOX/consolidated/,2026-09-01T23:39:41.636880+00:00
BBTC.NS,527,consolidated,2026-03-31,18.3299,11.8,21.4424,13.45,20.4092,16.2,6.0,26.0,12.0,31.0,5.0,12.0,,27.4509827579098,12.394946208027502,0.2257881283726214,18.7,18.0,https://www.screener.in/company/BBTC/consolidated/,2026-09-01T23:39:41.636880+00:00
BBTCL.NS,1274583,consolidated,2026-03-31,30.5971,29.4,27.1365,26.75,27.1365,26.75,22.0,,,5.0,18.0,,4.800217191503808,,,1.7669172932330828,17.0,16.0,https://www.screener.in/company/BBTCL/consolidated/,2026-09-01T23:39:41.636880+00:00
BCG.NS,1883,consolidated,2026-03-31,2.5457,2.4,4.7811,3.0,2.6543,1.1,-2.0,15.0,9.0,-11.0,-16.0,5.0,-11.103867251554943,0.8603418492442394,1.7000890717204564,0.0,9.99,25.0,https://www.screener.in/company/BCG/consolidated/,2026-09-01T23:39:41.636880+00:00
BCLIND.NS,414,consolidated,2026-03-31,13.4981,13.0,13.4531,13.2,10.822,10.7,15.0,22.0,,20.0,10.0,25.0,12.487607898800237,17.653188327600766,,0.6252747252747253,13.4,10.0,https://www.screener.in/company/BCLIND/consolidated/,2026-09-01T23:39:41.636880+00:00
BCONCEPTS.NS,1274250,consolidated,2026-03-31,68.1203,60.85,64.467,55.45,64.467,55.45,29.0,17.0,,-46.0,38.0,,-54.50652685404399,,,2.2195121951219514,1.85,8.0,https://www.screener.in/company/BCONCEPTS/consolidated/,2026-09-01T23:39:41.636880+00:00
BCPL.NS,1274590,consolidated,2026-03-31,22.2684,21.9,18.4009,18.7,18.4009,18.7,20.0,,,-7.0,6.0,,-7.152142991952104,,,0.7551020408163265,6.78,9.0,https://www.screener.in/company/BCPL/consolidated/,2026-09-01T23:39:41.636880+00:00
BEARDSELL.NS,416,consolidated,2026-03-31,14.4297,13.5,16.492,15.45,32.5795,19.05,6.0,115.0,14.0,11.0,15.0,-2.0,8.50690604664981,,13.057117163903984,0.2391304347826087,13.2,8.0,https://www.screener.in/company/BEARDSELL/consolidated/,2026-09-01T23:39:41.636880+00:00
BECTORFOOD.NS,1274822,consolidated,2026-03-31,56.6146,57.5,49.7351,50.0,51.1906,51.45,14.0,14.0,,16.0,24.0,,14.471424255333186,13.285810378571483,,0.1502753737214791,11.4,13.0,https://www.screener.in/company/BECTORFOOD/consolidated/,2026-09-01T23:39:41.636880+00:00
BEDMUTHA.NS,418,consolidated,2026-03-31,31.3223,31.25,22.3222,19.1,21.869,19.0,29.0,-49.0,8.0,-20.0,24.0,17.0,-20.695651117545133,-49.42569130978782,,1.368421052631579,4.38,3.9,https://www.screener.in/company/BEDMUTHA/consolidated/,2026-09-01T23:39:41.636880+00:00
BEEKAY.NS,1270778,consolidated,2026-03-31,11.869,10.9,9.5443,10.05,10.5348,10.1,1.0,-14.0,7.0,-28.0,0.0,16.0,-29.65406174633389,-14.78507585427603,6.601774713679642,0.3173996175908222,3.57,9.0,https://www.screener.in/company/BEEKAY/consolidated/,2026-09-01T23:39:41.636880+00:00
BEL.NS,456,consolidated,2026-03-31,47.5525,49.35,38.6676,40.5,29.2755,25.55,16.0,24.0,16.0,27.0,44.0,27.0,26.657658729717102,23.633033898187534,17.237563094221397,0.002709688177422,27.4,29.0,https://www.screener.in/company/BEL/consolidated/,2026-09-01T23:39:41.636880+00:00
BELRISE.NS,1285464,consolidated,2026-03-31,31.1746,29.1,31.1746,29.1,31.1746,29.1,13.0,,,17.0,,,,,,0.291044776119403,12.6,12.0,https://www.screener.in/company/BELRISE/consolidated/,2026-09-01T23:39:41.636880+00:00
BEML.NS,423,consolidated,2026-03-31,62.3949,58.95,54.7683,53.4,51.0799,49.5,4.0,16.0,8.0,-2.0,29.0,16.0,-3.6286735929344616,15.460987233105673,8.180811483886274,0.1053169734151329,4.86,8.0,https://www.screener.in/company/BEML/consolidated/,2026-09-01T23:39:41.636880+00:00
BENGALASM.NS,425,consolidated,2026-03-31,9.0032,8.6,7.2672,7.4,6.1519,5.8,-47.0,11.0,13.0,-5.0,24.0,20.0,-4.546416854120117,9.91158764409683,9.972885960202738,,8.11,,https://www.screener.in/company/BENGALASM/consolidated/,2026-09-01T23:39:41.636880+00:00
BEPL.NS,453,consolidated,2026-03-31,15.8386,15.4,12.7038,14.15,20.9334,14.9,-2.0,-12.0,27.0,10.0,1.0,25.0,9.661809365184372,-11.61120564144924,27.25724617842986,0.0,17.3,17.0,https://www.screener.in/company/BEPL/consolidated/,2026-09-01T23:39:41.636880+00:00
BERGEPAINT.NS,429,consolidated,2026-03-31,55.0114,53.9,62.5584,59.05,68.3395,62.05,4.0,10.0,12.0,10.0,-7.0,9.0,9.438436418715156,9.38011923858182,11.751921852532687,0.0918028046841116,17.3,16.0,https://www.screener.in/company/BERGEPAINT/consolidated/,2026-09-01T23:39:41.636880+00:00
BESTAGRO.NS,1273249,consolidated,2026-03-31,27.2019,21.6,24.9414,19.4,24.9414,19.4,-10.0,-25.0,,-64.0,-21.0,27.0,-64.11489280727928,-25.912592639785117,,0.5755208333333334,1.16,10.0,https://www.screener.in/company/BESTAGRO/consolidated/,2026-09-01T23:39:41.636880+00:00
BETA.NS,1274175,consolidated,2026-03-31,41.1184,39.85,36.0519,34.6,29.3525,30.8,19.0,29.0,,11.0,45.0,,10.388916789669246,28.675400056793546,,0.6040816326530613,18.8,20.0,https://www.screener.in/company/BETA/consolidated/,2026-09-01T23:39:41.636880+00:00
BFINVEST.NS,438,consolidated,2026-03-31,8.5728,6.7,7.1679,5.7,7.2444,6.1,35.0,1.0,8.0,3.0,4.0,10.0,2.838481944387849,1.0984672584591904,7.872922913759406,0.0,3.65,85.0,https://www.screener.in/company/BFINVEST/consolidated/,2026-09-01T23:39:41.636880+00:00
BFUTILITIE.NS,439,consolidated,2025-03-31,19.2025,19.4,17.858,18.1,22.1428,20.5,18.0,39.0,17.0,47.0,3.0,-2.0,42.32164932551714,49.34827867656404,,4.6138613861386135,113.0,74.0,https://www.screener.in/company/BFUTILITIE/consolidated/,2026-09-01T23:39:41.636880+00:00
BHAGCHEM.NS,445,consolidated,2026-03-31,167.1146,171.75,112.6676,83.0,104.9895,74.3,2.0,-4.0,,-26.0,36.0,34.0,-31.417585818776573,-9.213675138405788,,0.336676217765043,2.63,13.0,https://www.screener.in/company/BHAGCHEM/consolidated/,2026-09-01T23:39:41.636880+00:00
BHAGYANGR.NS,449,consolidated,2026-03-31,16.8791,16.45,18.4317,18.65,27.8661,18.9,9.0,71.0,37.0,71.0,49.0,35.0,70.38404800162448,70.44486120434958,44.68654465844675,1.0077821011673151,21.6,4.9,https://www.screener.in/company/BHAGYANGR/consolidated/,2026-09-01T23:39:41.636880+00:00
BHARATFORG.NS,458,consolidated,2026-03-31,68.9203,67.0,61.5851,60.95,58.4767,50.7,9.0,39.0,5.0,33.0,21.0,17.0,25.76970010519613,,4.478382067783615,0.7629436325678497,12.0,17.0,https://www.screener.in/company/BHARATFORG/consolidated/,2026-09-01T23:39:41.636880+00:00
BHARATRAS.NS,463,consolidated,2026-03-31,32.9899,30.2,31.2893,28.9,30.6602,28.2,0.0,-1.0,,8.0,-17.0,13.0,5.308040121992241,-1.8785843773499569,,0.0007849293563579,13.3,15.0,https://www.screener.in/company/BHARATRAS/consolidated/,2026-09-01T23:39:41.636880+00:00
BHARATWIRE.NS,1273307,consolidated,2024-03-31,16.9715,15.5,17.2977,15.8,17.2977,15.8,,,,,21.0,15.0,,,,1.8525179856115108,42.2,26.0,https://www.screener.in/company/BHARATWIRE/consolidated/,2026-09-01T23:39:41.636880+00:00
BHARTIARTL.NS,467,consolidated,2026-03-31,49.8519,47.55,79.1382,59.65,114.005,62.05,15.0,22.0,18.0,45.0,24.0,21.0,43.037688829985775,,14.768075057173814,1.310988413828267,20.3,57.0,https://www.screener.in/company/BHARTIARTL/consolidated/,2026-09-01T23:39:41.636880+00:00
BHEL.NS,460,consolidated,2026-03-31,183.338,166.2,141.121,130.8,105.1531,68.1,13.0,21.0,16.0,36.0,50.0,17.0,34.75141287239274,,,0.313126290828425,6.23,9.0,https://www.screener.in/company/BHEL/consolidated/,2026-09-01T23:39:41.636880+00:00
BIGBLOC.NS,1273472,consolidated,2026-03-31,49.7713,49.3,47.7178,45.9,47.1254,44.9,12.0,,,,32.0,30.0,,,,1.4744525547445255,-1.25,7.0,https://www.screener.in/company/BIGBLOC/consolidated/,2026-09-01T23:39:41.636880+00:00
BIKAJI.NS,1275353,consolidated,2026-03-31,73.1405,71.55,79.9216,74.3,79.9216,74.3,15.0,24.0,,24.0,,,23.26076110651936,-22.60860713538939,,0.1860609831985065,17.5,13.0,https://www.screener.in/company/BIKAJI/consolidated/,2026-09-01T23:39:41.636880+00:00
BIL.NS,468,consolidated,2026-03-31,31.7038,29.95,26.6557,22.55,22.927,19.7,19.0,33.0,-7.0,-40.0,33.0,5.0,-41.97546428057066,,-7.171974223129107,1.1129363449691991,2.87,8.0,https://www.screener.in/company/BIL/consolidated/,2026-09-01T23:39:41.636880+00:00
BIMETAL.NS,482,consolidated,2026-03-31,22.3835,21.4,21.5084,21.0,30.4037,23.45,9.0,24.0,10.0,1.0,13.0,5.0,1.71050175686267,25.12516251184147,10.757035974246644,0.0174672489082969,5.08,6.0,https://www.screener.in/company/BIMETAL/consolidated/,2026-09-01T23:39:41.636880+00:00
BIOCON.NS,487,consolidated,2026-03-31,59.8943,47.95,56.8286,48.65,58.8138,51.9,15.0,-12.0,1.0,-15.0,2.0,10.0,-14.813244848480734,-17.347050030476762,-6.356760961994546,0.4535276659516323,1.4,20.0,https://www.screener.in/company/BIOCON/consolidated/,2026-09-01T23:39:41.636880+00:00
BIRLACORPN.NS,490,consolidated,2026-03-31,29.7966,27.4,28.7775,24.15,26.3046,22.15,4.0,-4.0,13.0,134.0,-8.0,3.0,139.66480809534835,-2.4163183373928643,12.764933260010649,0.4604209097080787,7.83,15.0,https://www.screener.in/company/BIRLACORPN/consolidated/,2026-09-01T23:39:41.636880+00:00
BIRLAMONEY.NS,69,consolidated,2018-09-30,85.8266,85.15,65.7015,66.8,51.5711,38.85,9.0,22.0,-8.0,20.0,15.0,16.0,19.082804813591142,,-7.656516737955588,15.823529411764708,26.0,19.0,https://www.screener.in/company/BIRLAMONEY/consolidated/,2026-09-01T23:39:41.636880+00:00
BIRLANU.NS,1377,consolidated,2026-03-31,24.4209,13.5,17.7879,12.5,20.5977,13.4,2.0,,,,-23.0,9.0,,,,1.0009000900090008,-14.9,1.1,https://www.screener.in/company/BIRLANU/consolidated/,2026-09-01T23:39:41.636880+00:00
BIRLAPREC.NS,497,consolidated,2026-03-31,38.6098,39.8,32.5263,29.6,32.9738,29.9,-1.0,50.0,,0.0,31.0,29.0,-8.586557459456357,49.62778697388448,,0.3028571428571429,6.54,5.0,https://www.screener.in/company/BIRLAPREC/consolidated/,2026-09-01T23:39:41.636880+00:00
BLACKBUCK.NS,1285151,consolidated,2026-03-31,38.8909,31.7,38.8909,31.7,38.8909,31.7,55.0,22.0,,37.0,,,,,,0.0414908579465541,12.2,25.0,https://www.screener.in/company/BLACKBUCK/consolidated/,2026-09-01T23:39:41.636880+00:00
BLBLIMITED.NS,506,consolidated,2026-03-31,17.3015,20.7,17.3015,20.7,21.8696,22.8,,,38.0,,12.0,14.0,197.1960976381565,76.29003544111777,3.3761161045056776,0.0,29.3,6.0,https://www.screener.in/company/BLBLIMITED/consolidated/,2026-09-01T23:39:41.636880+00:00
BLIL.NS,386,consolidated,2026-03-31,9.8411,9.5,9.2252,9.0,9.7074,9.2,5.0,17.0,,17.0,9.0,8.0,17.155320053013035,17.49849936326946,,0.1528839471855455,12.7,13.0,https://www.screener.in/company/BLIL/consolidated/,2026-09-01T23:39:41.636880+00:00
BLKASHYAP.NS,354,consolidated,2026-03-31,57.1407,42.2,49.046,34.2,65.094,34.5,8.0,8.0,16.0,-32.0,16.0,9.0,-58.508673331687824,,,0.5673624288425048,2.59,8.0,https://www.screener.in/company/BLKASHYAP/consolidated/,2026-09-01T23:39:41.636880+00:00
BLS.NS,1273377,consolidated,2026-03-31,34.457,35.0,35.7,36.25,29.291,27.95,26.0,69.0,36.0,50.0,34.0,,50.53207992706197,68.72026277395476,36.368316257721325,0.1749898497766951,32.7,27.0,https://www.screener.in/company/BLS/consolidated/,2026-09-01T23:39:41.636880+00:00
BLSE.NS,1284654,consolidated,2026-03-31,44.56,35.9,44.56,35.9,44.56,35.9,66.0,76.0,,38.0,,,30.77932500543803,-71.11857407744739,,0.011472275334608,10.7,7.0,https://www.screener.in/company/BLSE/consolidated/,2026-09-01T23:39:41.636880+00:00
BLUECLOUDS.NS,1272009,consolidated,2026-03-31,63.3328,26.2,63.3328,26.2,63.3328,26.2,,,,,29.0,,,,,0.2914409534127844,11.6,15.0,https://www.screener.in/company/BLUECLOUDS/consolidated/,2026-09-01T23:39:41.636880+00:00
BLUEDART.NS,517,consolidated,2026-03-31,53.6177,53.75,49.3027,48.9,58.0187,54.0,6.0,18.0,3.0,-10.0,-4.0,-1.0,-12.599086180007612,19.42956245407505,2.312838360999736,0.642656162070906,15.7,16.0,https://www.screener.in/company/BLUEDART/consolidated/,2026-09-01T23:39:41.636880+00:00
BLUESTARCO.NS,519,consolidated,2026-03-31,69.0278,69.25,63.7557,63.2,61.168,54.25,16.0,50.0,18.0,26.0,31.0,20.0,7.267309468073102,37.55734527009773,15.993423523062036,0.2360827747012532,17.2,7.0,https://www.screener.in/company/BLUESTARCO/consolidated/,2026-09-01T23:39:41.636880+00:00
BLUESTONE.NS,1285596,consolidated,2026-03-31,217.1906,220.0,217.1906,220.0,217.1906,220.0,,,,,,,,,,1.1022222222222222,1.11,16.0,https://www.screener.in/company/BLUESTONE/consolidated/,2026-09-01T23:39:41.636880+00:00
BLUSPRING.NS,1285489,consolidated,2026-03-31,126.2312,123.85,126.2312,123.85,126.2312,123.85,,,,,,,,,,0.2035928143712574,-0.53,2.5,https://www.screener.in/company/BLUSPRING/consolidated/,2026-09-01T23:39:41.636880+00:00
BNAGROCHEM.NS,241,consolidated,2026-03-31,82.4128,78.5,82.4128,78.5,82.4128,78.5,,,,441.0,90.0,,,,,0.1092077087794432,8.01,-0.5,https://www.screener.in/company/BNAGROCHEM/consolidated/,2026-09-01T23:39:41.636880+00:00
BOMDYEING.NS,529,consolidated,2026-03-31,100.0975,99.9,100.0975,99.9,45.548,13.85,-18.0,15.0,8.0,26.0,4.0,10.0,,,,0.0013129102844638,0.28,-2.8,https://www.screener.in/company/BOMDYEING/consolidated/,2026-09-01T23:39:41.636880+00:00
BONLON.NS,1274764,consolidated,2026-03-31,23.375,25.75,22.723,24.9,22.2409,24.6,,6.0,,,12.0,,5.019599706142519,-9.070412193189048,,0.3838383838383838,2.9,1.0,https://www.screener.in/company/BONLON/consolidated/,2026-09-01T23:39:41.636880+00:00
BOROLTD.NS,1274765,consolidated,2026-03-31,59.0703,59.25,55.1542,51.95,58.1834,51.0,18.0,14.0,,34.0,7.0,,11.265911286202378,11.078919020828316,,0.1668545659526494,9.16,14.0,https://www.screener.in/company/BOROLTD/consolidated/,2026-09-01T23:39:41.636880+00:00
BORORENEW.NS,536,consolidated,2026-03-31,76.6762,62.85,91.2377,93.15,43.2623,15.3,20.0,,24.0,68.0,11.0,33.0,19.924005150099223,13.498508440779576,,0.1072137657180675,25.7,31.0,https://www.screener.in/company/BORORENEW/consolidated/,2026-09-01T23:39:41.636880+00:00
BOROSCI.NS,1284806,consolidated,2026-03-31,51.228,50.95,51.228,50.95,51.228,50.95,,,,,,,,,,0.0204081632653061,9.52,14.0,https://www.screener.in/company/BOROSCI/consolidated/,2026-09-01T23:39:41.636880+00:00
BOSCHLTD.NS,537,consolidated,2026-03-31,48.369,48.95,43.8416,41.5,43.9582,40.5,10.0,17.0,4.0,14.0,28.0,7.0,24.83497419458649,41.900576486049616,6.769181660227397,0.008015627104944,14.6,13.0,https://www.screener.in/company/BOSCHLTD/consolidated/,2026-09-01T23:39:41.636880+00:00
BPCL.NS,462,consolidated,2026-03-31,6.7778,7.3,8.3167,7.15,10.2676,9.2,-1.0,16.0,12.0,107.0,5.0,5.0,129.78166357667047,9.83909600094728,12.32027787428478,0.5433109382955147,28.8,5.0,https://www.screener.in/company/BPCL/consolidated/,2026-09-01T23:39:41.636880+00:00
BPL.NS,539,consolidated,2026-03-31,25.7771,23.8,25.3611,24.0,25.3611,24.0,14.0,,-5.0,,0.0,0.0,,,,0.4398340248962655,-3.49,-14.0,https://www.screener.in/company/BPL/consolidated/,2026-09-01T23:39:41.636880+00:00
BPLPHARMA.NS,1268337,consolidated,2026-03-31,14.9429,11.4,11.8554,10.2,12.3762,11.0,17.0,,,,32.0,,,,,0.453416149068323,-2.51,3.3,https://www.screener.in/company/BPLPHARMA/consolidated/,2026-09-01T23:39:41.636880+00:00
BRAHMINFRA.NS,459831,consolidated,2026-03-31,10.2842,9.65,11.1947,10.7,11.8724,11.0,27.0,125.0,28.0,77.0,56.0,17.0,77.35647298849307,,60.58746572141991,0.3681159420289855,18.9,23.0,https://www.screener.in/company/BRAHMINFRA/consolidated/,2026-09-01T23:39:41.636880+00:00
BRIGADE.NS,549,consolidated,2026-03-31,46.8392,39.9,57.1625,51.3,40.2155,26.35,18.0,89.0,18.0,35.0,18.0,22.0,27.784738066459116,,13.705104428230186,0.9300689048526608,10.5,26.0,https://www.screener.in/company/BRIGADE/consolidated/,2026-09-01T23:39:41.636880+00:00
BRIGHOTEL.NS,1285560,consolidated,2026-03-31,71.1509,45.0,71.1509,45.0,71.1509,45.0,14.0,,,73.0,,,,,,0.3225469728601252,11.2,33.0,https://www.screener.in/company/BRIGHOTEL/consolidated/,2026-09-01T23:39:41.636880+00:00
BRIGHTBR.NS,550,consolidated,2026-03-31,25.8138,22.55,25.8138,22.55,25.8138,22.55,22.0,,,49.0,9.0,16.0,,,,0.8765432098765432,7.53,7.0,https://www.screener.in/company/BRIGHTBR/consolidated/,2026-09-01T23:39:41.636880+00:00
BRITANNIA.NS,553,consolidated,2026-03-31,57.5532,57.1,57.5309,56.95,56.8695,56.85,6.0,6.0,12.0,8.0,5.0,12.0,2.9517489263050534,6.331242377915425,11.837641834520207,0.2702702702702703,53.5,18.0,https://www.screener.in/company/BRITANNIA/consolidated/,2026-09-01T23:39:41.636880+00:00
BRNL.NS,1274136,consolidated,2026-03-31,2.4441,1.3,2.4441,1.3,19.6725,24.8,-22.0,12.0,5.0,23.0,-11.0,,,,,1.0769230769230769,-8.08,-81.0,https://www.screener.in/company/BRNL/consolidated/,2026-09-01T23:39:41.636880+00:00
BSE.NS,1273635,consolidated,2026-03-31,72.5532,68.9,59.0553,59.75,38.9814,31.5,77.0,69.0,32.0,126.0,90.0,,124.2321246027227,76.44203566570886,46.11722776398815,0.0,46.0,64.0,https://www.screener.in/company/BSE/consolidated/,2026-09-01T23:39:41.636880+00:00
BSOFT.NS,1826,consolidated,2026-03-31,27.1051,24.6,26.313,24.7,19.2761,19.4,3.0,11.0,6.0,18.0,-7.0,14.0,15.433589884120158,9.901118144562894,2.6938490212558674,0.0342815463165572,14.1,17.0,https://www.screener.in/company/BSOFT/consolidated/,2026-09-01T23:39:41.636880+00:00
BTML.NS,1274802,consolidated,2026-03-31,48.7128,35.7,43.4615,27.8,37.2361,23.0,39.0,21.0,,25.0,47.0,,24.81453978697512,20.11244339814311,,0.4337349397590361,11.0,12.0,https://www.screener.in/company/BTML/consolidated/,2026-09-01T23:39:41.636880+00:00
BUILDPRO.NS,1285862,consolidated,2026-03-31,10.9184,18.4,10.9184,18.4,10.9184,18.4,19.0,,,27.0,,,,,,0.1119266055045871,25.9,3.3,https://www.screener.in/company/BUILDPRO/consolidated/,2026-09-01T23:39:41.636880+00:00
BURNPUR.NS,560,consolidated,2015-03-31,52.3253,48.2,42.735,40.7,39.9783,35.7,21.0,,,5.0,43.0,2.0,-6.266887573435875,-15.759134699787136,,1.529537556802994,1.08,8.41,https://www.screener.in/company/BURNPUR/consolidated/,2026-09-01T23:39:41.636880+00:00
BVCL.NS,401,consolidated,2026-03-31,22.0856,19.45,19.5275,14.7,20.2164,16.1,5.0,-34.0,7.0,-62.0,13.0,7.0,-61.95095304572949,-34.27546874626536,,0.232,0.23,6.0,https://www.screener.in/company/BVCL/consolidated/,2026-09-01T23:39:41.636880+00:00
CALSOFT.NS,570,consolidated,2026-03-31,94.0202,108.1,70.8851,52.0,100.1944,64.9,92.0,124.0,9.0,264.0,29.0,24.0,382.7446923028148,172.40699274266612,,0.048780487804878,32.5,82.0,https://www.screener.in/company/CALSOFT/consolidated/,2026-09-01T23:39:41.636880+00:00
CAMLINFINE.NS,575,consolidated,2026-03-31,96.3302,82.75,68.7162,50.3,58.6386,47.5,1.0,-6.0,-1.0,-14.0,-9.0,2.0,-21.35153327458136,-16.558423883586048,-7.958252573411439,0.69164265129683,3.75,4.6,https://www.screener.in/company/CAMLINFINE/consolidated/,2026-09-01T23:39:41.636880+00:00
CAMPUS.NS,1275219,consolidated,2022-03-31,74.4918,75.0,87.1484,78.0,87.1484,78.0,26.0,149.0,,42.0,,,-90.32957059912988,,,0.6768149882903981,29.5,20.0,https://www.screener.in/company/CAMPUS/consolidated/,2026-09-01T23:39:41.636880+00:00
CAMS.NS,1274786,consolidated,2026-03-31,44.3462,42.15,44.5263,41.8,46.3816,42.95,16.0,21.0,,17.0,0.0,,18.15426859227176,17.950842300963888,,0.048448145344436,36.3,46.0,https://www.screener.in/company/CAMS/consolidated/,2026-09-01T23:39:41.636880+00:00
CANBK.NS,579,consolidated,2026-03-31,6.0766,6.0,6.0805,6.0,9.2023,6.6,14.0,44.0,24.0,18.0,31.0,9.0,16.653600616827568,41.19906534129774,,,16.1,,https://www.screener.in/company/CANBK/consolidated/,2026-09-01T23:39:41.636880+00:00
CAPACITE.NS,1274144,consolidated,2026-03-31,15.8456,15.15,15.7439,15.25,16.5418,16.1,13.0,162.0,15.0,24.0,7.0,,17.265368211152456,150.3973436308997,-12.37509174357344,0.253012048192771,10.4,16.0,https://www.screener.in/company/CAPACITE/consolidated/,2026-09-01T23:39:41.636880+00:00
CAPILLARY.NS,1285767,consolidated,2026-03-31,667.7793,681.8,667.7793,681.8,667.7793,681.8,32.0,25.0,,31.0,,,,,,0.052734375,2.95,14.0,https://www.screener.in/company/CAPILLARY/consolidated/,2026-09-01T23:39:41.636880+00:00
CAPLIPOINT.NS,582,consolidated,2026-03-31,26.4829,26.45,23.371,23.05,24.145,21.65,14.0,22.0,30.0,20.0,30.0,27.0,19.391264166532785,21.371278429436515,31.562971557401557,0.0013943112102621,20.6,35.0,https://www.screener.in/company/CAPLIPOINT/consolidated/,2026-09-01T23:39:41.636880+00:00
CARBORUNIV.NS,586,consolidated,2026-03-31,63.4595,62.35,57.6302,55.55,43.5648,39.4,4.0,-3.0,6.0,-14.0,6.0,15.0,-22.316020066935348,-7.387005357170128,2.9387632303932154,0.1058974358974359,6.92,11.0,https://www.screener.in/company/CARBORUNIV/consolidated/,2026-09-01T23:39:41.636880+00:00
CARERATING.NS,244883,consolidated,2026-03-31,32.0937,31.55,27.7397,28.9,25.236,24.85,19.0,14.0,4.0,27.0,19.0,3.0,26.53489266850848,13.39217975287279,3.42523765766507,0.0278969957081545,19.7,42.0,https://www.screener.in/company/CARERATING/consolidated/,2026-09-01T23:39:41.636880+00:00
CARRARO.NS,1285206,consolidated,2026-03-31,29.5364,28.6,29.5364,28.6,29.5364,28.6,10.0,,,42.0,,,39.17902832165241,,,0.2743362831858407,26.7,9.0,https://www.screener.in/company/CARRARO/consolidated/,2026-09-01T23:39:41.636880+00:00
CARTRADE.NS,1274909,consolidated,2026-03-31,60.8032,60.35,51.4934,58.1,51.0634,58.0,29.0,20.0,13.0,89.0,15.0,,85.81793145982131,-28.99443418786044,,0.0563607085346215,9.69,34.0,https://www.screener.in/company/CARTRADE/consolidated/,2026-09-01T23:39:41.636880+00:00
CARYSIL.NS,52,consolidated,2026-03-31,35.5608,34.8,33.3424,33.75,28.4423,29.65,16.0,20.0,25.0,24.0,12.0,25.0,20.80531252129953,18.69888310032286,23.41810365976009,0.4646962233169129,17.4,19.0,https://www.screener.in/company/CARYSIL/consolidated/,2026-09-01T23:39:41.636880+00:00
CCAVENUE.NS,1273310,consolidated,2026-03-31,35.812,30.95,41.3153,39.45,70.9676,44.7,61.0,31.0,41.0,30.0,-4.0,-2.0,23.95961884821869,29.45936165164078,34.928284767356345,0.0906026127265065,6.64,4.0,https://www.screener.in/company/CCAVENUE/consolidated/,2026-09-01T23:39:41.636880+00:00
CCHHL.NS,723,consolidated,2026-03-31,48.586,27.0,44.8157,26.5,35.9983,26.5,7.0,17.0,-12.0,-14.0,14.0,0.0,,,,0.0802675585284281,2.58,-25.0,https://www.screener.in/company/CCHHL/consolidated/,2026-09-01T23:39:41.636880+00:00
CCL.NS,593,consolidated,2026-03-31,35.8797,34.65,33.2298,31.4,28.6552,29.05,29.0,16.0,12.0,11.0,22.0,15.0,10.83639306188484,16.237133914187176,12.217408495208026,0.5646055437100214,18.0,17.0,https://www.screener.in/company/CCL/consolidated/,2026-09-01T23:39:41.636880+00:00
CDSL.NS,1274088,consolidated,2026-03-31,58.831,59.9,53.824,55.9,43.6653,42.7,27.0,18.0,21.0,18.0,18.0,,18.23887030800737,17.8710705062749,17.49964349782236,0.0010204081632653,24.5,50.0,https://www.screener.in/company/CDSL/consolidated/,2026-09-01T23:39:41.636880+00:00
CEATLTD.NS,596,consolidated,2026-03-31,22.0215,21.5,30.1952,22.6,23.5204,18.1,11.0,10.0,5.0,54.0,21.0,14.0,55.3571238888332,10.069157785958115,4.781190920728728,0.6484344034879113,16.1,12.0,https://www.screener.in/company/CEATLTD/consolidated/,2026-09-01T23:39:41.636880+00:00
CEIGALL.NS,1284882,consolidated,2026-03-31,17.245,17.1,17.245,17.1,17.245,17.1,25.0,23.0,,24.0,,,-5.617287070487508,-56.47171188742783,,0.6131898971000935,15.7,15.0,https://www.screener.in/company/CEIGALL/consolidated/,2026-09-01T23:39:41.636880+00:00
CEINSYS.NS,1085308,consolidated,2026-03-31,27.893,20.95,24.287,19.55,24.7757,21.0,44.0,133.0,40.0,63.0,35.0,28.0,47.09702793811466,104.30761178823656,30.290794757485795,0.0846953937592867,24.8,23.0,https://www.screener.in/company/CEINSYS/consolidated/,2026-09-01T23:39:41.636880+00:00
CELLO.NS,1284546,consolidated,2026-03-31,43.8054,40.45,43.8054,40.45,43.8054,40.45,9.0,17.0,,8.0,,,3.216551952786606,-84.17419609266368,,0.0140688633839318,13.2,20.0,https://www.screener.in/company/CELLO/consolidated/,2026-09-01T23:39:41.636880+00:00
CEMPRO.NS,1553,consolidated,2026-03-31,30.9266,28.75,26.3519,26.1,30.0686,26.55,25.0,112.0,27.0,68.0,75.0,24.0,68.82575884614863,106.79180322555436,39.46153518136701,0.41725719049604,27.8,10.0,https://www.screener.in/company/CEMPRO/consolidated/,2026-09-01T23:39:41.636880+00:00
CENTENKA.NS,610,consolidated,2026-03-31,19.1367,17.35,18.4376,16.9,18.4376,16.9,-6.0,,,2.0,4.0,8.0,3.737014332792588,,,0.0147058823529411,6.14,11.0,https://www.screener.in/company/CENTENKA/consolidated/,2026-09-01T23:39:41.636880+00:00
CENTRALBK.NS,604,consolidated,2026-03-31,12.819,10.7,12.9168,12.4,12.9168,12.4,12.0,46.0,18.0,39.0,8.0,-12.0,37.34227335765961,,,,11.9,,https://www.screener.in/company/CENTRALBK/consolidated/,2026-09-01T23:39:41.636880+00:00
CENTRUM.NS,607,consolidated,2026-03-31,77.1321,78.3,73.9326,72.1,73.9326,72.1,45.0,,,-31.0,-9.0,-2.0,,,,51.46794871794872,-84.6,26.0,https://www.screener.in/company/CENTRUM/consolidated/,2026-09-01T23:39:41.636880+00:00
CENTUM.NS,608,consolidated,2026-03-31,95.475,79.15,142.7513,94.25,85.0806,53.1,1.0,,,,48.0,22.0,,,,0.358600583090379,-12.5,12.0,https://www.screener.in/company/CENTUM/consolidated/,2026-09-01T23:39:41.636880+00:00
CENTURYPLY.NS,612,consolidated,2026-03-31,63.8627,67.35,54.0,47.7,42.7324,38.25,14.0,6.0,5.0,-12.0,14.0,13.0,-11.839077540329946,6.517764222225453,4.515424403136237,0.6762452107279694,10.8,12.0,https://www.screener.in/company/CENTURYPLY/consolidated/,2026-09-01T23:39:41.636880+00:00
CERA.NS,614,consolidated,2025-03-31,36.9791,35.15,39.0641,38.65,38.6778,37.8,10.0,17.0,,17.0,6.0,9.0,18.045838153963988,17.02347719036603,,0.0495195861049519,18.2,15.0,https://www.screener.in/company/CERA/consolidated/,2026-09-01T23:39:41.636880+00:00
CESC.NS,616,consolidated,2026-03-31,14.3696,14.6,11.7042,12.4,11.1542,10.1,9.0,2.0,8.0,4.0,12.0,11.0,4.710465378910023,2.983868189231087,9.936097733254057,1.7295291300877893,12.0,18.0,https://www.screener.in/company/CESC/consolidated/,2026-09-01T23:39:41.636880+00:00
CEWATER.NS,1285203,consolidated,2026-03-31,19.8624,19.4,19.8624,19.4,19.8624,19.4,18.0,3.0,,61.0,,,46.77952441984088,-72.69225274464124,,0.2924693520140105,4.13,2.5,https://www.screener.in/company/CEWATER/consolidated/,2026-09-01T23:39:41.636880+00:00
CFEL.NS,1273439,consolidated,2026-03-31,23.4759,26.1,36.6253,28.5,36.6253,28.5,9.0,263.0,,-1.0,8.0,,-0.652760117036022,163.07168652587086,,1.0,3.8,11.0,https://www.screener.in/company/CFEL/consolidated/,2026-09-01T23:39:41.636880+00:00
CGCL.NS,2116,consolidated,2026-03-31,43.7677,35.9,53.087,60.45,41.6065,34.1,48.0,40.0,36.0,67.0,16.0,39.0,58.41941724219868,35.608743197192005,33.955362675377444,,16.5,,https://www.screener.in/company/CGCL/consolidated/,2026-09-01T23:39:41.636880+00:00
CGPOWER.NS,739,consolidated,2026-03-31,102.2595,103.65,82.3653,81.5,79.9361,80.45,21.0,70.0,37.0,10.0,57.0,27.0,6.732350417634181,-4.573129284315291,,0.0148055207026348,20.5,13.0,https://www.screener.in/company/CGPOWER/consolidated/,2026-09-01T23:39:41.636880+00:00
CGVAK.NS,618,consolidated,2026-03-31,15.869,17.2,16.2462,16.6,13.932,14.4,-1.0,10.0,24.0,-2.0,0.0,17.0,-7.25688792483663,6.421142144449865,21.74280524266099,0.0296080572746025,14.4,19.79,https://www.screener.in/company/CGVAK/consolidated/,2026-09-01T23:39:41.636880+00:00
CHALET.NS,1274626,consolidated,2026-03-31,99.512,68.95,107.7552,71.8,112.711,73.2,35.0,47.0,23.0,60.0,38.0,,48.80987135318853,,,0.6403461330448891,19.2,45.0,https://www.screener.in/company/CHALET/consolidated/,2026-09-01T23:39:41.636880+00:00
CHAMBLFERT.NS,620,consolidated,2026-03-31,12.2513,12.3,11.4073,11.0,11.6726,11.2,-9.0,6.0,22.0,24.0,5.0,20.0,25.19272751169204,4.165394804085998,24.82366145095052,0.1026133743274404,20.0,14.0,https://www.screener.in/company/CHAMBLFERT/consolidated/,2026-09-01T23:39:41.636880+00:00
CHEMBOND.NS,630,consolidated,2026-03-31,17.9682,15.6,17.0153,15.5,16.2016,15.2,-17.0,-7.0,-7.0,-16.0,0.0,0.0,-19.9159985382659,-8.718943064924467,-21.94938787124403,0.0239520958083832,8.84,7.0,https://www.screener.in/company/CHEMBOND/consolidated/,2026-09-01T23:39:41.636880+00:00
CHEMCRUX.NS,1273682,consolidated,2026-03-31,43.3658,35.85,41.438,35.7,41.438,35.7,-5.0,,,-45.0,-10.0,,-36.19183301509309,,,0.447234873129473,3.01,14.17,https://www.screener.in/company/CHEMCRUX/consolidated/,2026-09-01T23:39:41.636880+00:00
CHEMFAB.NS,1274330,consolidated,2026-03-31,113.309,32.8,85.2038,17.2,74.6191,13.9,-2.0,-3.0,,,19.0,,,,,0.336,-2.49,9.0,https://www.screener.in/company/CHEMFAB/consolidated/,2026-09-01T23:39:41.636880+00:00
CHEMPLASTS.NS,634,consolidated,2026-03-31,71.386,16.9,71.386,16.9,71.386,16.9,-5.0,,,,-22.0,,,,,1.112250712250712,-6.8,1.6,https://www.screener.in/company/CHEMPLASTS/consolidated/,2026-09-01T23:39:41.636880+00:00
CHENNPETRO.NS,636,consolidated,2026-03-31,8.1244,5.4,5.7285,4.35,5.7866,5.2,-6.0,64.0,15.0,-5.0,66.0,17.0,-4.223792581164632,64.53341888496962,15.08145986881415,0.1767935907822486,31.8,8.0,https://www.screener.in/company/CHENNPETRO/consolidated/,2026-09-01T23:39:41.636880+00:00
CHOICEIN.NS,644,consolidated,2026-03-31,69.3013,69.1,58.8878,58.9,40.6341,32.15,42.0,67.0,48.0,54.0,90.0,53.0,47.89808142810295,52.8768552150815,27.50863930617189,0.5430622009569378,16.1,35.0,https://www.screener.in/company/CHOICEIN/consolidated/,2026-09-01T23:39:41.636880+00:00
CHOLAFIN.NS,648,consolidated,2026-03-31,30.1816,30.1,29.6977,29.8,26.0295,26.05,34.0,28.0,25.0,25.0,26.0,24.0,23.730099533417672,27.051277631323316,23.633489818702596,,19.4,,https://www.screener.in/company/CHOLAFIN/consolidated/,2026-09-01T23:39:41.636880+00:00
CHOLAHLDNG.NS,3489,consolidated,2026-03-31,14.3703,14.3,13.7714,13.6,14.8394,14.7,29.0,24.0,15.0,24.0,17.0,14.0,23.68554201792432,24.23475589865025,8.890968175872116,,17.5,,https://www.screener.in/company/CHOLAHLDNG/consolidated/,2026-09-01T23:39:41.636880+00:00
CIEINDIA.NS,1975,consolidated,2026-06-30,21.8342,21.4,21.4073,21.2,29.6557,22.5,2.0,54.0,21.0,127.0,12.0,8.0,,50.68481288759956,,0.0662533901588531,11.8,15.0,https://www.screener.in/company/CIEINDIA/consolidated/,2026-09-01T23:39:41.636880+00:00
CIFL.NS,473,consolidated,2026-03-31,194.548,163.8,85.9969,61.4,80.5605,56.8,-7.0,,,-14.0,-3.0,24.0,,32.47442178663312,,,-8.63,,https://www.screener.in/company/CIFL/consolidated/,2026-09-01T23:39:41.636880+00:00
CINELINE.NS,658,consolidated,2025-03-31,35.3435,35.6,35.3435,35.6,20.2801,11.75,67.0,2.0,,31.0,-4.0,4.0,,,,0.7412587412587412,5.66,19.0,https://www.screener.in/company/CINELINE/consolidated/,2026-09-01T23:39:41.636880+00:00
CINEVISTA.NS,660,consolidated,2026-03-31,14.4167,14.45,14.4167,14.45,531.7702,602.5,211.0,32.0,65.0,30.0,3.0,6.0,,,59.415515004501465,0.2712822324267043,11.4,41.71,https://www.screener.in/company/CINEVISTA/consolidated/,2026-09-01T23:39:41.636880+00:00
CIPLA.NS,661,consolidated,2026-03-31,26.2968,26.6,27.7798,28.15,31.5858,29.7,7.0,10.0,11.0,10.0,9.0,9.0,11.426677418906303,9.997522441469364,10.988126314712732,0.0178322490706319,11.6,19.0,https://www.screener.in/company/CIPLA/consolidated/,2026-09-01T23:39:41.636880+00:00
CLEAN.NS,1274890,consolidated,2026-03-31,49.8082,52.0,61.5038,56.65,62.0362,57.1,1.0,3.0,,-8.0,-13.0,,-8.0311318245061,2.9569287741129324,,0.0012626262626262,15.3,36.0,https://www.screener.in/company/CLEAN/consolidated/,2026-09-01T23:39:41.636880+00:00
CLEANMAX.NS,1285900,consolidated,2026-03-31,113.7137,93.1,113.7137,93.1,113.7137,93.1,27.0,19.0,,-8.0,,,,-52.547650765169074,,2.734209959042897,1.76,55.0,https://www.screener.in/company/CLEANMAX/consolidated/,2026-09-01T23:39:41.636880+00:00
CMLL.NS,1286049,consolidated,2026-03-31,17.6143,17.4,17.6143,17.4,17.6143,17.4,25.0,55.0,,27.0,,,23.225292933607623,-13.80227352274187,,1.728395061728395,34.8,26.0,https://www.screener.in/company/CMLL/consolidated/,2026-09-01T23:39:41.636880+00:00
CMPDI.NS,1285929,consolidated,2025-03-31,0.1,0.1,0.1,0.1,0.1,0.1,,,,,,,,,,0.0004897159647404,32.7,40.0,https://www.screener.in/company/CMPDI/consolidated/,2026-09-01T23:39:41.636880+00:00
CMRGREEN.NS,1285999,consolidated,2026-03-31,26.261,23.2,26.261,23.2,26.261,23.2,14.0,21.0,,27.0,,,27.138352248788223,-55.40755543500002,,0.9308093994778068,14.6,5.0,https://www.screener.in/company/CMRGREEN/consolidated/,2026-09-01T23:39:41.636880+00:00
CMSINFO.NS,1275144,consolidated,2026-03-31,18.9354,18.45,18.9441,18.5,18.9441,18.5,9.0,12.0,,0.0,,,-1.4405660758754046,10.103296564899944,,0.0,12.7,24.0,https://www.screener.in/company/CMSINFO/consolidated/,2026-09-01T23:39:41.636880+00:00
CNL.NS,1274053,consolidated,2026-03-31,21.5791,20.6,24.8836,23.35,22.6019,21.6,25.0,49.0,,42.0,40.0,,33.85038024127307,41.575388215155165,,0.8901098901098901,21.4,3.7,https://www.screener.in/company/CNL/consolidated/,2026-09-01T23:39:41.636880+00:00
COALINDIA.NS,681,consolidated,2026-03-31,7.5506,7.5,6.9866,7.1,9.7084,7.3,7.0,20.0,8.0,-1.0,22.0,2.0,-0.7034230503329852,19.611751771707414,8.368509849756766,0.1181508287014491,28.2,26.0,https://www.screener.in/company/COALINDIA/consolidated/,2026-09-01T23:39:41.636880+00:00
COASTCORP.NS,532263,consolidated,2026-03-31,109.7873,75.35,73.123,51.5,40.5039,17.45,40.0,8.0,15.0,59.0,-4.0,,59.00689579156173,6.100705626786751,13.12081053684764,1.6996466431095407,9.77,6.0,https://www.screener.in/company/COASTCORP/consolidated/,2026-09-01T23:39:41.636880+00:00
COCHINSHIP.NS,1274120,consolidated,2026-03-31,53.8158,53.15,37.3916,44.05,26.9358,13.1,29.0,4.0,,40.0,52.0,,32.99424487915958,3.3252093984389663,,0.2846926613315171,12.5,15.0,https://www.screener.in/company/COCHINSHIP/consolidated/,2026-09-01T23:39:41.636880+00:00
COFORGE.NS,2262,consolidated,2026-03-31,50.493,51.6,46.9248,45.65,34.831,32.0,27.0,29.0,20.0,33.0,14.0,38.0,26.80936399869789,25.234184704693675,18.029389199680423,0.0763342770263185,21.4,19.0,https://www.screener.in/company/COFORGE/consolidated/,2026-09-01T23:39:41.636880+00:00
COHANCE.NS,1274739,consolidated,2026-03-31,64.3158,50.75,50.7866,36.85,47.8735,35.45,19.0,-12.0,,-23.0,-3.0,,-33.839085603938955,-19.94136325093607,,0.1022756328304781,4.89,15.0,https://www.screener.in/company/COHANCE/consolidated/,2026-09-01T23:39:41.636880+00:00
COMFINTE.NS,688,consolidated,2026-03-31,21.0949,20.2,17.2885,17.7,15.7546,16.0,1.0,,,,25.0,20.0,,,,0.1098265895953757,-1.8,7.0,https://www.screener.in/company/COMFINTE/consolidated/,2026-09-01T23:39:41.636880+00:00
COMPEAU.NS,692,consolidated,2026-03-31,11.9235,11.8,11.9235,11.8,11.9235,11.8,,,,,11.0,7.0,,,,1.093264248704663,5.99,3.5,https://www.screener.in/company/COMPEAU/consolidated/,2026-09-01T23:39:41.636880+00:00
COMPUSOFT.NS,694,consolidated,2026-03-31,97.6739,110.9,68.3904,38.8,54.1306,36.7,-15.0,,,,0.0,2.0,-17.017346663375655,7.565375693257015,-9.436525369963778,0.341751670770313,-1.84,4.4,https://www.screener.in/company/COMPUSOFT/consolidated/,2026-09-01T23:39:41.636880+00:00
COMSYN.NS,1273430,consolidated,2026-03-31,31.9614,32.85,28.345,28.8,25.8174,26.5,10.0,17.0,,48.0,44.0,34.0,47.78558512592692,14.109956279487768,,0.7288135593220338,16.1,13.0,https://www.screener.in/company/COMSYN/consolidated/,2026-09-01T23:39:41.636880+00:00
CONCOR.NS,702,consolidated,2026-03-31,36.9158,35.15,39.0927,37.5,36.0605,33.75,4.0,17.0,3.0,2.0,-2.0,4.0,1.8892397841019597,19.71120853215671,2.5431926851955167,0.0745576759638414,9.81,22.0,https://www.screener.in/company/CONCOR/consolidated/,2026-09-01T23:39:41.636880+00:00
CONCORDBIO.NS,1284439,consolidated,2026-03-31,51.6772,51.8,51.5588,51.75,51.5588,51.75,7.0,1.0,,0.0,,,2.8106061711141272,-36.80462308721144,,0.000991571641051,12.5,35.0,https://www.screener.in/company/CONCORDBIO/consolidated/,2026-09-01T23:39:41.636880+00:00
CONFIPET.NS,697,consolidated,2026-03-31,23.3114,23.95,23.1798,23.6,31.7496,24.5,29.0,13.0,56.0,5.0,2.0,27.0,-0.5882489041783456,9.982036375468772,52.93602706452201,0.5366713681241185,6.76,7.0,https://www.screener.in/company/CONFIPET/consolidated/,2026-09-01T23:39:41.636880+00:00
CONTROLPR.NS,706,consolidated,2026-03-31,20.1057,22.8,19.0737,19.0,19.2205,17.3,17.0,6.0,5.0,-8.0,12.0,8.0,-5.556418912414918,8.91055738305273,5.028448845742273,0.0154525386313465,9.52,18.0,https://www.screener.in/company/CONTROLPR/consolidated/,2026-09-01T23:39:41.636880+00:00
CORDELIA.NS,1286025,consolidated,2026-03-31,107.8467,103.8,107.8467,103.8,107.8467,103.8,,,,,,,,,,1.475,92.3,20.0,https://www.screener.in/company/CORDELIA/consolidated/,2026-09-01T23:39:41.636880+00:00
COROMANDEL.NS,715,consolidated,2026-03-31,29.338,31.3,23.9782,18.65,21.5862,18.6,2.0,8.0,19.0,-1.0,19.0,22.0,-1.0579940422596024,7.918565824706714,18.378667331784392,0.1199235547061634,16.4,10.0,https://www.screener.in/company/COROMANDEL/consolidated/,2026-09-01T23:39:41.636880+00:00
CORONA.NS,1285808,consolidated,2026-03-31,56.3723,56.0,56.3723,56.0,56.3723,56.0,17.0,,,33.0,,,29.649264812149333,,,0.2208835341365461,29.5,21.0,https://www.screener.in/company/CORONA/consolidated/,2026-09-01T23:39:41.636880+00:00
COSMOFIRST.NS,721,consolidated,2026-03-31,17.7032,14.95,13.5336,12.2,10.3437,8.15,6.0,-7.0,5.0,-13.0,1.0,14.0,-13.85546102158961,-7.295119091443258,6.070482510348718,1.0396039603960396,10.4,11.0,https://www.screener.in/company/COSMOFIRST/consolidated/,2026-09-01T23:39:41.636880+00:00
CPCAP.NS,587,consolidated,2026-03-31,8.6797,8.6,8.6327,7.9,6.927,5.9,-4.0,118.0,13.0,55.0,3.0,6.0,52.715632758076495,211.3330125859872,11.34402273022792,,7.61,,https://www.screener.in/company/CPCAP/consolidated/,2026-09-01T23:39:41.636880+00:00
CPEDU.NS,1285649,consolidated,2026-03-31,5.657,2.5,5.657,2.5,5.657,2.5,,,,,,,,,,0.0133333333333333,34.6,51.0,https://www.screener.in/company/CPEDU/consolidated/,2026-09-01T23:39:41.636880+00:00
CPL.NS,631057,consolidated,2026-03-31,20.1367,19.9,22.5225,21.4,22.9494,22.2,23.0,25.0,22.0,66.0,18.0,9.0,56.73052072406701,20.746317361523857,19.938350356856937,0.4659685863874345,16.3,11.0,https://www.screener.in/company/CPL/consolidated/,2026-09-01T23:39:41.636880+00:00
CPPLUS.NS,1285570,consolidated,2026-03-31,98.9602,95.6,98.9602,95.6,98.9602,95.6,23.0,66.0,,48.0,,,-61.04177353892457,-23.25187147272708,,0.136387852956846,25.4,15.0,https://www.screener.in/company/CPPLUS/consolidated/,2026-09-01T23:39:41.636880+00:00
CRAFTSMAN.NS,1274849,consolidated,2026-03-31,49.2285,48.7,42.3981,37.7,43.1947,38.7,36.0,32.0,,16.0,42.0,,11.041706810787932,28.42249364870364,,1.109987745098039,12.5,16.0,https://www.screener.in/company/CRAFTSMAN/consolidated/,2026-09-01T23:39:41.636880+00:00
CRAVATEX.NS,730,consolidated,2026-03-31,21.603,22.7,21.603,22.7,19.7235,17.9,-33.0,17.0,11.0,29.0,-1.0,5.0,-51.31782888045826,,,0.0,5.95,-2.2,https://www.screener.in/company/CRAVATEX/consolidated/,2026-09-01T23:39:41.636880+00:00
CREDITACC.NS,1274399,consolidated,2026-03-31,40.1804,20.65,42.5027,24.2,42.3462,28.5,20.0,42.0,,-2.0,15.0,,-2.808081726837852,41.32510737856381,,,10.5,,https://www.screener.in/company/CREDITACC/consolidated/,2026-09-01T23:39:41.636880+00:00
CREST.NS,2966,consolidated,2026-03-31,17.4627,17.25,17.2687,16.7,13.9026,11.05,-37.0,73.0,2.0,-51.0,25.0,20.0,-50.910047641693936,73.39960601094646,1.4522064163885684,,3.75,,https://www.screener.in/company/CREST/consolidated/,2026-09-01T23:39:41.636880+00:00
CRISIL.NS,737,consolidated,2026-06-30,48.7158,48.9,48.345,48.3,43.9736,45.3,10.0,14.0,10.0,7.0,11.0,8.0,10.68408550413913,16.472216023276687,10.094594519415631,0.1024151635585447,24.5,30.0,https://www.screener.in/company/CRISIL/consolidated/,2026-09-01T23:39:41.636880+00:00
CRIZAC.NS,1285526,consolidated,2026-03-31,24.4656,21.6,24.4656,21.6,24.4656,21.6,30.0,60.0,,25.0,,,-51.84940216689009,-73.91470359189458,,0.0034188034188034,40.3,28.0,https://www.screener.in/company/CRIZAC/consolidated/,2026-09-01T23:39:41.636880+00:00
CROMPTON.NS,1273354,consolidated,2026-03-31,43.5816,41.55,41.8118,40.25,40.7426,39.7,6.0,-11.0,,-10.0,-13.0,3.0,,,,0.0670711156049882,10.6,10.0,https://www.screener.in/company/CROMPTON/consolidated/,2026-09-01T23:39:41.636880+00:00
CSM.NS,1286023,consolidated,2026-03-31,12.2795,14.95,12.2795,14.95,12.2795,14.95,12.0,,,18.0,,,-37.61166435218107,,,0.6990291262135923,28.5,20.0,https://www.screener.in/company/CSM/consolidated/,2026-09-01T23:39:41.636880+00:00
CUMMINSIND.NS,744,consolidated,2026-03-31,50.5797,51.4,45.5153,42.0,37.301,35.4,16.0,31.0,13.0,26.0,38.0,19.0,24.350045422572357,30.041778702712385,12.593476860821353,0.0043657817109144,30.2,20.0,https://www.screener.in/company/CUMMINSIND/consolidated/,2026-09-01T23:39:41.636880+00:00
CUPID.NS,745,consolidated,2026-03-31,107.8949,72.3,71.4775,42.4,70.7875,41.5,,30.0,,,157.0,60.0,53.77619196572583,,,0.1244444444444444,27.6,35.0,https://www.screener.in/company/CUPID/consolidated/,2026-09-01T23:39:41.636880+00:00
CYBERMEDIA.NS,749,consolidated,2026-03-31,21.4918,16.25,24.2626,17.0,34.8686,18.85,10.0,85.0,8.0,5.0,15.0,8.0,-23.616654426020823,,,,,4.5,https://www.screener.in/company/CYBERMEDIA/consolidated/,2026-09-01T23:39:41.636880+00:00
CYIENT.NS,1490,consolidated,2026-03-31,25.7658,24.3,24.287,23.4,20.1508,19.6,7.0,5.0,4.0,-5.0,3.0,9.0,-6.10453778006419,3.0989242655696803,2.8981340088129803,0.075853572685674,8.61,12.0,https://www.screener.in/company/CYIENT/consolidated/,2026-09-01T23:39:41.636880+00:00
CYIENTDLM.NS,1284402,consolidated,2026-03-31,70.6968,65.8,71.3248,69.7,71.3248,69.7,15.0,,,32.0,,,15.43836052714902,,,0.1699604743083003,7.49,10.0,https://www.screener.in/company/CYIENTDLM/consolidated/,2026-09-01T23:39:41.636880+00:00
DABUR.NS,757,consolidated,2026-03-31,50.4772,51.0,52.4531,53.25,51.1784,51.95,5.0,2.0,4.0,4.0,-10.0,3.0,3.474040100316333,2.197706302936031,4.152611828627761,0.1127068920220684,17.0,19.0,https://www.screener.in/company/DABUR/consolidated/,2026-09-01T23:39:41.636880+00:00
DAICHI.NS,759,consolidated,2026-03-31,83.6475,53.45,77.8714,68.8,46.2539,20.5,-4.0,15.0,,,-4.0,-5.0,,,,0.0706521739130434,-0.34,4.5,https://www.screener.in/company/DAICHI/consolidated/,2026-09-01T23:39:41.636880+00:00
DALBHARAT.NS,1274605,consolidated,2026-03-31,39.0994,37.8,38.766,36.7,35.7283,35.3,3.0,-2.0,,-1.0,-4.0,,3.2274449564805074,-0.5983612125552984,,0.4119250236386896,6.11,20.0,https://www.screener.in/company/DALBHARAT/consolidated/,2026-09-01T23:39:41.636880+00:00
DALMIASUG.NS,763,consolidated,2026-03-31,11.9316,11.7,11.4649,11.2,10.1469,10.1,4.0,-3.0,17.0,-2.0,2.0,16.0,-1.811994353865598,-2.623631259908388,15.02009247280547,0.5561381863047502,7.3,11.0,https://www.screener.in/company/DALMIASUG/consolidated/,2026-09-01T23:39:41.636880+00:00
DAMCAPITAL.NS,1285200,consolidated,2026-03-31,14.7754,14.7,14.7754,14.7,14.7754,14.7,41.0,,,103.0,,,,,,0.0090361445783132,24.4,51.0,https://www.screener.in/company/DAMCAPITAL/consolidated/,2026-09-01T23:39:41.636880+00:00
DANGEE.NS,1274407,consolidated,2017-03-31,6.0316,5.0,10.2901,9.1,10.1093,9.2,,,,,-27.0,,,,,,,23.48,https://www.screener.in/company/DANGEE/consolidated/,2026-09-01T23:39:41.636880+00:00
DATAMATICS.NS,766,consolidated,2026-03-31,20.5215,19.85,17.6504,18.05,13.3557,11.65,11.0,24.0,18.0,8.0,20.0,25.0,0.8354347487306457,19.41914363682049,15.767164630860163,0.1431347150259067,16.0,20.0,https://www.screener.in/company/DATAMATICS/consolidated/,2026-09-01T23:39:41.636880+00:00
DBCORP.NS,770,consolidated,2026-03-31,13.4867,13.0,12.5855,12.15,13.1314,12.75,3.0,20.0,1.0,25.0,17.0,-7.0,25.168894501417466,18.184439218047157,1.5971611713169187,0.107863318237958,14.3,21.0,https://www.screener.in/company/DBCORP/consolidated/,2026-09-01T23:39:41.636880+00:00
DBL.NS,1273459,consolidated,2026-03-31,37.7493,17.1,37.7172,19.7,26.9474,18.9,-5.0,19.0,10.0,61.0,-5.0,5.0,1001.421486428726,32.69055447907465,15.114833069962684,1.1774784009371797,10.3,19.0,https://www.screener.in/company/DBL/consolidated/,2026-09-01T23:39:41.636880+00:00
DBOL.NS,1275302,consolidated,2026-03-31,47.3782,27.15,43.4954,25.95,43.4954,25.95,-4.0,384.0,,-38.0,,,-39.05174834161373,,,1.0331384015594542,2.61,6.0,https://www.screener.in/company/DBOL/consolidated/,2026-09-01T23:39:41.636880+00:00
DBREALTY.NS,755,consolidated,2026-03-31,31.6,8.6,40.1494,18.0,35.4617,10.5,32.0,15.0,3.0,26.0,37.0,9.0,,,,0.182595942312393,-0.19,9.0,https://www.screener.in/company/DBREALTY/consolidated/,2026-09-01T23:39:41.636880+00:00
DCAL.NS,1274141,consolidated,2026-03-31,64.9256,31.05,85.4466,74.7,52.9647,26.5,7.0,21.0,,140.0,-1.0,,,,,0.4606859367979631,1.58,17.0,https://www.screener.in/company/DCAL/consolidated/,2026-09-01T23:39:41.636880+00:00
DCI.NS,1274718,consolidated,2026-03-31,26.2333,27.15,26.2333,27.15,26.2333,27.15,,,,,63.0,,,,,0.8130841121495327,23.6,4.9,https://www.screener.in/company/DCI/consolidated/,2026-09-01T23:39:41.636880+00:00
DCMFINSERV.NS,771,consolidated,2026-03-31,40.9824,22.0,31.1698,18.0,21.9067,6.8,,,,21.0,17.0,15.0,,,,,,-234.43,https://www.screener.in/company/DCMFINSERV/consolidated/,2026-09-01T23:39:41.636880+00:00
DCMNVL.NS,1274680,consolidated,2026-03-31,55.4463,57.35,34.0811,35.2,34.0811,35.2,6.0,,,-36.0,-2.0,,-33.557830448131256,,,0.9969604863221884,1.15,8.0,https://www.screener.in/company/DCMNVL/consolidated/,2026-09-01T23:39:41.636880+00:00
DCMSHRIRAM.NS,773,consolidated,2026-03-31,28.1108,28.35,23.2111,23.0,16.6098,13.1,5.0,5.0,11.0,-1.0,3.0,17.0,-2.1458127933968063,4.859716664614444,11.408409421243435,0.3790197095435684,11.5,11.0,https://www.screener.in/company/DCMSHRIRAM/consolidated/,2026-09-01T23:39:41.636880+00:00
DCMSIL.NS,1285896,consolidated,2026-03-31,59.85,61.55,59.85,61.55,59.85,61.55,,,,,,,,,,0.1983914209115281,2.75,3.3,https://www.screener.in/company/DCMSIL/consolidated/,2026-09-01T23:39:41.636880+00:00
DCMSRIND.NS,774,consolidated,2025-09-30,5.1278,5.05,4.6187,4.5,3.3044,3.5,-1.0,1.0,31.0,16.0,12.0,14.0,15.284600222567637,1.1354453411199117,31.226269392202436,0.3311403508771929,11.8,7.0,https://www.screener.in/company/DCMSRIND/consolidated/,2026-09-01T23:39:41.636880+00:00
DCXINDIA.NS,1275347,consolidated,2026-03-31,63.6236,52.4,57.5432,49.2,57.5432,49.2,-16.0,,,,,,,,,0.0019828155981493,-0.53,-4.7,https://www.screener.in/company/DCXINDIA/consolidated/,2026-09-01T23:39:41.636880+00:00
DECCANCE.NS,778,consolidated,2026-03-31,161.6111,169.9,161.6111,169.9,161.6111,169.9,,,,,-5.0,2.0,,,,1.0026631158455392,2.42,9.0,https://www.screener.in/company/DECCANCE/consolidated/,2026-09-01T23:39:41.636880+00:00
DEEDEV.NS,1284811,consolidated,2026-03-31,41.9113,39.4,41.9113,39.4,41.9113,39.4,24.0,41.0,,88.0,,,-2.976804985165582,4.276151672674144,,0.7921348314606742,9.33,17.0,https://www.screener.in/company/DEEDEV/consolidated/,2026-09-01T23:39:41.636880+00:00
DEEP.NS,1274400,consolidated,2026-03-31,22.2886,22.9,30.9557,23.45,30.1367,23.7,-6.0,30.0,,-10.0,-19.0,,-11.937422726341328,26.04774247635946,,0.2863805082326068,6.94,14.13,https://www.screener.in/company/DEEP/consolidated/,2026-09-01T23:39:41.636880+00:00
DEEPAKFERT.NS,785,consolidated,2026-03-31,17.8044,18.35,14.442,13.45,15.4803,14.5,1.0,12.0,25.0,-16.0,28.0,21.0,-15.226820098810778,8.4156361311986,17.67519940871436,0.8284628872004676,10.9,17.0,https://www.screener.in/company/DEEPAKFERT/consolidated/,2026-09-01T23:39:41.636880+00:00
DEEPAKNTR.NS,786,consolidated,2026-03-31,40.8816,40.05,36.3756,37.75,34.2397,34.1,0.0,-7.0,24.0,-13.0,-5.0,30.0,-13.551017926726171,-6.631944550957647,22.302754759202514,0.2806236080178174,9.82,16.0,https://www.screener.in/company/DEEPAKNTR/consolidated/,2026-09-01T23:39:41.636880+00:00
DEEPINDS.NS,1274867,consolidated,2026-03-31,19.4918,19.1,15.9924,15.25,15.5967,15.1,38.0,43.0,,62.0,60.0,,12.823839813898118,22.678077295428544,,0.1015507753876938,19.2,39.0,https://www.screener.in/company/DEEPINDS/consolidated/,2026-09-01T23:39:41.636880+00:00
DELHIVERY.NS,1275225,consolidated,2026-03-31,316.9537,197.4,316.9537,197.4,316.9537,197.4,13.0,14.0,,26.0,,,,,,0.1510271497883761,-0.21,6.0,https://www.screener.in/company/DELHIVERY/consolidated/,2026-09-01T23:39:41.636880+00:00
DELTACORP.NS,97569,consolidated,2026-03-31,16.5962,15.9,26.5971,18.7,32.8106,23.9,-11.0,43.0,10.0,-31.0,-23.0,-9.0,-31.14026086470839,,6.750092373183492,0.0217584369449378,3.52,18.0,https://www.screener.in/company/DELTACORP/consolidated/,2026-09-01T23:39:41.636880+00:00
DEN.NS,792,consolidated,2026-03-31,8.9994,8.8,9.4679,9.2,12.1804,10.1,-5.0,-8.0,8.0,-39.0,-11.0,-9.0,-11.988944219738872,-3.5157832540421263,,0.0052840158520475,1.17,6.0,https://www.screener.in/company/DEN/consolidated/,2026-09-01T23:39:41.636880+00:00
DENTA.NS,1285238,consolidated,2026-03-31,12.281,11.55,12.281,11.55,12.281,11.55,13.0,41.0,,7.0,,,-39.77063808036439,-0.2696160315066143,,0.0261437908496732,14.0,27.0,https://www.screener.in/company/DENTA/consolidated/,2026-09-01T23:39:41.636880+00:00
DEVIT.NS,1274057,consolidated,2026-03-31,34.8772,29.0,38.442,31.2,24.9669,16.5,15.0,19.0,-6.0,-37.0,19.0,,102.4392647917108,,12.99790932256384,0.2844036697247706,1.28,1.6,https://www.screener.in/company/DEVIT/consolidated/,2026-09-01T23:39:41.636880+00:00
DEVX.NS,1285646,consolidated,2026-03-31,102.0418,85.6,102.0418,85.6,102.0418,85.6,48.0,,,39.0,,,,,,1.989247311827957,7.35,50.0,https://www.screener.in/company/DEVX/consolidated/,2026-09-01T23:39:41.636880+00:00
DEVYANI.NS,1274904,consolidated,2026-03-31,308.2336,115.5,296.8873,113.95,296.8873,113.95,23.0,12.0,6.0,,2.0,,,,,2.485732814526589,-1.56,15.0,https://www.screener.in/company/DEVYANI/consolidated/,2026-09-01T23:39:41.636880+00:00
DGCONTENT.NS,1274671,consolidated,2026-03-31,18.3795,10.8,24.0246,11.2,24.0246,11.2,12.0,16.0,,32.0,16.0,,,,,2.6486486486486487,11.6,7.0,https://www.screener.in/company/DGCONTENT/consolidated/,2026-09-01T23:39:41.636880+00:00
DHAMPURSUG.NS,802,consolidated,2026-03-31,13.9797,14.05,12.6393,11.8,8.9559,9.0,-7.0,-23.0,15.0,-26.0,-9.0,6.0,-24.71844013549811,-21.761242457737907,8.935945126967715,0.7510442773600668,5.47,9.0,https://www.screener.in/company/DHAMPURSUG/consolidated/,2026-09-01T23:39:41.636880+00:00
DHANUKA.NS,809,consolidated,2025-03-31,21.6772,21.05,19.3893,17.6,20.7443,18.75,11.0,16.0,11.0,12.0,4.0,3.0,13.67467320893192,17.265480581278414,12.000843180197428,0.0527441197434069,22.0,20.0,https://www.screener.in/company/DHANUKA/consolidated/,2026-09-01T23:39:41.636880+00:00
DHARMAJ.NS,1275369,consolidated,2026-03-31,19.6627,17.2,19.6627,17.2,19.6627,17.2,,,,,,,,,,0.2939866369710467,13.0,9.0,https://www.screener.in/company/DHARMAJ/consolidated/,2026-09-01T23:39:41.636880+00:00
DHATRE.NS,1273483,consolidated,2026-03-31,17.6242,15.3,15.8365,14.3,16.2291,16.15,-56.0,15.0,,,8.0,,,,,0.0,-3.22,-48.25,https://www.screener.in/company/DHATRE/consolidated/,2026-09-01T23:39:41.636880+00:00
DHOOTTRANS.NS,1286088,consolidated,2026-03-31,65.875,66.9,65.875,66.9,65.875,66.9,,65.0,,,,,-55.461698155582525,,,0.3770020533880903,24.0,16.0,https://www.screener.in/company/DHOOTTRANS/consolidated/,2026-09-01T23:39:41.636880+00:00
DHRUV.NS,1274343,consolidated,2026-03-31,24.6557,24.6,24.6557,24.6,24.6557,24.6,-19.0,,,,-5.0,,,,,0.3194444444444444,-32.5,-107.0,https://www.screener.in/company/DHRUV/consolidated/,2026-09-01T23:39:41.636880+00:00
DHUNINV.NS,822,consolidated,2026-03-31,13.2265,10.1,8.2237,5.3,6.5278,2.3,15.0,-34.0,9.0,-61.0,9.0,22.0,-60.54525146184714,-33.7442095436304,,,0.66,,https://www.screener.in/company/DHUNINV/consolidated/,2026-09-01T23:39:41.636880+00:00
DIAMINESQ.NS,825,consolidated,2026-03-31,59.3414,24.9,175.9284,21.6,332.7682,208.75,-30.0,,,,-3.0,20.0,,,,0.0509554140127388,-7.93,-23.0,https://www.screener.in/company/DIAMINESQ/consolidated/,2026-09-01T23:39:41.636880+00:00
DIAMONDYD.NS,1274153,consolidated,2023-03-31,118.3646,119.4,117.1858,113.65,88.5633,85.45,6.0,-14.0,3.0,-24.0,11.0,,-24.359057001028017,-14.397312672024777,-33.10772560331603,0.0886262924667651,3.14,3.8,https://www.screener.in/company/DIAMONDYD/consolidated/,2026-09-01T23:39:41.636880+00:00
DIFFNKG.NS,1285013,consolidated,2026-03-31,27.8653,27.8,27.8653,27.8,27.8653,27.8,17.0,33.0,,31.0,,,-39.01164147562402,-15.575354429793045,,0.0716049382716049,12.4,14.0,https://www.screener.in/company/DIFFNKG/consolidated/,2026-09-01T23:39:41.636880+00:00
DIGIDRIVE.NS,1284632,consolidated,2026-03-31,18.2945,16.5,18.2945,16.5,18.2945,16.5,2.0,,,6.0,,,,,,0.003200058851657,2.01,-2.48,https://www.screener.in/company/DIGIDRIVE/consolidated/,2026-09-01T23:39:41.636880+00:00
DIGISPICE.NS,2817,consolidated,2026-03-31,112.1525,48.9,119.8919,60.75,99.0364,55.7,2.0,20.0,10.0,51.0,-20.0,0.0,,10.129331475495595,,0.3574468085106383,9.57,5.0,https://www.screener.in/company/DIGISPICE/consolidated/,2026-09-01T23:39:41.636880+00:00
DIGITIDE.NS,1285488,consolidated,2026-03-31,544.2188,133.85,544.2188,133.85,544.2188,133.85,,,,,,,,,,0.6336515513126492,-0.74,11.0,https://www.screener.in/company/DIGITIDE/consolidated/,2026-09-01T23:39:41.636880+00:00
DISAQ.NS,834,consolidated,2026-03-31,31.4181,31.6,31.4181,31.6,31.4181,31.6,18.0,18.0,18.0,24.0,16.0,10.0,21.66978300619622,17.296068975009725,18.04383845509485,0.0,19.7,16.0,https://www.screener.in/company/DISAQ/consolidated/,2026-09-01T23:39:41.636880+00:00
DISHTV.NS,835,consolidated,2026-03-31,9.8239,11.3,14.2635,9.1,18.2934,12.75,-20.0,,,,-27.0,-30.0,,,,,,-17.0,https://www.screener.in/company/DISHTV/consolidated/,2026-09-01T23:39:41.636880+00:00
DIVISLAB.NS,837,consolidated,2026-03-31,74.2424,73.35,61.8973,67.4,49.9105,49.65,11.0,6.0,9.0,13.0,12.0,21.0,12.087166469136768,5.290696401329553,8.594865443776545,0.0004176361792255,16.5,35.0,https://www.screener.in/company/DIVISLAB/consolidated/,2026-09-01T23:39:41.636880+00:00
DIXON.NS,1274137,consolidated,2026-03-31,114.5361,117.7,116.0118,116.05,97.6588,100.5,59.0,55.0,45.0,77.0,28.0,,76.68184854910194,54.04150246141137,24.03185993491683,0.2125293991875133,37.4,3.6,https://www.screener.in/company/DIXON/consolidated/,2026-09-01T23:39:41.636880+00:00
DJML.NS,1274745,consolidated,2026-03-31,43.2731,44.5,43.2731,44.5,43.2731,44.5,,,,,31.0,,,,,0.4333333333333333,14.1,18.0,https://www.screener.in/company/DJML/consolidated/,2026-09-01T23:39:41.636880+00:00
DLF.NS,841,consolidated,2026-03-31,56.369,50.0,55.376,52.1,66.223,53.0,13.0,29.0,29.0,27.0,14.0,16.0,29.447353300063583,32.17393348735589,26.346230563035043,0.0067292679172256,9.5,18.0,https://www.screener.in/company/DLF/consolidated/,2026-09-01T23:39:41.636880+00:00
DLINKINDIA.NS,756,consolidated,2026-03-31,16.5848,16.55,14.9466,14.25,16.0492,14.95,10.0,23.0,14.0,2.0,27.0,18.0,6.418569302132493,27.119162508361704,15.612797003872636,0.0296442687747035,18.1,8.0,https://www.screener.in/company/DLINKINDIA/consolidated/,2026-09-01T23:39:41.636880+00:00
DMART.NS,1273670,consolidated,2026-03-31,101.493,99.7,122.7977,104.05,132.081,116.3,17.0,22.0,25.0,8.0,-1.0,,7.484374773460134,21.837330425629453,23.103637556758617,0.0991252452583387,12.9,8.0,https://www.screener.in/company/DMART/consolidated/,2026-09-01T23:39:41.636880+00:00
DMCC.NS,812,consolidated,2026-03-31,56.0943,36.5,61.0889,45.5,42.5954,28.8,15.0,-3.0,,64.0,-4.0,14.0,57.97508076753246,-3.445287410040088,,0.4435483870967742,11.5,11.0,https://www.screener.in/company/DMCC/consolidated/,2026-09-01T23:39:41.636880+00:00
DODLA.NS,1274883,consolidated,2026-03-31,31.5222,30.9,29.1191,28.4,30.372,28.6,14.0,15.0,,28.0,15.0,,29.141708535653056,15.428095922574258,,0.0340501792114695,16.4,7.0,https://www.screener.in/company/DODLA/consolidated/,2026-09-01T23:39:41.636880+00:00
DOLATALGO.NS,843,consolidated,2026-03-31,10.7259,10.5,9.4427,8.7,9.8954,9.5,13.0,-3.0,,4.0,-7.0,40.0,3.563937866993072,-2.575315940595435,,0.251105216622458,12.1,57.0,https://www.screener.in/company/DOLATALGO/consolidated/,2026-09-01T23:39:41.636880+00:00
DOLLAR.NS,1274061,consolidated,2026-03-31,30.8076,25.05,28.308,23.2,24.6169,22.05,11.0,5.0,,27.0,-6.0,,26.93741871950368,4.719226984285618,,0.3069620253164557,11.8,11.0,https://www.screener.in/company/DOLLAR/consolidated/,2026-09-01T23:39:41.636880+00:00
DOLPHIN.NS,846,consolidated,2026-03-31,56.3373,33.25,56.3373,33.25,33.4915,22.2,,,5.0,115.0,,52.0,14.438031189186606,,19.813320488546005,0.5750708215297451,21.9,57.0,https://www.screener.in/company/DOLPHIN/consolidated/,2026-09-01T23:39:41.636880+00:00
DOMS.NS,1284580,consolidated,2026-03-31,59.0915,71.75,59.0915,71.75,59.0915,71.75,24.0,91.0,,34.0,,,-75.47742206554643,,,0.1155737704918032,20.7,16.0,https://www.screener.in/company/DOMS/consolidated/,2026-09-01T23:39:41.636880+00:00
DONEAR.NS,847,consolidated,2026-03-31,14.8491,15.05,14.8491,15.05,14.8491,15.05,,,,,7.0,5.0,,,,1.5471014492753623,17.0,10.0,https://www.screener.in/company/DONEAR/consolidated/,2026-09-01T23:39:41.636880+00:00
DPABHUSHAN.NS,1274183,consolidated,2022-03-31,68.1449,74.75,48.8118,42.4,47.3219,39.05,,,,,48.0,,,,,1.2318840579710144,34.5,4.3,https://www.screener.in/company/DPABHUSHAN/consolidated/,2026-09-01T23:39:41.636880+00:00
DRCSYSTEMS.NS,1274840,consolidated,2026-03-31,20.0272,21.15,20.3725,22.4,20.3725,22.4,55.0,,,44.0,8.0,,37.989129235272735,,,0.0,22.6,27.0,https://www.screener.in/company/DRCSYSTEMS/consolidated/,2026-09-01T23:39:41.636880+00:00
DREAMFOLKS.NS,1275278,consolidated,2026-03-31,25.3478,31.1,38.9966,34.1,38.9966,34.1,-5.0,66.0,,-46.0,,,-46.128786827463465,,,0.0382165605095541,3.76,-13.0,https://www.screener.in/company/DREAMFOLKS/consolidated/,2026-09-01T23:39:41.636880+00:00
DRREDDY.NS,852,consolidated,2026-03-31,19.95,19.2,22.9698,19.95,28.481,26.15,11.0,15.0,7.0,-4.0,4.0,6.0,-2.441852599999228,16.455273351069998,7.243664444938669,0.2041064076849994,11.2,15.0,https://www.screener.in/company/DRREDDY/consolidated/,2026-09-01T23:39:41.636880+00:00
DSSL.NS,864,consolidated,2026-03-31,21.2158,19.25,19.837,18.45,14.4941,15.0,21.0,58.0,,36.0,52.0,58.0,36.169225708772814,51.16038513422365,,0.7523809523809524,31.0,11.0,https://www.screener.in/company/DSSL/consolidated/,2026-09-01T23:39:41.636880+00:00
DTIL.NS,1228189,consolidated,2026-03-31,6.4146,5.9,6.5929,6.3,6.9625,6.9,12.0,,,13.0,-11.0,-2.0,,,,0.4773584905660377,-2.33,-2.5,https://www.screener.in/company/DTIL/consolidated/,2026-09-01T23:39:41.636880+00:00
DUCON.NS,166230,consolidated,2026-03-31,34.0513,19.15,72.3776,42.2,72.3776,42.2,2.0,92.0,,39.0,-21.0,-14.0,39.492819854327486,80.19831273171422,,0.6325301204819277,6.58,6.0,https://www.screener.in/company/DUCON/consolidated/,2026-09-01T23:39:41.636880+00:00
DVL.NS,823,consolidated,2026-03-31,7.8762,8.0,5.4105,4.5,5.4703,5.2,17.0,-8.0,35.0,-34.0,-1.0,,-44.855669665152845,-17.09514187512332,,0.2895377128953771,4.86,-12.0,https://www.screener.in/company/DVL/consolidated/,2026-09-01T23:39:41.636880+00:00
DYNAMATECH.NS,865,consolidated,2026-03-31,99.6633,97.6,92.2824,89.5,93.2495,54.4,7.0,34.0,15.0,6.0,38.0,15.0,-8.845747154959982,,10.194534035103842,0.8035264483627204,6.67,12.0,https://www.screener.in/company/DYNAMATECH/consolidated/,2026-09-01T23:39:41.636880+00:00
DYNPRO.NS,870,consolidated,2026-03-31,52.9662,27.9,47.1736,27.05,28.2588,18.25,9.0,-7.0,10.0,107.0,-16.0,13.0,,-7.696951747612434,9.67470960524932,0.2979591836734694,8.53,14.0,https://www.screener.in/company/DYNPRO/consolidated/,2026-09-01T23:39:41.636880+00:00
EASEMYTRIP.NS,1274843,consolidated,2026-03-31,46.8013,44.1,60.9142,55.2,61.0023,55.3,6.0,,,,-17.0,,,,,0.0436408977556109,-0.71,-6.0,https://www.screener.in/company/EASEMYTRIP/consolidated/,2026-09-01T23:39:41.636880+00:00
EASTWEST.NS,1273443,consolidated,2026-03-31,77.4718,16.1,62.0241,27.45,59.75,35.5,-7.0,,,,-20.0,-3.0,,,,1.1428571428571428,-6.13,1.3,https://www.screener.in/company/EASTWEST/consolidated/,2026-09-01T23:39:41.636880+00:00
EBGNG.NS,1285555,consolidated,2026-03-31,32.7767,38.05,32.7767,38.05,32.7767,38.05,42.0,78.0,,59.0,,,-88.88840624083181,,,0.5712401055408971,26.8,11.0,https://www.screener.in/company/EBGNG/consolidated/,2026-09-01T23:39:41.636880+00:00
EBIX.NS,589628,consolidated,2026-03-31,3009.2667,2850.5,3009.2667,2850.5,3009.2667,2850.5,,,,,93.0,,,,,,,4.1,https://www.screener.in/company/EBIX/consolidated/,2026-09-01T23:39:41.636880+00:00
ECLERX.NS,880,consolidated,2026-03-31,26.5848,25.3,23.3592,22.9,19.1707,17.75,16.0,21.0,7.0,13.0,21.0,14.0,14.64727563770647,22.708838115559395,10.407300184510415,0.1503319016009371,28.4,25.0,https://www.screener.in/company/ECLERX/consolidated/,2026-09-01T23:39:41.636880+00:00
ECORECO.NS,881,consolidated,2026-03-31,59.7462,52.75,45.084,42.8,43.4024,39.8,40.0,99.0,61.0,78.0,44.0,30.0,55.11385637205994,38.865309561463214,,0.0545454545454545,23.3,59.0,https://www.screener.in/company/ECORECO/consolidated/,2026-09-01T23:39:41.636880+00:00
EDELWEISS.NS,884,consolidated,2026-03-31,20.4538,19.1,17.0931,17.55,14.9766,15.7,7.0,18.0,4.0,21.0,22.0,7.0,16.558779521911227,15.2714880850656,1.2793733627692871,4.022279904823708,13.5,28.0,https://www.screener.in/company/EDELWEISS/consolidated/,2026-09-01T23:39:41.636880+00:00
EFCIL.NS,155,consolidated,2026-03-31,31.9551,28.65,39.7661,29.9,39.7661,29.9,116.0,,,276.0,93.0,45.0,198.29541775415413,,,1.742255266418835,34.3,44.0,https://www.screener.in/company/EFCIL/consolidated/,2026-09-01T23:39:41.636880+00:00
EICHERMOT.NS,888,consolidated,2026-03-31,33.3873,32.6,36.2431,34.6,37.7881,37.5,17.0,33.0,15.0,24.0,23.0,13.0,23.57313785485249,32.47410552647671,24.36863116748633,0.0204780876494023,24.0,25.0,https://www.screener.in/company/EICHERMOT/consolidated/,2026-09-01T23:39:41.636880+00:00
EIDPARRY.NS,889,consolidated,2026-03-31,16.5304,15.55,14.4668,13.9,13.8557,11.3,3.0,7.0,35.0,-11.0,14.0,13.0,-15.6584894505578,4.857040575145621,32.22589813721912,0.4024640657084189,7.85,9.0,https://www.screener.in/company/EIDPARRY/consolidated/,2026-09-01T23:39:41.636880+00:00
EIEL.NS,1285170,consolidated,2026-03-31,22.014,21.1,22.014,21.1,22.014,21.1,50.0,85.0,,50.0,,,-21.40178789959093,-21.64924024313032,,0.3422546634225466,16.8,23.0,https://www.screener.in/company/EIEL/consolidated/,2026-09-01T23:39:41.636880+00:00
EIHOTEL.NS,891,consolidated,2026-03-31,34.4354,32.3,52.9577,35.8,57.175,45.85,13.0,32.0,17.0,25.0,23.0,11.0,25.950344262202307,,16.9485056149014,0.0478905359179019,14.5,34.0,https://www.screener.in/company/EIHOTEL/consolidated/,2026-09-01T23:39:41.636880+00:00
EIMCOELECO.NS,892,consolidated,2024-03-31,29.8323,28.1,28.621,27.85,20.8165,17.85,22.0,11.0,,50.0,40.0,19.0,50.64043685709476,10.716902180676712,,0.0,10.4,18.0,https://www.screener.in/company/EIMCOELECO/consolidated/,2026-09-01T23:39:41.636880+00:00
EKC.NS,973,consolidated,2026-03-31,14.7595,14.65,12.8431,13.1,12.8336,12.5,5.0,18.0,12.0,18.0,-2.0,18.0,24.458135557208703,10.294296681962225,,0.1908506075768406,11.3,13.0,https://www.screener.in/company/EKC/consolidated/,2026-09-01T23:39:41.636880+00:00
EKI.NS,1274860,consolidated,2026-03-31,8.0718,8.4,8.0718,8.4,8.0718,8.4,-59.0,,,,-31.0,,,,,0.0131578947368421,-3.9,-24.0,https://www.screener.in/company/EKI/consolidated/,2026-09-01T23:39:41.636880+00:00
ELCIDIN.NS,898,consolidated,2026-03-31,21.233,18.8,21.233,18.8,21.233,18.8,7.0,6.0,14.0,14.0,480.0,,13.91603324712345,6.011103000023188,13.904096412079149,0.0,1.21,95.0,https://www.screener.in/company/ELCIDIN/consolidated/,2026-09-01T23:39:41.636880+00:00
ELDEHSG.NS,899,consolidated,2026-03-31,31.4475,27.9,24.1164,21.05,17.0557,13.25,9.0,-15.0,2.0,-18.0,6.0,19.0,-18.20677485063531,-14.903424380785625,1.6707298017806238,0.385,6.2,24.0,https://www.screener.in/company/ELDEHSG/consolidated/,2026-09-01T23:39:41.636880+00:00
ELECON.NS,903,consolidated,2026-03-31,32.5291,33.7,28.1855,27.75,27.5082,23.95,16.0,44.0,29.0,14.0,37.0,30.0,12.837288148301583,42.68623971638097,24.3459126132114,0.1184381778741865,16.4,21.0,https://www.screener.in/company/ELECON/consolidated/,2026-09-01T23:39:41.636880+00:00
ELECTCAST.NS,904,consolidated,2026-03-31,14.0291,13.45,11.0813,10.0,9.1368,8.4,-7.0,-3.0,29.0,-18.0,19.0,14.0,-21.0809233432937,,,0.2635043889264011,3.04,5.0,https://www.screener.in/company/ELECTCAST/consolidated/,2026-09-01T23:39:41.636880+00:00
ELECTHERM.NS,906,consolidated,2026-03-31,4.8568,3.6,4.3652,3.2,3.7648,2.8,6.0,,7.0,,51.0,20.0,,,,,,0.1,https://www.screener.in/company/ELECTHERM/consolidated/,2026-09-01T23:39:41.636880+00:00
ELGIEQUIP.NS,910,consolidated,2026-03-31,48.2266,43.95,53.2004,50.75,53.6818,47.9,9.0,31.0,22.0,11.0,26.0,20.0,5.066595993964773,33.252530476782425,23.7586026595104,0.2387992831541218,19.0,15.0,https://www.screener.in/company/ELGIEQUIP/consolidated/,2026-09-01T23:39:41.636880+00:00
ELGIRUBCO.NS,1272779,consolidated,2026-03-31,129.1441,107.15,118.725,101.9,118.725,101.9,-2.0,,,,9.0,6.0,,,,4.118421052631579,-67.5,-17.0,https://www.screener.in/company/ELGIRUBCO/consolidated/,2026-09-01T23:39:41.636880+00:00
ELIN.NS,1275383,consolidated,2026-03-31,42.4538,37.3,38.044,29.9,38.044,29.9,6.0,-8.0,,-4.0,,,-5.618393715727121,-37.89281894797407,,0.0305755395683453,4.27,3.1,https://www.screener.in/company/ELIN/consolidated/,2026-09-01T23:39:41.636880+00:00
ELITECON.NS,1273187,consolidated,2025-09-30,138.9209,15.6,138.9209,15.6,138.9209,15.6,,,117.0,,,,,,,1.0867052023121386,43.5,8.0,https://www.screener.in/company/ELITECON/consolidated/,2026-09-01T23:39:41.636880+00:00
ELPROINTL.NS,915,consolidated,2026-03-31,22.7456,23.0,28.463,22.0,50.6432,32.2,62.0,35.0,38.0,33.0,26.0,25.0,22.16714425076971,34.78400051105719,,0.5952732644017725,4.3,36.0,https://www.screener.in/company/ELPROINTL/consolidated/,2026-09-01T23:39:41.636880+00:00
EMAMILTD.NS,918,consolidated,2026-03-31,31.6411,31.15,31.1053,30.65,45.8397,41.65,4.0,11.0,6.0,5.0,-9.0,-4.0,6.993727940705496,11.664073166005595,8.301705908419255,0.0554035567715458,26.2,25.0,https://www.screener.in/company/EMAMILTD/consolidated/,2026-09-01T23:39:41.636880+00:00
EMAMIREAL.NS,917,consolidated,2026-03-31,55.1236,20.75,73.7994,51.05,70.2884,49.1,-1.0,,,,-2.0,1.0,,,,,,-119.0,https://www.screener.in/company/EMAMIREAL/consolidated/,2026-09-01T23:39:41.636880+00:00
EMBDL.NS,1434,consolidated,2026-03-31,48.6091,49.2,60.0854,45.45,23.5929,13.8,43.0,,,,-16.0,-3.0,,,,0.539319010944467,-9.19,-47.0,https://www.screener.in/company/EMBDL/consolidated/,2026-09-01T23:39:41.636880+00:00
EMCURE.NS,1284839,consolidated,2026-03-31,38.085,35.2,38.085,35.2,38.085,35.2,15.0,18.0,,21.0,,,18.342391898777688,16.06533795912157,,0.3147474747474747,20.1,20.0,https://www.screener.in/company/EMCURE/consolidated/,2026-09-01T23:39:41.636880+00:00
EMIL.NS,1275325,consolidated,2026-03-31,41.4057,42.05,37.5493,38.7,37.5493,38.7,10.0,12.0,,-6.0,,,-4.482113517817188,7.349997068129777,,1.2281672816728166,6.5,7.0,https://www.screener.in/company/EMIL/consolidated/,2026-09-01T23:39:41.636880+00:00
EMKAY.NS,923,consolidated,2026-03-31,15.693,12.65,13.2317,11.2,15.1398,13.0,25.0,7.0,3.0,3.0,17.0,15.0,0.522657576944674,5.11335830705677,1.6591066843790747,0.2894736842105263,4.52,8.0,https://www.screener.in/company/EMKAY/consolidated/,2026-09-01T23:39:41.636880+00:00
EMMVEE.NS,1285761,consolidated,2026-03-31,10.1179,3.5,10.1179,3.5,10.1179,3.5,101.0,158.0,,395.0,,,23.561611637672584,12.598873796842614,,0.0974553329723876,51.1,35.0,https://www.screener.in/company/EMMVEE/consolidated/,2026-09-01T23:39:41.636880+00:00
EMPOWER.NS,931,consolidated,2026-03-31,53.3416,38.2,53.3416,38.2,53.3416,38.2,151.0,178.0,56.0,383.0,68.0,16.0,,,,0.1118012422360248,5.75,1.6,https://www.screener.in/company/EMPOWER/consolidated/,2026-09-01T23:39:41.636880+00:00
EMSLIMITED.NS,1284479,consolidated,2026-03-31,19.509,19.2,19.509,19.2,19.509,19.2,11.0,5.0,,-6.0,,,-10.726854256118555,-23.240908697905216,,0.1458333333333333,8.91,17.0,https://www.screener.in/company/EMSLIMITED/consolidated/,2026-09-01T23:39:41.636880+00:00
EMUDHRA.NS,1275229,consolidated,2026-03-31,65.8247,65.1,61.6045,57.7,61.6045,57.7,41.0,43.0,,19.0,,,18.12123099968608,39.21381257536951,,0.0318331503841931,12.6,23.0,https://www.screener.in/company/EMUDHRA/consolidated/,2026-09-01T23:39:41.636880+00:00
ENDURANCE.NS,1273546,consolidated,2026-03-31,44.6734,43.9,42.5042,42.3,38.7738,40.6,18.0,12.0,12.0,26.0,12.0,,25.670978733746107,12.860900247041783,-0.0647994940827567,0.1939774886712469,14.9,13.0,https://www.screener.in/company/ENDURANCE/consolidated/,2026-09-01T23:39:41.636880+00:00
ENERGYDEV.NS,934,consolidated,2026-03-31,38.6676,18.9,32.6791,17.65,32.6791,17.65,7.0,18.0,8.0,-32.0,10.0,-22.0,,,,35.16368286445016,33.2,55.47,https://www.screener.in/company/ENERGYDEV/consolidated/,2026-09-01T23:39:41.636880+00:00
ENGINERSIN.NS,935,consolidated,2026-03-31,22.7557,21.55,25.2916,21.6,24.2716,20.9,6.0,15.0,9.0,26.0,31.0,8.0,25.923890517577263,22.65924214195256,11.530976842257568,0.005403687221869,23.4,19.0,https://www.screener.in/company/ENGINERSIN/consolidated/,2026-09-01T23:39:41.636880+00:00
ENIL.NS,942,consolidated,2026-03-31,93.8984,61.9,93.8984,61.9,74.8997,61.2,3.0,15.0,-32.0,26.0,-13.0,-18.0,,,,0.2255936675461741,0.25,8.0,https://www.screener.in/company/ENIL/consolidated/,2026-09-01T23:39:41.636880+00:00
ENTERO.NS,1284670,consolidated,2026-03-31,56.933,51.9,56.933,51.9,56.933,51.9,26.0,57.0,,130.0,,,,,,0.4008288928359976,6.94,4.4,https://www.screener.in/company/ENTERO/consolidated/,2026-09-01T23:39:41.636880+00:00
EPACK.NS,1284639,consolidated,2026-03-31,63.1808,62.8,63.1808,62.8,63.1808,62.8,7.0,-17.0,,-54.0,,,-61.88433376795701,-26.819936752417007,,0.7697916666666667,0.33,4.9,https://www.screener.in/company/EPACK/consolidated/,2026-09-01T23:39:41.636880+00:00
EPACKPEB.NS,1285685,consolidated,2026-03-31,25.1974,25.1,25.1974,25.1,25.1974,25.1,32.0,58.0,,57.0,,,-46.99624448593701,-15.051487012419951,,0.1566757493188011,17.0,10.0,https://www.screener.in/company/EPACKPEB/consolidated/,2026-09-01T23:39:41.636880+00:00
EPIGRAL.NS,1274916,consolidated,2026-03-31,20.9513,20.25,20.3359,19.3,20.3318,19.3,5.0,27.0,,-2.0,12.0,,-3.2734981363077176,25.74173315694601,,0.2575416479063485,16.0,22.0,https://www.screener.in/company/EPIGRAL/consolidated/,2026-09-01T23:39:41.636880+00:00
EPL.NS,962,consolidated,2026-03-31,21.9677,21.15,23.9137,24.9,24.1197,23.8,9.0,10.0,9.0,22.0,0.0,8.0,19.466524934434084,9.877785056497368,8.41818738813922,0.3365990202939118,15.7,20.0,https://www.screener.in/company/EPL/consolidated/,2026-09-01T23:39:41.636880+00:00
ERIS.NS,1274087,consolidated,2026-03-31,44.0639,43.3,36.1523,30.85,32.6235,29.5,23.0,12.0,17.0,19.0,11.0,,16.752222973245743,11.319900900973057,-41.61388681653959,0.6044068665129387,18.7,35.0,https://www.screener.in/company/ERIS/consolidated/,2026-09-01T23:39:41.636880+00:00
ESCORTS.NS,955,consolidated,2026-03-31,35.0443,34.95,34.6134,34.95,37.6519,32.95,11.0,20.0,37.0,47.0,18.0,25.0,64.28656670185057,27.055030435791423,43.54798463617706,0.0130930251353754,18.7,12.0,https://www.screener.in/company/ESCORTS/consolidated/,2026-09-01T23:39:41.636880+00:00
ESSARSHPNG.NS,961,consolidated,2026-03-31,6.9778,6.1,6.9778,6.1,6.9778,6.1,-69.0,15.0,7.0,-20.0,11.0,-4.0,,,,,,-10969.0,https://www.screener.in/company/ESSARSHPNG/consolidated/,2026-09-01T23:39:41.636880+00:00
ESSENTIA.NS,530762,consolidated,2026-03-31,69.5548,63.4,104.6386,68.8,104.6386,68.8,25.0,,,-63.0,8.0,10.0,,,,0.2588235294117647,0.2,-0.1,https://www.screener.in/company/ESSENTIA/consolidated/,2026-09-01T23:39:41.636880+00:00
ESTER.NS,964,consolidated,2026-03-31,81.3266,80.4,56.1929,14.0,74.7394,66.55,7.0,,,,-8.0,9.0,,,,0.9310344827586208,-3.53,8.0,https://www.screener.in/company/ESTER/consolidated/,2026-09-01T23:39:41.636880+00:00
ETERNAL.NS,1274894,consolidated,2026-03-31,702.6149,556.1,702.6149,556.1,702.6149,556.1,97.0,17.0,,28.0,17.0,,,,,0.1482246610716591,0.38,2.5,https://www.screener.in/company/ETERNAL/consolidated/,2026-09-01T23:39:41.636880+00:00
ETHOSLTD.NS,1275227,consolidated,2026-03-31,76.4329,75.1,71.4081,72.0,71.4081,72.0,27.0,82.0,,16.0,,,14.412235297389264,71.46288672824423,,0.2163978494623656,7.69,13.0,https://www.screener.in/company/ETHOSLTD/consolidated/,2026-09-01T23:39:41.636880+00:00
EUREKAFORB.NS,1275190,consolidated,2026-03-31,78.7589,72.7,98.7048,83.25,98.7048,83.25,9.0,161.0,,66.0,,,83.10146096486062,,,0.0063057186344857,4.28,11.0,https://www.screener.in/company/EUREKAFORB/consolidated/,2026-09-01T23:39:41.636880+00:00
EUROBOND.NS,1275118,consolidated,2026-03-31,20.2372,21.9,20.2372,21.9,20.2372,21.9,,,,,,,,,,1.00625,18.1,11.0,https://www.screener.in/company/EUROBOND/consolidated/,2026-09-01T23:39:41.636880+00:00
EUROPRATIK.NS,1285653,consolidated,2026-03-31,35.9206,34.7,35.9206,34.7,35.9206,34.7,,,,,,,,,,0.0774193548387096,30.5,31.0,https://www.screener.in/company/EUROPRATIK/consolidated/,2026-09-01T23:39:41.636880+00:00
EVEREADY.NS,971,consolidated,2026-03-31,39.7076,35.3,44.8675,36.5,32.2324,28.1,3.0,-21.0,4.0,55.0,-1.0,2.0,83.81296286011694,,9.526406707679014,0.3242375601926163,18.5,12.0,https://www.screener.in/company/EVEREADY/consolidated/,2026-09-01T23:39:41.636880+00:00
EXCELINDUS.NS,979,consolidated,2026-03-31,32.0903,19.4,23.9347,15.9,23.3071,17.0,0.0,1.0,11.0,-2.0,-1.0,12.0,-1.8095563943785864,1.2588000150360656,11.549475587780744,0.004697592483852,4.6,10.0,https://www.screener.in/company/EXCELINDUS/consolidated/,2026-09-01T23:39:41.636880+00:00
EXCELSOFT.NS,1285769,consolidated,2026-03-31,22.3979,22.2,22.3979,22.2,22.3979,22.2,12.0,33.0,,28.0,,,-70.07059483229354,-44.42309601968313,,0.0121107266435986,9.83,25.0,https://www.screener.in/company/EXCELSOFT/consolidated/,2026-09-01T23:39:41.636880+00:00
EXICOM.NS,1284694,consolidated,2026-03-31,49.6187,52.15,49.6187,52.15,49.6187,52.15,18.0,,,,,,,,,1.0952380952380951,-40.8,-7.0,https://www.screener.in/company/EXICOM/consolidated/,2026-09-01T23:39:41.636880+00:00
EXIDEIND.NS,982,consolidated,2026-03-31,39.0006,39.6,31.4622,31.4,27.4736,24.4,6.0,1.0,2.0,2.0,18.0,9.0,1.2582074288396417,1.0682235354419367,2.0552194557945214,0.1132686084142394,5.97,10.0,https://www.screener.in/company/EXIDEIND/consolidated/,2026-09-01T23:39:41.636880+00:00
EXPLEOSOL.NS,3413,consolidated,2026-03-31,15.3772,15.45,17.587,16.35,16.4523,15.6,7.0,21.0,14.0,0.0,-4.0,-1.0,-15.109159585511168,10.180683883064525,8.70295075797467,0.0102960102960102,18.7,16.0,https://www.screener.in/company/EXPLEOSOL/consolidated/,2026-09-01T23:39:41.636880+00:00
EXXARO.NS,1274907,consolidated,2026-03-31,102.5178,88.5,81.6414,72.2,81.6414,72.2,-1.0,-29.0,,-29.0,-13.0,,-27.887521484629584,-33.16749380417311,,0.3321428571428571,1.02,8.0,https://www.screener.in/company/EXXARO/consolidated/,2026-09-01T23:39:41.636880+00:00
FABTECH.NS,1285710,consolidated,2026-03-31,17.1107,16.2,17.1107,16.2,17.1107,16.2,28.0,36.0,,19.0,,,-51.99290821782074,-74.52284382031718,,0.1670644391408114,12.5,11.0,https://www.screener.in/company/FABTECH/consolidated/,2026-09-01T23:39:41.636880+00:00
FACT.NS,1006,consolidated,2025-09-30,1211.1323,578.95,739.6767,97.7,618.4845,48.7,-3.0,45.0,7.0,-63.0,45.0,43.0,-50.72703115064328,-46.84357972163734,,2.7905454545454544,1.61,2.0,https://www.screener.in/company/FACT/consolidated/,2026-09-01T23:39:41.636880+00:00
FAZE3Q.NS,998,consolidated,2026-03-31,28.5323,27.4,23.642,21.0,17.5082,15.6,18.0,2.0,,-22.0,17.0,36.0,-16.810148166977335,6.128260069173086,12.904050549579328,0.6084070796460177,6.44,8.0,https://www.screener.in/company/FAZE3Q/consolidated/,2026-09-01T23:39:41.636880+00:00
FCL.NS,1021,consolidated,2026-03-31,32.1614,32.75,34.5824,34.0,26.3912,26.0,14.0,21.0,20.0,7.0,35.0,34.0,5.147185873071036,19.60239335831617,19.243934301607645,0.0090702947845804,13.5,17.0,https://www.screener.in/company/FCL/consolidated/,2026-09-01T23:39:41.636880+00:00
FCSSOFT.NS,999,consolidated,2026-03-31,188.5954,102.25,201.0374,215.0,201.0374,215.0,19.0,20.0,8.0,41.0,-1.0,17.0,25.99210498948732,,,0.0,0.82,7.96,https://www.screener.in/company/FCSSOFT/consolidated/,2026-09-01T23:39:41.636880+00:00
FDC.NS,1000,consolidated,2026-03-31,26.0544,26.1,24.658,25.5,22.2339,22.6,7.0,1.0,6.0,16.0,0.0,5.0,13.90331850572004,-0.6354764240490862,6.193678688689319,0.0060362173038229,12.5,15.0,https://www.screener.in/company/FDC/consolidated/,2026-09-01T23:39:41.636880+00:00
FEDDERSHOL.NS,547,consolidated,2026-03-31,14.8411,10.65,13.3767,9.5,12.8395,10.3,38.0,115.0,45.0,62.0,54.0,26.0,-8.534180096945597,56.02005418613077,23.033204195780836,,11.6,,https://www.screener.in/company/FEDDERSHOL/consolidated/,2026-09-01T23:39:41.636880+00:00
FEDERALBNK.NS,1002,consolidated,2026-03-31,12.5411,11.75,11.5714,11.1,14.2234,11.55,19.0,21.0,24.0,11.0,33.0,17.0,5.65021208734624,16.149475326023712,20.07333900352681,,11.6,,https://www.screener.in/company/FEDERALBNK/consolidated/,2026-09-01T23:39:41.636880+00:00
FERMENTA.NS,831,consolidated,2026-03-31,25.4264,12.4,27.8729,20.8,20.9715,16.1,14.0,7.0,51.0,65.0,12.0,24.0,,9.546993305705186,,0.2783251231527093,16.4,18.0,https://www.screener.in/company/FERMENTA/consolidated/,2026-09-01T23:39:41.636880+00:00
FIBERWEB.NS,1009,consolidated,2022-09-30,19.0247,18.6,16.292,15.9,12.5145,12.7,-22.0,-8.0,,-23.0,-10.0,-6.0,7.630753263628454,-9.966445039517636,,0.0025790921595598,6.55,7.09,https://www.screener.in/company/FIBERWEB/consolidated/,2026-09-01T23:39:41.636880+00:00
FIEMIND.NS,1012,consolidated,2026-03-31,21.9481,22.0,20.0889,19.4,19.0113,18.9,15.0,39.0,16.0,22.0,31.0,15.0,22.23599103379028,40.4795538696981,15.00676054274468,0.0543209876543209,22.6,14.0,https://www.screener.in/company/FIEMIND/consolidated/,2026-09-01T23:39:41.636880+00:00
FILATEX.NS,1014,consolidated,2026-03-31,23.431,22.35,24.1966,24.7,19.9529,19.6,,,24.0,,11.0,28.0,44.458520122217735,38.174289424194185,,0.0997340425531914,12.9,8.0,https://www.screener.in/company/FILATEX/consolidated/,2026-09-01T23:39:41.636880+00:00
FILATFASH.NS,1013,consolidated,2026-03-31,59.1682,52.0,59.1682,52.0,59.1682,52.0,-11.0,,,-38.0,-19.0,-17.0,,,,0.0228597351537015,0.12,4.11,https://www.screener.in/company/FILATFASH/consolidated/,2026-09-01T23:39:41.636880+00:00
FINCABLES.NS,788,consolidated,2026-03-31,23.6595,22.55,20.745,20.9,19.9971,20.6,12.0,9.0,9.0,12.0,21.0,11.0,12.281003277231784,9.117020328241733,8.06377595283385,0.0031219191587249,12.3,10.0,https://www.screener.in/company/FINCABLES/consolidated/,2026-09-01T23:39:41.636880+00:00
FINEORG.NS,1274375,consolidated,2026-03-31,33.3297,33.8,40.5912,34.7,41.5194,36.1,-8.0,28.0,18.0,-13.0,11.0,,-12.290212915107912,28.227489602608145,-1.4698177369429133,0.0255255255255255,16.5,21.0,https://www.screener.in/company/FINEORG/consolidated/,2026-09-01T23:39:41.636880+00:00
FINKURVE.NS,1022,consolidated,2022-03-31,56.4095,54.65,66.4538,53.95,201.4783,94.35,48.0,102.0,,253.0,6.0,12.0,214.13806523913928,91.61790585463947,,,13.3,,https://www.screener.in/company/FINKURVE/consolidated/,2026-09-01T23:39:41.636880+00:00
FINPIPE.NS,1023,consolidated,2026-03-31,41.4582,35.5,34.0282,30.7,27.7201,23.0,-2.0,-7.0,9.0,33.0,-2.0,5.0,33.67452495722168,-4.088851453813247,8.804766597276847,0.0717618664521319,8.57,18.0,https://www.screener.in/company/FINPIPE/consolidated/,2026-09-01T23:39:41.636880+00:00
FISCHER.NS,1030,consolidated,2026-03-31,1433.0555,1598.4,1433.0555,1598.4,1433.0555,1598.4,1097.0,,,820.0,37.0,70.0,,,,0.2786458333333333,8.59,12.0,https://www.screener.in/company/FISCHER/consolidated/,2026-09-01T23:39:41.636880+00:00
FLAIR.NS,1284431,consolidated,2026-03-31,24.3214,24.4,24.3214,24.4,24.3214,24.4,10.0,170.0,,6.0,,,1.5554588629379529,99.46139253621875,,0.0577933450087565,12.9,18.0,https://www.screener.in/company/FLAIR/consolidated/,2026-09-01T23:39:41.636880+00:00
FLUOROCHEM.NS,1274705,consolidated,2026-03-31,72.3038,68.05,59.4365,55.4,56.9034,51.2,-4.0,36.0,,-24.0,23.0,,-24.982476026976176,,,0.2911263666412408,7.6,26.0,https://www.screener.in/company/FLUOROCHEM/consolidated/,2026-09-01T23:39:41.636880+00:00
FMGOETZE.NS,1003,consolidated,2026-03-31,16.0646,16.7,18.7073,17.7,29.427,26.35,6.0,105.0,14.0,22.0,17.0,3.0,19.1660426043329,214.3193162404907,13.615650424885484,0.0006958942240779,13.5,15.0,https://www.screener.in/company/FMGOETZE/consolidated/,2026-09-01T23:39:41.636880+00:00
FMNL.NS,1059,consolidated,2026-03-31,11.2931,7.2,16.4714,8.0,11.8096,7.15,2.0,19.0,-14.0,27.0,5.0,-11.0,,,-23.23715930876652,1.3128889690628665,7.5,42.9,https://www.screener.in/company/FMNL/consolidated/,2026-09-01T23:39:41.636880+00:00
FOODSIN.NS,1037,consolidated,2026-03-31,19.3905,17.6,22.2363,21.4,36.3259,23.1,-5.0,48.0,46.0,-14.0,-4.0,6.0,-26.017235342319424,37.0406309505932,39.002090386772046,0.7646017699115044,5.01,12.0,https://www.screener.in/company/FOODSIN/consolidated/,2026-09-01T23:39:41.636880+00:00
FORCEMOT.NS,1039,consolidated,2026-03-31,38.2949,29.0,40.5663,29.35,29.5113,24.2,22.0,62.0,18.0,209.0,67.0,19.0,108.52137539152088,,21.08132172470971,0.0,26.1,16.0,https://www.screener.in/company/FORCEMOT/consolidated/,2026-09-01T23:39:41.636880+00:00
FORTIS.NS,1040,consolidated,2026-03-31,65.4937,65.55,62.7592,62.05,63.2981,59.7,13.0,64.0,60.0,27.0,26.0,18.0,20.94692408966412,,42.48918732258955,0.3509498787388844,11.2,22.0,https://www.screener.in/company/FORTIS/consolidated/,2026-09-01T23:39:41.636880+00:00
FOSECOIND.NS,1043,consolidated,2025-12-31,43.1321,43.8,43.1321,43.8,43.1321,43.8,,,,,33.0,16.0,,,,0.0028929604628736,12.6,21.0,https://www.screener.in/company/FOSECOIND/consolidated/,2026-09-01T23:39:41.636880+00:00
FRACTAL.NS,1285886,consolidated,2026-03-31,27.0321,31.35,27.0321,31.35,27.0321,31.35,18.0,52.0,,54.0,,,-34.53416235427773,6.212633546275614,,0.1312401883830455,12.0,14.0,https://www.screener.in/company/FRACTAL/consolidated/,2026-09-01T23:39:41.636880+00:00
FREDUN.NS,1273284,consolidated,2026-03-31,33.9597,34.0,33.9597,34.0,33.9597,34.0,,,,,64.0,68.0,,,,0.7985611510791367,15.6,15.0,https://www.screener.in/company/FREDUN/consolidated/,2026-09-01T23:39:41.636880+00:00
FSL.NS,1029,consolidated,2026-03-31,33.4335,33.75,27.4206,24.65,19.6732,15.75,17.0,10.0,11.0,14.0,7.0,20.0,9.18126789523419,12.90391620843454,9.441929439359884,0.6663625997719498,17.6,16.0,https://www.screener.in/company/FSL/consolidated/,2026-09-01T23:39:41.636880+00:00
GABRIEL.NS,1070,consolidated,2026-03-31,43.5708,40.95,43.5708,40.95,43.5708,40.95,,,,,59.0,28.0,,,,0.1081871345029239,20.2,9.0,https://www.screener.in/company/GABRIEL/consolidated/,2026-09-01T23:39:41.636880+00:00
GAEL.NS,1225,consolidated,2026-03-31,22.5139,21.25,18.8378,17.9,21.392,19.5,5.0,-2.0,12.0,-3.0,14.0,23.0,-2.7117606354254864,-2.094022430132225,12.5092775800282,0.1338391502276176,9.72,10.0,https://www.screener.in/company/GAEL/consolidated/,2026-09-01T23:39:41.636880+00:00
GAIL.NS,1074,consolidated,2026-03-31,13.5095,12.6,11.0947,11.7,14.0375,12.0,-1.0,4.0,15.0,10.0,12.0,9.0,10.524140314393192,4.595725206691537,15.369768856907706,0.2788464777818953,8.71,10.0,https://www.screener.in/company/GAIL/consolidated/,2026-09-01T23:39:41.636880+00:00
GAJA.NS,1286115,consolidated,2026-03-31,22.94,23.1,22.94,23.1,22.94,23.1,34.0,,,24.0,,,-92.95421937639809,,,0.0874587458745874,15.9,53.0,https://www.screener.in/company/GAJA/consolidated/,2026-09-01T23:39:41.636880+00:00
GALAPREC.NS,1284954,consolidated,2026-03-31,36.4529,35.7,36.4529,35.7,36.4529,35.7,24.0,73.0,,33.0,,,-33.851310262639664,24.305192354077157,,0.1296928327645051,13.2,17.0,https://www.screener.in/company/GALAPREC/consolidated/,2026-09-01T23:39:41.636880+00:00
GALAXYSURF.NS,1274259,consolidated,2026-03-31,27.3671,26.6,29.6958,27.85,28.529,26.9,6.0,-2.0,10.0,-10.0,-7.0,,-11.13569100437639,-2.4162547658708733,10.039357145451987,0.0856413994169096,10.9,10.0,https://www.screener.in/company/GALAXYSURF/consolidated/,2026-09-01T23:39:41.636880+00:00
GALLANTT.NS,1082,consolidated,2026-03-31,28.0228,27.9,18.8863,23.4,13.8608,8.1,3.0,43.0,27.0,51.0,52.0,29.0,50.907737676907146,14.927155805437708,13.574571168059958,0.1652593486127865,15.7,15.0,https://www.screener.in/company/GALLANTT/consolidated/,2026-09-01T23:39:41.636880+00:00
GANDHAR.NS,1284569,consolidated,2026-03-31,14.9786,15.0,14.9786,15.0,14.9786,15.0,1.0,6.0,18.0,-11.0,,,-16.622171475606784,-26.08868521818252,,0.2328159645232816,10.5,9.0,https://www.screener.in/company/GANDHAR/consolidated/,2026-09-01T23:39:41.636880+00:00
GANECOS.NS,1092,consolidated,2026-03-31,53.7209,50.9,41.0676,36.1,37.125,32.65,8.0,-1.0,,-16.0,15.0,17.0,-23.474451682474008,-6.485517618716374,,0.3887147335423197,3.3,11.0,https://www.screener.in/company/GANECOS/consolidated/,2026-09-01T23:39:41.636880+00:00
GANESHHOU.NS,1091,consolidated,2026-03-31,15.7139,15.15,20.1621,17.6,15.3556,12.9,-6.0,38.0,18.0,46.0,40.0,26.0,45.75235635844932,,11.68614998935833,0.2492890995260663,16.0,63.0,https://www.screener.in/company/GANESHHOU/consolidated/,2026-09-01T23:39:41.636880+00:00
GANGESSECU.NS,1274105,consolidated,2026-03-31,35.9785,32.6,26.5958,24.65,18.2115,12.5,-4.0,-23.0,53.0,-35.0,6.0,,-34.89976522891078,-22.76859819935804,,0.0,0.44,11.64,https://www.screener.in/company/GANGESSECU/consolidated/,2026-09-01T23:39:41.636880+00:00
GARFIBRES.NS,1103,consolidated,2026-03-31,35.0595,35.1,36.542,36.4,31.6335,33.7,5.0,6.0,13.0,7.0,5.0,24.0,5.792154387146353,5.431691593055343,13.460074852732395,0.0317577548005908,16.1,19.0,https://www.screener.in/company/GARFIBRES/consolidated/,2026-09-01T23:39:41.636880+00:00
GARUDA.NS,1285112,consolidated,2026-03-31,18.9716,19.0,18.9716,19.0,18.9716,19.0,,,,,,,,,,0.0263736263736263,31.2,32.0,https://www.screener.in/company/GARUDA/consolidated/,2026-09-01T23:39:41.636880+00:00
GATEWAY.NS,1275195,consolidated,2026-03-31,15.7278,14.3,14.706,14.8,14.706,14.8,16.0,22.0,16.0,3.0,,,2.174590985807079,1.7699177803450317,,0.2817269952027911,11.5,22.0,https://www.screener.in/company/GATEWAY/consolidated/,2026-09-01T23:39:41.636880+00:00
GAYAHWS.NS,1274372,consolidated,2026-03-31,19.6803,13.8,19.6803,13.8,19.6803,13.8,24.0,15.0,,26.0,19.0,,,,,,,-3.79,https://www.screener.in/company/GAYAHWS/consolidated/,2026-09-01T23:39:41.636880+00:00
GCSL.NS,1274900,consolidated,2026-03-31,33.4849,24.0,32.3743,29.6,32.3126,29.55,133.0,106.0,,2.0,122.0,,0.0338983076811238,93.79319352450514,,0.088235294117647,12.7,30.0,https://www.screener.in/company/GCSL/consolidated/,2026-09-01T23:39:41.636880+00:00
GEMAROMA.NS,1285607,consolidated,2026-03-31,23.7406,23.85,23.7406,23.85,23.7406,23.85,-5.0,-43.0,,-68.0,,,-89.7438352108619,-70.92380649606753,,0.3385300668151447,0.39,8.0,https://www.screener.in/company/GEMAROMA/consolidated/,2026-09-01T23:39:41.636880+00:00
GENCON.NS,1273091,consolidated,2026-03-31,22.5612,20.6,22.5612,20.6,22.5612,20.6,,,,,0.0,10.0,,,,0.2184300341296928,2.94,11.0,https://www.screener.in/company/GENCON/consolidated/,2026-09-01T23:39:41.636880+00:00
GENESYS.NS,1119,consolidated,2026-03-31,85.0685,55.6,85.6996,57.3,74.1122,46.35,22.0,32.0,32.0,26.0,18.0,17.0,15.508504099671638,,26.6126541678452,0.2457386363636363,5.74,32.0,https://www.screener.in/company/GENESYS/consolidated/,2026-09-01T23:39:41.636880+00:00
GENUSPAPER.NS,1270585,consolidated,2025-09-30,109.71,138.55,75.026,34.7,43.6708,21.55,14.0,,-11.0,-52.0,4.0,11.0,-52.08580142937216,-21.541826744278737,,0.8486590038314177,0.61,8.0,https://www.screener.in/company/GENUSPAPER/consolidated/,2026-09-01T23:39:41.636880+00:00
GENUSPOWER.NS,1122,consolidated,2026-03-31,64.893,42.25,57.4424,38.25,36.041,21.55,80.0,53.0,22.0,173.0,38.0,22.0,159.04943114918814,48.789038751689496,18.823857625571748,1.0378719567177637,29.0,19.0,https://www.screener.in/company/GENUSPOWER/consolidated/,2026-09-01T23:39:41.636880+00:00
GEOJITFSL.NS,1125,consolidated,2026-03-31,17.3449,16.8,14.8607,14.25,20.7126,17.05,15.0,-7.0,9.0,-4.0,3.0,9.0,-6.1132264583130365,-8.25175781484413,7.712769373464323,0.1024146544546211,7.32,21.0,https://www.screener.in/company/GEOJITFSL/consolidated/,2026-09-01T23:39:41.636880+00:00
GESHIP.NS,1204,consolidated,2026-03-31,6.919,6.95,9.8786,7.15,10.6762,7.75,-2.0,24.0,10.0,0.0,30.0,14.0,4.548934767873725,26.953245881318644,10.973845931311942,0.0640806461121264,15.9,62.0,https://www.screener.in/company/GESHIP/consolidated/,2026-09-01T23:39:41.636880+00:00
GFLLIMITED.NS,1232,consolidated,2026-03-31,10.9933,11.2,10.9933,11.2,3.7404,2.1,-89.0,19.0,-20.0,67.0,-3.0,-4.0,-72.83726098798002,,-19.60077806314394,0.0,1.77,40.0,https://www.screener.in/company/GFLLIMITED/consolidated/,2026-09-01T23:39:41.636880+00:00
GHCL.NS,1128,consolidated,2026-03-31,8.9456,9.0,8.2473,8.7,7.2739,7.1,-12.0,7.0,6.0,-25.0,4.0,6.0,-24.50017010991078,8.402915531944167,7.141955953328405,0.0233671171171171,13.0,22.0,https://www.screener.in/company/GHCL/consolidated/,2026-09-01T23:39:41.636880+00:00
GICHSGFIN.NS,1130,consolidated,2026-03-31,6.4937,6.2,5.8013,5.6,5.8013,5.6,-1.0,,,-10.0,-1.0,-8.0,-10.123209707413084,,,,7.61,,https://www.screener.in/company/GICHSGFIN/consolidated/,2026-09-01T23:39:41.636880+00:00
GICL.NS,1273553,consolidated,2026-03-31,64.7306,66.1,63.148,67.1,56.1588,62.7,15.0,61.0,,72.0,,,66.69005519723845,57.7785761601878,,0.4897959183673469,12.5,11.0,https://www.screener.in/company/GICL/consolidated/,2026-09-01T23:39:41.636880+00:00
GICRE.NS,1274184,consolidated,2026-03-31,8.3285,8.35,8.2469,8.25,26.7468,9.8,4.0,37.0,20.0,12.0,19.0,,11.843179709061149,37.15120069742346,32.59037801567688,0.0,14.6,18.0,https://www.screener.in/company/GICRE/consolidated/,2026-09-01T23:39:41.636880+00:00
GILLANDERS.NS,1131,consolidated,2026-03-31,24.6425,19.4,23.355,15.5,24.0977,15.6,-1.0,20.0,8.0,26.0,18.0,6.0,-13.832961550691737,,,0.5775193798449613,2.95,7.0,https://www.screener.in/company/GILLANDERS/consolidated/,2026-09-01T23:39:41.636880+00:00
GIPCL.NS,1236,consolidated,2019-03-31,7.8506,7.8,6.2187,6.6,6.0057,6.5,1.0,14.0,,23.0,19.0,9.0,10.5921357570397,6.484744981060708,,0.2229571984435797,14.2,39.0,https://www.screener.in/company/GIPCL/consolidated/,2026-09-01T23:39:41.636880+00:00
GKB.NS,1139,consolidated,2026-03-31,16.06,17.9,21.3368,20.4,54.5359,25.6,25.0,77.0,11.0,138.0,-7.0,-4.0,,,-13.53959893868507,0.2264150943396226,3.28,7.0,https://www.screener.in/company/GKB/consolidated/,2026-09-01T23:39:41.636880+00:00
GKENERGY.NS,1285665,consolidated,2026-03-31,15.6722,13.5,15.6722,13.5,15.6722,13.5,,,,,,,,,,0.2319819819819819,37.3,18.0,https://www.screener.in/company/GKENERGY/consolidated/,2026-09-01T23:39:41.636880+00:00
GKSL.NS,1285833,consolidated,2026-03-31,63.8533,64.5,63.8533,64.5,63.8533,64.5,,,,1058.0,,,,,,0.1146245059288537,11.1,26.0,https://www.screener.in/company/GKSL/consolidated/,2026-09-01T23:39:41.636880+00:00
GKWLIMITED.NS,1140,consolidated,2017-03-31,321.3234,281.35,233.8733,257.25,171.4743,117.35,-6.0,-13.0,2.0,0.0,18.0,10.0,-0.0539665512256704,-23.071026701800523,,0.0,3.56,34.85,https://www.screener.in/company/GKWLIMITED/consolidated/,2026-09-01T23:39:41.636880+00:00
GLAND.NS,1274812,consolidated,2026-03-31,38.9918,39.45,37.9393,38.45,39.0903,38.8,21.0,1.0,,8.0,-6.0,,9.553175218698629,0.4585259993974189,,0.0274210678767983,10.7,26.0,https://www.screener.in/company/GLAND/consolidated/,2026-09-01T23:39:41.636880+00:00
GLAXO.NS,1143,consolidated,2026-03-31,50.6614,49.45,51.5031,51.85,57.0299,57.6,6.0,15.0,10.0,18.0,15.0,7.0,19.26062036357541,23.668272907621567,10.663486491577402,0.0145566828407587,45.6,34.0,https://www.screener.in/company/GLAXO/consolidated/,2026-09-01T23:39:41.636880+00:00
GLENMARK.NS,1144,consolidated,2026-03-31,31.462,30.0,22.7352,21.15,20.3513,17.9,14.0,19.0,12.0,61.0,36.0,11.0,66.10638069667523,7.017866593978206,6.246258668943305,0.0565068493150684,23.6,27.0,https://www.screener.in/company/GLENMARK/consolidated/,2026-09-01T23:39:41.636880+00:00
GLOBAL.NS,1273654,consolidated,2026-03-31,14.8614,13.15,20.6069,13.85,15.2879,11.0,15.0,,,5.0,65.0,,5.475497957588016,27.43866256921985,,-0.0,22.0,38.0,https://www.screener.in/company/GLOBAL/consolidated/,2026-09-01T23:39:41.636880+00:00
GLOBE.NS,1274085,consolidated,2026-03-31,13.6762,11.8,13.6762,11.8,13.6762,11.8,,,,,-25.0,,,,,1.143835616438356,7.51,4.6,https://www.screener.in/company/GLOBE/consolidated/,2026-09-01T23:39:41.636880+00:00
GLOBECIVIL.NS,1285500,consolidated,2026-03-31,8.9663,10.4,8.9663,10.4,8.9663,10.4,20.0,,,70.0,,,-41.61927124597776,,,0.6302521008403361,13.5,13.0,https://www.screener.in/company/GLOBECIVIL/consolidated/,2026-09-01T23:39:41.636880+00:00
GLOBUSSPR.NS,1154,consolidated,2026-03-31,56.2411,35.6,40.8573,21.2,34.0649,21.0,9.0,-8.0,25.0,-9.0,-3.0,27.0,-9.375345339407035,12.751599778851874,29.72378950017074,0.4830430797433547,8.76,10.0,https://www.screener.in/company/GLOBUSSPR/consolidated/,2026-09-01T23:39:41.636880+00:00
GLOSTERLTD.NS,1274618,consolidated,2026-03-31,67.9514,74.6,67.9514,74.6,67.9514,74.6,26.0,-12.0,,-29.0,0.0,,-30.645276311547853,-15.217986109558556,,0.8806244260789715,1.84,10.0,https://www.screener.in/company/GLOSTERLTD/consolidated/,2026-09-01T23:39:41.636880+00:00
GLOTTIS.NS,1285709,consolidated,2026-03-31,16.2714,16.35,16.2714,16.35,16.2714,16.35,,,,,,,,,,0.1892857142857142,13.4,7.0,https://www.screener.in/company/GLOTTIS/consolidated/,2026-09-01T23:39:41.636880+00:00
GMBREW.NS,1065,consolidated,2026-03-31,15.8192,16.3,15.8192,16.3,15.8192,16.3,,,,,13.0,9.0,,,,0.0,12.5,24.0,https://www.screener.in/company/GMBREW/consolidated/,2026-09-01T23:39:41.636880+00:00
GMDCLTD.NS,1242,consolidated,2026-03-31,20.9032,19.2,15.6294,14.1,13.1728,11.9,-9.0,8.0,10.0,-22.0,53.0,20.0,-7.397519405024033,,15.879299448714155,0.0448183232009048,8.34,16.0,https://www.screener.in/company/GMDCLTD/consolidated/,2026-09-01T23:39:41.636880+00:00
GMMPFAUDLR.NS,1158,consolidated,2026-03-31,45.3101,42.8,50.7431,44.85,50.5266,43.5,4.0,-4.0,14.0,-23.0,-6.0,25.0,-29.728614254810804,-5.125608048658503,10.87599981169165,0.8639004149377594,6.69,11.0,https://www.screener.in/company/GMMPFAUDLR/consolidated/,2026-09-01T23:39:41.636880+00:00
GMRAIRPORT.NS,1159,consolidated,2026-03-31,364.3133,421.2,364.3133,421.2,214.4714,181.65,30.0,16.0,8.0,42.0,27.0,22.0,,,,,,39.0,https://www.screener.in/company/GMRAIRPORT/consolidated/,2026-09-01T23:39:41.636880+00:00
GMRP&UI.NS,1275197,consolidated,2026-03-31,19.992,6.5,19.992,6.5,19.992,6.5,10.0,10.0,,,,,-26.792301093974316,,,6.089285714285714,-42.8,22.0,https://www.screener.in/company/GMRP&UI/consolidated/,2026-09-01T23:39:41.636880+00:00
GNA.NS,1273506,consolidated,2026-03-31,15.4367,14.9,15.1092,14.8,15.6819,14.7,-2.0,11.0,16.0,-4.0,8.0,,-3.539508765987242,10.600083404192052,12.272484633342271,0.2171314741035856,12.2,16.0,https://www.screener.in/company/GNA/consolidated/,2026-09-01T23:39:41.636880+00:00
GNFC.NS,1244,consolidated,2026-03-31,13.7411,13.2,10.6836,10.2,11.5946,9.1,-9.0,3.0,16.0,-18.0,11.0,14.0,-16.546013385157778,4.1805826016701575,16.876343294853015,0.0005485463521667,9.14,15.0,https://www.screener.in/company/GNFC/consolidated/,2026-09-01T23:39:41.636880+00:00
GNRL.NS,1245,consolidated,2026-03-31,361.986,184.7,361.986,184.7,306.9618,184.55,32.0,34.0,42.0,64.0,61.0,11.0,,,29.03900242964319,0.0625,5.47,68.0,https://www.screener.in/company/GNRL/consolidated/,2026-09-01T23:39:41.636880+00:00
GOACARBON.NS,1160,consolidated,2017-03-31,55.1911,49.0,51.0729,46.8,47.3313,43.65,0.0,-2.0,,34.0,-1.0,15.0,33.45917580698465,-2.698699064045651,,1.9875,12.1,5.0,https://www.screener.in/company/GOACARBON/consolidated/,2026-09-01T23:39:41.636880+00:00
GOCLCORP.NS,1260,consolidated,2026-03-31,22.3342,17.05,19.4363,16.1,33.9485,23.85,-78.0,28.0,28.0,89.0,7.0,4.0,93.17383148260248,80.82580397835635,49.70464274841977,0.0003181673560292,11.4,-287.0,https://www.screener.in/company/GOCLCORP/consolidated/,2026-09-01T23:39:41.636880+00:00
GODAVARIB.NS,1285137,consolidated,2026-03-31,128.2912,39.7,128.2912,39.7,128.2912,39.7,0.0,5.0,,18.0,,,-47.17156492266268,-36.08703550774754,,0.6738578680203046,4.28,6.0,https://www.screener.in/company/GODAVARIB/consolidated/,2026-09-01T23:39:41.636880+00:00
GODFRYPHLP.NS,1163,consolidated,2026-03-31,27.6563,25.4,22.3065,19.0,25.4368,23.3,22.0,34.0,24.0,32.0,45.0,17.0,30.26717992784236,32.29877887783778,24.56291267751538,0.0376690276883451,23.4,23.0,https://www.screener.in/company/GODFRYPHLP/consolidated/,2026-09-01T23:39:41.636880+00:00
GODREJAGRO.NS,1274176,consolidated,2026-03-31,30.5051,30.05,29.2733,28.55,32.6528,31.25,3.0,8.0,11.0,23.0,1.0,,16.091894325051182,8.522337288610583,-1.3609955652221006,0.7746062992125984,20.9,8.0,https://www.screener.in/company/GODREJAGRO/consolidated/,2026-09-01T23:39:41.636880+00:00
GODREJCP.NS,1164,consolidated,2026-03-31,65.7006,64.35,60.8618,59.7,52.5243,51.6,4.0,3.0,6.0,5.0,-4.0,6.0,2.9926312789391174,1.5663198709224837,8.426332481159292,0.3495414294750158,16.1,20.0,https://www.screener.in/company/GODREJCP/consolidated/,2026-09-01T23:39:41.636880+00:00
GODREJIND.NS,1165,consolidated,2026-03-31,55.5607,39.2,44.1896,35.6,45.3008,40.3,10.0,26.0,21.0,5.0,15.0,11.0,8.343049099384526,29.94604527341252,22.652776052139732,4.613402523038382,9.26,10.0,https://www.screener.in/company/GODREJIND/consolidated/,2026-09-01T23:39:41.636880+00:00
GODREJPROP.NS,98066,consolidated,2026-03-31,59.9589,48.0,68.2696,70.2,97.9156,74.65,32.0,56.0,26.0,49.0,5.0,19.0,44.05319542966819,,23.6880247518916,0.8297139277510963,8.82,-11.0,https://www.screener.in/company/GODREJPROP/consolidated/,2026-09-01T23:39:41.636880+00:00
GOKEX.NS,1169,consolidated,2026-03-31,41.6709,40.1,32.5767,34.75,26.1124,22.35,22.0,32.0,19.0,-14.0,32.0,27.0,-21.76745342844444,17.207663337185863,-2.511896865970753,0.5890791300323924,4.72,9.0,https://www.screener.in/company/GOKEX/consolidated/,2026-09-01T23:39:41.636880+00:00
GOKUL.NS,1170,consolidated,2026-03-31,28.6835,28.1,22.4786,19.55,23.1158,17.0,10.0,-2.0,6.0,-8.0,8.0,12.0,-8.486761045555703,-2.011693442843188,8.203738981834285,1.0521978021978022,5.22,0.9,https://www.screener.in/company/GOKUL/consolidated/,2026-09-01T23:39:41.636880+00:00
GOKULAGRO.NS,1273279,consolidated,2026-03-31,17.7823,17.35,15.4115,14.15,16.1515,13.7,31.0,53.0,45.0,41.0,65.0,42.0,40.75138033369841,50.15925197637054,43.005792295877285,0.4139142656359803,30.0,3.1,https://www.screener.in/company/GOKULAGRO/consolidated/,2026-09-01T23:39:41.636880+00:00
GOLDIAM.NS,1177,consolidated,2026-03-31,29.1633,28.85,24.8912,22.9,16.958,15.5,22.0,27.0,20.0,26.0,26.0,42.0,24.935135595116176,22.423992536427463,19.239330758392946,0.0696202531645569,18.5,21.0,https://www.screener.in/company/GOLDIAM/consolidated/,2026-09-01T23:39:41.636880+00:00
GOODLUCK.NS,1183,consolidated,2026-03-31,21.7171,21.8,18.5569,19.25,12.4904,11.25,10.0,43.0,19.0,27.0,35.0,28.0,19.10574063943056,34.68985929209436,13.816215693480505,0.7505030181086519,12.9,10.0,https://www.screener.in/company/GOODLUCK/consolidated/,2026-09-01T23:39:41.636880+00:00
GOYALALUM.NS,1274305,consolidated,2026-03-31,46.9778,49.65,102.2045,52.1,102.2045,52.1,5.0,86.0,,12.0,15.0,,13.617128057248994,85.56007362580844,,0.420969649191959,12.9,5.83,https://www.screener.in/company/GOYALALUM/consolidated/,2026-09-01T23:39:41.636880+00:00
GPIL.NS,1162,consolidated,2026-03-31,17.1177,15.7,12.1427,12.7,9.953,7.2,-2.0,5.0,27.0,1.0,33.0,57.0,1.9453335257017643,5.658015455768406,,0.0762609743501463,15.3,22.0,https://www.screener.in/company/GPIL/consolidated/,2026-09-01T23:39:41.636880+00:00
GPPL.NS,1248,consolidated,2026-03-31,20.4715,19.4,20.026,19.1,20.696,19.8,8.0,17.0,8.0,13.0,11.0,-1.0,18.04857064914922,18.355625186230352,8.51096600664416,0.0154941373534338,20.8,62.0,https://www.screener.in/company/GPPL/consolidated/,2026-09-01T23:39:41.636880+00:00
GPTINFRA.NS,1194,consolidated,2026-03-31,20.0797,18.55,16.4027,15.05,16.3665,14.4,17.0,37.0,24.0,46.0,37.0,13.0,41.81069550383352,34.64440000371483,21.932221400658023,0.4883720930232558,17.3,14.0,https://www.screener.in/company/GPTINFRA/consolidated/,2026-09-01T23:39:41.636880+00:00
GRANDOAK.NS,818,consolidated,2026-03-31,28.8197,26.4,24.9633,24.7,23.3275,24.0,,,,,30.0,17.0,,,,,0.01,,https://www.screener.in/company/GRANDOAK/consolidated/,2026-09-01T23:39:41.636880+00:00
GRANULES.NS,1196,consolidated,2026-03-31,26.9924,26.65,22.687,23.85,19.5245,18.1,6.0,2.0,17.0,5.0,20.0,21.0,4.007801155762025,1.5982257244918197,15.505956924766483,0.2973451327433628,13.8,23.0,https://www.screener.in/company/GRANULES/consolidated/,2026-09-01T23:39:41.636880+00:00
GRAPHITE.NS,1197,consolidated,2026-03-31,77.3134,41.6,56.8981,30.7,51.3226,23.9,-4.0,51.0,8.0,-8.0,3.0,26.0,-4.192959756518944,,7.78111166648241,0.0628093531319337,3.11,3.0,https://www.screener.in/company/GRAPHITE/consolidated/,2026-09-01T23:39:41.636880+00:00
GRASIM.NS,1198,consolidated,2026-03-31,36.462,38.9,28.4969,26.7,22.2193,19.1,14.0,2.0,8.0,-10.0,17.0,16.0,-10.065909103494985,2.886887621694778,3.618147131652005,2.20211655552334,4.98,21.0,https://www.screener.in/company/GRASIM/consolidated/,2026-09-01T23:39:41.636880+00:00
GRAUWEIL.NS,1200,consolidated,2026-03-31,25.5209,25.35,22.9237,22.55,21.0711,20.65,7.0,18.0,13.0,11.0,19.0,17.0,13.284304098314248,18.95234184344843,14.557245397020768,0.0138760407030527,15.2,15.0,https://www.screener.in/company/GRAUWEIL/consolidated/,2026-09-01T23:39:41.636880+00:00
GRAVISSHO.NS,1201,consolidated,2026-03-31,88.1064,82.6,88.1064,82.6,88.1064,82.6,-1.0,14.0,5.0,,13.0,3.0,,,,0.0491478605305675,-0.42,14.29,https://www.screener.in/company/GRAVISSHO/consolidated/,2026-09-01T23:39:41.636880+00:00
GRAVITA.NS,1202,consolidated,2026-03-31,38.5956,34.85,30.421,30.0,25.1538,22.25,15.0,46.0,54.0,23.0,55.0,51.0,20.776392761938634,46.519224408470535,55.02818672506174,0.300163132137031,16.8,9.0,https://www.screener.in/company/GRAVITA/consolidated/,2026-09-01T23:39:41.636880+00:00
GREAVESCOT.NS,1206,consolidated,2026-03-31,151.7624,88.1,130.7667,82.35,80.3209,39.95,8.0,27.0,-3.0,10.0,7.0,4.0,10.928373106757627,,-5.65132626352034,0.2753319357092942,8.1,7.0,https://www.screener.in/company/GREAVESCOT/consolidated/,2026-09-01T23:39:41.636880+00:00
GREENLAM.NS,1270749,consolidated,2026-03-31,65.6529,55.1,52.9689,45.2,42.7482,39.0,15.0,-7.0,4.0,-23.0,12.0,13.0,-24.292615877142957,-6.324813094083115,3.4974877949595973,0.9830508474576272,5.02,11.0,https://www.screener.in/company/GREENLAM/consolidated/,2026-09-01T23:39:41.636880+00:00
GREENPANEL.NS,1274706,consolidated,2024-03-31,23.5361,22.85,22.5695,22.35,25.9812,22.9,15.0,33.0,,26.0,-9.0,,27.54498087740764,,,0.2247532270311313,11.4,16.0,https://www.screener.in/company/GREENPANEL/consolidated/,2026-09-01T23:39:41.636880+00:00
GREENPLY.NS,1209,consolidated,2026-03-31,40.3127,41.15,33.5573,33.3,27.333,24.6,18.0,10.0,-3.0,6.0,10.0,2.0,-1.224612971186145,7.605025162263757,-3.861223878632891,0.5760626398210291,11.8,9.0,https://www.screener.in/company/GREENPLY/consolidated/,2026-09-01T23:39:41.636880+00:00
GREENPOWER.NS,2354,consolidated,2026-03-31,55.9791,58.8,68.3511,60.0,66.5023,59.0,4.0,24.0,9.0,85.0,29.0,1.0,28.20294257568241,,,0.4548611111111111,5.27,62.0,https://www.screener.in/company/GREENPOWER/consolidated/,2026-09-01T23:39:41.636880+00:00
GRINDWELL.NS,1211,consolidated,2026-03-31,56.8557,55.3,60.2824,61.75,49.4121,47.2,7.0,12.0,14.0,3.0,8.0,20.0,4.719232181169386,11.688408733638166,14.717949352083082,0.0240726124704025,16.2,19.0,https://www.screener.in/company/GRINDWELL/consolidated/,2026-09-01T23:39:41.636880+00:00
GRINFRA.NS,1274889,consolidated,2026-03-31,11.3443,10.7,12.1508,10.9,12.2664,11.0,-4.0,-3.0,24.0,-17.0,-12.0,,-14.71469602855352,-0.5688771203896659,8.634908126335983,0.519458364431176,9.2,18.0,https://www.screener.in/company/GRINFRA/consolidated/,2026-09-01T23:39:41.636880+00:00
GRMOVER.NS,1212,consolidated,2026-03-31,28.7608,24.65,28.6095,25.6,19.4229,18.4,9.0,10.0,43.0,6.0,5.0,53.0,1.0427292131892196,7.0806142128460925,40.472502778435256,0.6123128119800333,14.5,5.0,https://www.screener.in/company/GRMOVER/consolidated/,2026-09-01T23:39:41.636880+00:00
GROWW.NS,1285755,consolidated,2026-03-31,33.411,35.55,33.411,35.55,33.411,35.55,60.0,,,66.0,,,-63.30646073316073,,,0.0302527973476999,28.8,62.0,https://www.screener.in/company/GROWW/consolidated/,2026-09-01T23:39:41.636880+00:00
GRPLTD.NS,1251,consolidated,2026-03-31,60.6691,50.6,47.0535,38.15,39.5444,30.7,6.0,45.0,-6.0,-30.0,53.0,19.0,-38.77666009460924,13.905652696201564,-8.646159119359497,1.1685393258426966,2.48,8.0,https://www.screener.in/company/GRPLTD/consolidated/,2026-09-01T23:39:41.636880+00:00
GRWRHITECH.NS,1102,consolidated,2026-03-31,28.1861,26.65,21.3004,20.8,17.6732,16.7,14.0,22.0,36.0,27.0,48.0,51.0,26.742301547608594,21.845761847950683,35.30374857215892,0.0060240963855421,13.4,22.0,https://www.screener.in/company/GRWRHITECH/consolidated/,2026-09-01T23:39:41.636880+00:00
GSFC.NS,1253,consolidated,2026-03-31,12.1165,12.15,9.7275,9.4,10.7211,10.2,-1.0,10.0,5.0,-19.0,9.0,8.0,-19.0062061217348,8.357455895390874,4.922153154739006,0.0022010271460014,5.51,7.0,https://www.screener.in/company/GSFC/consolidated/,2026-09-01T23:39:41.636880+00:00
GSLSU.NS,1284321,consolidated,2026-03-31,54.5273,50.4,54.5273,50.4,54.5273,50.4,9.0,,,,,,,,,0.7925925925925926,-10.8,-4.9,https://www.screener.in/company/GSLSU/consolidated/,2026-09-01T23:39:41.636880+00:00
GSPCROP.NS,1285927,consolidated,2026-03-31,19.6963,19.4,19.6963,19.4,19.6963,19.4,8.0,8.0,,67.0,,,-35.33294384419634,-38.005925289916654,,0.3393782383419689,16.5,12.0,https://www.screener.in/company/GSPCROP/consolidated/,2026-09-01T23:39:41.636880+00:00
GSS.NS,1218,consolidated,2026-03-31,37.6152,21.6,51.3578,34.5,46.5939,17.85,-8.0,18.0,-12.0,-58.0,-31.0,-6.0,,,,0.4801324503311258,0.31,6.0,https://www.screener.in/company/GSS/consolidated/,2026-09-01T23:39:41.636880+00:00
GTL.NS,1220,consolidated,2021-09-30,10.6859,7.0,7.9483,0.4,7.9483,0.4,-39.0,15.0,,-45.0,-13.0,-5.0,,,,,,1.2,https://www.screener.in/company/GTL/consolidated/,2026-09-01T23:39:41.636880+00:00
GTPL.NS,1274089,consolidated,2026-03-31,28.1975,24.85,21.1389,18.8,18.6253,15.0,12.0,-39.0,8.0,-50.0,-24.0,,-48.298136495377456,-39.11274165105269,6.440443939377238,0.43804537521815,1.39,11.0,https://www.screener.in/company/GTPL/consolidated/,2026-09-01T23:39:41.636880+00:00
GUFICBIO.NS,1223,consolidated,2026-03-31,52.2655,54.2,52.2655,54.2,52.2655,54.2,,,,,17.0,27.0,,,,0.6090225563909775,10.1,17.0,https://www.screener.in/company/GUFICBIO/consolidated/,2026-09-01T23:39:41.636880+00:00
GUJALKALI.NS,1224,consolidated,2026-03-31,58.15,66.4,24.0142,14.25,16.3233,12.1,-1.0,,,,9.0,9.0,,,,0.1107899807321772,-0.05,11.0,https://www.screener.in/company/GUJALKALI/consolidated/,2026-09-01T23:39:41.636880+00:00
GUJAPOLLO.NS,1226,consolidated,2026-03-31,37.5724,32.9,33.4227,26.95,20.2338,15.5,-10.0,1.0,-10.0,-19.0,9.0,11.0,-24.273846158917223,-33.47196949601569,-10.539658556465705,0.0805964849991123,1.19,-22.86,https://www.screener.in/company/GUJAPOLLO/consolidated/,2026-09-01T23:39:41.636880+00:00
GUJENERGY.NS,1273048,consolidated,2026-03-31,21.7601,20.75,22.1195,21.7,26.186,24.9,12.0,11.0,26.0,12.0,-16.0,9.0,9.72856412165215,9.714275225194257,26.660237516327246,0.175886755613407,15.8,13.0,https://www.screener.in/company/GUJENERGY/consolidated/,2026-09-01T23:39:41.636880+00:00
GUJTHEM.NS,1257,consolidated,2026-03-31,89.5733,89.5,89.5733,89.5,89.5733,89.5,,,,,48.0,52.0,,,,,,46.0,https://www.screener.in/company/GUJTHEM/consolidated/,2026-09-01T23:39:41.636880+00:00
GULFOILLUB.NS,1003682,consolidated,2026-03-31,15.5835,15.85,13.9295,14.5,13.9295,14.5,11.0,,,16.0,13.0,4.0,14.086331158034929,,,0.369140625,24.1,13.0,https://www.screener.in/company/GULFOILLUB/consolidated/,2026-09-01T23:39:41.636880+00:00
GULPOLY.NS,1261,consolidated,2025-09-30,41.0576,40.7,40.1557,39.2,40.1557,39.2,22.0,,,-35.0,-1.0,12.0,-34.97042765743065,,,0.7078125,3.91,6.0,https://www.screener.in/company/GULPOLY/consolidated/,2026-09-01T23:39:41.636880+00:00
GVPIL.NS,149,consolidated,2026-03-31,37.0932,30.95,71.2745,37.05,183.4705,58.05,-11.0,24.0,21.0,38.0,14.0,0.0,,29.097876471443552,,0.0309278350515463,62.2,24.0,https://www.screener.in/company/GVPIL/consolidated/,2026-09-01T23:39:41.636880+00:00
GVPTECH.NS,1273219,consolidated,2018-03-31,3.2462,3.2,4.1144,3.5,5.154,3.5,-7.0,237.0,,40.0,,,-17.64743131463552,,,0.027027027027027,43.6,13.0,https://www.screener.in/company/GVPTECH/consolidated/,2026-09-01T23:39:41.636880+00:00
GYFTR.NS,1899,consolidated,2026-03-31,14.8724,5.5,11.0489,5.1,13.4785,10.7,138.0,-18.0,11.0,16.0,51.0,32.0,16.201906919861052,-18.503632840105045,11.113880383935504,0.002061855670103,5.24,-8.0,https://www.screener.in/company/GYFTR/consolidated/,2026-09-01T23:39:41.636880+00:00
HAL.NS,1274307,consolidated,2026-03-31,34.1658,34.5,26.479,29.95,20.3748,14.2,7.0,23.0,16.0,16.0,47.0,,16.080543652266876,22.98675541129782,17.265500899998276,0.0016081479496113,24.0,30.0,https://www.screener.in/company/HAL/consolidated/,2026-09-01T23:39:41.636880+00:00
HALDER.NS,1273338,consolidated,2026-03-31,20.3121,14.9,16.5727,13.4,14.539,10.5,21.0,9.0,122.0,69.0,5.0,,54.71714826614176,3.561812600461711,116.96016104154845,2.016759776536313,17.3,5.0,https://www.screener.in/company/HALDER/consolidated/,2026-09-01T23:39:41.636880+00:00
HALEOSLABS.NS,1274121,consolidated,2026-03-31,26.1304,22.45,21.6431,18.0,18.8405,16.6,2.0,5.0,,20.0,15.0,,14.73586295501834,5.006885922458348,,0.5186915887850467,8.44,13.0,https://www.screener.in/company/HALEOSLABS/consolidated/,2026-09-01T23:39:41.636880+00:00
HAMPTON.NS,2768,consolidated,2025-09-30,71.3,34.0,85.8218,51.3,46.8299,10.0,-32.0,,14.0,-49.0,-21.0,27.0,-50.60981693555788,5.922384104881218,-4.287903288005923,0.4598540145985401,3.84,-127.0,https://www.screener.in/company/HAMPTON/consolidated/,2026-09-01T23:39:41.636880+00:00
HAPPSTMNDS.NS,1274783,consolidated,2026-03-31,44.2766,48.5,58.0775,52.7,56.9433,52.25,17.0,7.0,,-1.0,-25.0,,-3.9009933389364537,4.767373959369436,,0.8845470692717584,13.8,18.0,https://www.screener.in/company/HAPPSTMNDS/consolidated/,2026-09-01T23:39:41.636880+00:00
HAPPYFORGE.NS,1284603,consolidated,2026-03-31,40.2447,39.9,40.2447,39.9,40.2447,39.9,9.0,28.0,,13.0,,,11.089078281682042,-49.42215798249028,,0.1550751879699248,15.0,31.0,https://www.screener.in/company/HAPPYFORGE/consolidated/,2026-09-01T23:39:41.636880+00:00
HARDWYN.NS,1274332,consolidated,2026-03-31,91.4665,87.15,92.1519,88.7,92.1519,88.7,7.0,,,12.0,38.0,,10.715524489384997,,,0.0147783251231527,3.3,10.0,https://www.screener.in/company/HARDWYN/consolidated/,2026-09-01T23:39:41.636880+00:00
HARIOMPIPE.NS,1275206,consolidated,2026-03-31,22.6438,20.2,22.6438,20.2,22.6438,20.2,,,,,,,,,,0.5842349304482226,12.4,12.0,https://www.screener.in/company/HARIOMPIPE/consolidated/,2026-09-01T23:39:41.636880+00:00
HARRMALAYA.NS,1280,consolidated,2026-03-31,55.0045,26.5,35.2321,13.2,30.6511,14.4,4.0,-6.0,10.0,19.0,-1.0,10.0,17.90142571923323,-6.337483230320684,,0.6235955056179775,17.5,4.1,https://www.screener.in/company/HARRMALAYA/consolidated/,2026-09-01T23:39:41.636880+00:00
HARSHA.NS,1275304,consolidated,2026-03-31,32.4449,33.0,32.5437,32.95,32.5437,32.95,6.0,25.0,,4.0,,,7.986278133917413,13.404973130244336,,0.2653352353780314,10.5,15.0,https://www.screener.in/company/HARSHA/consolidated/,2026-09-01T23:39:41.636880+00:00
HATHWAY.NS,1286,consolidated,2026-03-31,35.462,28.5,30.858,24.7,30.2394,24.4,5.0,-16.0,9.0,10.0,-15.0,-9.0,8.300894742530796,-19.951653749043807,,0.0020156774916013,1.9,14.0,https://www.screener.in/company/HATHWAY/consolidated/,2026-09-01T23:39:41.636880+00:00
HATSUN.NS,1287,consolidated,2025-09-30,76.0726,74.25,76.0726,74.25,76.0726,74.25,,,,,3.0,17.0,,,,1.099507927829415,16.7,12.0,https://www.screener.in/company/HATSUN/consolidated/,2026-09-01T23:39:41.636880+00:00
HAVELLS.NS,1288,consolidated,2026-03-31,68.4886,68.15,68.7462,69.35,63.3391,64.4,10.0,11.0,12.0,16.0,-3.0,11.0,16.35085704386039,10.07090687461245,2.6142805198960284,0.0280245346869712,19.0,9.0,https://www.screener.in/company/HAVELLS/consolidated/,2026-09-01T23:39:41.636880+00:00
HAZOOR.NS,1290,consolidated,2026-03-31,177.2479,20.2,389.1054,178.0,201.7516,18.0,,,,,64.0,65.0,440.6120175750225,,9.630565359551111,0.7291666666666666,7.89,49.0,https://www.screener.in/company/HAZOOR/consolidated/,2026-09-01T23:39:41.636880+00:00
HBESD.NS,1291,consolidated,2026-03-31,14.6532,14.8,14.6532,14.8,14.6532,14.8,7.0,19.0,9.0,44.0,42.0,25.0,,,,1.3367875647668397,6.37,34.0,https://www.screener.in/company/HBESD/consolidated/,2026-09-01T23:39:41.636880+00:00
HBLENGINE.NS,1295,consolidated,2026-03-31,48.3329,51.2,42.5088,39.25,42.7226,38.8,34.0,118.0,49.0,105.0,67.0,35.0,102.13077639415728,125.87879655169418,47.82555965525972,0.0302483069977426,45.3,32.0,https://www.screener.in/company/HBLENGINE/consolidated/,2026-09-01T23:39:41.636880+00:00
HBPOR.NS,1293,consolidated,2026-03-31,22.4673,21.0,14.7396,11.6,10.8055,6.7,5.0,-40.0,-27.0,-55.0,16.0,17.0,-55.515652685343774,-40.31224920282392,-26.427456014700468,0.0078737103405476,0.1,15.17,https://www.screener.in/company/HBPOR/consolidated/,2026-09-01T23:39:41.636880+00:00
HBSL.NS,1294,consolidated,2026-03-31,3.7586,3.0,3.1762,2.5,3.5018,3.0,-5.0,,,,6.0,31.0,,,,,-12.8,,https://www.screener.in/company/HBSL/consolidated/,2026-09-01T23:39:41.636880+00:00
HCC.NS,1337,consolidated,2026-03-31,39.8067,41.2,43.6839,30.3,40.9,8.85,-22.0,20.0,9.0,34.0,24.0,-1.0,,,,0.4790785143394452,11.9,13.0,https://www.screener.in/company/HCC/consolidated/,2026-09-01T23:39:41.636880+00:00
HCG.NS,1273301,consolidated,2026-03-31,197.7487,156.4,232.83,162.3,211.4807,156.2,15.0,18.0,39.0,-1.0,25.0,13.0,-22.67648579654356,,,1.3025525525525523,2.55,18.0,https://www.screener.in/company/HCG/consolidated/,2026-09-01T23:39:41.636880+00:00
HCLTECH.NS,1297,consolidated,2026-03-31,24.7658,25.0,24.045,23.55,20.0044,19.65,9.0,9.0,12.0,6.0,3.0,13.0,3.8681760839911927,8.350183798552457,8.952341279250353,0.0693806958025676,23.8,20.0,https://www.screener.in/company/HCLTECH/consolidated/,2026-09-01T23:39:41.636880+00:00
HDBFS.NS,1285509,consolidated,2025-03-31,26.4124,26.8,26.4124,26.8,26.4124,26.8,,,,,,,23.0337189191812,,,,14.7,,https://www.screener.in/company/HDBFS/consolidated/,2026-09-01T23:39:41.636880+00:00
HDFCAMC.NS,1274395,consolidated,2026-03-31,40.8095,41.4,39.8347,40.95,39.8347,40.95,23.0,,,26.0,10.0,,25.998401131868956,,,0.0,32.9,79.0,https://www.screener.in/company/HDFCAMC/consolidated/,2026-09-01T23:39:41.636880+00:00
HDFCBANK.NS,1298,consolidated,2026-03-31,18.3816,18.5,19.6195,19.7,23.577,22.15,27.0,19.0,19.0,18.0,-2.0,8.0,6.212837900223667,11.3367265862369,14.58309058410896,,13.6,,https://www.screener.in/company/HDFCBANK/consolidated/,2026-09-01T23:39:41.636880+00:00
HDFCLIFE.NS,1274197,consolidated,2026-03-31,83.4557,85.2,87.4641,86.85,88.6448,87.7,12.0,7.0,9.0,12.0,-6.0,,11.625845949815153,5.653461797091386,8.036633150072126,0.1745915492957746,11.3,1.2,https://www.screener.in/company/HDFCLIFE/consolidated/,2026-09-01T23:39:41.636880+00:00
HEADSUP.NS,1273599,consolidated,2026-03-31,14.6796,15.2,14.6796,15.2,14.6796,15.2,,,,,-15.0,,,,,0.0,-0.2,-8.92,https://www.screener.in/company/HEADSUP/consolidated/,2026-09-01T23:39:41.636880+00:00
HEALTHX.NS,2076,consolidated,2026-03-31,33.0839,25.2,33.0839,25.2,33.0839,25.2,8.0,17.0,7.0,27.0,0.0,18.0,,,,0.0405616224648986,0.29,-4.5,https://www.screener.in/company/HEALTHX/consolidated/,2026-09-01T23:39:41.636880+00:00
HEG.NS,1301,consolidated,2026-03-31,36.3316,36.1,28.1417,26.65,38.017,16.0,1.0,46.0,63.0,-14.0,10.0,35.0,-13.76993552827469,,55.070974182601454,0.1672971836906263,7.42,10.0,https://www.screener.in/company/HEG/consolidated/,2026-09-01T23:39:41.636880+00:00
HERANBA.NS,1274836,consolidated,2026-03-31,27.599,27.4,27.599,27.4,27.599,27.4,7.0,,,,-26.0,,,,,0.7559055118110236,-9.54,6.0,https://www.screener.in/company/HERANBA/consolidated/,2026-09-01T23:39:41.636880+00:00
HERITGFOOD.NS,1307,consolidated,2026-03-31,28.2595,25.9,25.9798,25.25,25.3234,24.8,12.0,-3.0,9.0,34.0,9.0,6.0,37.3091567290301,0.0247402306383204,10.484261882410006,0.3272892112420671,12.6,5.0,https://www.screener.in/company/HERITGFOOD/consolidated/,2026-09-01T23:39:41.636880+00:00
HEROMOTOCO.NS,1308,consolidated,2026-03-31,21.8,21.0,21.0534,20.45,20.1092,20.3,12.0,16.0,7.0,28.0,15.0,5.0,26.843549099449397,14.46269326234486,6.193570168305884,0.0360464578224052,28.1,14.0,https://www.screener.in/company/HEROMOTOCO/consolidated/,2026-09-01T23:39:41.636880+00:00
HESTERBIO.NS,1309,consolidated,2026-03-31,58.007,49.8,55.2355,50.4,49.6789,48.1,8.0,8.0,11.0,26.0,-2.0,11.0,27.84976591452255,10.078420409580868,11.227265165832012,0.5401662049861495,15.9,27.0,https://www.screener.in/company/HESTERBIO/consolidated/,2026-09-01T23:39:41.636880+00:00
HEXATRADEX.NS,1310,consolidated,2026-03-31,26.1833,19.1,45.189,19.6,35.6948,15.8,72.0,,,18.0,-5.0,25.0,,,,0.0018697825375743,-0.19,-108.08,https://www.screener.in/company/HEXATRADEX/consolidated/,2026-09-01T23:39:41.636880+00:00
HEXT.NS,1311,consolidated,2026-06-30,28.8556,30.0,28.8556,30.0,20.8527,18.4,13.0,18.0,14.0,18.0,,11.0,-8.693572585076748,1.6099583095655845,5.564143045754899,0.1017580452920143,24.9,15.0,https://www.screener.in/company/HEXT/consolidated/,2026-09-01T23:39:41.636880+00:00
HFCL.NS,1319,consolidated,2026-03-31,49.9517,47.6,41.2324,34.95,28.1251,28.35,1.0,5.0,3.0,1.0,28.0,31.0,-2.188205981472713,1.8646376444729773,4.936351973198416,0.3565732978940912,6.95,19.0,https://www.screener.in/company/HFCL/consolidated/,2026-09-01T23:39:41.636880+00:00
HGINFRA.NS,1274291,consolidated,2026-03-31,12.9804,12.75,12.1931,11.6,11.4995,11.1,4.0,2.0,24.0,-19.0,-3.0,,-12.505573408742675,6.900370020953828,11.709664627718784,1.5402756508422664,8.52,22.0,https://www.screener.in/company/HGINFRA/consolidated/,2026-09-01T23:39:41.636880+00:00
HGM.NS,1372,consolidated,2026-03-31,37.3057,26.8,31.7257,22.6,55.1309,31.2,70.0,,7.0,,-4.0,-8.0,,,,1.152525747915645,-13.8,-8.03,https://www.screener.in/company/HGM/consolidated/,2026-09-01T23:39:41.636880+00:00
HGS.NS,1331,consolidated,2026-03-31,37.9936,30.4,26.8947,19.0,19.4473,9.1,-1.0,,,,-22.0,3.0,-52.16447614941369,-38.76766609103194,-11.807406627490325,0.2366237826139232,-1.22,0.8,https://www.screener.in/company/HGS/consolidated/,2026-09-01T23:39:41.636880+00:00
HIKAL.NS,1315,consolidated,2026-03-31,61.7218,58.3,53.0295,50.4,39.7178,38.6,-5.0,-23.0,-1.0,-22.0,-21.0,5.0,,,,0.5704753961634695,2.95,13.0,https://www.screener.in/company/HIKAL/consolidated/,2026-09-01T23:39:41.636880+00:00
HILINFRA.NS,1284649,consolidated,2026-03-31,17.5797,12.6,17.5797,12.6,17.5797,12.6,32.0,31.0,,40.0,,,-28.4043320887979,-11.033474292441293,,0.4561403508771929,18.8,2.3,https://www.screener.in/company/HILINFRA/consolidated/,2026-09-01T23:39:41.636880+00:00
HIMATSEIDE.NS,1323,consolidated,2026-03-31,17.0677,13.4,17.5406,13.1,15.6406,13.6,-2.0,26.0,-7.0,40.0,-23.0,-12.0,,,-9.043030776722071,1.2312003736571695,2.97,13.0,https://www.screener.in/company/HIMATSEIDE/consolidated/,2026-09-01T23:39:41.636880+00:00
HINDADH.NS,1333,consolidated,2026-03-31,12.8051,11.7,21.4737,15.75,17.1056,12.4,-7.0,,25.0,49.0,6.0,24.0,45.26330529101366,25.590009027943665,,1.1192660550458715,15.9,18.0,https://www.screener.in/company/HINDADH/consolidated/,2026-09-01T23:39:41.636880+00:00
HINDALCO.NS,1328,consolidated,2026-03-31,12.2418,12.4,11.0824,10.9,14.2596,11.2,7.0,35.0,78.0,19.0,17.0,20.0,9.869965702353456,30.908647963634863,,0.7260420403710565,13.0,14.0,https://www.screener.in/company/HINDALCO/consolidated/,2026-09-01T23:39:41.636880+00:00
HINDALUMI.NS,1324,consolidated,2026-03-31,6.4778,4.7,6.1099,4.5,5.9966,4.7,32.0,18.0,,100.0,23.0,1.0,-5.429663609940216,,,0.0855979755748707,4.97,-22.68,https://www.screener.in/company/HINDALUMI/consolidated/,2026-09-01T23:39:41.636880+00:00
HINDCOMPOS.NS,1336,consolidated,2026-03-31,20.5524,19.1,20.1727,19.0,23.5802,20.7,-40.0,-21.0,-13.0,-45.0,6.0,-1.0,4.227376796595195,9.545721533644723,5.262656978597091,0.0017467248908296,0.42,14.0,https://www.screener.in/company/HINDCOMPOS/consolidated/,2026-09-01T23:39:41.636880+00:00
HINDCON.NS,1274292,consolidated,2026-03-31,40.2696,41.45,31.9332,32.65,23.3015,21.4,-9.0,-7.0,14.0,-9.0,13.0,,-9.143970358393016,-7.293423324218129,-5.591248870509801,0.1891418563922942,5.81,7.03,https://www.screener.in/company/HINDCON/consolidated/,2026-09-01T23:39:41.636880+00:00
HINDCOPPER.NS,1338,consolidated,2026-03-31,69.5987,64.05,59.8603,54.45,58.172,52.75,22.0,55.0,,50.0,35.0,23.0,45.88166998471925,51.507917496174514,,0.0332037092431947,32.9,50.0,https://www.screener.in/company/HINDCOPPER/consolidated/,2026-09-01T23:39:41.636880+00:00
HINDOILEXP.NS,1346,consolidated,2026-03-31,20.7576,17.4,26.7489,18.6,46.3881,21.8,-22.0,-1.0,52.0,-46.0,-1.0,13.0,-31.331984169051186,3.290992124245684,28.733329354522372,0.0361271676300578,2.34,28.0,https://www.screener.in/company/HINDOILEXP/consolidated/,2026-09-01T23:39:41.636880+00:00
HINDPETRO.NS,1348,consolidated,2026-03-31,8.0677,6.4,7.1471,4.85,7.0211,5.65,0.0,11.0,14.0,66.0,15.0,7.0,,11.67399886155498,15.285682531644662,0.8536823479162853,30.9,1.5,https://www.screener.in/company/HINDPETRO/consolidated/,2026-09-01T23:39:41.636880+00:00
HINDUNILVR.NS,1350,consolidated,2026-03-31,51.4468,52.0,54.8905,54.55,58.1728,59.05,2.0,13.0,14.0,14.0,-6.0,9.0,14.118919707772084,13.468986457967592,12.808005936298294,0.0303247912349453,31.0,23.0,https://www.screener.in/company/HINDUNILVR/consolidated/,2026-09-01T23:39:41.636880+00:00
HINDWAREAP.NS,1274717,consolidated,2026-03-31,92.6337,81.7,63.0332,56.9,66.215,56.4,-4.0,-55.0,,-74.0,-13.0,,,,,1.1614654002713705,0.14,8.0,https://www.screener.in/company/HINDWAREAP/consolidated/,2026-09-01T23:39:41.636880+00:00
HINDZINC.NS,1351,consolidated,2026-03-31,20.5848,19.1,17.9413,17.0,17.9413,17.0,6.0,12.0,,10.0,13.0,10.0,9.582894181367951,11.627023207768495,,0.3856997657872641,76.6,56.0,https://www.screener.in/company/HINDZINC/consolidated/,2026-09-01T23:39:41.636880+00:00
HIRECT.NS,1326,consolidated,2026-03-31,67.8319,65.0,67.8319,65.0,67.8319,65.0,,,,,68.0,40.0,,,,1.1722488038277512,25.2,7.0,https://www.screener.in/company/HIRECT/consolidated/,2026-09-01T23:39:41.636880+00:00
HITECH.NS,1273262,consolidated,2026-03-31,31.0392,27.25,27.221,24.0,21.546,21.1,21.0,27.0,28.0,21.0,7.0,,8.326925483766967,13.059496220083844,19.52784011911892,0.2010502625656414,5.88,3.8,https://www.screener.in/company/HITECH/consolidated/,2026-09-01T23:39:41.636880+00:00
HLEGLAS.NS,3323,consolidated,2026-03-31,64.7032,63.25,74.0359,65.05,71.2651,64.15,13.0,1.0,,-8.0,-20.0,30.0,-11.379379477320628,-2.3037258466208965,,0.651685393258427,10.8,9.0,https://www.screener.in/company/HLEGLAS/consolidated/,2026-09-01T23:39:41.636880+00:00
HLVLTD.NS,1368,consolidated,2020-03-31,6.1595,5.15,5.2866,4.3,12.7642,4.6,-41.0,22.0,15.0,134.0,-5.0,-10.0,,,10.910123210791143,0.0722100656455142,47.2,-25.0,https://www.screener.in/company/HLVLTD/consolidated/,2026-09-01T23:39:41.636880+00:00
HMAAGRO.NS,1284380,consolidated,2026-03-31,21.7038,20.8,21.8705,21.45,21.8705,21.45,29.0,18.0,,11.0,,,9.150348225957906,-29.845083994573752,,0.9032943676939428,19.0,2.1,https://www.screener.in/company/HMAAGRO/consolidated/,2026-09-01T23:39:41.636880+00:00
HNDFDS.NS,6314,consolidated,2026-03-31,61.2918,63.4,75.5111,71.4,77.7503,70.35,18.0,35.0,,29.0,10.0,40.0,25.49093777924956,30.856897243663383,,0.9339055793991416,14.6,9.0,https://www.screener.in/company/HNDFDS/consolidated/,2026-09-01T23:39:41.636880+00:00
HONASA.NS,1284547,consolidated,2026-03-31,128.3122,95.5,128.3122,95.5,128.3122,95.5,17.0,17.0,,118.0,,,,,,0.0956768249468462,15.7,12.0,https://www.screener.in/company/HONASA/consolidated/,2026-09-01T23:39:41.636880+00:00
HPAL.NS,1275124,consolidated,2026-03-31,34.3361,26.9,34.3361,26.9,34.3361,26.9,,,,,,,,,,0.0213903743315508,4.08,2.5,https://www.screener.in/company/HPAL/consolidated/,2026-09-01T23:39:41.636880+00:00
HPIL.NS,1274727,consolidated,2024-03-31,95.3612,97.55,90.1535,96.5,90.1535,96.5,,,,,18.0,,,,,0.4453965723395776,3.32,3.94,https://www.screener.in/company/HPIL/consolidated/,2026-09-01T23:39:41.636880+00:00
HPL.NS,1273519,consolidated,2026-03-31,42.3,39.1,39.7286,39.5,30.2931,26.3,13.0,57.0,10.0,47.0,33.0,,44.49778805610409,55.62700094585325,6.015152807663493,0.755,9.92,15.0,https://www.screener.in/company/HPL/consolidated/,2026-09-01T23:39:41.636880+00:00
HRYNSHP.NS,1278,consolidated,2026-03-31,27.2158,17.6,22.8045,12.5,16.6059,7.7,-60.0,3.0,,39.0,-4.0,4.0,-54.43597234716324,-47.34854376933399,,0.0297412915053982,7.48,22.29,https://www.screener.in/company/HRYNSHP/consolidated/,2026-09-01T23:39:41.636880+00:00
HSCL.NS,1320,consolidated,2026-03-31,42.1899,40.85,38.8798,37.9,35.2862,33.8,4.0,74.0,44.0,47.0,71.0,34.0,43.96758426518943,67.48011516456029,,0.163620909477263,17.8,20.0,https://www.screener.in/company/HSCL/consolidated/,2026-09-01T23:39:41.636880+00:00
HTMEDIA.NS,1375,consolidated,2026-03-31,10.9509,8.8,17.0577,14.3,11.7361,9.3,2.0,32.0,-3.0,37.0,2.0,-10.0,,,,0.4731315626930203,8.06,7.0,https://www.screener.in/company/HTMEDIA/consolidated/,2026-09-01T23:39:41.636880+00:00
HUBTOWN.NS,1376,consolidated,2026-03-31,45.9528,32.05,42.0958,28.1,42.0958,28.1,26.0,32.0,24.0,53.0,41.0,7.0,42.23455251531114,,,0.4554794520547945,6.44,23.0,https://www.screener.in/company/HUBTOWN/consolidated/,2026-09-01T23:39:41.636880+00:00
HUDCO.NS,1274074,consolidated,2026-03-31,16.3272,16.2,11.8977,10.3,10.9202,8.55,23.0,20.0,18.0,33.0,33.0,,33.33741817550779,20.62563413162506,17.81750711235588,,20.0,,https://www.screener.in/company/HUDCO/consolidated/,2026-09-01T23:39:41.636880+00:00
HUHTAMAKI.NS,2407,consolidated,2016-12-31,22.5114,21.95,20.8767,19.45,21.5418,21.2,31.0,,,20.0,-1.0,-1.0,13.74149330322998,,,0.6026587887740029,13.0,11.0,https://www.screener.in/company/HUHTAMAKI/consolidated/,2026-09-01T23:39:41.636880+00:00
HYUNDAI.NS,1285116,consolidated,2026-03-31,31.3826,30.9,31.3826,30.9,31.3826,30.9,5.0,24.0,,5.0,,,,,,0.0548588558581064,29.9,11.0,https://www.screener.in/company/HYUNDAI/consolidated/,2026-09-01T23:39:41.636880+00:00
IBULLSLTD.NS,1436,consolidated,2026-03-31,15.5105,14.3,24.6169,3.2,42.2096,15.7,1864.0,37.0,46.0,50.0,-23.0,1.0,-50.01764290901589,,-1.6950476175273343,0.1488326848249027,23.1,38.0,https://www.screener.in/company/IBULLSLTD/consolidated/,2026-09-01T23:39:41.636880+00:00
ICDSLTD.NS,1268143,consolidated,2026-03-31,45.5595,47.4,45.6395,45.0,45.6395,45.0,8.0,17.0,8.0,42.0,-16.0,,42.54777057083719,,7.974566201881972,0.0,3.7,-4.04,https://www.screener.in/company/ICDSLTD/consolidated/,2026-09-01T23:39:41.636880+00:00
ICEMAKE.NS,1274213,consolidated,2026-03-31,59.857,53.15,47.974,41.65,34.9231,29.3,29.0,28.0,,-16.0,57.0,,-16.294365154151713,27.435471923037237,,1.18796992481203,9.49,6.0,https://www.screener.in/company/ICEMAKE/consolidated/,2026-09-01T23:39:41.636880+00:00
ICICIAMC.NS,1285819,consolidated,2025-03-31,2.0538,2.1,2.0538,2.1,2.0538,2.1,,,,,,,,,,,,73.0,https://www.screener.in/company/ICICIAMC/consolidated/,2026-09-01T23:39:41.636880+00:00
ICICIBANK.NS,1384,consolidated,2026-03-31,18.3139,18.25,19.5527,19.0,22.6822,19.7,17.0,24.0,18.0,17.0,15.0,20.0,15.812625453792318,23.28767253777184,16.874837023669144,,15.9,,https://www.screener.in/company/ICICIBANK/consolidated/,2026-09-01T23:39:41.636880+00:00
ICICIPRULI.NS,1273517,consolidated,2026-03-31,93.2943,81.55,97.0767,83.85,73.5262,65.5,8.0,11.0,0.0,26.0,-7.0,,25.206737534250824,10.736670979204966,-0.3796859023860399,0.1903748807864426,12.6,2.1,https://www.screener.in/company/ICICIPRULI/consolidated/,2026-09-01T23:39:41.636880+00:00
ICIL.NS,1459,consolidated,2026-03-31,27.5639,22.5,20.9695,18.35,15.6805,12.8,11.0,-13.0,-7.0,-23.0,12.0,10.0,-22.910625360601124,-12.808278858639222,-6.652851796836313,0.5696095076400679,5.52,10.0,https://www.screener.in/company/ICIL/consolidated/,2026-09-01T23:39:41.636880+00:00
ICRA.NS,1385,consolidated,2026-03-31,34.8329,35.25,35.137,35.25,35.2489,35.0,14.0,18.0,10.0,11.0,7.0,3.0,10.307192538493704,17.323276809541667,9.45005215379182,0.0152413209144792,16.7,36.0,https://www.screener.in/company/ICRA/consolidated/,2026-09-01T23:39:41.636880+00:00
IDBI.NS,1387,consolidated,2026-03-31,13.2867,12.85,15.4156,15.5,16.9014,15.9,12.0,43.0,16.0,35.0,19.0,2.0,35.43177660626713,43.46710731840238,,,14.1,,https://www.screener.in/company/IDBI/consolidated/,2026-09-01T23:39:41.636880+00:00
IDEA.NS,1388,consolidated,2026-03-31,96.0552,39.8,96.0552,39.8,96.0552,39.8,2.0,0.0,,6.0,14.0,-12.0,,,3.3252071644004344,,,43.0,https://www.screener.in/company/IDEA/consolidated/,2026-09-01T23:39:41.636880+00:00
IDEAFORGE.NS,1284396,consolidated,2026-03-31,102.7049,87.35,102.7049,87.35,102.7049,87.35,7.0,-9.0,,,,,,,,0.1402337228714524,-3.34,9.0,https://www.screener.in/company/IDEAFORGE/consolidated/,2026-09-01T23:39:41.636880+00:00
IDFCFIRSTB.NS,1273113,consolidated,2026-03-31,27.3684,22.4,27.8867,21.5,27.683,19.95,21.0,28.0,,-13.0,13.0,4.0,-20.70056136466797,17.08049129648923,,,3.76,,https://www.screener.in/company/IDFCFIRSTB/consolidated/,2026-09-01T23:39:41.636880+00:00
IEX.NS,1274182,consolidated,2026-03-31,34.707,37.65,43.2458,40.25,40.8288,38.3,15.0,20.0,,19.0,-8.0,,17.25832075941178,19.28282877367935,,0.0080645161290322,39.4,85.0,https://www.screener.in/company/IEX/consolidated/,2026-09-01T23:39:41.636880+00:00
IFBAGRO.NS,1392,consolidated,2026-03-31,30.013,24.1,20.567,14.0,17.9686,13.55,4.0,4.0,,5.0,10.0,9.0,4.758822082967451,4.021922777034215,,0.1114413075780089,8.9,7.0,https://www.screener.in/company/IFBAGRO/consolidated/,2026-09-01T23:39:41.636880+00:00
IFBIND.NS,1393,consolidated,2026-03-31,93.8796,58.4,103.9742,70.2,82.0121,58.4,10.0,18.0,,145.0,4.0,13.0,112.54371246545507,17.49866564367233,,0.1567839195979899,15.7,6.0,https://www.screener.in/company/IFBIND/consolidated/,2026-09-01T23:39:41.636880+00:00
IFCI.NS,1394,consolidated,2026-03-31,86.8146,97.7,93.9182,99.8,53.7762,36.3,7.0,16.0,-5.0,42.0,50.0,12.0,,,-11.1286390434733,,2.09,,https://www.screener.in/company/IFCI/consolidated/,2026-09-01T23:39:41.636880+00:00
IFGLEXPOR.NS,1274196,consolidated,2026-03-31,34.8759,30.05,26.829,24.25,20.8398,16.4,11.0,-11.0,,-23.0,4.0,,-24.07540895952229,-11.972019857373729,,0.1778723404255319,3.22,7.0,https://www.screener.in/company/IFGLEXPOR/consolidated/,2026-09-01T23:39:41.636880+00:00
IGCL.NS,1285517,consolidated,2026-03-31,9.6246,9.4,9.6246,9.4,9.6246,9.4,9.0,12.0,,21.0,,,-12.749028808835073,-7.760046672956045,,0.3986928104575163,10.9,11.0,https://www.screener.in/company/IGCL/consolidated/,2026-09-01T23:39:41.636880+00:00
IGIL.NS,1285192,consolidated,2026-03-31,29.1333,28.2,29.1333,28.2,29.1333,28.2,48.0,,,43.0,,,,,,0.0961021505376344,55.8,61.0,https://www.screener.in/company/IGIL/consolidated/,2026-09-01T23:39:41.636880+00:00
IGL.NS,1471,consolidated,2026-03-31,16.2348,16.2,17.4687,17.05,23.8356,23.6,5.0,6.0,13.0,-1.0,-12.0,7.0,-1.856040458885,5.725736808005943,12.969182713627792,0.0085187760778859,14.0,10.0,https://www.screener.in/company/IGL/consolidated/,2026-09-01T23:39:41.636880+00:00
IGPL.NS,1379,consolidated,2026-03-31,25.3113,21.5,17.3456,12.8,16.9805,13.0,-6.0,-59.0,-28.0,-78.0,-4.0,13.0,-77.70275973313865,-58.85787743807447,-28.11826129288719,0.2715678919729932,0.16,10.0,https://www.screener.in/company/IGPL/consolidated/,2026-09-01T23:39:41.636880+00:00
IIFL.NS,1424,consolidated,2026-03-31,16.369,13.9,14.8309,13.2,13.0603,12.6,17.0,17.0,12.0,3.0,19.0,17.0,3.237706137311447,16.675765368526797,10.391476567548086,,12.6,,https://www.screener.in/company/IIFL/consolidated/,2026-09-01T23:39:41.636880+00:00
IIFLCAPS.NS,1274694,consolidated,2026-03-31,13.7063,13.55,11.6271,10.7,10.2135,9.55,23.0,16.0,,22.0,29.0,,30.06395670026389,19.906872395128406,,0.5941272430668841,16.2,35.0,https://www.screener.in/company/IIFLCAPS/consolidated/,2026-09-01T23:39:41.636880+00:00
IITL.NS,1482,consolidated,2026-03-31,29.0345,16.4,27.5126,14.9,27.5126,14.9,,11.0,-10.0,,19.0,9.0,,,,0.004573418456181,-2.85,142.96,https://www.screener.in/company/IITL/consolidated/,2026-09-01T23:39:41.636880+00:00
IKIO.NS,1284374,consolidated,2026-03-31,47.0228,39.45,45.4586,39.1,45.4586,39.1,18.0,7.0,,-6.0,,,-11.264544394334097,-75.22339459047276,,0.1162790697674418,7.13,14.0,https://www.screener.in/company/IKIO/consolidated/,2026-09-01T23:39:41.636880+00:00
IKS.NS,1285190,consolidated,2025-09-30,52.9722,47.75,52.9722,47.75,52.9722,47.75,46.0,34.0,,30.0,,,33.01255787062096,-26.808194537027266,,0.3418116912092815,40.3,34.0,https://www.screener.in/company/IKS/consolidated/,2026-09-01T23:39:41.636880+00:00
IMAGICAA.NS,1270791,consolidated,2026-03-31,43.8886,38.2,40.7866,36.7,40.7866,36.7,14.0,15.0,7.0,-88.0,48.0,-3.0,-89.51681077702314,,,0.2735247208931419,0.05,33.0,https://www.screener.in/company/IMAGICAA/consolidated/,2026-09-01T23:39:41.636880+00:00
IMFA.NS,1447,consolidated,2026-03-31,13.2443,11.1,10.0317,9.55,10.8988,8.7,2.0,22.0,32.0,22.0,30.0,32.0,23.498687379083915,20.588481697207666,,0.3524650478292862,16.8,24.0,https://www.screener.in/company/IMFA/consolidated/,2026-09-01T23:39:41.636880+00:00
IMPAL.NS,1427,consolidated,2024-09-30,17.0766,16.9,16.026,16.3,19.5494,17.1,12.0,12.0,,14.0,8.0,7.0,11.804751349410058,12.369326191887463,,-0.0,3.72,8.0,https://www.screener.in/company/IMPAL/consolidated/,2026-09-01T23:39:41.636880+00:00
INA.NS,1275309,consolidated,2026-03-31,65.9854,55.15,57.4917,39.75,57.4917,39.75,97.0,,,166.0,,,161.11905026598703,,,1.100371747211896,28.1,12.0,https://www.screener.in/company/INA/consolidated/,2026-09-01T23:39:41.636880+00:00
INDGN.NS,1284767,consolidated,2026-03-31,33.3545,32.5,33.3545,32.5,33.3545,32.5,15.0,23.0,,16.0,,,11.565954379135835,-55.479594890836296,,0.0458744823192099,14.4,17.0,https://www.screener.in/company/INDGN/consolidated/,2026-09-01T23:39:41.636880+00:00
INDHOTEL.NS,1443,consolidated,2026-03-31,63.843,63.0,74.4986,63.1,76.179,64.5,19.0,32.0,25.0,22.0,38.0,20.0,27.52014324187564,,,0.2173613239350291,14.2,33.0,https://www.screener.in/company/INDHOTEL/consolidated/,2026-09-01T23:39:41.636880+00:00
INDIACEM.NS,1420,consolidated,2026-03-31,130.0474,150.6,67.0148,56.4,56.3067,42.0,-7.0,-29.0,-11.0,28.0,15.0,9.0,,,,0.1289016199130778,0.37,10.0,https://www.screener.in/company/INDIACEM/consolidated/,2026-09-01T23:39:41.636880+00:00
INDIAGLYCO.NS,1422,consolidated,2026-03-31,20.3304,20.9,18.0378,16.95,17.3949,15.75,17.0,14.0,74.0,39.0,26.0,35.0,29.29213451734276,15.489865057597465,,0.5765427889532901,11.3,16.0,https://www.screener.in/company/INDIAGLYCO/consolidated/,2026-09-01T23:39:41.636880+00:00
INDIAMART.NS,1274674,consolidated,2026-03-31,35.5557,28.1,44.2469,48.65,51.1643,50.7,17.0,11.0,20.0,19.0,-15.0,,19.425971358168283,11.379195502212736,,0.0095833333333333,20.7,30.0,https://www.screener.in/company/INDIAMART/consolidated/,2026-09-01T23:39:41.636880+00:00
INDIANB.NS,1439,consolidated,2026-03-31,8.3816,8.35,7.3057,7.6,9.1211,8.3,14.0,30.0,32.0,28.0,48.0,15.0,24.764569524086298,25.52649589775442,18.70617326629593,,15.4,,https://www.screener.in/company/INDIANB/consolidated/,2026-09-01T23:39:41.636880+00:00
INDIANCARD.NS,1441,consolidated,2026-03-31,13.7038,12.25,22.9329,15.4,22.9329,15.4,-14.0,30.0,17.0,8.0,5.0,0.0,0.5382234986134771,,-16.861867101143936,0.0092716776488424,1.34,-31.81,https://www.screener.in/company/INDIANCARD/consolidated/,2026-09-01T23:39:41.636880+00:00
INDIASHLTR.NS,1284585,consolidated,2026-03-31,21.4577,21.6,21.4577,21.6,21.4577,21.6,38.0,42.0,,48.0,,,9.318391749343656,17.872813541235267,,,17.0,,https://www.screener.in/company/INDIASHLTR/consolidated/,2026-09-01T23:39:41.636880+00:00
INDIGO.NS,1273121,consolidated,2026-03-31,27.802,26.0,27.802,26.0,30.0305,28.4,16.0,10.0,,,21.0,19.0,,,,11.153206139721703,-27.1,11.0,https://www.screener.in/company/INDIGO/consolidated/,2026-09-01T23:39:41.636880+00:00
INDIGOPNTS.NS,1274826,consolidated,2026-03-31,41.6241,41.35,41.8689,41.9,41.8689,41.9,9.0,,,4.0,-15.0,,3.145597091305219,,,0.0181975736568457,13.7,19.0,https://www.screener.in/company/INDIGOPNTS/consolidated/,2026-09-01T23:39:41.636880+00:00
INDNIPPON.NS,1428,consolidated,2026-03-31,23.9633,22.75,21.8943,21.4,23.6322,21.8,18.0,18.0,14.0,24.0,24.0,19.0,32.09386591048799,22.90801650403138,14.39907641353384,0.002436053593179,11.9,11.0,https://www.screener.in/company/INDNIPPON/consolidated/,2026-09-01T23:39:41.636880+00:00
INDOBORAX.NS,1458,consolidated,2026-03-31,17.4209,15.35,14.7256,13.3,12.8234,11.5,-1.0,1.0,15.0,-9.0,27.0,33.0,-0.2750172549209062,7.989347089496079,18.458887827078097,0.0025906735751295,10.1,22.0,https://www.screener.in/company/INDOBORAX/consolidated/,2026-09-01T23:39:41.636880+00:00
INDOCO.NS,1274892,consolidated,2026-03-31,34.6051,25.2,41.5397,31.8,41.1646,31.8,3.0,,,,-13.0,-3.0,,,,1.1608093716719914,-9.36,9.0,https://www.screener.in/company/INDOCO/consolidated/,2026-09-01T23:39:41.636880+00:00
INDOFARM.NS,1285209,consolidated,2026-03-31,33.7897,32.6,33.7897,32.6,33.7897,32.6,7.0,23.0,,15.0,,,-14.38305265772788,-10.677897379885891,,0.2697841726618705,4.54,13.0,https://www.screener.in/company/INDOFARM/consolidated/,2026-09-01T23:39:41.636880+00:00
INDOKEM.NS,1467,consolidated,2026-03-31,527.3884,399.9,527.3884,399.9,527.3884,399.9,2.0,,,50.0,76.0,55.0,,,,0.4153846153846154,2.96,3.0,https://www.screener.in/company/INDOKEM/consolidated/,2026-09-01T23:39:41.636880+00:00
INDOMIM.NS,1286054,consolidated,2026-03-31,70.3833,71.4,70.3833,71.4,70.3833,71.4,15.0,1.0,,8.0,,,-39.22848906791354,-28.159904134098003,,0.4852784675416814,23.4,26.0,https://www.screener.in/company/INDOMIM/consolidated/,2026-09-01T23:39:41.636880+00:00
INDORAMA.NS,1462,consolidated,2026-03-31,10.9143,8.55,8.7552,6.8,8.4033,7.0,6.0,4.0,8.0,107.0,6.0,7.0,,5.787809146569467,,2.1965317919075145,34.4,7.0,https://www.screener.in/company/INDORAMA/consolidated/,2026-09-01T23:39:41.636880+00:00
INDOSTAR.NS,1274348,consolidated,2026-03-31,44.8108,44.1,44.8108,44.1,30.175,16.6,6.0,,,,-3.0,,-19.3246993074606,,-13.584509508902498,,-23.6,,https://www.screener.in/company/INDOSTAR/consolidated/,2026-09-01T23:39:41.636880+00:00
INDOTHAI.NS,1464,consolidated,2026-03-31,103.2938,84.7,122.8578,63.3,94.8696,37.0,139.0,46.0,27.0,130.0,39.0,32.0,,64.05160724673225,34.40524196064894,0.0880281690140845,28.7,83.0,https://www.screener.in/company/INDOTHAI/consolidated/,2026-09-01T23:39:41.636880+00:00
INDOUS.NS,1274344,consolidated,2022-03-31,66.4401,68.0,49.6016,45.4,42.9165,39.0,,,,,25.0,,,,,0.3334198909374188,16.9,13.75,https://www.screener.in/company/INDOUS/consolidated/,2026-09-01T23:39:41.636880+00:00
INDOWIND.NS,1470,consolidated,2026-03-31,87.3696,86.7,102.6214,91.7,92.0941,84.15,6.0,,,,10.0,10.0,,,,0.0310009433655378,0.0,32.92,https://www.screener.in/company/INDOWIND/consolidated/,2026-09-01T23:39:41.636880+00:00
INDPRUD.NS,1481,consolidated,2026-03-31,17.4468,17.2,13.6156,14.7,11.4603,9.9,-4.0,19.0,12.0,13.0,32.0,19.0,12.53327235615549,19.33805930389849,11.68536391387256,0.0,7.71,83.0,https://www.screener.in/company/INDPRUD/consolidated/,2026-09-01T23:39:41.636880+00:00
INDSWFTLAB.NS,1415,consolidated,2026-03-31,15.6247,17.2,17.5409,17.3,16.8144,15.7,-19.0,78.0,12.0,-7.0,39.0,26.0,-16.04218792742825,,,0.0130057803468208,3.87,9.0,https://www.screener.in/company/INDSWFTLAB/consolidated/,2026-09-01T23:39:41.636880+00:00
INDUSINDBK.NS,1480,consolidated,2026-03-31,26.5326,13.65,21.8555,14.15,24.5567,23.35,8.0,-21.0,-9.0,-51.0,0.0,-2.0,-50.82129747186974,-21.3403141081722,-11.43512255498833,,1.36,,https://www.screener.in/company/INDUSINDBK/consolidated/,2026-09-01T23:39:41.636880+00:00
INDUSTOWER.NS,244384,consolidated,2026-03-31,13.2899,13.9,13.0836,12.9,16.3021,15.25,5.0,13.0,13.0,47.0,11.0,1.0,52.93877014867909,14.07228190600276,8.615806417829841,0.532891086112092,18.6,55.0,https://www.screener.in/company/INDUSTOWER/consolidated/,2026-09-01T23:39:41.636880+00:00
INFOBEAN.NS,1272917,consolidated,2026-03-31,37.8791,38.9,33.6901,31.25,22.9932,21.3,10.0,18.0,20.0,34.0,11.0,,34.06678752867145,18.475281417912942,3.286443583749721,0.036231884057971,23.2,22.0,https://www.screener.in/company/INFOBEAN/consolidated/,2026-09-01T23:39:41.636880+00:00
INFY.NS,1489,consolidated,2026-03-31,23.712,24.15,25.9435,25.55,23.2368,22.8,7.0,9.0,8.0,8.0,-7.0,8.0,7.716788372999983,9.83125175191164,9.47427418925082,0.0988239348640847,31.9,24.0,https://www.screener.in/company/INFY/consolidated/,2026-09-01T23:39:41.636880+00:00
INNOVACAP.NS,1284611,consolidated,2026-03-31,37.3085,38.1,37.3085,38.1,37.3085,38.1,21.0,32.0,,28.0,,,20.26346694521444,-38.82622061025063,,0.3153070577451879,13.7,15.0,https://www.screener.in/company/INNOVACAP/consolidated/,2026-09-01T23:39:41.636880+00:00
INNOVANA.NS,1274215,consolidated,2026-03-31,25.391,21.6,27.2858,21.1,21.2908,17.85,19.0,20.0,,18.0,32.0,,12.055356221931437,19.453253832419005,,0.2124542124542124,16.0,26.0,https://www.screener.in/company/INNOVANA/consolidated/,2026-09-01T23:39:41.636880+00:00
INNOVISION.NS,1285919,consolidated,2026-03-31,21.2191,19.8,21.2191,19.8,21.2191,19.8,57.0,,,63.0,,,-38.2212225745534,,,0.4251700680272108,19.6,2.9,https://www.screener.in/company/INNOVISION/consolidated/,2026-09-01T23:39:41.636880+00:00
INOXGREEN.NS,1275359,consolidated,2026-03-31,187.607,150.35,190.2914,152.35,190.2914,152.35,3.0,21.0,,69.0,,,,,,0.0515524311657879,5.62,9.0,https://www.screener.in/company/INOXGREEN/consolidated/,2026-09-01T23:39:41.636880+00:00
INOXINDIA.NS,1284600,consolidated,2026-03-31,53.9599,51.4,53.9599,51.4,53.9599,51.4,18.0,22.0,,19.0,,,18.55383762703684,-23.13595120553977,,0.072515666965085,26.1,21.0,https://www.screener.in/company/INOXINDIA/consolidated/,2026-09-01T23:39:41.636880+00:00
INOXWIND.NS,1270795,consolidated,2026-03-31,83.7143,47.9,83.7143,47.9,53.8012,30.9,81.0,27.0,-1.0,38.0,20.0,4.0,,,-7.086332371762372,0.2486681291131307,7.09,20.0,https://www.screener.in/company/INOXWIND/consolidated/,2026-09-01T23:39:41.636880+00:00
INSECTICID.NS,1502,consolidated,2026-03-31,18.843,16.45,17.6225,15.7,17.751,15.35,6.0,6.0,13.0,30.0,4.0,6.0,30.90060109504178,9.60374144019045,14.13623104124584,0.1286885245901639,12.0,10.0,https://www.screener.in/company/INSECTICID/consolidated/,2026-09-01T23:39:41.636880+00:00
INTELLECT.NS,1199533,consolidated,2026-03-31,36.119,36.5,32.1618,31.8,37.3666,32.6,11.0,7.0,31.0,11.0,1.0,15.0,7.892883512311988,4.589343079033226,,0.0501577287066246,12.4,19.0,https://www.screener.in/company/INTELLECT/consolidated/,2026-09-01T23:39:41.636880+00:00
INTENTECH.NS,1517,consolidated,2026-03-31,18.2722,16.8,14.5611,13.25,12.1625,9.9,11.0,-3.0,14.0,4.0,1.0,1.0,,,,0.0,11.5,9.0,https://www.screener.in/company/INTENTECH/consolidated/,2026-09-01T23:39:41.636880+00:00
INTLCONV.NS,1526,consolidated,2026-03-31,7.7095,6.95,13.4813,9.0,21.8495,16.05,0.0,33.0,33.0,35.0,3.0,16.0,34.96964285556439,34.23072492828398,,0.1721698113207547,17.4,20.0,https://www.screener.in/company/INTLCONV/consolidated/,2026-09-01T23:39:41.636880+00:00
INVENTURE.NS,1532,consolidated,2026-03-31,27.3862,23.6,25.3779,22.7,26.9863,26.5,7.0,-23.0,11.0,-28.0,-20.0,-7.0,-23.685717163111207,-19.72584382397693,,0.1327703070064156,1.27,4.08,https://www.screener.in/company/INVENTURE/consolidated/,2026-09-01T23:39:41.636880+00:00
IOB.NS,1449,consolidated,2026-03-31,27.6601,26.4,26.3159,22.8,26.3159,22.8,18.0,48.0,,37.0,10.0,2.0,36.28909688491315,43.61165848743469,,,15.6,,https://www.screener.in/company/IOB/consolidated/,2026-09-01T23:39:41.636880+00:00
IOC.NS,1448,consolidated,2026-03-31,8.9797,7.2,8.5931,5.8,8.9065,8.05,-2.0,14.0,14.0,62.0,13.0,4.0,62.63333972977818,14.240643866716752,13.707942900753656,0.6005065643819641,20.5,8.0,https://www.screener.in/company/IOC/consolidated/,2026-09-01T23:39:41.636880+00:00
IOLCP.NS,1537,consolidated,2026-03-31,21.1411,20.4,19.1004,18.5,19.1004,18.5,2.0,,,2.0,12.0,21.0,-0.3528610851771141,,,0.075041689827682,8.41,12.0,https://www.screener.in/company/IOLCP/consolidated/,2026-09-01T23:39:41.636880+00:00
IONEXCHANG.NS,1539,consolidated,2026-03-31,37.0133,37.75,31.1053,30.2,26.0893,24.25,14.0,1.0,26.0,-8.0,9.0,29.0,-10.141046984434476,-0.1636335217125584,24.93736843217622,0.3599701269604182,12.0,6.0,https://www.screener.in/company/IONEXCHANG/consolidated/,2026-09-01T23:39:41.636880+00:00
IPCALAB.NS,1540,consolidated,2026-03-31,47.1665,45.8,41.3855,38.5,41.7665,37.65,16.0,1.0,30.0,37.0,9.0,22.0,34.27378990729992,0.0177951786338281,28.41013675579598,0.1003348629542354,15.7,22.0,https://www.screener.in/company/IPCALAB/consolidated/,2026-09-01T23:39:41.636880+00:00
IPL.NS,1274881,consolidated,2026-03-31,28.0854,28.2,25.1878,23.9,25.257,24.25,6.0,-2.0,,-6.0,-15.0,,-5.795643712791132,-2.8699656348171287,,0.1089108910891089,12.5,16.0,https://www.screener.in/company/IPL/consolidated/,2026-09-01T23:39:41.636880+00:00
IPRINGLTD.NS,1380,consolidated,2026-03-31,109.4067,99.9,56.6074,21.2,56.6074,21.2,1.0,,,15.0,4.0,4.0,1.000066343224404,,,1.194174757281553,2.53,9.0,https://www.screener.in/company/IPRINGLTD/consolidated/,2026-09-01T23:39:41.636880+00:00
IRB.NS,1542,consolidated,2026-03-31,44.4873,38.6,37.3546,31.6,24.4046,22.85,6.0,50.0,3.0,8.0,17.0,5.0,5.272659960939663,32.71799855827655,-2.589524174514513,0.9559883526659984,4.29,54.0,https://www.screener.in/company/IRB/consolidated/,2026-09-01T23:39:41.636880+00:00
IRCON.NS,1272265,consolidated,2026-03-31,21.5892,21.45,16.2324,18.15,13.8819,10.5,-4.0,9.0,4.0,-8.0,22.0,,-8.041241009575428,8.758216198408398,-10.800109777978529,0.8624792890495556,9.19,8.0,https://www.screener.in/company/IRCON/consolidated/,2026-09-01T23:39:41.636880+00:00
IRCTC.NS,1274700,consolidated,2026-03-31,45.9076,45.0,45.9076,45.0,45.9076,45.0,14.0,,,12.0,-3.0,,11.490438693500217,,,0.0187978649338593,34.6,31.0,https://www.screener.in/company/IRCTC/consolidated/,2026-09-01T23:39:41.636880+00:00
IREDA.NS,1284567,consolidated,2026-03-31,30.0752,26.5,30.0752,26.5,30.0752,26.5,,40.0,,,,,14.787804172513663,15.968420690306417,,,15.6,,https://www.screener.in/company/IREDA/consolidated/,2026-09-01T23:39:41.636880+00:00
IRIS.NS,1274171,consolidated,2026-03-31,51.3285,49.35,63.7885,52.3,63.2368,51.6,20.0,97.0,31.0,207.0,14.0,,203.03603901569863,94.84362469027556,,0.0099502487562189,89.5,6.0,https://www.screener.in/company/IRIS/consolidated/,2026-09-01T23:39:41.636880+00:00
IRMENERGY.NS,1284537,consolidated,2026-03-31,23.794,23.2,23.794,23.2,23.794,23.2,3.0,9.0,,-6.0,,,-14.68458306851186,1.5004282998200449,,0.0732196589769308,5.49,13.0,https://www.screener.in/company/IRMENERGY/consolidated/,2026-09-01T23:39:41.636880+00:00
ISFT.NS,1531,consolidated,2026-03-31,15.8854,14.55,18.2134,19.15,27.6952,21.55,5.0,10.0,-1.0,17.0,-3.0,-14.0,12.545836186698487,7.537910751072818,-11.678112509565697,0.0639097744360902,5.37,3.1,https://www.screener.in/company/ISFT/consolidated/,2026-09-01T23:39:41.636880+00:00
ISGEC.NS,1545,consolidated,2026-03-31,31.7937,28.95,30.1729,28.6,25.4521,25.1,2.0,-14.0,-4.0,-16.0,1.0,5.0,-17.856563409817227,-15.16808689437208,-5.150235485748167,0.3475877192982456,4.19,8.0,https://www.screener.in/company/ISGEC/consolidated/,2026-09-01T23:39:41.636880+00:00
ISTLTD.NS,1551,consolidated,2026-03-31,7.15,7.05,6.8263,6.6,6.2391,6.3,1.0,10.0,9.0,23.0,5.0,7.0,23.37900322229416,9.904200461395371,8.138507332596001,0.0023640661938534,9.7,52.0,https://www.screener.in/company/ISTLTD/consolidated/,2026-09-01T23:39:41.636880+00:00
ITC.NS,1552,consolidated,2026-03-31,24.2247,25.4,23.4267,24.6,24.1713,25.1,4.0,10.0,8.0,3.0,6.0,1.0,2.2586195792206,9.082196303157431,7.869983240648626,0.0330864606175955,29.3,34.0,https://www.screener.in/company/ITC/consolidated/,2026-09-01T23:39:41.636880+00:00
ITCHOTELS.NS,1285312,consolidated,2026-03-31,46.7619,41.15,46.7619,41.15,46.7619,41.15,,,,,,,,,,0.0063475724824155,7.89,35.0,https://www.screener.in/company/ITCHOTELS/consolidated/,2026-09-01T23:39:41.636880+00:00
ITDC.NS,1431,consolidated,2026-03-31,73.1538,68.95,122.3013,72.3,183.4027,95.2,5.0,34.0,14.0,12.0,11.0,13.0,11.791636659942029,,16.573911752347726,0.0023640661938534,21.0,17.0,https://www.screener.in/company/ITDC/consolidated/,2026-09-01T23:39:41.636880+00:00
ITI.NS,1554,consolidated,2026-03-31,270.0623,137.0,187.1376,93.4,173.6267,88.2,16.0,,,16.0,18.0,25.0,,97.9587563373977,,0.4013641133263378,-8.86,2.5,https://www.screener.in/company/ITI/consolidated/,2026-09-01T23:39:41.636880+00:00
ITL.NS,1555,consolidated,2026-03-31,12.6437,12.5,10.792,10.25,10.919,9.85,12.0,12.0,15.0,4.0,20.0,23.0,1.7807481495292654,10.411053063541884,14.306463458781217,0.2613636363636363,10.2,7.0,https://www.screener.in/company/ITL/consolidated/,2026-09-01T23:39:41.636880+00:00
IVALUE.NS,1285661,consolidated,2026-03-31,13.1004,13.2,13.1004,13.2,13.1004,13.2,10.0,25.0,,19.0,,,-49.84024332883668,-25.89042482321693,,0.1214788732394366,19.8,14.0,https://www.screener.in/company/IVALUE/consolidated/,2026-09-01T23:39:41.636880+00:00
IVC.NS,1403,consolidated,2026-03-31,46.3842,39.6,39.7244,34.55,37.7394,32.1,-5.0,-13.0,-23.0,-31.0,8.0,-5.0,-31.902283387417853,-13.652802324668912,-23.68097358950073,0.0,1.95,-2.23,https://www.screener.in/company/IVC/consolidated/,2026-09-01T23:39:41.636880+00:00
IWP.NS,1274281,consolidated,2026-03-31,57.0209,51.15,63.783,53.5,63.3313,46.4,8.0,17.0,2.0,34.0,-3.0,,34.778344303682914,16.559823670043052,-11.089500265105434,0.18732782369146,1.26,6.0,https://www.screener.in/company/IWP/consolidated/,2026-09-01T23:39:41.636880+00:00
IXIGO.NS,1284805,consolidated,2026-03-31,130.2172,120.1,130.2172,120.1,130.2172,120.1,35.0,60.0,,40.0,,,41.69417063993719,-60.63657168179852,,0.0214948705422569,5.54,4.6,https://www.screener.in/company/IXIGO/consolidated/,2026-09-01T23:39:41.636880+00:00
IZMO.NS,1906,consolidated,2026-03-31,19.8304,16.8,14.8794,11.6,12.1568,9.85,23.0,12.0,35.0,33.0,56.0,33.0,28.59273849051129,9.4825345479445,37.14995705171964,0.0122249388753056,12.4,20.0,https://www.screener.in/company/IZMO/consolidated/,2026-09-01T23:39:41.636880+00:00
J&KBANK.NS,1584,consolidated,2026-03-31,6.5095,6.2,5.7198,5.4,6.9066,5.8,12.0,41.0,19.0,26.0,32.0,8.0,23.27226682497565,28.95243277410076,9.636819907440808,,15.4,,https://www.screener.in/company/J&KBANK/consolidated/,2026-09-01T23:39:41.636880+00:00
JAGRAN.NS,1567,consolidated,2026-03-31,10.6411,10.1,10.1679,9.65,11.9854,11.5,0.0,18.0,-4.0,8.0,1.0,-11.0,6.086419332258419,23.188900558452307,-1.6883724923807963,0.054563492063492,9.02,13.0,https://www.screener.in/company/JAGRAN/consolidated/,2026-09-01T23:39:41.636880+00:00
JAIBALAJI.NS,1571,consolidated,2025-09-30,21.0373,20.1,17.5168,17.5,17.5352,17.55,11.0,48.0,13.0,126.0,43.0,43.0,91.60671411449262,,,0.2066636650157586,30.7,9.0,https://www.screener.in/company/JAIBALAJI/consolidated/,2026-09-01T23:39:41.636880+00:00
JAICORPLTD.NS,1572,consolidated,2026-03-31,75.5006,29.85,66.0989,44.35,172.3796,84.9,-5.0,39.0,36.0,44.0,-6.0,3.0,,13.183191331952248,,0.1878980891719745,12.0,13.0,https://www.screener.in/company/JAICORPLTD/consolidated/,2026-09-01T23:39:41.636880+00:00
JAINREC.NS,1285688,consolidated,2026-03-31,32.7833,33.2,32.7833,33.2,32.7833,33.2,46.0,,,56.0,,,-23.921882580520325,,,0.8174247277386291,30.4,5.0,https://www.screener.in/company/JAINREC/consolidated/,2026-09-01T23:39:41.636880+00:00
JAIPURKURT.NS,1273525,consolidated,2026-03-31,33.4174,24.3,40.5556,25.6,38.8259,25.7,32.0,4.0,,122.0,-15.0,,145.83578425576138,-1.2943365189212797,,0.5757575757575758,3.34,8.0,https://www.screener.in/company/JAIPURKURT/consolidated/,2026-09-01T23:39:41.636880+00:00
JAMNAAUTO.NS,1585,consolidated,2026-03-31,22.9589,23.2,25.4248,24.4,25.5545,23.6,4.0,27.0,13.0,12.0,7.0,11.0,11.05508848603922,25.862208995229665,12.373920640445755,0.010462074978204,22.4,15.0,https://www.screener.in/company/JAMNAAUTO/consolidated/,2026-09-01T23:39:41.636880+00:00
JARO.NS,1285679,consolidated,2024-03-31,19.5583,18.7,19.5583,18.7,19.5583,18.7,61.0,,,93.0,,,,,,0.3504273504273504,40.6,31.0,https://www.screener.in/company/JARO/consolidated/,2026-09-01T23:39:41.636880+00:00
JASH.NS,1274170,consolidated,2026-03-31,38.8253,39.2,32.9698,33.8,27.5573,25.55,22.0,20.0,26.0,14.0,37.0,,11.943262781951546,18.57818144767944,23.002615391998795,0.1984585741811175,16.0,15.0,https://www.screener.in/company/JASH/consolidated/,2026-09-01T23:39:41.636880+00:00
JAYAGROGN.NS,1594,consolidated,2026-03-31,14.2184,13.9,12.124,12.6,13.5757,13.0,-5.0,1.0,8.0,1.0,-2.0,3.0,0.7042485551037814,0.9805797673485328,7.581123644206378,0.2147540983606557,8.53,4.4,https://www.screener.in/company/JAYAGROGN/consolidated/,2026-09-01T23:39:41.636880+00:00
JAYBARMARU.NS,1589,consolidated,2026-03-31,26.6924,30.55,24.4573,22.0,25.3776,20.2,3.0,40.0,,55.0,11.0,14.0,54.468722675244365,39.75098219337983,,0.7629310344827587,22.3,11.0,https://www.screener.in/company/JAYBARMARU/consolidated/,2026-09-01T23:39:41.636880+00:00
JAYKAY.NS,1599,consolidated,2026-03-31,107.6821,94.0,76.0048,64.8,51.2569,29.7,76.0,48.0,25.0,229.0,38.0,53.0,198.3950046019293,42.96725757958251,33.45363843630005,0.0565217391304347,11.7,11.0,https://www.screener.in/company/JAYKAY/consolidated/,2026-09-01T23:39:41.636880+00:00
JAYSREETEA.NS,1591,consolidated,2026-03-31,21.4352,11.4,24.4294,13.1,23.8648,22.5,5.0,,,2.0,-2.0,-1.0,,,,1.0580808080808082,-7.51,2.6,https://www.screener.in/company/JAYSREETEA/consolidated/,2026-09-01T23:39:41.636880+00:00
JBMA.NS,1604,consolidated,2026-03-31,96.8165,84.5,78.6443,72.1,51.1232,35.15,16.0,36.0,16.0,22.0,47.0,30.0,20.703166341638777,34.77696721890746,13.663457064759577,1.96816114359974,15.7,11.0,https://www.screener.in/company/JBMA/consolidated/,2026-09-01T23:39:41.636880+00:00
JETFREIGHT.NS,1273585,consolidated,2026-03-31,15.5148,15.3,23.8869,18.4,19.1493,14.95,1.0,27.0,,165.0,6.0,,,26.71293901918425,,1.0422535211267605,10.0,4.0,https://www.screener.in/company/JETFREIGHT/consolidated/,2026-09-01T23:39:41.636880+00:00
JGCHEM.NS,1284705,consolidated,2026-03-31,25.0431,23.7,25.0431,23.7,25.0431,23.7,8.0,24.0,,7.0,,,-0.9913189084669648,-38.568020997746935,,0.0113636363636363,13.3,9.0,https://www.screener.in/company/JGCHEM/consolidated/,2026-09-01T23:39:41.636880+00:00
JHS.NS,1616,consolidated,2026-03-31,70.2611,54.9,60.1441,48.5,46.932,41.0,6.0,,4.0,,-21.0,-13.0,,,,0.0862068965517241,-1.11,2.8,https://www.screener.in/company/JHS/consolidated/,2026-09-01T23:39:41.636880+00:00
JINDALPHOT.NS,1622,consolidated,2026-03-31,3.6331,3.0,2.7115,2.3,2.7115,2.3,17.0,,7.0,,59.0,28.0,,,,0.0636630754162585,-2.29,-506.0,https://www.screener.in/company/JINDALPHOT/consolidated/,2026-09-01T23:39:41.636880+00:00
JINDALPOLY.NS,1623,consolidated,2026-03-31,34.207,26.5,18.3904,14.0,11.8973,5.3,-15.0,,,,-6.0,6.0,,,,1.3123566043920023,-0.58,-25.0,https://www.screener.in/company/JINDALPOLY/consolidated/,2026-09-01T23:39:41.636880+00:00
JINDALSAW.NS,1624,consolidated,2026-03-31,11.2266,10.3,10.6008,10.2,13.1554,10.7,0.0,25.0,42.0,14.0,38.0,30.0,14.7611946703597,24.98641789042486,,0.3730714172101161,8.2,11.0,https://www.screener.in/company/JINDALSAW/consolidated/,2026-09-01T23:39:41.636880+00:00
JINDALSTEL.NS,1627,consolidated,2026-03-31,24.2373,21.3,18.4992,17.35,21.067,17.2,0.0,1.0,13.0,1.0,24.0,30.0,1.9956940951674884,-1.510411745724438,,0.4442130493722863,8.22,16.0,https://www.screener.in/company/JINDALSTEL/consolidated/,2026-09-01T23:39:41.636880+00:00
JINDRILL.NS,1620,consolidated,2026-03-31,17.488,19.35,14.9489,9.1,12.9094,7.9,25.0,102.0,4.0,22.0,37.0,14.0,29.540706465437204,,5.021931293602133,0.0510989010989011,10.2,33.0,https://www.screener.in/company/JINDRILL/consolidated/,2026-09-01T23:39:41.636880+00:00
JINDWORLD.NS,1628,consolidated,2026-03-31,70.9848,78.25,63.4107,58.8,50.1728,46.55,3.0,17.0,4.0,-18.0,27.0,29.0,-15.251230762522283,9.730933214999515,5.755705033825231,0.6488372093023256,7.79,5.0,https://www.screener.in/company/JINDWORLD/consolidated/,2026-09-01T23:39:41.636880+00:00
JIOFIN.NS,1284422,consolidated,2026-03-31,110.9062,114.65,110.9062,114.65,110.9062,114.65,328.0,,,293.0,,,,,,0.1626261645237686,1.19,66.0,https://www.screener.in/company/JIOFIN/consolidated/,2026-09-01T23:39:41.636880+00:00
JISLJALEQS.NS,1576,consolidated,2026-03-31,81.8821,85.4,79.1534,71.4,44.5333,31.6,4.0,14.0,,,-3.0,-11.0,,,,0.736068376068376,-0.48,12.0,https://www.screener.in/company/JISLJALEQS/consolidated/,2026-09-01T23:39:41.636880+00:00
JITFINFRA.NS,1273645,consolidated,2026-03-31,111.683,120.8,111.683,120.8,111.683,120.8,21.0,10.0,4.0,16.0,30.0,,,,,,,20.0,https://www.screener.in/company/JITFINFRA/consolidated/,2026-09-01T23:39:41.636880+00:00
JKCEMENT.NS,1632,consolidated,2026-03-31,49.2918,46.05,44.2561,42.1,42.0914,37.0,12.0,7.0,33.0,33.0,8.0,21.0,32.82047400478088,6.937737050183568,31.55969558620262,0.8786414665340344,15.6,16.0,https://www.screener.in/company/JKCEMENT/consolidated/,2026-09-01T23:39:41.636880+00:00
JKIL.NS,1562,consolidated,2026-03-31,19.519,14.0,18.8637,15.95,16.0597,13.65,11.0,,15.0,13.0,19.0,12.0,12.107852721072486,32.101100719307986,,0.1843276936776491,12.4,14.0,https://www.screener.in/company/JKIL/consolidated/,2026-09-01T23:39:41.636880+00:00
JKIPL.NS,1285666,consolidated,2026-03-31,9.9841,0.85,9.9841,0.85,9.9841,0.85,,,,,,,,,,0.520618556701031,8.64,2.9,https://www.screener.in/company/JKIPL/consolidated/,2026-09-01T23:39:41.636880+00:00
JKLAKSHMI.NS,1633,consolidated,2026-03-31,24.1823,23.75,21.0015,20.15,42.3641,21.0,2.0,0.0,50.0,5.0,-6.0,1.0,2.8799544382229536,-0.7424376484409856,76.99518695867688,0.6654657745753989,10.7,14.0,https://www.screener.in/company/JKLAKSHMI/consolidated/,2026-09-01T23:39:41.636880+00:00
JKPAPER.NS,1634,consolidated,2026-03-31,13.0608,9.2,11.1263,8.8,11.5483,9.8,3.0,3.0,17.0,-40.0,10.0,21.0,-40.78065546317,0.6964461484594286,14.54582433781546,0.4670289855072463,4.77,13.0,https://www.screener.in/company/JKPAPER/consolidated/,2026-09-01T23:39:41.636880+00:00
JKTYRE.NS,1636,consolidated,2026-03-31,16.2563,15.0,15.445,15.15,14.6818,12.8,4.0,24.0,6.0,44.0,19.0,10.0,36.17768604177487,15.72495375171561,2.711904847381041,0.805477643953143,16.0,12.0,https://www.screener.in/company/JKTYRE/consolidated/,2026-09-01T23:39:41.636880+00:00
JLHL.NS,1284477,consolidated,2026-03-31,53.691,50.5,53.691,50.5,53.691,50.5,19.0,143.0,,37.0,,,31.89672139175823,,,0.3779935275080906,13.1,22.0,https://www.screener.in/company/JLHL/consolidated/,2026-09-01T23:39:41.636880+00:00
JMA.NS,1270760,consolidated,2026-03-31,8.0209,7.9,7.3145,6.9,7.4408,7.35,7.0,6.0,8.0,3.0,8.0,8.0,3.220078252372649,5.403603665143497,11.225174442424946,-0.0,11.4,6.0,https://www.screener.in/company/JMA/consolidated/,2026-09-01T23:39:41.636880+00:00
JMFINANCIL.NS,1637,consolidated,2026-03-31,14.0759,13.9,12.2687,11.65,13.6496,13.1,9.0,16.0,12.0,27.0,7.0,7.0,26.159603332139515,15.220279854163389,9.48311780672424,1.0916682304372305,11.9,56.0,https://www.screener.in/company/JMFINANCIL/consolidated/,2026-09-01T23:39:41.636880+00:00
JNKINDIA.NS,1284760,consolidated,2026-03-31,42.5317,44.1,42.5317,44.1,42.5317,44.1,26.0,32.0,,12.0,,,-37.818908940833474,-46.88658835482679,,0.1604938271604938,12.1,12.0,https://www.screener.in/company/JNKINDIA/consolidated/,2026-09-01T23:39:41.636880+00:00
JNPR.NS,1286068,consolidated,2026-03-31,853.1211,853.0,853.1211,853.0,853.1211,853.0,29.0,,,46.0,,,,,,4.018983644859813,0.43,85.0,https://www.screener.in/company/JNPR/consolidated/,2026-09-01T23:39:41.636880+00:00
JPOLYINVST.NS,615823,consolidated,2026-03-31,2.6747,2.6,2.0636,2.1,2.0436,2.1,-31.0,123.0,46.0,45.0,90.0,28.0,45.0324643732781,,,0.0143302180685358,54.8,88.0,https://www.screener.in/company/JPOLYINVST/consolidated/,2026-09-01T23:39:41.636880+00:00
JPPOWER.NS,1582,consolidated,2026-03-31,26.4117,15.4,28.9557,17.2,29.73,18.5,-1.0,24.0,15.0,97.0,33.0,13.0,102.06200103110952,14.869835499703507,,0.2663367891925856,3.6,26.0,https://www.screener.in/company/JPPOWER/consolidated/,2026-09-01T23:39:41.636880+00:00
JSL.NS,1626,consolidated,2026-03-31,20.707,21.3,15.095,17.65,20.4766,17.2,6.0,55.0,23.0,15.0,37.0,41.0,14.6889382810512,35.12391913574506,,0.3769390126825324,17.7,13.0,https://www.screener.in/company/JSL/consolidated/,2026-09-01T23:39:41.636880+00:00
JSLL.NS,1275199,consolidated,2026-03-31,119.9627,87.85,93.7391,51.9,93.7391,51.9,58.0,,,88.0,,,143.91829165255064,,,0.2719486081370449,61.3,43.0,https://www.screener.in/company/JSLL/consolidated/,2026-09-01T23:39:41.636880+00:00
JSWCEMENT.NS,1285590,consolidated,2026-03-31,37.0204,29.55,37.0204,29.55,37.0204,29.55,4.0,19.0,,68.0,,,,,,0.6815267175572519,14.7,18.0,https://www.screener.in/company/JSWCEMENT/consolidated/,2026-09-01T23:39:41.636880+00:00
JSWDULUX.NS,115,consolidated,2026-03-31,34.8937,35.9,33.8466,33.8,35.7763,35.3,-2.0,12.0,7.0,2.0,7.0,7.0,80.5994353322979,56.89455477971119,25.16997500361167,0.0322185970636215,19.1,14.0,https://www.screener.in/company/JSWDULUX/consolidated/,2026-09-01T23:39:41.636880+00:00
JSWENERGY.NS,1655,consolidated,2026-03-31,49.0563,46.5,44.7508,44.9,31.3432,24.6,22.0,23.0,5.0,19.0,15.0,21.0,12.323314941298769,21.356994779008787,3.733939750294968,2.5022275698351275,7.51,54.0,https://www.screener.in/company/JSWENERGY/consolidated/,2026-09-01T23:39:41.636880+00:00
JSWHL.NS,1625,consolidated,2026-03-31,83.169,84.1,60.6557,44.7,50.7384,40.05,-24.0,15.0,,-23.0,20.0,25.0,-23.80429329743749,14.28420614142427,,0.0,0.46,86.0,https://www.screener.in/company/JSWHL/consolidated/,2026-09-01T23:39:41.636880+00:00
JSWINFRA.NS,1284497,consolidated,2026-03-31,45.2647,43.6,45.2647,43.6,45.2647,43.6,19.0,40.0,,29.0,,,22.23131947036629,-31.4796845247034,,0.6342741564769697,15.3,48.0,https://www.screener.in/company/JSWINFRA/consolidated/,2026-09-01T23:39:41.636880+00:00
JSWSTEEL.NS,1657,consolidated,2026-03-31,39.7152,37.0,32.571,32.85,26.93,19.1,4.0,3.0,24.0,35.0,14.0,22.0,74.61835084679393,22.76283009670588,,0.9925739358140184,10.2,16.0,https://www.screener.in/company/JSWSTEEL/consolidated/,2026-09-01T23:39:41.636880+00:00
JTEKTINDIA.NS,3125,consolidated,2023-09-30,50.6753,49.15,48.9153,47.85,46.8094,47.0,11.0,6.0,8.0,40.0,5.0,8.0,39.23245000990032,0.7373452865805818,5.652241925550672,0.0940054495912806,12.4,9.0,https://www.screener.in/company/JTEKTINDIA/consolidated/,2026-09-01T23:39:41.636880+00:00
JTLIND.NS,63890,consolidated,2026-03-31,30.543,30.85,28.9507,29.2,28.9507,29.2,11.0,37.0,,3.0,16.0,40.0,-1.1364620388432445,22.117869853239448,,0.1641991924629879,7.28,8.0,https://www.screener.in/company/JTLIND/consolidated/,2026-09-01T23:39:41.636880+00:00
JUBLCPL.NS,1285333,consolidated,2026-03-31,25.1889,24.7,25.1889,24.7,25.1889,24.7,,,,,,,,,,0.1108695652173913,33.2,10.0,https://www.screener.in/company/JUBLCPL/consolidated/,2026-09-01T23:39:41.636880+00:00
JUBLFOOD.NS,1658,consolidated,2026-03-31,143.2373,146.75,122.7225,121.95,125.1536,106.6,23.0,14.0,17.0,8.0,-10.0,15.0,6.650682314053524,13.080446871596973,16.009281284697387,2.1387434554973823,21.0,20.0,https://www.screener.in/company/JUBLFOOD/consolidated/,2026-09-01T23:39:41.636880+00:00
JUBLINGREA.NS,1274844,consolidated,2026-03-31,43.7361,40.5,46.3912,36.6,51.0712,37.35,-3.0,35.0,,-2.0,-2.0,,-3.319760147371986,38.61435564281983,,0.2533589251439539,9.52,13.0,https://www.screener.in/company/JUBLINGREA/consolidated/,2026-09-01T23:39:41.636880+00:00
JUBLPHARMA.NS,1660,consolidated,2026-03-31,45.8059,37.0,39.659,35.9,25.8345,17.4,10.0,-13.0,1.0,47.0,7.0,7.0,,-13.76665192660801,0.1694339984730675,0.5096574087128155,6.53,14.0,https://www.screener.in/company/JUBLPHARMA/consolidated/,2026-09-01T23:39:41.636880+00:00
JUNIPER.NS,1284687,consolidated,2026-03-31,123.3025,88.4,123.3025,88.4,123.3025,88.4,16.0,23.0,,99.0,,,,,,0.4163179916317991,6.19,40.0,https://www.screener.in/company/JUNIPER/consolidated/,2026-09-01T23:39:41.636880+00:00
JUSTDIAL.NS,400458,consolidated,2024-03-31,54.8759,55.75,80.4275,63.1,54.0176,44.5,16.0,-2.0,4.0,1.0,-7.0,4.0,7.236081759601109,5.968771553146968,9.520357661337876,0.0211285110613969,3.63,21.0,https://www.screener.in/company/JUSTDIAL/consolidated/,2026-09-01T23:39:41.636880+00:00
JWL.NS,689,consolidated,2026-03-31,53.7892,54.45,46.2709,46.3,46.2709,46.3,12.0,28.0,,15.0,51.0,33.0,8.634674084667404,-7.696720409912516,,0.3344526527871054,6.39,11.0,https://www.screener.in/company/JWL/consolidated/,2026-09-01T23:39:41.636880+00:00
JYOTHYLAB.NS,1667,consolidated,2025-03-31,37.5215,36.2,36.405,34.3,36.4881,33.65,9.0,16.0,12.0,32.0,4.0,3.0,31.770297238297008,16.808551149837747,11.656660853020838,0.0297560975609756,19.0,18.0,https://www.screener.in/company/JYOTHYLAB/consolidated/,2026-09-01T23:39:41.636880+00:00
JYOTICNC.NS,1284626,consolidated,2026-03-31,100.1975,72.7,100.1975,72.7,100.1975,72.7,31.0,45.0,,157.0,,,,,,0.4262868565717141,18.2,24.0,https://www.screener.in/company/JYOTICNC/consolidated/,2026-09-01T23:39:41.636880+00:00
JYOTISTRUC.NS,1671,consolidated,2026-03-31,75.2365,59.45,75.2365,59.45,75.2365,59.45,49.0,15.0,8.0,151.0,-2.0,-1.0,,,,4.387368421052631,10.8,7.0,https://www.screener.in/company/JYOTISTRUC/consolidated/,2026-09-01T23:39:41.636880+00:00
KABRAEXTRU.NS,1679,consolidated,2026-03-31,55.8229,43.1,48.6387,40.9,34.7252,29.7,-12.0,,,,19.0,17.0,,,,0.3287981859410431,-1.91,4.0,https://www.screener.in/company/KABRAEXTRU/consolidated/,2026-09-01T23:39:41.636880+00:00
KAJARIACER.NS,1685,consolidated,2026-03-31,46.0114,46.6,46.8092,47.05,43.5102,42.95,3.0,11.0,8.0,14.0,1.0,7.0,12.094912440886606,9.501967352219689,7.667680917126174,0.0746901500326157,17.9,19.0,https://www.screener.in/company/KAJARIACER/consolidated/,2026-09-01T23:39:41.636880+00:00
KALAMANDIR.NS,1275253,consolidated,2022-03-31,7.3188,7.4,7.3188,7.4,7.3188,7.4,,,,,,,,,,,,12.0,https://www.screener.in/company/KALAMANDIR/consolidated/,2026-09-01T23:39:41.636880+00:00
KALPATARU.NS,1285507,consolidated,2026-03-31,244.7154,273.2,244.7154,273.2,244.7154,273.2,-2.0,29.0,,35.0,,,,,,2.2268642215205245,2.73,2.9,https://www.screener.in/company/KALPATARU/consolidated/,2026-09-01T23:39:41.636880+00:00
KALYANKJIL.NS,1274850,consolidated,2026-03-31,68.9386,69.0,53.8869,45.1,52.8629,43.0,36.0,195.0,,45.0,54.0,,46.03360886192529,,,0.9695672848311936,24.8,7.0,https://www.screener.in/company/KALYANKJIL/consolidated/,2026-09-01T23:39:41.636880+00:00
KAMAHOLD.NS,1700,consolidated,2026-03-31,10.5513,10.45,9.3615,9.2,8.8065,8.6,2.0,10.0,9.0,-8.0,2.0,16.0,-9.44349106521467,9.103927020289948,7.983504864269197,0.6337993010484274,12.6,22.0,https://www.screener.in/company/KAMAHOLD/consolidated/,2026-09-01T23:39:41.636880+00:00
KAMANWALA.NS,1703,consolidated,2026-03-31,0.5865,0.6,45.6462,21.7,64.5589,52.65,26.0,,6.0,-7.0,11.0,2.0,,,,0.1511379800853485,-2.51,-78.26,https://www.screener.in/company/KAMANWALA/consolidated/,2026-09-01T23:39:41.636880+00:00
KAMATHOTEL.NS,1704,consolidated,2026-03-31,19.9057,17.2,21.5977,16.7,18.5059,16.0,9.0,23.0,15.0,-24.0,39.0,21.0,-54.87669493679026,,,0.7373417721518988,11.6,26.0,https://www.screener.in/company/KAMATHOTEL/consolidated/,2026-09-01T23:39:41.636880+00:00
KAMOPAINTS.NS,1275408,consolidated,2026-03-31,72.9393,48.65,72.9393,48.65,72.9393,48.65,-2.0,,,26.0,,,,,,0.1899441340782122,0.12,1.7,https://www.screener.in/company/KAMOPAINTS/consolidated/,2026-09-01T23:39:41.636880+00:00
KANANIIND.NS,1706,consolidated,2026-03-31,81.1399,53.2,86.4523,53.0,90.1626,67.0,-14.0,55.0,3.0,6.0,-19.0,-19.0,5.726427034643122,45.40611511009971,2.6583631304232025,0.0,3.84,0.7,https://www.screener.in/company/KANANIIND/consolidated/,2026-09-01T23:39:41.636880+00:00
KANCHI.NS,1229689,consolidated,2026-03-31,49.1506,28.95,46.5854,28.0,46.5854,28.0,-12.0,,,-27.0,-14.0,28.0,-27.23715284060847,,,0.0,2.43,7.0,https://www.screener.in/company/KANCHI/consolidated/,2026-09-01T23:39:41.636880+00:00
KANCOTEA.NS,212589,consolidated,2026-03-31,4.4669,3.2,12.3965,3.05,14.7336,3.4,-11.0,,,,-2.0,,,,,0.9548387096774196,-9.32,-2.24,https://www.screener.in/company/KANCOTEA/consolidated/,2026-09-01T23:39:41.636880+00:00
KANPRPLA.NS,1714,consolidated,2026-03-31,31.682,22.1,27.5142,15.75,27.5468,16.5,15.0,3.0,,89.0,9.0,15.0,112.1204570738134,2.726632330601775,,0.417910447761194,14.9,9.0,https://www.screener.in/company/KANPRPLA/consolidated/,2026-09-01T23:39:41.636880+00:00
KANSAINER.NS,1715,consolidated,2026-03-31,33.1171,32.1,42.4267,37.0,47.8429,50.0,2.0,2.0,2.0,7.0,-14.0,-2.0,7.549890057237274,2.1638488011905377,-4.160339614917441,0.0451295799821269,8.82,12.0,https://www.screener.in/company/KANSAINER/consolidated/,2026-09-01T23:39:41.636880+00:00
KAPSTON.NS,1274320,consolidated,2026-03-31,34.6313,33.6,34.6313,33.6,34.6313,33.6,,,,,81.0,,,,,1.5862068965517242,27.4,6.0,https://www.screener.in/company/KAPSTON/consolidated/,2026-09-01T23:39:41.636880+00:00
KAVDEFENCE.NS,1731,consolidated,2026-03-31,26.1125,19.85,24.1415,18.35,24.1415,18.35,44.0,16.0,7.0,-67.0,52.0,15.0,-76.23697904686502,,,0.0394736842105263,1.25,-65.71,https://www.screener.in/company/KAVDEFENCE/consolidated/,2026-09-01T23:39:41.636880+00:00
KAYNES.NS,1275358,consolidated,2026-03-31,114.5766,119.85,110.0879,110.9,110.0879,110.9,48.0,104.0,,51.0,,,49.11810861050186,31.527060618778748,,0.1922914911541701,8.69,16.0,https://www.screener.in/company/KAYNES/consolidated/,2026-09-01T23:39:41.636880+00:00
KCP.NS,1737,consolidated,2026-03-31,16.238,14.4,15.9153,13.95,15.9801,14.1,5.0,4.0,8.0,70.0,3.0,6.0,67.73389233057048,3.8800338065044793,7.762309886252994,0.372615039281706,12.2,11.0,https://www.screener.in/company/KCP/consolidated/,2026-09-01T23:39:41.636880+00:00
KDDL.NS,1739,consolidated,2026-03-31,36.7051,35.95,35.5027,34.75,37.9034,34.3,24.0,74.0,32.0,18.0,54.0,34.0,18.773515400522523,74.31990800113975,30.95279795087749,0.4740740740740741,8.9,14.0,https://www.screener.in/company/KDDL/consolidated/,2026-09-01T23:39:41.636880+00:00
KEC.NS,1741,consolidated,2026-03-31,49.5051,45.55,46.2706,40.1,31.9603,22.65,11.0,4.0,16.0,55.0,0.0,12.0,49.19820900291472,1.1366555971116687,14.744362024196224,0.8731937002760188,11.4,7.0,https://www.screener.in/company/KEC/consolidated/,2026-09-01T23:39:41.636880+00:00
KECL.NS,1789,consolidated,2026-03-31,108.9612,78.85,77.2041,37.25,61.2513,32.3,8.0,17.0,8.0,-29.0,49.0,8.0,-35.428397587687755,,,0.7633587786259542,6.78,5.0,https://www.screener.in/company/KECL/consolidated/,2026-09-01T23:39:41.636880+00:00
KEI.NS,1744,consolidated,2026-03-31,53.85,52.8,45.4282,47.9,33.2667,30.6,19.0,27.0,31.0,24.0,47.0,47.0,21.981873379610704,25.93402266066533,28.05905043500421,0.0379594898724681,14.8,11.0,https://www.screener.in/company/KEI/consolidated/,2026-09-01T23:39:41.636880+00:00
KELLTONTEC.NS,3701,consolidated,2026-03-31,15.3766,15.4,13.0573,12.2,9.9948,9.2,10.0,5.0,11.0,9.0,8.0,2.0,,3.051269507716325,12.926489361423243,0.2366790582403965,13.6,11.0,https://www.screener.in/company/KELLTONTEC/consolidated/,2026-09-01T23:39:41.636880+00:00
KENNAMET.NS,1750,consolidated,2022-06-30,49.0424,46.0,47.1328,45.0,45.7234,44.4,2.0,,,8.0,26.0,21.0,8.075020046354098,,,0.0,18.4,18.0,https://www.screener.in/company/KENNAMET/consolidated/,2026-09-01T23:39:41.636880+00:00
KERNEX.NS,1752,consolidated,2026-03-31,62.2377,37.8,72.0102,38.8,49.6693,34.85,374.0,116.0,22.0,86.0,86.0,45.0,,100.5677550328798,,0.6532258064516129,43.5,34.0,https://www.screener.in/company/KERNEX/consolidated/,2026-09-01T23:39:41.636880+00:00
KEYFINSERV.NS,1759,consolidated,2026-03-31,11.1538,8.8,10.3008,8.6,9.1107,7.4,19.0,-9.0,4.0,84.0,24.0,22.0,,-5.724872649053969,6.435698595061012,0.0286366466071799,4.88,38.89,https://www.screener.in/company/KEYFINSERV/consolidated/,2026-09-01T23:39:41.636880+00:00
KFINTECH.NS,1275381,consolidated,2026-03-31,54.1285,53.4,50.2684,50.5,50.2684,50.5,22.0,48.0,,19.0,,,19.853850693503404,,,0.0328554360812425,21.6,39.0,https://www.screener.in/company/KFINTECH/consolidated/,2026-09-01T23:39:41.636880+00:00
KHAITANLTD.NS,1763,consolidated,2026-03-31,8.7094,9.05,8.7094,9.05,8.7094,9.05,,,,,40.0,29.0,,,,0.1470588235294117,18.0,7.0,https://www.screener.in/company/KHAITANLTD/consolidated/,2026-09-01T23:39:41.636880+00:00
KHANDSE.NS,1767,consolidated,2026-03-31,110.973,71.5,110.973,71.5,110.973,71.5,11.0,4.0,-15.0,,-2.0,0.0,,,,0.1106705118961787,-4.49,-18.6,https://www.screener.in/company/KHANDSE/consolidated/,2026-09-01T23:39:41.636880+00:00
KICL.NS,1697,consolidated,2026-03-31,36.7892,34.6,28.0626,25.1,23.7933,18.75,12.0,1.0,-3.0,-14.0,19.0,15.0,-14.134775990505675,1.2288881440540855,0.0083143790040596,0.0,0.37,63.0,https://www.screener.in/company/KICL/consolidated/,2026-09-01T23:39:41.636880+00:00
KIMS.NS,1274885,consolidated,2026-03-31,73.9759,71.55,60.076,50.95,59.6273,49.6,21.0,4.0,25.0,-9.0,25.0,,-10.49641339833448,3.0457277761090085,23.012819267926865,1.892745883400089,11.3,20.0,https://www.screener.in/company/KIMS/consolidated/,2026-09-01T23:39:41.636880+00:00
KIRANVYPAR.NS,825238,consolidated,2026-03-31,332.0086,443.0,332.0086,443.0,332.0086,443.0,17.0,-59.0,-29.0,-70.0,9.0,7.0,-70.37450551361466,-59.89898403500633,-30.18512834395484,,0.05,,https://www.screener.in/company/KIRANVYPAR/consolidated/,2026-09-01T23:39:41.636880+00:00
KIRIINDUS.NS,1786,consolidated,2026-03-31,15.2492,12.35,11.2428,9.05,8.2919,5.8,-4.0,,,,0.0,6.0,255.85568395202708,65.32001305730708,28.81726318955462,0.0065257924176507,-2.05,-20.0,https://www.screener.in/company/KIRIINDUS/consolidated/,2026-09-01T23:39:41.636880+00:00
KIRLFER.NS,1790,consolidated,2026-03-31,23.1759,20.1,20.3067,18.4,20.3067,18.4,2.0,,,7.0,14.0,18.0,-0.7577665768622732,,,0.2682547902641118,14.5,12.0,https://www.screener.in/company/KIRLFER/consolidated/,2026-09-01T23:39:41.636880+00:00
KIRLOSBROS.NS,1788,consolidated,2026-03-31,34.6848,34.15,29.208,28.9,29.9385,26.7,7.0,20.0,34.0,19.0,39.0,28.0,16.71810311854427,18.31927943626692,,0.1014610389610389,17.3,12.0,https://www.screener.in/company/KIRLOSBROS/consolidated/,2026-09-01T23:39:41.636880+00:00
KIRLOSENG.NS,1792,consolidated,2026-03-31,33.2392,32.5,25.8435,22.75,25.0314,22.95,15.0,25.0,16.0,22.0,59.0,22.0,19.833538067049904,23.994787170763377,13.195223294675106,1.4845303867403314,17.5,18.0,https://www.screener.in/company/KIRLOSENG/consolidated/,2026-09-01T23:39:41.636880+00:00
KIRLOSIND.NS,1791,consolidated,2026-03-31,17.9576,17.95,14.5328,12.6,13.6534,12.2,2.0,8.0,13.0,3.0,18.0,14.0,-0.5481814929644169,5.115661311857322,11.264211056148833,0.17808,3.77,12.0,https://www.screener.in/company/KIRLOSIND/consolidated/,2026-09-01T23:39:41.636880+00:00
KIRLPNU.NS,1270979,consolidated,2026-03-31,138.7905,119.25,121.5275,106.35,78.2421,39.95,,,23.0,,31.0,24.0,142.08285735779248,39.07643192951917,,0.0024019215372297,22.6,19.0,https://www.screener.in/company/KIRLPNU/consolidated/,2026-09-01T23:39:41.636880+00:00
KISSHT.NS,1285971,consolidated,2026-03-31,0.957,1.0,0.957,1.0,0.957,1.0,30.0,47.0,,117.0,,,-25.230967259931404,,,1.8086373790022336,24.0,33.0,https://www.screener.in/company/KISSHT/consolidated/,2026-09-01T23:39:41.636880+00:00
KITEX.NS,1795,consolidated,2026-03-31,36.6439,32.6,27.8307,24.6,20.5658,17.95,6.0,-29.0,-21.0,-44.0,17.0,1.0,-52.948198555948565,-35.65564228114003,-25.23887008793807,1.1640776699029127,0.97,0.7,https://www.screener.in/company/KITEX/consolidated/,2026-09-01T23:39:41.636880+00:00
KJMCFIN.NS,1797,consolidated,2026-03-31,35.7204,32.1,38.6523,33.6,33.2102,28.9,29.0,25.0,10.0,57.0,17.0,18.0,,,9.751390620266598,,1.24,,https://www.screener.in/company/KJMCFIN/consolidated/,2026-09-01T23:39:41.636880+00:00
KKCL.NS,1757,consolidated,2026-03-31,24.8316,23.3,25.2531,24.5,25.99,24.8,16.0,48.0,8.0,8.0,25.0,3.0,6.048343240607945,48.30567883936774,7.639542335725258,0.1363152289669861,16.1,20.0,https://www.screener.in/company/KKCL/consolidated/,2026-09-01T23:39:41.636880+00:00
KLBRENG-B.NS,1775,consolidated,2026-03-31,31.916,33.3,31.916,33.3,31.916,33.3,,,,,69.0,24.0,,,,0.1376146788990825,17.1,22.0,https://www.screener.in/company/KLBRENG-B/consolidated/,2026-09-01T23:39:41.636880+00:00
KMEW.NS,1274846,consolidated,2026-03-31,52.1565,51.7,40.1873,35.1,37.015,33.6,8.0,64.0,,18.0,165.0,,13.603035136234045,58.92549860172911,,0.3894736842105263,20.0,47.0,https://www.screener.in/company/KMEW/consolidated/,2026-09-01T23:39:41.636880+00:00
KMSUGAR.NS,1803,consolidated,2026-03-31,9.2304,8.1,9.0115,8.1,8.0841,6.8,5.0,14.0,16.0,30.0,4.0,9.0,32.10680740816172,15.309809452886803,16.422585854739282,0.639386189258312,13.8,12.0,https://www.screener.in/company/KMSUGAR/consolidated/,2026-09-01T23:39:41.636880+00:00
KNACK.NS,1286036,consolidated,2026-03-31,21.2575,21.1,21.2575,21.1,21.2575,21.1,17.0,,,61.0,,,-40.65792443896886,,,,43.6,18.0,https://www.screener.in/company/KNACK/consolidated/,2026-09-01T23:39:41.636880+00:00
KNAGRI.NS,1275183,consolidated,2026-03-31,15.0633,14.9,13.2478,12.95,13.2478,12.95,-7.0,4.0,,5.0,,,5.369775015976352,-2.0185665596139324,,0.0883116883116883,8.61,2.8,https://www.screener.in/company/KNAGRI/consolidated/,2026-09-01T23:39:41.636880+00:00
KNRCON.NS,1806,consolidated,2026-03-31,9.3646,8.15,13.3206,13.45,16.5467,16.0,-13.0,5.0,15.0,2.0,-18.0,5.0,-1.5588579672686895,1.4090059927290843,14.563905895790596,0.4915526950925181,9.19,23.0,https://www.screener.in/company/KNRCON/consolidated/,2026-09-01T23:39:41.636880+00:00
KOHINOOR.NS,1810,consolidated,2026-03-31,51.8583,48.0,51.8583,48.0,51.8583,48.0,21.0,,,11.0,,-6.0,,27.179240922401448,,,,-3.6,https://www.screener.in/company/KOHINOOR/consolidated/,2026-09-01T23:39:41.636880+00:00
KOKUYOCMLN.NS,1812,consolidated,2019-03-31,81.1671,78.1,69.2721,64.0,78.3136,59.8,4.0,32.0,,43.0,3.0,0.0,42.98157656398376,,,0.6947791164658634,6.22,7.0,https://www.screener.in/company/KOKUYOCMLN/consolidated/,2026-09-01T23:39:41.636880+00:00
KOLTEPATIL.NS,1813,consolidated,2026-03-31,57.667,42.6,55.2971,38.05,35.9628,25.1,-21.0,,,,9.0,13.0,,,,0.980115990057995,-4.36,10.0,https://www.screener.in/company/KOLTEPATIL/consolidated/,2026-09-01T23:39:41.636880+00:00
KOTAKBANK.NS,1818,consolidated,2026-03-31,20.4222,20.2,24.1687,21.8,30.8444,32.1,18.0,14.0,19.0,9.0,3.0,10.0,8.861156260300596,13.97863599850313,17.794129176895712,,11.4,,https://www.screener.in/company/KOTAKBANK/consolidated/,2026-09-01T23:39:41.636880+00:00
KOTHARIPET.NS,1820,consolidated,2016-03-31,94.4329,89.15,75.4355,76.75,44.8427,31.9,-4.0,,,27.0,18.0,20.0,22.097939788043156,,,0.2647058823529412,14.2,7.0,https://www.screener.in/company/KOTHARIPET/consolidated/,2026-09-01T23:39:41.636880+00:00
KOTHARIPRO.NS,1821,consolidated,2026-03-31,19.4519,19.4,23.3102,19.8,14.9575,8.8,-10.0,17.0,-11.0,38.0,6.0,-2.0,85.57459139828731,,-6.788498573695456,0.0854922279792746,1.9,-6.0,https://www.screener.in/company/KOTHARIPRO/consolidated/,2026-09-01T23:39:41.636880+00:00
KOTIC.NS,1268109,consolidated,2026-03-31,2.6423,1.65,2.6423,1.65,2.6423,1.65,165.0,,,,,,,,,0.2510822510822511,-35.0,-34.0,https://www.screener.in/company/KOTIC/consolidated/,2026-09-01T23:39:41.636880+00:00
KOVAI.NS,1825,consolidated,2018-03-31,95.512,102.3,70.887,70.8,45.3874,29.7,14.0,23.0,30.0,15.0,29.0,22.0,14.597716749920163,23.199776599040558,29.979038196061893,0.698961937716263,22.2,22.0,https://www.screener.in/company/KOVAI/consolidated/,2026-09-01T23:39:41.636880+00:00
KPEL.NS,1273264,consolidated,2026-03-31,30.8962,27.05,24.8561,19.3,32.1074,17.9,51.0,97.0,43.0,62.0,72.0,42.0,59.77869607103708,96.76516942058764,42.452078671829966,0.8435114503816794,43.4,18.0,https://www.screener.in/company/KPEL/consolidated/,2026-09-01T23:39:41.636880+00:00
KPIGREEN.NS,1274614,consolidated,2026-03-31,34.8722,29.2,29.2435,25.05,27.0818,22.3,61.0,85.0,,63.0,86.0,,52.97923158317768,78.01012726581536,,1.7129202373104813,17.4,36.0,https://www.screener.in/company/KPIGREEN/consolidated/,2026-09-01T23:39:41.636880+00:00
KPIL.NS,1692,consolidated,2026-03-31,33.9703,35.3,26.8279,25.65,25.2893,23.35,18.0,13.0,24.0,36.0,28.0,19.0,30.935024242312718,6.209954074486634,23.85393627107284,0.4556327160493827,13.7,8.0,https://www.screener.in/company/KPIL/consolidated/,2026-09-01T23:39:41.636880+00:00
KPITTECH.NS,1274654,consolidated,2026-03-31,53.338,47.25,56.8634,57.4,46.9739,47.8,24.0,37.0,,21.0,12.0,,18.705102034038458,34.2576835313221,,0.2366563117763343,20.9,18.0,https://www.screener.in/company/KPITTECH/consolidated/,2026-09-01T23:39:41.636880+00:00
KPL.NS,1273436,consolidated,2026-03-31,23.5633,23.35,17.9485,18.1,16.4634,14.8,26.0,35.0,44.0,29.0,50.0,65.0,51.49178996315711,34.769541442248794,45.27737736323252,0.3927492447129909,22.6,24.0,https://www.screener.in/company/KPL/consolidated/,2026-09-01T23:39:41.636880+00:00
KPRMILL.NS,1827,consolidated,2026-03-31,39.0918,38.2,33.3252,34.05,24.4793,20.8,2.0,10.0,15.0,2.0,24.0,26.0,2.096785553343916,11.10951008523542,16.32059515162778,0.1046164648060382,15.7,20.0,https://www.screener.in/company/KPRMILL/consolidated/,2026-09-01T23:39:41.636880+00:00
KRBL.NS,1828,consolidated,2026-03-31,13.8956,13.45,13.4668,12.95,15.2803,13.3,4.0,3.0,8.0,-3.0,10.0,5.0,-1.6732407901163815,3.583798035502417,8.561804074057422,0.0292750129154468,11.7,17.0,https://www.screener.in/company/KRBL/consolidated/,2026-09-01T23:39:41.636880+00:00
KRISHIVAL.NS,1275193,consolidated,2026-03-31,64.8786,61.85,94.7881,79.75,94.7881,79.75,61.0,100.0,,48.0,,,42.1086091936095,83.75400159833393,,0.1875,13.1,10.0,https://www.screener.in/company/KRISHIVAL/consolidated/,2026-09-01T23:39:41.636880+00:00
KRISHNADEF.NS,1275194,consolidated,2026-03-31,62.6133,55.95,60.9314,54.05,60.9314,54.05,57.0,,,98.0,,,81.47190128954914,,,0.0103092783505154,25.4,23.0,https://www.screener.in/company/KRISHNADEF/consolidated/,2026-09-01T23:39:41.636880+00:00
KRITI.NS,1835,consolidated,2026-03-31,27.0717,20.95,18.101,16.3,18.8693,17.8,-7.0,-40.0,-13.0,28.0,-15.0,8.0,,-50.78052502383095,-20.82720879478951,0.4099099099099099,1.32,4.7,https://www.screener.in/company/KRITI/consolidated/,2026-09-01T23:39:41.636880+00:00
KRITINUT.NS,1836,consolidated,2026-03-31,13.1309,13.2,13.1309,13.2,13.1309,13.2,,,,,15.0,18.0,,,,0.0393013100436681,15.1,4.7,https://www.screener.in/company/KRITINUT/consolidated/,2026-09-01T23:39:41.636880+00:00
KRN.NS,1285002,consolidated,2026-03-31,88.3901,89.4,88.3901,89.4,88.3901,89.4,,,,,,,,,,0.3257839721254355,14.3,20.0,https://www.screener.in/company/KRN/consolidated/,2026-09-01T23:39:41.636880+00:00
KRSNAA.NS,1274906,consolidated,2026-03-31,32.2772,32.95,30.0507,29.4,30.0507,29.4,17.0,,37.0,18.0,-10.0,,16.493188219779363,,,0.5448979591836735,10.9,27.0,https://www.screener.in/company/KRSNAA/consolidated/,2026-09-01T23:39:41.636880+00:00
KRYSTAL.NS,1284715,consolidated,2026-03-31,15.8581,14.6,15.8581,14.6,15.8581,14.6,22.0,30.0,,19.0,,,-11.61518355566058,9.551409024939051,,0.2404809619238476,13.8,6.0,https://www.screener.in/company/KRYSTAL/consolidated/,2026-09-01T23:39:41.636880+00:00
KSB.NS,1838,consolidated,2026-06-30,58.2608,55.65,49.4252,50.15,40.4872,37.95,14.0,25.0,16.0,17.0,28.0,21.0,13.960384306101291,23.586903168800436,14.679394671883884,0.0035335689045936,18.4,13.0,https://www.screener.in/company/KSB/consolidated/,2026-09-01T23:39:41.636880+00:00
KSCL.NS,1730,consolidated,2026-03-31,16.2259,15.9,15.0156,15.0,16.5044,15.1,9.0,1.0,6.0,11.0,5.0,9.0,5.778845536024924,2.2440019329947214,8.992305906927612,0.0,18.2,23.0,https://www.screener.in/company/KSCL/consolidated/,2026-09-01T23:39:41.636880+00:00
KSHITIJPOL.NS,1274572,consolidated,2026-03-31,85.9714,37.25,330.4416,194.3,330.4416,194.3,10.0,,,121.0,-15.0,,81.71205928321396,,,0.2978588421887391,7.76,12.52,https://www.screener.in/company/KSHITIJPOL/consolidated/,2026-09-01T23:39:41.636880+00:00
KSL.NS,1698,consolidated,2026-03-31,13.5082,13.65,10.4641,10.95,9.918,9.15,,7.0,9.0,,18.0,10.0,1.837418989646622,13.551344685706267,53.37525996491186,0.2256532066508313,13.2,20.0,https://www.screener.in/company/KSL/consolidated/,2026-09-01T23:39:41.636880+00:00
KSOLVES.NS,1274762,consolidated,2026-03-31,30.9741,28.15,31.3427,28.4,31.4118,28.55,28.0,31.0,,12.0,13.0,,11.53078036236408,31.21549352896038,,0.2,137.0,31.0,https://www.screener.in/company/KSOLVES/consolidated/,2026-09-01T23:39:41.636880+00:00
KTKBANK.NS,1722,consolidated,2026-03-31,6.062,5.8,5.5828,5.5,5.3818,5.3,7.0,22.0,,4.0,40.0,11.0,-2.823663014638289,17.432246283303286,,,10.4,,https://www.screener.in/company/KTKBANK/consolidated/,2026-09-01T23:39:41.636880+00:00
KUSUMGAR.NS,1286043,consolidated,2026-03-31,61.4114,61.2,61.4114,61.2,61.4114,61.2,32.0,,,38.0,,,-82.70246740012308,,,0.5788423153692615,25.9,27.0,https://www.screener.in/company/KUSUMGAR/consolidated/,2026-09-01T23:39:41.636880+00:00
LADDERUP.NS,1853,consolidated,2026-03-31,37.4422,37.0,26.511,16.5,22.8492,13.8,30.0,43.0,12.0,69.0,16.0,10.0,,48.89911515407466,13.97446161877227,,4.91,,https://www.screener.in/company/LADDERUP/consolidated/,2026-09-01T23:39:41.636880+00:00
LAHOTIOV.NS,1855,consolidated,2026-03-31,10.6177,9.6,8.4592,8.25,9.8069,8.2,6.0,12.0,17.0,-3.0,12.0,12.0,-3.0553647468183787,11.77461918086371,17.040587495110437,0.1481481481481481,6.9,1.5,https://www.screener.in/company/LAHOTIOV/consolidated/,2026-09-01T23:39:41.636880+00:00
LALITHAA.NS,1286105,consolidated,2026-03-31,12.5571,12.3,12.5571,12.3,12.5571,12.3,,,,,,,,,,0.6979522184300341,41.7,7.0,https://www.screener.in/company/LALITHAA/consolidated/,2026-09-01T23:39:41.636880+00:00
LALPATHLAB.NS,1273172,consolidated,2026-03-31,57.6943,55.5,62.3156,62.2,60.0052,55.45,11.0,12.0,15.0,30.0,-1.0,13.0,28.11037833763164,11.491527203930564,14.194512605156028,0.0793144679155041,22.3,29.0,https://www.screener.in/company/LALPATHLAB/consolidated/,2026-09-01T23:39:41.636880+00:00
LANCER.NS,1273327,consolidated,2026-03-31,25.8037,22.65,26.2802,24.9,24.4046,22.9,-22.0,-10.0,,-52.0,-4.0,34.0,-61.97443597610641,-21.594731831688428,,0.0413694721825962,0.95,0.2,https://www.screener.in/company/LANCER/consolidated/,2026-09-01T23:39:41.636880+00:00
LANCORHOL.NS,1867,consolidated,2026-03-31,47.1075,31.5,47.1075,31.5,34.2458,17.9,5.0,41.0,14.0,395.0,36.0,7.0,,,11.755372755188851,0.4458333333333333,18.7,1.6,https://www.screener.in/company/LANCORHOL/consolidated/,2026-09-01T23:39:41.636880+00:00
LANDMARK.NS,1275377,consolidated,2026-03-31,80.6532,74.5,71.1026,50.3,71.1026,50.3,13.0,24.0,,-24.0,,,-24.984368486416894,7.773099241124082,,1.4974358974358974,6.86,5.0,https://www.screener.in/company/LANDMARK/consolidated/,2026-09-01T23:39:41.636880+00:00
LANDSMILL.NS,980,consolidated,2026-03-31,65.1176,70.5,65.1176,70.5,34.7034,16.5,4.0,3.0,9.0,33.0,25.0,-1.0,,0.0,,0.004448246364414,0.54,-268.87,https://www.screener.in/company/LANDSMILL/consolidated/,2026-09-01T23:39:41.636880+00:00
LASERPOWER.NS,1286044,consolidated,2026-03-31,31.9912,31.8,31.9912,31.8,31.9912,31.8,21.0,,,72.0,,,-66.14094584849425,,,1.199724517906336,16.8,13.0,https://www.screener.in/company/LASERPOWER/consolidated/,2026-09-01T23:39:41.636880+00:00
LATENTVIEW.NS,1275098,consolidated,2026-03-31,51.5095,52.95,45.8852,49.25,45.8852,49.25,25.0,17.0,,8.0,,,8.033070725628866,-38.90496113377749,,0.0187927107061503,11.9,22.0,https://www.screener.in/company/LATENTVIEW/consolidated/,2026-09-01T23:39:41.636880+00:00
LATTEYS.NS,1274360,consolidated,2026-03-31,89.9373,74.75,90.975,74.85,90.975,74.85,30.0,,,40.0,35.0,,39.172881070794176,,,0.9166666666666666,16.4,6.0,https://www.screener.in/company/LATTEYS/consolidated/,2026-09-01T23:39:41.636880+00:00
LAURUSLABS.NS,1273603,consolidated,2026-03-31,113.7247,93.3,79.9912,64.85,55.397,33.5,4.0,-2.0,21.0,4.0,23.0,,3.912207815318447,-2.1291245264413505,-0.3046737645759689,0.4750943396226415,18.3,28.0,https://www.screener.in/company/LAURUSLABS/consolidated/,2026-09-01T23:39:41.636880+00:00
LAXMICOT.NS,1273692,consolidated,2026-03-31,94.0519,59.7,77.0896,14.7,77.0896,14.7,2.0,,,19.0,-10.0,,,,,0.7049180327868853,-3.09,-0.5,https://www.screener.in/company/LAXMICOT/consolidated/,2026-09-01T23:39:41.636880+00:00
LAXMIDENTL.NS,1285230,consolidated,2026-03-31,37.8212,39.5,37.8212,39.5,37.8212,39.5,20.0,103.0,,124.0,,,,,,0.0534979423868312,14.8,16.0,https://www.screener.in/company/LAXMIDENTL/consolidated/,2026-09-01T23:39:41.636880+00:00
LCCINFOTEC.NS,1874,consolidated,2024-09-30,73.2214,70.85,73.2214,70.85,73.2214,70.85,345.0,,,17.0,6.0,31.0,,,,2.0,-1.89,-5580.0,https://www.screener.in/company/LCCINFOTEC/consolidated/,2026-09-01T23:39:41.636880+00:00
LCL.NS,1286055,consolidated,2026-03-31,28.9542,28.65,28.9542,28.65,28.9542,28.65,,,,,,,,,,0.3352490421455938,44.6,19.0,https://www.screener.in/company/LCL/consolidated/,2026-09-01T23:39:41.636880+00:00
LEAPIND.NS,1286086,consolidated,2026-03-31,8.5923,8.6,8.5923,8.6,8.5923,8.6,42.0,45.0,,81.0,,,72.30396764598959,,,2.1230101302460205,8.09,49.0,https://www.screener.in/company/LEAPIND/consolidated/,2026-09-01T23:39:41.636880+00:00
LEENEE.NS,1878,consolidated,2026-03-31,210.2033,154.4,245.9614,178.4,202.5033,159.7,20.0,-5.0,26.0,14.0,19.0,11.0,14.471424255333186,-3.0359733904420927,19.623119885131544,0.0019227407795839,0.54,-2.53,https://www.screener.in/company/LEENEE/consolidated/,2026-09-01T23:39:41.636880+00:00
LEMERITE.NS,1275215,consolidated,2026-03-31,123.8816,104.5,89.852,41.2,89.852,41.2,-2.0,11.0,,39.0,,,35.96498365934346,-35.27980615697411,,0.6666666666666666,9.33,-0.6,https://www.screener.in/company/LEMERITE/consolidated/,2026-09-01T23:39:41.636880+00:00
LEMONTREE.NS,1274323,consolidated,2026-03-31,62.7051,62.8,69.5636,64.5,110.6627,76.1,18.0,32.0,27.0,29.0,22.0,,25.556142662775883,,,1.4396551724137931,19.4,47.0,https://www.screener.in/company/LEMONTREE/consolidated/,2026-09-01T23:39:41.636880+00:00
LENSKART.NS,1285752,consolidated,2026-03-31,162.1485,162.3,162.1485,162.3,162.1485,162.3,33.0,74.0,,110.0,,,,-5.607861356340593,,0.3544289311055161,6.33,21.0,https://www.screener.in/company/LENSKART/consolidated/,2026-09-01T23:39:41.636880+00:00
LGBBROSLTD.NS,1881,consolidated,2026-03-31,15.6373,15.35,13.2031,14.3,14.1102,14.35,12.0,21.0,17.0,10.0,32.0,22.0,7.591819616310702,18.64743087818126,17.32759397214716,0.107242339832869,15.5,15.0,https://www.screener.in/company/LGBBROSLTD/consolidated/,2026-09-01T23:39:41.636880+00:00
LGHL.NS,1274746,consolidated,2025-03-31,112.5252,115.7,112.5252,115.7,112.5252,115.7,,,,,96.0,,,,,1.5692307692307692,19.1,26.0,https://www.screener.in/company/LGHL/consolidated/,2026-09-01T23:39:41.636880+00:00
LIBAS.NS,1273611,consolidated,2026-03-31,12.2766,9.3,10.5038,7.9,12.4732,8.9,-1.0,-5.0,,-32.0,-26.0,,-69.78443893020952,,,0.1553101503759398,2.91,2.32,https://www.screener.in/company/LIBAS/consolidated/,2026-09-01T23:39:41.636880+00:00
LIBERTSHOE.NS,1885,consolidated,2017-03-31,86.1665,79.8,72.7473,69.4,55.2835,46.05,1.0,0.0,-5.0,-21.0,6.0,4.0,-21.62733707618216,7.849870727612407,-5.694475003474331,0.8827160493827161,4.23,8.0,https://www.screener.in/company/LIBERTSHOE/consolidated/,2026-09-01T23:39:41.636880+00:00
LICHSGFIN.NS,1888,consolidated,2026-03-31,6.4285,6.2,7.4813,7.1,9.6423,7.8,8.0,15.0,13.0,25.0,6.0,-1.0,24.68796259109829,13.40528665040852,11.914790028288058,,14.4,,https://www.screener.in/company/LICHSGFIN/consolidated/,2026-09-01T23:39:41.636880+00:00
LICI.NS,1275221,consolidated,2026-03-31,12.2297,11.6,12.2118,11.6,12.2118,11.6,8.0,81.0,,17.0,,,16.861308473207192,,,0.0,37.8,4.7,https://www.screener.in/company/LICI/consolidated/,2026-09-01T23:39:41.636880+00:00
LIKHITHA.NS,1274798,consolidated,2026-03-31,18.1551,17.4,17.4844,16.8,17.4844,16.8,8.0,6.0,,-13.0,1.0,,-12.990691955318034,6.252232738856622,,0.0,9.99,12.0,https://www.screener.in/company/LIKHITHA/consolidated/,2026-09-01T23:39:41.636880+00:00
LINC.NS,1892,consolidated,2026-03-31,21.5553,20.5,21.5553,20.5,21.5553,20.5,,,,,13.0,3.0,,,,0.1046511627906976,13.2,11.0,https://www.screener.in/company/LINC/consolidated/,2026-09-01T23:39:41.636880+00:00
LINCOLN.NS,1893,consolidated,2026-03-31,13.8,13.55,12.2763,12.55,11.3205,11.2,10.0,7.0,14.0,7.0,13.0,10.0,6.4277984320035175,7.113794913571336,11.694040127814231,0.0052770448548812,12.3,15.0,https://www.screener.in/company/LINCOLN/consolidated/,2026-09-01T23:39:41.636880+00:00
LINDEINDIA.NS,523,consolidated,2026-03-31,124.0038,120.15,108.0431,106.4,173.0686,121.4,-7.0,30.0,,1.0,21.0,33.0,2.6743251119967004,-5.468304096461063,,0.0185185185185185,13.6,34.0,https://www.screener.in/company/LINDEINDIA/consolidated/,2026-09-01T23:39:41.636880+00:00
LKPSEC.NS,1273581,consolidated,2026-03-31,18.4551,13.95,17.263,14.1,15.7473,13.6,11.0,20.0,25.0,40.0,3.0,,37.58030203727611,18.277803460425844,,0.7425742574257426,10.5,22.0,https://www.screener.in/company/LKPSEC/consolidated/,2026-09-01T23:39:41.636880+00:00
LLOYDSENGG.NS,1273435,consolidated,2026-03-31,63.87,55.6,63.87,55.6,63.87,55.6,,,,,101.0,50.0,,,,0.0652304009575104,15.1,14.0,https://www.screener.in/company/LLOYDSENGG/consolidated/,2026-09-01T23:39:41.636880+00:00
LLOYDSENT.NS,3003,consolidated,2026-03-31,114.95,60.0,128.9671,50.05,160.5625,73.9,67.0,162.0,17.0,-40.0,63.0,42.0,81.0789110860435,185.5950791414727,,0.1926140477914554,0.33,9.0,https://www.screener.in/company/LLOYDSENT/consolidated/,2026-09-01T23:39:41.636880+00:00
LLOYDSME.NS,1902,consolidated,2026-03-31,33.8089,30.45,37.0689,28.7,36.2233,27.7,72.0,679.0,,60.0,91.0,61.0,,479.58288143748337,55.32765157820359,1.49347559656838,36.6,37.0,https://www.screener.in/company/LLOYDSME/consolidated/,2026-09-01T23:39:41.636880+00:00
LMW.NS,1860,consolidated,2026-03-31,105.3639,113.65,85.8176,69.85,70.7271,43.7,-12.0,16.0,-7.0,-32.0,19.0,17.0,-30.17609996727363,23.99486384325076,-4.878282278300161,0.0,4.05,6.0,https://www.screener.in/company/LMW/consolidated/,2026-09-01T23:39:41.636880+00:00
LODHA.NS,1274865,consolidated,2026-03-31,49.7209,49.55,49.3561,45.85,49.3117,44.9,21.0,58.0,17.0,56.0,17.0,,89.41686032024994,132.0573992358648,7.762930084923636,0.424976380657906,15.5,32.0,https://www.screener.in/company/LODHA/consolidated/,2026-09-01T23:39:41.636880+00:00
LOTUSCHO.NS,1914,consolidated,2024-03-31,149.9928,125.1,149.9928,125.1,149.9928,125.1,,,,,77.0,29.0,,,,0.1282051282051282,4.42,4.5,https://www.screener.in/company/LOTUSCHO/consolidated/,2026-09-01T23:39:41.636880+00:00
LOYALTEX.NS,1917,consolidated,2026-03-31,9.8987,6.7,9.0759,7.6,9.9088,9.4,-33.0,,,,-21.0,-10.0,,,,1.0588235294117647,-19.2,-4.2,https://www.screener.in/company/LOYALTEX/consolidated/,2026-09-01T23:39:41.636880+00:00
LT.NS,1870,consolidated,2026-03-31,35.1816,34.6,32.7691,32.5,27.1086,27.9,16.0,3.0,15.0,17.0,19.0,15.0,16.210181098607723,7.230557129451998,14.329947633588237,1.1482935309726416,15.9,12.0,https://www.screener.in/company/LT/consolidated/,2026-09-01T23:39:41.636880+00:00
LTF.NS,1850,consolidated,2026-03-31,19.8367,19.05,20.1508,19.6,19.9223,19.7,12.0,32.0,13.0,256.0,30.0,13.0,22.021179990495355,24.80468319539102,11.602942549423778,,11.2,,https://www.screener.in/company/LTF/consolidated/,2026-09-01T23:39:41.636880+00:00
LTFOODS.NS,1919,consolidated,2026-03-31,19.6728,21.3,15.7534,13.25,12.6967,11.05,16.0,18.0,20.0,16.0,45.0,31.0,15.793782618766716,16.012978828917433,20.89685264946659,0.356115903561159,14.9,11.0,https://www.screener.in/company/LTFOODS/consolidated/,2026-09-01T23:39:41.636880+00:00
LTM.NS,1273442,consolidated,2026-03-31,32.8361,34.1,34.0607,33.05,28.2006,27.2,8.0,23.0,20.0,7.0,-3.0,22.0,4.33452409698154,8.844283038947909,13.138976143129044,0.096149843912591,23.1,18.0,https://www.screener.in/company/LTM/consolidated/,2026-09-01T23:39:41.636880+00:00
LTTS.NS,1273505,consolidated,2026-03-31,37.3133,37.65,39.9821,37.55,32.5423,32.75,11.0,16.0,12.0,6.0,-4.0,,2.8973954352388587,13.832466140365351,8.003515117443506,0.0892939904217518,21.5,18.0,https://www.screener.in/company/LTTS/consolidated/,2026-09-01T23:39:41.636880+00:00
LUMAXIND.NS,1922,consolidated,2026-03-31,23.943,23.25,22.6469,21.95,23.8596,21.7,22.0,62.0,14.0,21.0,34.0,25.0,18.71916811170276,56.87514370386677,12.732119070800715,1.0610687022900764,22.0,10.0,https://www.screener.in/company/LUMAXIND/consolidated/,2026-09-01T23:39:41.636880+00:00
LUMAXTECH.NS,1920,consolidated,2026-03-31,33.1633,29.4,27.5141,25.75,23.4102,22.3,38.0,44.0,25.0,43.0,71.0,37.0,44.24846749770399,42.71521838761472,24.26372160954282,1.0165152766308836,26.4,14.0,https://www.screener.in/company/LUMAXTECH/consolidated/,2026-09-01T23:39:41.636880+00:00
LUPIN.NS,1924,consolidated,2026-03-31,33.0557,32.35,37.0055,35.3,39.3307,27.8,19.0,37.0,10.0,140.0,17.0,4.0,131.1094185249072,34.18920682124149,8.803800185260613,0.2947255880256593,28.7,32.0,https://www.screener.in/company/LUPIN/consolidated/,2026-09-01T23:39:41.636880+00:00
LUXIND.NS,1273134,consolidated,2026-03-31,33.088,33.9,29.1878,29.2,29.3983,29.4,7.0,-17.0,,-9.0,-22.0,7.0,-9.922232542157904,-20.318645573173043,,0.336968375136314,6.08,6.0,https://www.screener.in/company/LUXIND/consolidated/,2026-09-01T23:39:41.636880+00:00
LXCHEM.NS,1274848,consolidated,2026-03-31,56.4392,56.25,53.9225,53.2,52.3674,52.9,1.0,-9.0,12.0,-14.0,-20.0,,-15.259818134071343,-9.912652689950695,-19.977190241911316,0.2735516372795969,4.11,8.0,https://www.screener.in/company/LXCHEM/consolidated/,2026-09-01T23:39:41.636880+00:00
M&M.NS,1973,consolidated,2026-03-31,26.6367,28.25,26.0137,24.4,25.3778,24.1,18.0,51.0,19.0,23.0,34.0,16.0,18.477007642878007,56.64229405833143,18.422022345642496,1.4708959472378271,20.3,19.0,https://www.screener.in/company/M&M/consolidated/,2026-09-01T23:39:41.636880+00:00
M&MFIN.NS,98567,consolidated,2026-03-31,18.3506,18.3,18.2833,18.1,25.6758,19.7,18.0,35.0,14.0,12.0,18.0,6.0,11.269020575327549,29.86889028035442,13.039001520727789,,12.3,,https://www.screener.in/company/M&MFIN/consolidated/,2026-09-01T23:39:41.636880+00:00
MADHAV.NS,1941,consolidated,2026-03-31,49.5733,49.9,26.4127,15.3,19.459,10.9,-13.0,,,15.0,-9.0,-3.0,,,,0.0642320433061323,-1.41,-6.7,https://www.screener.in/company/MADHAV/consolidated/,2026-09-01T23:39:41.636880+00:00
MADHAVIPL.NS,1273364,consolidated,2026-03-31,13.4082,12.1,12.6898,12.1,16.001,14.45,-1.0,33.0,11.0,20.0,15.0,,-6.801295495152604,,10.37778064835604,0.6875,12.1,11.0,https://www.screener.in/company/MADHAVIPL/consolidated/,2026-09-01T23:39:41.636880+00:00
MAFATIND.NS,1950,consolidated,2026-03-31,11.9316,10.75,15.2232,10.6,17.1952,11.45,41.0,26.0,21.0,65.0,35.0,6.0,33.33993418947516,,17.623239056048213,0.0830090791180285,12.1,1.9,https://www.screener.in/company/MAFATIND/consolidated/,2026-09-01T23:39:41.636880+00:00
MAGNUM.NS,1956,consolidated,2026-03-31,13.4571,13.55,13.4571,13.55,13.4571,13.55,,,,,20.0,21.0,,,,0.3889695210449927,-1.64,16.0,https://www.screener.in/company/MAGNUM/consolidated/,2026-09-01T23:39:41.636880+00:00
MAHABANK.NS,397,consolidated,2026-03-31,8.6684,8.25,9.6363,8.7,13.9883,10.2,23.0,65.0,50.0,39.0,36.0,10.0,33.074433005555015,59.99083946835968,24.61414626194836,,22.6,,https://www.screener.in/company/MAHABANK/consolidated/,2026-09-01T23:39:41.636880+00:00
MAHAPEXLTD.NS,1957,consolidated,2026-03-31,50.6444,7.0,73.2443,49.0,45.4447,10.0,-21.0,,,22.0,1.0,24.0,,,,0.0,-1.69,-1629.0,https://www.screener.in/company/MAHAPEXLTD/consolidated/,2026-09-01T23:39:41.636880+00:00
MAHEPC.NS,944,consolidated,2026-03-31,69.6581,38.8,64.8024,39.9,43.1214,24.7,14.0,-6.0,,47.0,-5.0,-5.0,,-7.7892088518272224,,0.2432432432432432,7.93,6.0,https://www.screener.in/company/MAHEPC/consolidated/,2026-09-01T23:39:41.636880+00:00
MAHLIFE.NS,1977,consolidated,2026-03-31,110.3824,81.4,111.791,82.7,70.3743,37.3,25.0,42.0,12.0,107.0,8.0,11.0,43.07354643441255,,12.401127495018136,0.1825199889716018,9.91,1.3,https://www.screener.in/company/MAHLIFE/consolidated/,2026-09-01T23:39:41.636880+00:00
MAHLOG.NS,1274191,consolidated,2026-03-31,428.6385,104.9,211.2137,150.3,132.119,104.05,11.0,-40.0,-23.0,-54.0,-10.0,,-55.724787525233474,-40.36714540079467,-25.556374451778357,0.5531914893617021,0.32,6.0,https://www.screener.in/company/MAHLOG/consolidated/,2026-09-01T23:39:41.636880+00:00
MAHSEAMLES.NS,1968,consolidated,2026-03-31,10.5753,10.3,9.4218,9.8,12.0589,10.0,-6.0,29.0,40.0,-3.0,32.0,19.0,-2.84273475267004,48.205570490954,,0.0018906340895869,10.7,15.0,https://www.screener.in/company/MAHSEAMLES/consolidated/,2026-09-01T23:39:41.636880+00:00
MAITHANALL.NS,1979,consolidated,2026-03-31,6.8146,6.4,6.1053,5.55,7.5176,6.6,-9.0,15.0,19.0,-5.0,0.0,13.0,-4.575268602555738,13.441053006374148,18.58399187933335,0.057163531114327,11.0,14.0,https://www.screener.in/company/MAITHANALL/consolidated/,2026-09-01T23:39:41.636880+00:00
MAKERSL.NS,1981,consolidated,2026-03-31,28.9646,17.6,31.8545,18.8,31.8545,18.8,12.0,49.0,,35.0,-1.0,12.0,,,,0.1232876712328767,3.17,13.0,https://www.screener.in/company/MAKERSL/consolidated/,2026-09-01T23:39:41.636880+00:00
MALLCOM.NS,1273081,consolidated,2026-03-31,20.9627,20.75,18.2359,18.1,16.1273,16.1,10.0,1.0,12.0,-7.0,11.0,19.0,-6.661361918228293,1.2235529021019875,12.34524884320376,0.3773584905660377,9.74,11.0,https://www.screener.in/company/MALLCOM/consolidated/,2026-09-01T23:39:41.636880+00:00
MAMATA.NS,1285198,consolidated,2026-03-31,23.4988,23.9,23.4988,23.9,23.4988,23.9,5.0,4.0,,-9.0,,,-56.76766355744607,-58.47965493527213,,0.0432432432432432,9.64,6.0,https://www.screener.in/company/MAMATA/consolidated/,2026-09-01T23:39:41.636880+00:00
MANAKCOAT.NS,1270786,consolidated,2026-03-31,38.0,33.75,31.1279,29.95,32.8338,24.1,11.0,40.0,27.0,77.0,57.0,33.0,38.994749647529005,33.96404225485061,24.190351072598283,0.3724928366762177,11.0,9.0,https://www.screener.in/company/MANAKCOAT/consolidated/,2026-09-01T23:39:41.636880+00:00
MANAKSIA.NS,1987,consolidated,2026-03-31,7.5386,7.3,6.5359,6.8,5.3255,5.0,-12.0,0.0,-6.0,-10.0,-3.0,1.0,-21.168896480165916,-2.589520653319366,-5.614848120554283,0.0414937759336099,8.08,6.0,https://www.screener.in/company/MANAKSIA/consolidated/,2026-09-01T23:39:41.636880+00:00
MANAKSTEEL.NS,1270788,consolidated,2026-03-31,20.9899,18.35,17.1561,13.9,14.8516,12.7,15.0,10.0,,53.0,24.0,28.0,48.49145046913779,8.500678466536261,,0.4631901840490797,13.0,8.0,https://www.screener.in/company/MANAKSTEEL/consolidated/,2026-09-01T23:39:41.636880+00:00
MANALIPETC.NS,1988,consolidated,2026-03-31,45.1576,46.85,30.8756,21.75,20.8534,12.2,-5.0,-20.0,4.0,12.0,-1.0,11.0,36.84636309279978,-8.363775666134499,10.4820589601365,0.1069476971116315,5.97,13.0,https://www.screener.in/company/MANALIPETC/consolidated/,2026-09-01T23:39:41.636880+00:00
MANAPPURAM.NS,1989,consolidated,2026-03-31,13.3718,8.1,10.7043,7.7,10.7503,9.0,12.0,-10.0,11.0,-13.0,16.0,14.0,-15.450397972222774,-12.11473942217972,9.78226738557122,,6.97,,https://www.screener.in/company/MANAPPURAM/consolidated/,2026-09-01T23:39:41.636880+00:00
MANBRO.NS,203864,consolidated,2026-03-31,98.8643,97.25,98.8643,97.25,98.8643,97.25,,,,,114.0,40.0,,,,0.4583333333333333,6.27,13.0,https://www.screener.in/company/MANBRO/consolidated/,2026-09-01T23:39:41.636880+00:00
MANCREDIT.NS,3342,consolidated,2019-09-30,42.6108,44.4,37.4821,33.7,39.9628,28.9,-11.0,20.0,,133.0,30.0,13.0,61.54632366366586,-5.10018314889189,,,7.68,,https://www.screener.in/company/MANCREDIT/consolidated/,2026-09-01T23:39:41.636880+00:00
MANGALAM.NS,1992,consolidated,2026-03-31,16.9368,18.25,16.9368,18.25,16.9368,18.25,,,,,-27.0,-16.0,,,,1.019417475728155,-35.2,-3.9,https://www.screener.in/company/MANGALAM/consolidated/,2026-09-01T23:39:41.636880+00:00
MANINDS.NS,1985,consolidated,2026-03-31,18.6544,17.85,14.0122,15.1,10.5157,6.4,17.0,11.0,7.0,43.0,46.0,32.0,26.79676968068019,5.177234471788861,4.147141878536531,0.3009103977000479,9.23,14.0,https://www.screener.in/company/MANINDS/consolidated/,2026-09-01T23:39:41.636880+00:00
MANINFRA.NS,1986,consolidated,2026-03-31,22.419,22.8,20.9836,20.85,27.2572,22.3,-31.0,43.0,27.0,-11.0,22.0,15.0,-10.618209605014805,42.02722036711442,26.59771093022547,0.0282311424790472,9.16,24.0,https://www.screener.in/company/MANINFRA/consolidated/,2026-09-01T23:39:41.636880+00:00
MANIPALHOS.NS,1286065,consolidated,2026-03-31,94.315,94.2,94.315,94.2,94.315,94.2,29.0,77.0,,22.0,,,-48.921711435261415,,,1.5265843816757654,12.7,25.0,https://www.screener.in/company/MANIPALHOS/consolidated/,2026-09-01T23:39:41.636880+00:00
MANKIND.NS,1284353,consolidated,2026-03-31,50.4646,50.3,50.3006,50.3,50.3006,50.3,18.0,11.0,,17.0,,,13.136311862948546,7.964575298843979,,0.3872392638036809,13.1,26.0,https://www.screener.in/company/MANKIND/consolidated/,2026-09-01T23:39:41.636880+00:00
MANORAMA.NS,1274568,consolidated,2026-03-31,50.6577,45.2,50.6577,45.2,50.6577,45.2,,,,,44.0,,,,,0.5219941348973607,39.4,27.0,https://www.screener.in/company/MANORAMA/consolidated/,2026-09-01T23:39:41.636880+00:00
MANORG.NS,857,consolidated,2026-03-31,57.2872,37.75,43.3129,18.4,37.1311,15.7,8.0,-20.0,,45.0,-6.0,32.0,,-21.21708040810741,,1.1253918495297806,9.31,14.0,https://www.screener.in/company/MANORG/consolidated/,2026-09-01T23:39:41.636880+00:00
MANYAVAR.NS,1275168,consolidated,2024-09-30,53.1076,50.5,63.3744,69.3,63.3744,69.3,34.0,18.0,,46.0,,,16.72839999509017,3.2220020012396766,,0.3032089063523248,26.7,48.0,https://www.screener.in/company/MANYAVAR/consolidated/,2026-09-01T23:39:41.636880+00:00
MAPMYINDIA.NS,1275122,consolidated,2026-03-31,69.0614,68.15,60.7366,64.75,60.7366,64.75,19.0,16.0,,2.0,,,7.0165871278715874,-30.949102017414056,,0.0077348066298342,12.0,35.0,https://www.screener.in/company/MAPMYINDIA/consolidated/,2026-09-01T23:39:41.636880+00:00
MARATHON.NS,2006,consolidated,2026-03-31,14.7918,14.35,19.6414,15.1,16.4004,13.75,-12.0,68.0,9.0,18.0,39.0,12.0,4.840988643948352,55.60032907883144,7.466446107991653,0.0435164835164835,11.8,25.0,https://www.screener.in/company/MARATHON/consolidated/,2026-09-01T23:39:41.636880+00:00
MARICO.NS,2014,consolidated,2026-03-31,54.5899,55.7,54.4153,54.55,50.8414,52.0,12.0,9.0,10.0,11.0,8.0,11.0,10.454511440137717,8.367436462101718,9.43161909732384,0.1323040380047506,42.8,17.0,https://www.screener.in/company/MARICO/consolidated/,2026-09-01T23:39:41.636880+00:00
MARINE.NS,1274579,consolidated,2026-03-31,71.3209,66.4,54.4802,54.5,46.5667,40.3,26.0,36.0,20.0,52.0,61.0,,45.63555957220207,31.76174905274056,14.571138237551429,0.1805273833671399,13.2,11.0,https://www.screener.in/company/MARINE/consolidated/,2026-09-01T23:39:41.636880+00:00
MARKOLINES.NS,1274925,consolidated,2026-03-31,19.0854,18.5,18.9227,18.3,18.9227,18.3,4.0,,,18.0,,,18.31871814934973,,,0.4257425742574257,13.9,12.0,https://www.screener.in/company/MARKOLINES/consolidated/,2026-09-01T23:39:41.636880+00:00
MARKSANS.NS,2017,consolidated,2026-03-31,26.4601,24.75,20.626,21.7,26.3217,20.1,17.0,12.0,18.0,16.0,35.0,22.0,16.176386700536447,9.86558879129442,16.98844522276175,0.1134634469070459,15.2,22.0,https://www.screener.in/company/MARKSANS/consolidated/,2026-09-01T23:39:41.636880+00:00
MARSONS.NS,2019,consolidated,2026-03-31,82.2299,80.8,82.2299,80.8,67.2929,75.15,,,31.0,,68.0,25.0,,,,0.0046082949308755,27.2,17.0,https://www.screener.in/company/MARSONS/consolidated/,2026-09-01T23:39:41.636880+00:00
MARUTI.NS,2023,consolidated,2026-03-31,28.8361,28.15,37.3004,31.65,38.4404,35.2,16.0,27.0,12.0,29.0,14.0,10.0,19.760652976407567,26.29659789157905,9.88034676708709,0.0009518832356564,14.3,11.0,https://www.screener.in/company/MARUTI/consolidated/,2026-09-01T23:39:41.636880+00:00
MASFIN.NS,1274181,consolidated,2026-03-31,17.8405,17.2,19.7763,19.35,23.2509,21.6,26.0,21.0,21.0,23.0,3.0,,18.19835734388429,18.381705220942514,6.1258468376615305,,13.4,,https://www.screener.in/company/MASFIN/consolidated/,2026-09-01T23:39:41.636880+00:00
MASTEK.NS,2026,consolidated,2026-03-31,21.638,20.25,22.0981,21.0,18.39,17.65,13.0,15.0,42.0,15.0,-8.0,30.0,10.73191258203925,9.452241755147316,36.11531934506815,0.1463903743315508,15.3,16.0,https://www.screener.in/company/MASTEK/consolidated/,2026-09-01T23:39:41.636880+00:00
MASTERTR.NS,2028,consolidated,2026-03-31,11.8684,11.65,9.516,9.1,7.6377,6.7,19.0,30.0,43.0,24.0,33.0,40.0,19.147174305199343,26.534034775031245,41.00061033681512,0.2790697674418604,17.3,41.0,https://www.screener.in/company/MASTERTR/consolidated/,2026-09-01T23:39:41.636880+00:00
MATRIMONY.NS,1274140,consolidated,2026-03-31,27.4709,26.8,29.7111,28.1,32.1639,29.35,0.0,-3.0,44.0,-7.0,-13.0,,-7.624215207047591,-1.5027053833864712,,0.2378640776699029,15.2,14.0,https://www.screener.in/company/MATRIMONY/consolidated/,2026-09-01T23:39:41.636880+00:00
MAWANASUG.NS,1271490,consolidated,2026-03-31,11.9462,9.2,20.0021,10.7,31.5293,10.4,2.0,59.0,47.0,44.0,12.0,13.0,41.30461734423705,-12.732183051375811,,0.8,8.09,6.0,https://www.screener.in/company/MAWANASUG/consolidated/,2026-09-01T23:39:41.636880+00:00
MAXESTATES.NS,1284558,consolidated,2026-03-31,252.8167,187.15,252.8167,187.15,252.8167,187.15,23.0,,,,,,,,,0.9971062422488632,-1.27,9.0,https://www.screener.in/company/MAXESTATES/consolidated/,2026-09-01T23:39:41.636880+00:00
MAXHEALTH.NS,1274774,consolidated,2026-03-31,80.6405,78.5,73.1622,71.35,89.1965,75.85,22.0,60.0,,10.0,21.0,,9.235192826729689,,,0.3236251977295989,14.7,27.0,https://www.screener.in/company/MAXHEALTH/consolidated/,2026-09-01T23:39:41.636880+00:00
MAXIND.NS,1274778,consolidated,2026-03-31,0.1,0.1,0.1,0.1,0.1,0.1,0.0,,,,17.0,,,,,0.2347188264058679,-32.8,-54.0,https://www.screener.in/company/MAXIND/consolidated/,2026-09-01T23:39:41.636880+00:00
MAYURUNIQ.NS,2040,consolidated,2026-03-31,17.8399,17.85,18.4309,19.1,18.9544,19.2,8.0,17.0,9.0,22.0,9.0,6.0,23.008217291572784,16.99789026522702,10.218320278525985,0.0070609002647837,18.0,25.0,https://www.screener.in/company/MAYURUNIQ/consolidated/,2026-09-01T23:39:41.636880+00:00
MAZDOCK.NS,1274794,consolidated,2026-03-31,39.338,37.25,29.1653,32.75,26.1094,28.5,18.0,33.0,16.0,32.0,81.0,,32.16454205989243,38.11993937406237,-8.13644146907303,0.0458226550486929,29.2,19.0,https://www.screener.in/company/MAZDOCK/consolidated/,2026-09-01T23:39:41.636880+00:00
MBEL.NS,1285577,consolidated,2026-03-31,20.503,19.5,20.503,19.5,20.503,19.5,13.0,74.0,,42.0,,,-0.5491263832538396,40.60222707815022,,0.1278538812785388,19.4,11.0,https://www.screener.in/company/MBEL/consolidated/,2026-09-01T23:39:41.636880+00:00
MBLINFRA.NS,2042,consolidated,2026-03-31,5.134,4.3,5.9673,4.4,5.8024,4.45,3.0,,,-14.0,3.0,-10.0,,,,1.0334728033472804,-7.18,9.0,https://www.screener.in/company/MBLINFRA/consolidated/,2026-09-01T23:39:41.636880+00:00
MCCHRLS-B.NS,1937,consolidated,2026-03-31,8.8505,8.8,14.8234,11.0,16.7697,16.9,114.0,,,,5.0,6.0,,,,,-143.0,75.0,https://www.screener.in/company/MCCHRLS-B/consolidated/,2026-09-01T23:39:41.636880+00:00
MCLEODRUSS.NS,1272662,consolidated,2026-03-31,23.28,25.9,23.28,25.9,35.916,35.05,-6.0,19.0,-3.0,30.0,13.0,-12.0,,,,,720.0,-0.3,https://www.screener.in/company/MCLEODRUSS/consolidated/,2026-09-01T23:39:41.636880+00:00
MCLOUD.NS,1236192,consolidated,2026-03-31,43.9158,43.15,37.3314,33.7,32.2024,25.1,18.0,130.0,,16.0,53.0,35.0,15.472099347777911,117.34434639618958,,0.4250363901018922,19.2,29.0,https://www.screener.in/company/MCLOUD/consolidated/,2026-09-01T23:39:41.636880+00:00
MCX.NS,2156,consolidated,2026-03-31,94.2075,71.9,72.4475,54.8,54.4279,42.85,65.0,49.0,31.0,108.0,60.0,32.0,107.5588903108592,42.68398585406408,27.77986806253689,0.001755617977528,56.3,72.0,https://www.screener.in/company/MCX/consolidated/,2026-09-01T23:39:41.636880+00:00
MEDANTA.NS,1275351,consolidated,2026-03-31,66.2696,63.75,64.8131,62.9,64.8131,62.9,18.0,81.0,13.0,19.0,,,19.402180217023336,28.931442792384576,,0.3003533568904594,15.2,21.0,https://www.screener.in/company/MEDANTA/consolidated/,2026-09-01T23:39:41.636880+00:00
MEDIASSIST.NS,1284633,consolidated,2026-03-31,42.4182,41.2,42.4182,41.2,42.4182,41.2,21.0,32.0,,11.0,,,3.064952246582675,-72.17645092407822,,0.0643623361144219,13.9,19.0,https://www.screener.in/company/MEDIASSIST/consolidated/,2026-09-01T23:39:41.636880+00:00
MEDICAMEQ.NS,2050,consolidated,2026-03-31,59.0361,56.0,60.8084,58.4,54.7634,54.75,12.0,-4.0,,-13.0,-16.0,4.0,-15.37009314745058,-6.462863510971828,,0.1739130434782608,3.95,10.0,https://www.screener.in/company/MEDICAMEQ/consolidated/,2026-09-01T23:39:41.636880+00:00
MEDICAPQ.NS,2047,consolidated,2026-03-31,11.0451,7.45,11.6266,7.75,18.4422,16.3,-37.0,,,,-11.0,4.0,,,,0.0,-9.21,-62.58,https://www.screener.in/company/MEDICAPQ/consolidated/,2026-09-01T23:39:41.636880+00:00
MEDPLUS.NS,1275123,consolidated,2026-03-31,92.1323,72.75,99.6894,78.35,99.6894,78.35,15.0,28.0,37.0,66.0,,,63.72123484247367,-57.9570543825215,-28.286968530516887,0.7210126582278481,11.6,8.0,https://www.screener.in/company/MEDPLUS/consolidated/,2026-09-01T23:39:41.636880+00:00
MEGASTAR.NS,1274354,consolidated,2026-03-31,49.3481,45.05,42.2289,37.8,34.9058,31.7,21.0,18.0,,-3.0,48.0,,-6.535554369891772,14.730767494339236,,1.2718446601941749,9.46,6.0,https://www.screener.in/company/MEGASTAR/consolidated/,2026-09-01T23:39:41.636880+00:00
MENNPIS.NS,2062,consolidated,2026-03-31,14.5304,14.1,13.8478,13.3,13.8478,13.3,7.0,,,7.0,15.0,15.0,3.104925564579464,,,0.0280898876404494,15.4,16.0,https://www.screener.in/company/MENNPIS/consolidated/,2026-09-01T23:39:41.636880+00:00
MERCANTILE.NS,1270580,consolidated,2026-03-31,57.5693,38.0,40.8697,22.8,46.1047,23.0,26.0,-12.0,2.0,-27.0,11.0,6.0,-28.000550633087183,-12.099590328865585,3.383023041093613,0.0,1.97,0.72,https://www.screener.in/company/MERCANTILE/consolidated/,2026-09-01T23:39:41.636880+00:00
MERCURYEV.NS,1273188,consolidated,2025-09-30,365.0563,191.6,459.1903,332.7,459.1903,332.7,85.0,,,45.0,125.0,59.0,40.10196653276936,,,0.025,1.51,6.0,https://www.screener.in/company/MERCURYEV/consolidated/,2026-09-01T23:39:41.636880+00:00
METROBRAND.NS,1275121,consolidated,2026-03-31,83.1696,83.9,97.0634,82.15,97.0634,82.15,10.0,44.0,17.0,5.0,,,4.298773074032392,42.479119730106206,-12.547157737975612,0.7877571500250878,22.1,30.0,https://www.screener.in/company/METROBRAND/consolidated/,2026-09-01T23:39:41.636880+00:00
METROGLOBL.NS,64390,consolidated,2026-03-31,8.2601,7.9,8.5004,7.9,8.7126,8.5,0.0,-1.0,-10.0,-18.0,13.0,7.0,4.912667462221854,25.38152548516368,6.401298950492995,0.0073529411764705,1.32,8.0,https://www.screener.in/company/METROGLOBL/consolidated/,2026-09-01T23:39:41.636880+00:00
METROPOLIS.NS,1274652,consolidated,2026-03-31,67.2873,67.75,60.1504,58.45,59.7806,58.25,13.0,1.0,11.0,11.0,-4.0,,9.522825087232146,0.4868563927205471,-7.547783459228285,0.1533377395902181,13.6,25.0,https://www.screener.in/company/METROPOLIS/consolidated/,2026-09-01T23:39:41.636880+00:00
MFML.NS,1284949,consolidated,2026-03-31,16.5721,12.6,16.5721,12.6,16.5721,12.6,-3.0,,,65.0,,,,,,0.7857142857142857,5.37,7.0,https://www.screener.in/company/MFML/consolidated/,2026-09-01T23:39:41.636880+00:00
MFSL.NS,2035,consolidated,2026-03-31,175.7979,123.1,141.7141,107.8,96.8088,71.8,15.0,-28.0,-11.0,-40.0,8.0,10.0,-39.49379952291623,-27.73489477322898,-12.717811035648127,0.3519500189322226,1.52,0.5,https://www.screener.in/company/MFSL/consolidated/,2026-09-01T23:39:41.636880+00:00
MGL.NS,1273407,consolidated,2026-03-31,12.1215,12.0,12.2075,12.25,12.2075,12.25,9.0,,,-2.0,-2.0,5.0,2.1138735778097884,,,0.0346919726197884,12.2,15.0,https://www.screener.in/company/MGL/consolidated/,2026-09-01T23:39:41.636880+00:00
MHRIL.NS,1976,consolidated,2026-03-31,71.1532,65.35,75.2357,66.9,57.3676,50.3,6.0,42.0,-2.0,-14.0,-1.0,0.0,-15.591249540934228,,-2.297231214415452,4.92159383033419,9.9,20.0,https://www.screener.in/company/MHRIL/consolidated/,2026-09-01T23:39:41.636880+00:00
MIDHANI.NS,1274316,consolidated,2026-03-31,66.3981,62.2,49.1099,53.0,44.1551,42.4,12.0,-5.0,,-6.0,17.0,,-5.581516553145116,-4.5919918126509085,,0.2656657963446475,8.92,19.0,https://www.screener.in/company/MIDHANI/consolidated/,2026-09-01T23:39:41.636880+00:00
MIDWESTLTD.NS,1285740,consolidated,2026-03-31,43.0189,42.85,43.0189,42.85,43.0189,42.85,9.0,13.0,,25.0,,,-84.14680816505484,-67.2038424682728,,0.1995841995841996,13.3,27.0,https://www.screener.in/company/MIDWESTLTD/consolidated/,2026-09-01T23:39:41.636880+00:00
MIIL.NS,1070548,consolidated,2026-03-31,183.0412,160.7,183.0412,160.7,183.0412,160.7,,,,,174.0,65.0,,,,0.8235509904622157,21.9,20.63,https://www.screener.in/company/MIIL/consolidated/,2026-09-01T23:39:41.636880+00:00
MILKYMIST.NS,1286094,consolidated,2026-03-31,104.3727,103.0,104.3727,103.0,104.3727,103.0,31.0,,,67.0,,,-70.58547331749547,,,3.6220302375809936,31.9,14.0,https://www.screener.in/company/MILKYMIST/consolidated/,2026-09-01T23:39:41.636880+00:00
MINDACORP.NS,2089,consolidated,2026-03-31,45.9481,48.15,39.9443,42.3,31.8697,29.6,13.0,31.0,14.0,8.0,40.0,20.0,8.190409261428178,46.806131850940005,11.399778966311036,0.559302766199318,14.7,12.0,https://www.screener.in/company/MINDACORP/consolidated/,2026-09-01T23:39:41.636880+00:00
MINDTECK.NS,2091,consolidated,2026-03-31,24.1975,23.2,22.5687,21.5,24.3943,22.8,7.0,26.0,3.0,18.0,18.0,10.0,14.490780262508874,23.804218579409664,1.823426596592692,0.0131578947368421,12.1,9.0,https://www.screener.in/company/MINDTECK/consolidated/,2026-09-01T23:39:41.636880+00:00
MIRZAINT.NS,2098,consolidated,2026-03-31,27.7541,28.8,18.8637,7.7,13.5147,3.7,-7.0,,,,33.0,11.0,,,,0.0266429840142095,-3.58,1.5,https://www.screener.in/company/MIRZAINT/consolidated/,2026-09-01T23:39:41.636880+00:00
MITTAL.NS,1274313,consolidated,2026-03-31,19.4267,19.1,19.4267,19.1,19.4267,19.1,,,,,-20.0,,,,,0.2949774529622142,3.76,11.11,https://www.screener.in/company/MITTAL/consolidated/,2026-09-01T23:39:41.636880+00:00
MKEXIM.NS,1931,consolidated,2026-03-31,17.5082,17.75,19.2553,18.0,15.6355,16.35,-2.0,19.0,49.0,4.0,31.0,39.0,4.116264721153296,18.61989971348401,45.41393495567658,0.0168067226890756,17.1,26.0,https://www.screener.in/company/MKEXIM/consolidated/,2026-09-01T23:39:41.636880+00:00
MLKFOOD.NS,2084,consolidated,2025-09-30,39.0713,37.1,62.8536,48.8,57.8925,39.75,12.0,-12.0,16.0,8.0,-1.0,7.0,1.294043700898806,-15.443773801070549,13.75229178897579,0.757396449704142,2.52,2.0,https://www.screener.in/company/MLKFOOD/consolidated/,2026-09-01T23:39:41.636880+00:00
MMFL.NS,1932,consolidated,2026-03-31,18.7633,17.65,19.5515,19.15,20.2629,19.2,3.0,17.0,,-8.0,11.0,20.0,-8.27952164695186,16.462605886193682,25.49309884447799,1.2666666666666666,10.5,18.0,https://www.screener.in/company/MMFL/consolidated/,2026-09-01T23:39:41.636880+00:00
MMP.NS,1274325,consolidated,2026-03-31,20.2361,19.5,18.821,18.0,16.5623,16.0,15.0,17.0,16.0,22.0,20.0,,13.322957717826366,12.189389666619444,5.482463537163951,0.5346820809248555,11.5,8.0,https://www.screener.in/company/MMP/consolidated/,2026-09-01T23:39:41.636880+00:00
MMTC.NS,2099,consolidated,2026-03-31,82.6272,72.9,72.774,68.1,79.5003,75.0,-92.0,,-11.0,,6.0,8.0,-37.20611851211261,,,0.0009429514380009,-14.3,-6547.0,https://www.screener.in/company/MMTC/consolidated/,2026-09-01T23:39:41.636880+00:00
MMWL.NS,2048,consolidated,2026-03-31,479.3601,386.3,664.4755,587.0,441.1089,311.7,10.0,23.0,8.0,63.0,19.0,4.0,70.99759466766969,20.11244339814313,,1.611940298507463,6.75,1.5,https://www.screener.in/company/MMWL/consolidated/,2026-09-01T23:39:41.636880+00:00
MOBIKWIK.NS,1285186,consolidated,2026-03-31,714.275,545.3,714.275,545.3,714.275,545.3,28.0,10.0,,13.0,,,,,,0.5120593692022264,-8.28,0.8,https://www.screener.in/company/MOBIKWIK/consolidated/,2026-09-01T23:39:41.636880+00:00
MODIRUBBER.NS,2107,consolidated,2026-03-31,16.3656,16.5,14.0734,13.25,16.6341,16.2,86.0,-37.0,-27.0,-71.0,11.0,11.0,-71.34478376833637,-32.46011389805636,-27.409575284966703,0.0336481525343439,0.09,-73.72,https://www.screener.in/company/MODIRUBBER/consolidated/,2026-09-01T23:39:41.636880+00:00
MODIS.NS,1275242,consolidated,2026-03-31,82.8468,50.9,78.4532,50.3,78.4532,50.3,65.0,138.0,,72.0,,,63.60827294485241,,,0.0382165605095541,20.5,19.0,https://www.screener.in/company/MODIS/consolidated/,2026-09-01T23:39:41.636880+00:00
MOHITE.NS,2611,consolidated,2026-03-31,20.2596,17.8,14.8042,11.85,13.226,10.15,22.0,0.0,,-19.0,12.0,1.0,-18.294205935675624,0.0,-9.890571993186514,0.8189655172413793,3.15,9.0,https://www.screener.in/company/MOHITE/consolidated/,2026-09-01T23:39:41.636880+00:00
MOHITIND.NS,2110,consolidated,2026-03-31,45.1919,13.55,40.3753,26.05,37.5969,24.0,-6.0,,,14.0,13.0,-5.0,,,,0.6086956521739131,-0.56,1.1,https://www.screener.in/company/MOHITIND/consolidated/,2026-09-01T23:39:41.636880+00:00
MOIL.NS,2112,consolidated,2020-09-30,77.1,74.4,61.5092,64.2,41.1188,35.7,2.0,-11.0,,-8.0,8.0,6.0,-3.222301032455788,-3.851911138518904,,0.0,8.31,14.0,https://www.screener.in/company/MOIL/consolidated/,2026-09-01T23:39:41.636880+00:00
MOL.NS,1274917,consolidated,2026-03-31,51.1926,39.1,25.2683,9.95,25.2683,9.95,-5.0,-31.0,,-49.0,-13.0,,-50.55880670275439,-87.51802703890372,,0.4702072538860103,1.9,10.0,https://www.screener.in/company/MOL/consolidated/,2026-09-01T23:39:41.636880+00:00
MOLBIO.NS,1286089,consolidated,2026-03-31,75.1167,73.95,75.1167,73.95,75.1167,73.95,,,,,,,,,,0.3849443969204448,15.6,22.0,https://www.screener.in/company/MOLBIO/consolidated/,2026-09-01T23:39:41.636880+00:00
MOLDTKPAC.NS,2113,consolidated,2022-03-31,35.0259,34.8,37.0603,36.35,31.823,31.65,16.0,21.0,,26.0,7.0,13.0,21.632098806069667,18.90552681650761,,0.0962800875273523,17.8,19.0,https://www.screener.in/company/MOLDTKPAC/consolidated/,2026-09-01T23:39:41.636880+00:00
MONARCH.NS,2243,consolidated,2026-03-31,17.557,16.7,16.8263,16.4,14.9826,14.7,32.0,46.0,81.0,62.0,42.0,36.0,53.26188647871062,42.28464406947896,76.03483758170253,0.0381050463439752,20.5,70.0,https://www.screener.in/company/MONARCH/consolidated/,2026-09-01T23:39:41.636880+00:00
MONTECARLO.NS,1176414,consolidated,2026-03-31,16.8987,15.2,15.5919,13.6,15.5919,13.6,5.0,11.0,,-5.0,9.0,2.0,-5.437347882046051,11.066592440770972,,0.6401766004415012,12.9,17.0,https://www.screener.in/company/MONTECARLO/consolidated/,2026-09-01T23:39:41.636880+00:00
MOREPENLAB.NS,516,consolidated,2026-03-31,32.1968,30.85,29.0698,29.05,33.2711,30.2,8.0,-5.0,16.0,24.0,13.0,16.0,31.545956641222595,-4.342622473514279,19.974460914668988,0.1668003207698476,6.2,9.0,https://www.screener.in/company/MOREPENLAB/consolidated/,2026-09-01T23:39:41.636880+00:00
MOSCHIP.NS,2130,consolidated,2026-03-31,200.3677,154.0,219.2572,175.1,233.543,177.6,43.0,45.0,18.0,87.0,40.0,26.0,70.06824156374283,,,0.2151589242053789,11.0,9.0,https://www.screener.in/company/MOSCHIP/consolidated/,2026-09-01T23:39:41.636880+00:00
MOTHERSON.NS,2132,consolidated,2026-03-31,37.0937,37.5,42.6653,39.05,38.0153,33.45,17.0,32.0,13.0,40.0,16.0,12.0,35.53597476858981,20.178186427889575,6.608633745672332,0.4678005807852802,11.2,10.0,https://www.screener.in/company/MOTHERSON/consolidated/,2026-09-01T23:39:41.636880+00:00
MOTILALOFS.NS,2133,consolidated,2026-03-31,18.1396,16.35,14.5988,12.2,21.7548,19.6,31.0,7.0,27.0,26.0,38.0,24.0,25.429273786894942,7.6447880997368545,26.45747333524724,1.6492085661080074,15.5,41.0,https://www.screener.in/company/MOTILALOFS/consolidated/,2026-09-01T23:39:41.636880+00:00
MPHASIS.NS,2138,consolidated,2026-03-31,29.2557,29.4,30.2744,29.05,24.8105,24.15,5.0,9.0,11.0,5.0,-3.0,16.0,3.934139710981688,8.451621767302964,12.503228004780787,0.2438570364854802,18.5,19.0,https://www.screener.in/company/MPHASIS/consolidated/,2026-09-01T23:39:41.636880+00:00
MPSLTD.NS,2140,consolidated,2026-03-31,25.4854,24.75,21.7939,20.8,17.9456,16.3,15.0,23.0,10.0,14.0,30.0,15.0,16.628411243107323,25.56581374757261,10.219375522078522,0.1023489932885906,29.7,33.0,https://www.screener.in/company/MPSLTD/consolidated/,2026-09-01T23:39:41.636880+00:00
MRF.NS,2141,consolidated,2026-03-31,29.1481,27.95,36.2443,31.55,28.4161,25.3,11.0,14.0,0.0,52.0,10.0,13.0,46.66970886870598,13.69444789064136,10.323187489266616,0.1529035949270525,12.5,15.0,https://www.screener.in/company/MRF/consolidated/,2026-09-01T23:39:41.636880+00:00
MRPL.NS,1996,consolidated,2026-03-31,16.5754,14.15,14.3258,11.7,13.8552,10.0,-7.0,36.0,9.0,-10.0,32.0,8.0,-10.175135842498296,,8.855517859999118,1.0805804043107698,14.5,7.0,https://www.screener.in/company/MRPL/consolidated/,2026-09-01T23:39:41.636880+00:00
MSL.NS,1272980,consolidated,2026-03-31,11.3333,11.4,11.3333,11.4,11.3333,11.4,20.0,6.0,14.0,-10.0,11.0,10.0,-9.546349544851774,5.941325877212922,11.50812431922561,0.550561797752809,9.72,14.0,https://www.screener.in/company/MSL/consolidated/,2026-09-01T23:39:41.636880+00:00
MSPL.NS,2143,consolidated,2026-03-31,72.3048,67.9,62.3679,58.8,63.3784,59.4,4.0,94.0,11.0,67.0,28.0,12.0,,35.78180562350257,,0.3116504854368932,13.7,6.0,https://www.screener.in/company/MSPL/consolidated/,2026-09-01T23:39:41.636880+00:00
MSTCLTD.NS,1274642,consolidated,2026-03-31,20.8329,19.45,16.9767,15.55,16.8981,14.9,-20.0,14.0,11.0,-3.0,22.0,,-3.3502471466270944,14.09361684229278,,0.1603982300884955,26.6,60.0,https://www.screener.in/company/MSTCLTD/consolidated/,2026-09-01T23:39:41.636880+00:00
MUFIN.NS,1274696,consolidated,2026-03-31,88.5866,89.9,88.5866,89.9,88.5866,89.9,,,,,87.0,,,,,,6.69,,https://www.screener.in/company/MUFIN/consolidated/,2026-09-01T23:39:41.636880+00:00
MUFTI.NS,1284607,consolidated,2025-03-31,11.5291,10.8,11.5291,10.8,11.5291,10.8,22.0,,,24.0,,,-54.61123829539417,,,0.5780487804878048,18.4,29.0,https://www.screener.in/company/MUFTI/consolidated/,2026-09-01T23:39:41.636880+00:00
MUKANDLTD.NS,2149,consolidated,2026-03-31,19.5905,21.6,18.494,18.45,18.494,18.45,-4.0,16.0,22.0,30.0,-1.0,8.0,52.06622714817999,,,1.11424819435325,5.57,2.6,https://www.screener.in/company/MUKANDLTD/consolidated/,2026-09-01T23:39:41.636880+00:00
MUKESHB.NS,2151,consolidated,2026-03-31,21.4051,17.0,24.3607,17.8,19.6139,15.4,28.0,-17.0,2.0,3.0,1.0,13.0,2.1471762833948693,-17.395191180786675,1.8865319367893816,,1.61,,https://www.screener.in/company/MUKESHB/consolidated/,2026-09-01T23:39:41.636880+00:00
MUKKA.NS,1284695,consolidated,2026-03-31,16.4221,16.0,16.4221,16.0,16.4221,16.0,7.0,53.0,,6.0,,,-4.535972906399599,,,1.561122244488978,11.1,8.0,https://www.screener.in/company/MUKKA/consolidated/,2026-09-01T23:39:41.636880+00:00
MUNJALAU.NS,2160,consolidated,2026-03-31,22.9886,22.75,20.4718,18.05,20.1325,17.8,5.0,-5.0,,-15.0,15.0,10.0,-10.514143903275752,14.306720940803274,,0.9441964285714286,3.73,5.0,https://www.screener.in/company/MUNJALAU/consolidated/,2026-09-01T23:39:41.636880+00:00
MURUDCERA.NS,2166,consolidated,2026-03-31,34.8899,29.1,40.1121,39.2,40.1121,39.2,6.0,24.0,,19.0,3.0,2.0,17.725180311441726,,,0.3727034120734908,2.99,16.0,https://www.screener.in/company/MURUDCERA/consolidated/,2026-09-01T23:39:41.636880+00:00
MUTHOOTFIN.NS,2168,consolidated,2026-03-31,16.438,16.5,14.9084,14.9,14.5333,14.0,38.0,23.0,29.0,43.0,14.0,23.0,43.12124748748691,22.70507224110552,29.1640137896696,,30.9,,https://www.screener.in/company/MUTHOOTFIN/consolidated/,2026-09-01T23:39:41.636880+00:00
MWL.NS,1275243,consolidated,2026-03-31,18.1726,18.8,19.3572,19.3,19.3572,19.3,23.0,79.0,,54.0,,,34.151712669241704,-54.84260934042416,,0.7866666666666666,18.0,8.0,https://www.screener.in/company/MWL/consolidated/,2026-09-01T23:39:41.636880+00:00
NACLIND.NS,2181,consolidated,2026-03-31,97.3643,97.3,39.8985,24.6,39.1045,35.2,-9.0,-24.0,3.0,-48.0,21.0,24.0,-63.491326140578906,-38.31829137416396,-9.455177106412036,0.4568081991215227,2.37,7.0,https://www.screener.in/company/NACLIND/consolidated/,2026-09-01T23:39:41.636880+00:00
NAHARCAP.NS,2187,consolidated,2026-03-31,15.5057,10.8,10.7557,6.75,11.5353,6.7,-6.0,1.0,5.0,-16.0,-1.0,12.0,-16.054166824197114,0.6987626781934431,4.676427723688126,0.0062227753578095,3.98,57.0,https://www.screener.in/company/NAHARCAP/consolidated/,2026-09-01T23:39:41.636880+00:00
NAHARINDUS.NS,2188,consolidated,2026-03-31,27.9316,22.5,18.624,10.7,15.0521,10.25,-7.0,48.0,3.0,-4.0,4.0,3.0,-13.365149340694373,,1.8296564632029444,0.6538830297219559,5.11,6.0,https://www.screener.in/company/NAHARINDUS/consolidated/,2026-09-01T23:39:41.636880+00:00
NAHARPOLY.NS,2189,consolidated,2026-03-31,21.9812,15.35,17.0773,12.2,11.7478,8.4,-1.0,4.0,18.0,22.0,2.0,18.0,22.197949612574558,4.717923967195414,18.049286986856597,0.091118800461361,9.27,14.0,https://www.screener.in/company/NAHARPOLY/consolidated/,2026-09-01T23:39:41.636880+00:00
NAM-INDIA.NS,1274188,consolidated,2026-03-31,36.069,36.2,32.0004,32.05,29.992,31.6,25.0,18.0,14.0,28.0,23.0,,27.33426078540111,16.772288646694,-23.388174290800023,0.0160978750804893,34.5,67.0,https://www.screener.in/company/NAM-INDIA/consolidated/,2026-09-01T23:39:41.636880+00:00
NARMADA.NS,1274328,consolidated,2026-03-31,27.925,27.35,27.925,27.35,27.925,27.35,,,,,22.0,,,,,,,6.35,https://www.screener.in/company/NARMADA/consolidated/,2026-09-01T23:39:41.636880+00:00
NATCAPSUQ.NS,2214,consolidated,2026-03-31,55.2178,31.8,45.733,31.1,41.5087,28.1,3.0,,,,8.0,10.0,,,,0.9257142857142856,-9.45,-0.4,https://www.screener.in/company/NATCAPSUQ/consolidated/,2026-09-01T23:39:41.636880+00:00
NATCOPHARM.NS,2200,consolidated,2026-03-31,12.3601,12.5,23.2595,15.45,26.0337,21.35,15.0,28.0,25.0,26.0,-3.0,2.0,26.4407073168639,26.780884402465645,24.26586991103881,0.0774319488124932,16.9,30.0,https://www.screener.in/company/NATCOPHARM/consolidated/,2026-09-01T23:39:41.636880+00:00
NATHBIOGEN.NS,728818,consolidated,2026-03-31,9.7627,9.7,9.8347,9.75,9.8347,9.75,24.0,,,1.0,-15.0,4.0,5.934888572722774,24.44838457116587,,0.2029411764705882,5.47,10.0,https://www.screener.in/company/NATHBIOGEN/consolidated/,2026-09-01T23:39:41.636880+00:00
NATIONALUM.NS,2203,consolidated,2026-03-31,13.3987,13.0,11.0874,10.2,16.9429,14.8,8.0,35.0,23.0,59.0,32.0,23.0,59.28027135083536,34.87874494047731,26.323373619797263,0.0027773920288848,29.4,47.0,https://www.screener.in/company/NATIONALUM/consolidated/,2026-09-01T23:39:41.636880+00:00
NAUKRI.NS,1485,consolidated,2026-03-31,135.9139,138.75,123.572,88.95,122.4338,78.95,12.0,39.0,16.0,62.0,2.0,23.0,,0.3251513725637034,25.870042283097398,0.0068312496703064,1.81,37.0,https://www.screener.in/company/NAUKRI/consolidated/,2026-09-01T23:39:41.636880+00:00
NAVA.NS,2215,consolidated,2026-03-31,13.9057,14.05,10.2561,7.9,12.626,6.8,7.0,13.0,10.0,-14.0,60.0,26.0,-12.919502804479444,15.491334559782622,13.350236173847277,0.2545454545454545,9.33,38.0,https://www.screener.in/company/NAVA/consolidated/,2026-09-01T23:39:41.636880+00:00
NAVINFLUOR.NS,2217,consolidated,2026-03-31,66.188,66.9,68.8538,70.95,49.3967,51.55,17.0,21.0,23.0,21.0,16.0,34.0,19.596414517043996,20.00326186338155,22.451687258208185,0.3200805234021137,19.6,34.0,https://www.screener.in/company/NAVINFLUOR/consolidated/,2026-09-01T23:39:41.636880+00:00
NAVKARCORP.NS,1273002,consolidated,2017-09-30,17.3051,17.0,13.7897,15.1,14.6218,11.15,2.0,13.0,,-1.0,16.0,-7.0,-50.41992970210287,-29.702348874895947,,0.2762541806020067,6.18,37.0,https://www.screener.in/company/NAVKARCORP/consolidated/,2026-09-01T23:39:41.636880+00:00
NAVNETEDUL.NS,2219,consolidated,2026-03-31,19.2595,18.25,23.1717,18.05,23.4077,20.0,1.0,40.0,4.0,-1.0,6.0,3.0,20.735202926264872,45.49768074636913,13.435597715860602,0.0528893241919686,8.03,14.0,https://www.screener.in/company/NAVNETEDUL/consolidated/,2026-09-01T23:39:41.636880+00:00
NAZARA.NS,1274852,consolidated,2026-03-31,78.2832,76.8,104.9332,93.5,104.9332,93.5,19.0,155.0,31.0,194.0,10.0,,20.236916981084363,46.792285892387774,-24.0062415555487,0.0619061330262021,30.5,-5.0,https://www.screener.in/company/NAZARA/consolidated/,2026-09-01T23:39:41.636880+00:00
NBCC.NS,2204,consolidated,2026-03-31,45.1114,45.1,36.266,35.65,38.7462,38.2,13.0,20.0,7.0,13.0,23.0,5.0,39.19555135643231,26.022007941246027,9.575320187060864,0.0,20.4,5.0,https://www.screener.in/company/NBCC/consolidated/,2026-09-01T23:39:41.636880+00:00
NBIFIN.NS,1273575,consolidated,2025-09-30,108.9968,112.2,112.2084,111.25,104.5406,102.4,,,,,-7.0,,,,,,0.26,,https://www.screener.in/company/NBIFIN/consolidated/,2026-09-01T23:39:41.636880+00:00
NCC.NS,2221,consolidated,2026-03-31,17.9348,16.65,15.7851,14.15,16.207,13.8,10.0,22.0,18.0,6.0,13.0,5.0,3.5174373917311152,19.5836813625069,17.364094864114588,0.4393188461049688,9.19,9.0,https://www.screener.in/company/NCC/consolidated/,2026-09-01T23:39:41.636880+00:00
NCLIND.NS,2222,consolidated,2026-03-31,19.9557,16.4,16.6763,14.5,15.0,13.1,-5.0,-7.0,,32.0,-6.0,3.0,29.15105633452484,-8.092255567428197,,0.2542553191489362,11.4,12.0,https://www.screener.in/company/NCLIND/consolidated/,2026-09-01T23:39:41.636880+00:00
NDGL.NS,1273468,consolidated,2026-03-31,8.6522,8.2,5.91,5.9,4.8948,3.4,248.0,,2.0,,14.0,,,,,,-1.06,,https://www.screener.in/company/NDGL/consolidated/,2026-09-01T23:39:41.636880+00:00
NDLVENTURE.NS,1332,consolidated,2022-09-30,1.828,1.8,1.828,1.8,1.828,1.8,18.0,10.0,,24.0,17.0,8.0,,,,5.012096774193548,-10.2,14.0,https://www.screener.in/company/NDLVENTURE/consolidated/,2026-09-01T23:39:41.636880+00:00
NDRAUTO.NS,1274767,consolidated,2026-03-31,33.4823,31.55,26.4977,25.9,25.602,24.9,28.0,49.0,,29.0,48.0,,30.15585040755113,48.7139094399562,,0.1731843575418994,18.9,11.0,https://www.screener.in/company/NDRAUTO/consolidated/,2026-09-01T23:39:41.636880+00:00
NDTV.NS,2245,consolidated,2026-03-31,21.1758,18.0,18.4821,13.6,18.4821,13.6,11.0,,,,3.0,0.0,,,,2.015625,-340.0,-51.0,https://www.screener.in/company/NDTV/consolidated/,2026-09-01T23:39:41.636880+00:00
NEAGI.NS,2226,consolidated,2026-03-31,9.7918,9.7,8.824,8.4,8.2351,7.8,1.0,5.0,13.0,2.0,0.0,13.0,1.171278317705804,4.3818471839550455,12.63010725307645,0.0,9.33,-6.0,https://www.screener.in/company/NEAGI/consolidated/,2026-09-01T23:39:41.636880+00:00
NECLIFE.NS,2225,consolidated,2026-03-31,130.4371,144.4,124.7048,142.5,53.9199,14.2,,,,,-17.0,-11.0,,,,0.0,-31.3,-3520.0,https://www.screener.in/company/NECLIFE/consolidated/,2026-09-01T23:39:41.636880+00:00
NELCAST.NS,2230,consolidated,2026-03-31,31.7044,31.35,32.9557,32.55,26.867,25.0,2.0,40.0,4.0,17.0,7.0,6.0,17.65481258379056,39.88281748435452,4.28873773441254,0.4312080536912752,8.43,7.0,https://www.screener.in/company/NELCAST/consolidated/,2026-09-01T23:39:41.636880+00:00
NELCO.NS,2231,consolidated,2026-03-31,142.8309,123.45,123.0164,98.65,78.9388,69.0,-1.0,-45.0,-5.0,-69.0,10.0,27.0,-44.96787918508956,-23.18009900044228,5.486020241964673,0.5658914728682171,0.46,9.0,https://www.screener.in/company/NELCO/consolidated/,2026-09-01T23:39:41.636880+00:00
NEOGEN.NS,1274657,consolidated,2026-03-31,113.0329,103.75,100.2504,94.15,84.1055,80.0,8.0,-2.0,19.0,-17.0,17.0,,-18.37129119699482,-4.088629437436997,15.45498079822636,1.7095588235294117,3.58,17.0,https://www.screener.in/company/NEOGEN/consolidated/,2026-09-01T23:39:41.636880+00:00
NEPHROPLUS.NS,1285811,consolidated,2026-03-31,35.2629,1.8,35.2629,1.8,35.2629,1.8,32.0,162.0,,103.0,,,,17.638633352104293,,0.07168458781362,8.83,22.0,https://www.screener.in/company/NEPHROPLUS/consolidated/,2026-09-01T23:39:41.636880+00:00
NESCO.NS,2235,consolidated,2026-03-31,20.0386,19.65,20.0103,19.9,20.0929,20.1,20.0,19.0,11.0,11.0,12.0,12.0,12.402284523407593,19.065952555157462,11.097837485497752,0.0907877169559412,14.8,51.0,https://www.screener.in/company/NESCO/consolidated/,2026-09-01T23:39:41.636880+00:00
NESTLEIND.NS,2236,consolidated,2026-03-31,79.15,79.6,79.15,79.6,79.15,79.6,,,,,7.0,16.0,,,,0.0860965677719604,74.2,23.0,https://www.screener.in/company/NESTLEIND/consolidated/,2026-09-01T23:39:41.636880+00:00
NETWORK18.NS,2241,consolidated,2026-03-31,351.2128,164.0,175.9298,58.7,173.379,62.3,-30.0,2.0,-9.0,34.0,-12.0,-5.0,,26.140544154309087,0.736008053013748,0.6685644570963807,0.75,2.2,https://www.screener.in/company/NETWORK18/consolidated/,2026-09-01T23:39:41.636880+00:00
NEULANDLAB.NS,2244,consolidated,2026-03-31,66.4544,63.1,50.1313,29.5,42.8477,33.8,19.0,39.0,29.0,30.0,70.0,37.0,30.570460154640287,35.180445181962284,24.882893418852014,0.1605333333333333,21.2,32.0,https://www.screener.in/company/NEULANDLAB/consolidated/,2026-09-01T23:39:41.636880+00:00
NEWGEN.NS,1274251,consolidated,2026-03-31,43.1968,43.8,34.8385,30.45,28.9247,22.9,17.0,21.0,28.0,22.0,12.0,,18.66307909260292,18.5226171359268,23.39780109418732,0.0219471018570624,19.6,26.0,https://www.screener.in/company/NEWGEN/consolidated/,2026-09-01T23:39:41.636880+00:00
NFL.NS,2205,consolidated,2026-03-31,25.5895,21.7,25.4125,19.65,17.2402,14.4,-10.0,-3.0,1.0,-23.0,4.0,8.0,-22.72420803577241,-2.2524168962640867,0.6989916367418525,1.3952833509327702,7.47,4.4,https://www.screener.in/company/NFL/consolidated/,2026-09-01T23:39:41.636880+00:00
NGLFINE.NS,2252,consolidated,2026-03-31,35.3823,36.4,34.9546,35.5,30.7444,30.3,22.0,-1.0,,37.0,-2.0,23.0,32.9144731721772,-3.2300217604088965,,0.3738601823708207,17.4,16.0,https://www.screener.in/company/NGLFINE/consolidated/,2026-09-01T23:39:41.636880+00:00
NH.NS,1273196,consolidated,2026-03-31,39.8487,39.15,39.4767,38.35,62.1485,46.0,20.0,155.0,42.0,12.0,30.0,20.0,9.93425168410258,,43.83624210278501,1.2911615605025346,20.5,19.0,https://www.screener.in/company/NH/consolidated/,2026-09-01T23:39:41.636880+00:00
NHPC.NS,2254,consolidated,2026-03-31,24.5987,25.6,18.8469,20.35,14.4655,10.7,3.0,2.0,6.0,-1.0,22.0,11.0,-1.2143438606023071,2.8401576035667286,7.321307221354445,1.2628086010087602,9.32,43.0,https://www.screener.in/company/NHPC/consolidated/,2026-09-01T23:39:41.636880+00:00
NIACL.NS,1274192,consolidated,2026-03-31,29.1361,26.45,37.8313,26.5,40.8372,26.2,7.0,-3.0,21.0,99.0,3.0,,10.452250390999083,-2.941952992663943,-9.796642043547587,-0.0,4.92,-0.1,https://www.screener.in/company/NIACL/consolidated/,2026-09-01T23:39:41.636880+00:00
NIBE.NS,327304,consolidated,2026-03-31,174.919,121.8,173.7124,130.9,173.7124,130.9,65.0,,,25.0,88.0,67.0,41.17100851140278,,,0.3448275862068966,1.94,6.0,https://www.screener.in/company/NIBE/consolidated/,2026-09-01T23:39:41.636880+00:00
NICCOPAR.NS,2256,consolidated,2026-03-31,31.1333,28.7,33.1044,28.45,27.6417,25.95,-5.0,,,,10.0,11.0,,,,0.0,-490.0,8.78,https://www.screener.in/company/NICCOPAR/consolidated/,2026-09-01T23:39:41.636880+00:00
NIITLTD.NS,2261,consolidated,2026-03-31,60.2171,42.95,49.5292,36.5,27.6442,8.95,5.0,-39.0,-18.0,41.0,6.0,16.0,17.566734386037886,-47.786872334514,-20.885906299069923,0.0065420560747663,0.87,-1.8,https://www.screener.in/company/NIITLTD/consolidated/,2026-09-01T23:39:41.636880+00:00
NIITMTS.NS,1284451,consolidated,2026-03-31,22.3875,21.4,22.3875,21.4,22.3875,21.4,13.0,,,1.0,,,,,,0.2060920285158781,15.5,18.0,https://www.screener.in/company/NIITMTS/consolidated/,2026-09-01T23:39:41.636880+00:00
NILAINFRA.NS,2265,consolidated,2026-03-31,35.9703,22.15,42.2269,27.0,33.2522,26.25,41.0,105.0,5.0,302.0,3.0,-6.0,,,4.497726418354375,0.1283422459893048,12.9,10.0,https://www.screener.in/company/NILAINFRA/consolidated/,2026-09-01T23:39:41.636880+00:00
NILASPACES.NS,1274609,consolidated,2026-03-31,28.6889,28.8,28.6889,28.8,23.861,25.0,468.0,70.0,,106.0,48.0,,,,,0.4647058823529412,18.2,33.0,https://www.screener.in/company/NILASPACES/consolidated/,2026-09-01T23:39:41.636880+00:00
NILE.NS,2268,consolidated,2026-03-31,12.8747,12.3,10.8824,9.9,10.3478,9.8,9.0,32.0,,35.0,22.0,20.0,34.776913651835414,32.03697716718399,,0.0379746835443038,19.0,6.0,https://www.screener.in/company/NILE/consolidated/,2026-09-01T23:39:41.636880+00:00
NILKAMAL.NS,2269,consolidated,2026-03-31,22.0823,22.6,24.7531,24.75,22.391,22.7,6.0,2.0,1.0,-2.0,-6.0,5.0,-4.79797356199655,0.463443435019184,0.1326606926324913,0.2650602409638554,8.22,9.0,https://www.screener.in/company/NILKAMAL/consolidated/,2026-09-01T23:39:41.636880+00:00
NIMBSPROJ.NS,2272,consolidated,2026-03-31,2.0722,1.5,2.171,1.5,2.171,1.5,365.0,,,,39.0,17.0,,,,0.974820143884892,-28.4,-24.0,https://www.screener.in/company/NIMBSPROJ/consolidated/,2026-09-01T23:39:41.636880+00:00
NINSYS.NS,1273332,consolidated,2026-03-31,39.8227,35.0,39.8227,35.0,39.8227,35.0,,,,,142.0,58.0,,,,0.0217391304347826,40.6,27.0,https://www.screener.in/company/NINSYS/consolidated/,2026-09-01T23:39:41.636880+00:00
NIPPOBATRY.NS,2273,consolidated,2026-03-31,18.0053,2.8,23.3408,3.0,18.257,11.5,-8.0,,,,-9.0,-4.0,,,,0.1122112211221122,-7.11,-4.6,https://www.screener.in/company/NIPPOBATRY/consolidated/,2026-09-01T23:39:41.636880+00:00
NIRAJ.NS,2274,consolidated,2026-03-31,14.0234,14.25,17.3651,15.9,17.3651,15.9,-4.0,62.0,,43.0,-8.0,9.0,48.54561478197317,60.73034038479109,,0.2857142857142857,8.3,3.9,https://www.screener.in/company/NIRAJ/consolidated/,2026-09-01T23:39:41.636880+00:00
NITCO.NS,2278,consolidated,2026-03-31,61.0615,64.4,61.0615,64.4,61.0615,64.4,12.0,18.0,10.0,31.0,32.0,4.0,,,,0.8602739726027397,10.8,-6.0,https://www.screener.in/company/NITCO/consolidated/,2026-09-01T23:39:41.636880+00:00
NITIRAJ.NS,1273657,consolidated,2023-03-31,20.2925,16.65,17.8194,14.25,17.8194,14.25,-1.0,,,,36.0,,,,,0.0473512873631251,-0.35,7.57,https://www.screener.in/company/NITIRAJ/consolidated/,2026-09-01T23:39:41.636880+00:00
NITTAGELA.NS,2283,consolidated,2026-03-31,10.1791,9.6,10.5454,10.0,13.6718,11.4,1.0,41.0,25.0,13.0,46.0,24.0,11.414412749158398,41.099065849799054,24.65715169551792,0.0078277886497064,21.0,24.0,https://www.screener.in/company/NITTAGELA/consolidated/,2026-09-01T23:39:41.636880+00:00
NLCINDIA.NS,2251,consolidated,2026-03-31,14.6715,13.8,12.213,12.5,9.0945,7.1,3.0,24.0,62.0,16.0,39.0,14.0,36.12401452658067,21.81387187052872,47.8176705762156,1.295795586527294,17.5,33.0,https://www.screener.in/company/NLCINDIA/consolidated/,2026-09-01T23:39:41.636880+00:00
NMDC.NS,2287,consolidated,2026-03-31,10.4392,10.15,8.0775,9.25,8.6444,8.9,22.0,4.0,11.0,17.0,17.0,12.0,9.963357758781257,3.475382321770093,14.748485884939356,0.1880981739181492,23.4,29.0,https://www.screener.in/company/NMDC/consolidated/,2026-09-01T23:39:41.636880+00:00
NOCIL.NS,2289,consolidated,2026-03-31,36.7513,36.0,32.0767,32.2,26.6197,26.2,-7.0,-12.0,-5.0,-32.0,-10.0,10.0,-28.0760165002822,-8.944429395856691,-3.729876881373362,0.0045121263395375,2.6,8.0,https://www.screener.in/company/NOCIL/consolidated/,2026-09-01T23:39:41.636880+00:00
NOIDATOLL.NS,2291,consolidated,2026-03-31,4.8791,3.0,4.8791,3.0,51.3489,3.2,22.0,22.0,-12.0,40.0,-7.0,-16.0,,,-11.996051769553429,,,28.0,https://www.screener.in/company/NOIDATOLL/consolidated/,2026-09-01T23:39:41.636880+00:00
NORTHARC.NS,1284990,consolidated,2026-03-31,10.5549,11.1,10.5549,11.1,10.5549,11.1,27.0,43.0,,21.0,,,-0.911627764497247,26.75533684454234,,,11.1,,https://www.screener.in/company/NORTHARC/consolidated/,2026-09-01T23:39:41.636880+00:00
NPST.NS,1274899,consolidated,2026-03-31,98.7247,96.25,84.3727,82.05,83.7646,81.4,68.0,107.0,,84.0,134.0,,79.95246638259432,89.55905723933624,,0.0317460317460317,15.0,25.0,https://www.screener.in/company/NPST/consolidated/,2026-09-01T23:39:41.636880+00:00
NRBBEARING.NS,2300,consolidated,2026-03-31,26.2538,25.55,22.7427,22.1,25.5959,23.0,8.0,22.0,13.0,13.0,27.0,15.0,14.941538048893088,21.42656500500681,13.02421127513167,0.1600831600831601,15.6,18.0,https://www.screener.in/company/NRBBEARING/consolidated/,2026-09-01T23:39:41.636880+00:00
NSIL.NS,2194,consolidated,2026-03-31,60.7519,48.65,42.0389,32.0,33.8169,24.35,-9.0,5.0,11.0,-16.0,27.0,22.0,-15.678444539725412,4.853043638018217,11.2548235305868,0.0001977196335596,0.34,77.0,https://www.screener.in/company/NSIL/consolidated/,2026-09-01T23:39:41.636880+00:00
NTCIND.NS,2302,consolidated,2026-03-31,27.0279,19.25,21.5605,16.1,16.5753,12.25,32.0,19.0,27.0,46.0,12.0,10.0,36.55385799059789,14.886898755878274,23.82178120264096,0.3666666666666666,9.31,20.0,https://www.screener.in/company/NTCIND/consolidated/,2026-09-01T23:39:41.636880+00:00
NTPC.NS,2303,consolidated,2026-03-31,15.0222,14.6,12.726,13.2,11.5054,11.95,2.0,14.0,10.0,20.0,23.0,9.0,16.955120542529723,13.079269095332148,9.834342987996347,1.3338435642004962,15.1,27.0,https://www.screener.in/company/NTPC/consolidated/,2026-09-01T23:39:41.636880+00:00
NTPCGREEN.NS,1285166,consolidated,2026-03-31,163.0161,155.3,163.0161,155.3,163.0161,155.3,156.0,,,45.0,,,19.866105802463508,,,1.672343791194305,2.79,86.0,https://www.screener.in/company/NTPCGREEN/consolidated/,2026-09-01T23:39:41.636880+00:00
NUCLEUS.NS,2308,consolidated,2026-03-31,17.9291,18.1,20.4466,19.6,17.6201,17.0,11.0,2.0,13.0,0.0,6.0,15.0,-2.4185209186724066,1.77256985774783,16.027054999514068,0.0099228224917309,13.1,11.0,https://www.screener.in/company/NUCLEUS/consolidated/,2026-09-01T23:39:41.636880+00:00
NUVAMA.NS,1284522,consolidated,2026-03-31,26.4262,26.2,26.4262,26.2,26.4262,26.2,28.0,59.0,,51.0,,,,,,2.8012618296529967,27.4,52.0,https://www.screener.in/company/NUVAMA/consolidated/,2026-09-01T23:39:41.636880+00:00
NUVOCO.NS,1274910,consolidated,2026-03-31,110.7771,46.15,119.6643,76.1,119.6643,76.1,2.0,101.0,,-3.0,-10.0,,183.8235545353598,,,0.5262256476129309,4.17,16.0,https://www.screener.in/company/NUVOCO/consolidated/,2026-09-01T23:39:41.636880+00:00
NYKAA.NS,1274992,consolidated,2026-03-31,1205.7513,1068.25,1121.8667,1082.4,1121.8667,1082.4,25.0,28.0,,122.0,,,115.44346900318834,-36.57467035760492,,0.8609179415855355,15.3,8.0,https://www.screener.in/company/NYKAA/consolidated/,2026-09-01T23:39:41.636880+00:00
OAL.NS,576,consolidated,2026-03-31,105.7455,65.15,76.8046,44.1,53.5575,33.7,6.0,-50.0,,-45.0,-14.0,11.0,-44.936646419693005,-49.65163633067717,,0.606015037593985,0.5,7.0,https://www.screener.in/company/OAL/consolidated/,2026-09-01T23:39:41.636880+00:00
OBCL.NS,1274321,consolidated,2026-03-31,53.4138,36.8,53.4138,36.8,53.4138,36.8,,,,,2.0,,,,,0.8571428571428571,-8.18,0.4,https://www.screener.in/company/OBCL/consolidated/,2026-09-01T23:39:41.636880+00:00
OBEROIRLTY.NS,2313,consolidated,2026-03-31,28.0108,27.85,27.4279,27.1,28.6123,28.05,13.0,27.0,19.0,9.0,20.0,20.0,9.600008099381864,27.67091615029562,18.305033513372937,0.157627496931146,14.6,56.0,https://www.screener.in/company/OBEROIRLTY/consolidated/,2026-09-01T23:39:41.636880+00:00
ODYCORP.NS,2318,consolidated,2026-03-31,42.269,29.55,31.5374,22.0,26.8395,18.8,-14.0,-5.0,12.0,49.0,12.0,11.0,16.165033811172403,-18.3677809736046,4.597818500575879,,2.73,,https://www.screener.in/company/ODYCORP/consolidated/,2026-09-01T23:39:41.636880+00:00
OFSS.NS,2344,consolidated,2026-03-31,31.2234,30.85,25.4496,24.8,23.599,23.25,10.0,8.0,9.0,13.0,21.0,13.0,13.200986756573684,8.175299761093036,9.389269041926209,0.0040884119074996,32.6,50.0,https://www.screener.in/company/OFSS/consolidated/,2026-09-01T23:39:41.636880+00:00
OIL.NS,2322,consolidated,2026-03-31,9.8203,10.0,7.4931,8.05,7.8948,8.6,-3.0,12.0,11.0,-9.0,33.0,14.0,-8.80285408443564,13.414079281679726,13.442688448802564,0.6461835548888774,12.2,35.0,https://www.screener.in/company/OIL/consolidated/,2026-09-01T23:39:41.636880+00:00
OLECTRA.NS,1178,consolidated,2026-03-31,110.1025,90.35,129.3733,101.4,112.0134,90.0,28.0,85.0,40.0,39.0,32.0,50.0,39.34871559900617,85.66323903813637,29.659093623069065,0.3094462540716612,15.6,14.0,https://www.screener.in/company/OLECTRA/consolidated/,2026-09-01T23:39:41.636880+00:00
OMAXE.NS,2329,consolidated,2026-03-31,58.8783,57.7,52.2261,56.2,52.2261,56.2,17.0,,,-87.0,9.0,-2.0,,,,,,-38.0,https://www.screener.in/company/OMAXE/consolidated/,2026-09-01T23:39:41.636880+00:00
OMINFRAL.NS,2327,consolidated,2026-03-31,37.4165,36.0,37.2458,33.8,30.1562,27.0,-14.0,18.0,-3.0,48.0,23.0,6.0,16.705574730528006,18.28191718481882,-3.463022448655084,0.1127129750982962,2.73,8.0,https://www.screener.in/company/OMINFRAL/consolidated/,2026-09-01T23:39:41.636880+00:00
OMNI.NS,1285908,consolidated,2026-03-31,65.3451,64.3,65.3451,64.3,65.3451,64.3,42.0,,,35.0,,,-53.675330545889935,,,0.6397058823529411,18.0,34.0,https://www.screener.in/company/OMNI/consolidated/,2026-09-01T23:39:41.636880+00:00
ONEPOINT.NS,1274224,consolidated,2026-03-31,47.7215,42.9,54.1496,45.75,36.65,36.65,31.0,37.0,,65.0,62.0,,45.57608917221623,,,0.4921700223713646,9.22,23.0,https://www.screener.in/company/ONEPOINT/consolidated/,2026-09-01T23:39:41.636880+00:00
ONESOURCE.NS,1285268,consolidated,2026-03-31,387.5038,462.55,387.5038,462.55,387.5038,462.55,232.0,8.0,,24.0,,,,,,0.2579317441262219,-1.09,22.0,https://www.screener.in/company/ONESOURCE/consolidated/,2026-09-01T23:39:41.636880+00:00
ONGC.NS,2320,consolidated,2026-03-31,7.5899,7.7,6.5019,7.0,7.951,8.0,-1.0,21.0,9.0,1.0,14.0,4.0,5.342016588518073,20.50285758898289,12.623515556086629,0.4688838200167846,11.6,13.0,https://www.screener.in/company/ONGC/consolidated/,2026-09-01T23:39:41.636880+00:00
ONIXSOLAR.NS,30,consolidated,2026-03-31,32.7,31.85,32.7,31.85,32.7,31.85,,,,,113.0,41.0,,,,,,22.0,https://www.screener.in/company/ONIXSOLAR/consolidated/,2026-09-01T23:39:41.636880+00:00
ONWARDTEC.NS,2341,consolidated,2026-03-31,26.8297,26.5,36.0019,28.8,37.4741,26.45,7.0,45.0,31.0,61.0,3.0,15.0,55.80949064834615,34.112272722055216,24.71466311548367,0.1581027667984189,19.5,13.0,https://www.screener.in/company/ONWARDTEC/consolidated/,2026-09-01T23:39:41.636880+00:00
OPTIEMUS.NS,2342,consolidated,2026-03-31,67.5582,64.5,78.1575,60.8,85.2527,59.0,15.0,9.0,18.0,16.0,22.0,26.0,15.093563778777842,-7.556098061676197,17.289625289132783,0.4800514800514801,9.16,4.6,https://www.screener.in/company/OPTIEMUS/consolidated/,2026-09-01T23:39:41.636880+00:00
OPTIFIN.NS,100069,consolidated,2026-03-31,19.3032,17.2,15.3218,15.3,13.4967,11.05,23.0,24.0,34.0,8.0,33.0,15.0,8.539609784016932,16.723531932969316,,,9.38,,https://www.screener.in/company/OPTIFIN/consolidated/,2026-09-01T23:39:41.636880+00:00
ORCHASP.NS,750,consolidated,2026-03-31,73.8939,55.25,100.789,60.95,52.8302,9.9,-3.0,38.0,8.0,44.0,-15.0,6.0,0.0,8.447177119769854,,0.0,0.9,-25.03,https://www.screener.in/company/ORCHASP/consolidated/,2026-09-01T23:39:41.636880+00:00
ORCHPHARMA.NS,2347,consolidated,2026-03-31,116.8766,60.4,121.2841,62.15,121.2841,62.15,23.0,17.0,8.0,40.0,18.0,38.0,-44.31305368717848,,,0.2818322981366459,1.35,4.1,https://www.screener.in/company/ORCHPHARMA/consolidated/,2026-09-01T23:39:41.636880+00:00
ORICONENT.NS,2350,consolidated,2026-03-31,57.7985,45.75,45.5485,37.25,32.8,28.5,-34.0,37.0,0.0,9.0,11.0,-1.0,19.96100097222913,,3.2594217464302355,0.0026064291920069,1.28,-130.0,https://www.screener.in/company/ORICONENT/consolidated/,2026-09-01T23:39:41.636880+00:00
ORIENTBELL.NS,2352,consolidated,2026-03-31,89.5967,66.55,60.7107,36.45,52.821,31.8,-1.0,14.0,,-16.0,3.0,10.0,-18.34395695979991,9.57225143056817,18.871172102213208,0.094224924012158,4.14,7.0,https://www.screener.in/company/ORIENTBELL/consolidated/,2026-09-01T23:39:41.636880+00:00
ORIENTCER.NS,2351,consolidated,2026-03-31,35.2304,37.75,35.5379,37.6,35.5379,37.6,10.0,,,23.0,8.0,2.0,15.425396774696877,-14.08779484160806,,0.1324503311258278,9.13,13.0,https://www.screener.in/company/ORIENTCER/consolidated/,2026-09-01T23:39:41.636880+00:00
ORIENTHOT.NS,2360,consolidated,2026-03-31,50.2095,47.55,51.1265,46.6,75.4379,53.7,8.0,24.0,30.0,8.0,32.0,18.0,7.721734501594191,,,0.1719160104986876,9.49,26.0,https://www.screener.in/company/ORIENTHOT/consolidated/,2026-09-01T23:39:41.636880+00:00
ORIENTTECH.NS,1284927,consolidated,2026-03-31,46.7667,47.2,46.7667,47.2,46.7667,47.2,,,,,,,,,,0.1839762611275964,7.46,5.0,https://www.screener.in/company/ORIENTTECH/consolidated/,2026-09-01T23:39:41.636880+00:00
ORIRAIL.NS,2362,consolidated,2026-03-31,52.3526,39.6,48.2752,39.75,38.4861,33.3,21.0,22.0,28.0,137.0,11.0,3.0,120.20618481330972,17.110248700586574,26.09413477791187,0.7595238095238095,11.0,15.0,https://www.screener.in/company/ORIRAIL/consolidated/,2026-09-01T23:39:41.636880+00:00
ORKLAINDIA.NS,1285750,consolidated,2026-03-31,3.2365,3.2,3.2365,3.2,3.2365,3.2,5.0,20.0,,-4.0,,,-57.67762152201756,-26.920568857780196,,0.0229090909090909,11.2,16.0,https://www.screener.in/company/ORKLAINDIA/consolidated/,2026-09-01T23:39:41.636880+00:00
OSWALAGRO.NS,2369,consolidated,2026-03-31,19.1336,15.1,18.7839,16.8,11.4396,7.5,-12.0,,,,18.0,12.0,,,,0.0011148272017837,-2.0,-56333.0,https://www.screener.in/company/OSWALAGRO/consolidated/,2026-09-01T23:39:41.636880+00:00
OSWALGREEN.NS,2370,consolidated,2018-03-31,21.7361,21.45,19.0485,16.75,14.7609,14.5,21.0,36.0,-16.0,36.0,-2.0,-4.0,12.887623975499697,,-16.310090007950063,0.0,1.87,69.0,https://www.screener.in/company/OSWALGREEN/consolidated/,2026-09-01T23:39:41.636880+00:00
OSWALPUMPS.NS,1285485,consolidated,2026-03-31,12.5131,11.8,12.5131,11.8,12.5131,11.8,75.0,,,123.0,,,-17.336883943174342,,,0.1408199643493761,35.2,22.0,https://www.screener.in/company/OSWALPUMPS/consolidated/,2026-09-01T23:39:41.636880+00:00
OSWALSEEDS.NS,1274368,consolidated,2026-03-31,23.3861,14.05,30.592,20.4,25.201,20.4,-3.0,15.0,,8.0,15.0,,8.412277297626325,14.581214173830029,,0.1176470588235294,15.2,8.0,https://www.screener.in/company/OSWALSEEDS/consolidated/,2026-09-01T23:39:41.636880+00:00
PACEDIGITK.NS,1285694,consolidated,2026-03-31,11.4516,13.0,11.4516,13.0,11.4516,13.0,74.0,,,174.0,,,-21.56666520069165,,,0.4444947893067512,17.6,16.0,https://www.screener.in/company/PACEDIGITK/consolidated/,2026-09-01T23:39:41.636880+00:00
PACIFICI.NS,2384,consolidated,2026-03-31,35.1167,34.85,35.1167,34.85,35.1167,34.85,-6.0,-30.0,,-34.0,-10.0,6.0,-32.60278522102025,-28.147526928437173,,0.1331828442437923,0.41,4.8,https://www.screener.in/company/PACIFICI/consolidated/,2026-09-01T23:39:41.636880+00:00
PAISALO.NS,2929,consolidated,2026-03-31,23.7924,22.6,30.5935,28.05,27.9274,24.2,25.0,33.0,18.0,35.0,14.0,23.0,35.89465935608778,30.48430698368292,16.639392235624516,,14.4,,https://www.screener.in/company/PAISALO/consolidated/,2026-09-01T23:39:41.636880+00:00
PAKKA.NS,3779,consolidated,2025-09-30,31.5797,24.6,25.2511,21.7,25.2511,21.7,-4.0,,,-48.0,-2.0,15.0,-50.68482630318709,,,0.6644444444444444,1.44,10.0,https://www.screener.in/company/PAKKA/consolidated/,2026-09-01T23:39:41.636880+00:00
PALASHSECU.NS,1274109,consolidated,2026-03-31,6.4233,6.15,6.4233,6.15,11.1814,8.0,-3.0,27.0,88.0,45.0,5.0,,,,,0.0,3.0,-24.0,https://www.screener.in/company/PALASHSECU/consolidated/,2026-09-01T23:39:41.636880+00:00
PANAMAPET.NS,2395,consolidated,2026-03-31,10.5949,10.75,9.4637,9.2,11.445,10.8,11.0,9.0,24.0,-3.0,13.0,27.0,-3.015675843940202,9.446639955660242,23.78228114745562,0.0755616065350578,15.6,15.0,https://www.screener.in/company/PANAMAPET/consolidated/,2026-09-01T23:39:41.636880+00:00
PANORAMA.NS,1273128,consolidated,2026-03-31,35.2905,31.5,37.6346,30.5,31.2021,27.3,-6.0,25.0,,-25.0,55.0,51.0,-29.468187120050217,9.565425774785384,,0.5882352941176471,7.59,10.0,https://www.screener.in/company/PANORAMA/consolidated/,2026-09-01T23:39:41.636880+00:00
PANSARI.NS,1273548,consolidated,2026-03-31,50.7557,46.05,55.3408,55.5,47.1485,44.55,62.0,40.0,22.0,118.0,41.0,,114.817176315626,39.473024908143486,-0.8052612266683967,0.6493506493506493,13.8,14.0,https://www.screener.in/company/PANSARI/consolidated/,2026-09-01T23:39:41.636880+00:00
PARACABLES.NS,2412,consolidated,2026-03-31,22.9253,22.05,26.016,22.65,23.8255,20.6,34.0,81.0,10.0,8.0,37.0,35.0,-7.2941824738615875,65.05444239489884,,0.1580976863753213,7.99,4.3,https://www.screener.in/company/PARACABLES/consolidated/,2026-09-01T23:39:41.636880+00:00
PARADEEP.NS,1275228,consolidated,2026-03-31,28.562,21.8,23.7603,16.2,23.7603,16.2,18.0,35.0,,48.0,,,37.042140615081664,-52.28113117802242,,1.0181335692171605,16.2,10.0,https://www.screener.in/company/PARADEEP/consolidated/,2026-09-01T23:39:41.636880+00:00
PARAGMILK.NS,1273362,consolidated,2026-03-31,24.8127,23.55,25.0161,23.7,29.6985,23.3,10.0,45.0,11.0,38.0,14.0,-3.0,33.45100967003671,34.40557015733137,4.849223181145024,0.4821286735504368,12.3,7.0,https://www.screener.in/company/PARAGMILK/consolidated/,2026-09-01T23:39:41.636880+00:00
PARAS.NS,1274969,consolidated,2026-03-31,92.8127,87.1,88.9318,83.4,88.9318,83.4,29.0,40.0,,33.0,,,33.24760000794746,32.9636359846057,,0.0372413793103448,12.4,26.0,https://www.screener.in/company/PARAS/consolidated/,2026-09-01T23:39:41.636880+00:00
PARKHOSPS.NS,1285817,consolidated,2026-03-31,38.296,40.4,38.296,40.4,38.296,40.4,10.0,11.0,,5.0,,,-25.20205749421146,-40.551909184742165,,0.1800197823936696,16.7,27.0,https://www.screener.in/company/PARKHOSPS/consolidated/,2026-09-01T23:39:41.636880+00:00
PARKHOTELS.NS,1284660,consolidated,2026-03-31,45.4552,41.0,45.4552,41.0,45.4552,41.0,11.0,25.0,,11.0,,,3.849882037022079,,,0.2779433681073025,5.09,31.0,https://www.screener.in/company/PARKHOTELS/consolidated/,2026-09-01T23:39:41.636880+00:00
PARNAXLAB.NS,1831,consolidated,2026-03-31,12.6399,12.3,14.0028,11.55,12.2444,10.8,14.0,105.0,18.0,14.0,40.0,15.0,10.960688098793048,,13.274599276121268,0.8736842105263158,14.4,10.0,https://www.screener.in/company/PARNAXLAB/consolidated/,2026-09-01T23:39:41.636880+00:00
PASHUPATI.NS,1274132,consolidated,2026-03-31,81.1793,79.3,81.1793,79.3,81.1793,79.3,16.0,,,39.0,60.0,,38.20846460022369,,,0.6036585365853658,6.53,4.8,https://www.screener.in/company/PASHUPATI/consolidated/,2026-09-01T23:39:41.636880+00:00
PATANJALI.NS,2803,consolidated,2026-03-31,37.887,40.9,37.887,40.9,37.887,40.9,,,14.0,,0.0,48.0,,,22.12617655666997,0.2129495304268153,16.5,4.6,https://www.screener.in/company/PATANJALI/consolidated/,2026-09-01T23:39:41.636880+00:00
PATELENG.NS,2433,consolidated,2026-03-31,16.4057,11.75,18.2636,15.8,15.7772,11.85,9.0,47.0,20.0,26.0,15.0,-4.0,10.290805137901504,,,0.2738738738738738,8.95,14.0,https://www.screener.in/company/PATELENG/consolidated/,2026-09-01T23:39:41.636880+00:00
PAVNAIND.NS,1274839,consolidated,2026-03-31,60.1741,56.25,50.3483,47.1,46.381,44.4,-6.0,-1.0,,-8.0,14.0,,-21.79732363271804,-8.338121623946426,,0.5098039215686274,3.02,10.0,https://www.screener.in/company/PAVNAIND/consolidated/,2026-09-01T23:39:41.636880+00:00
PAYTM.NS,1275094,consolidated,2026-03-31,294.6523,128.95,294.6523,128.95,294.6523,128.95,2.0,19.0,9.0,34.0,,,,,,0.0107325595906651,4.64,7.0,https://www.screener.in/company/PAYTM/consolidated/,2026-09-01T23:39:41.636880+00:00
PBMPOLY.NS,2441,consolidated,2026-03-31,23.275,23.2,7.4158,5.8,14.3141,16.15,-6.0,,,-12.0,-14.0,-2.0,,,,0.0087719298245614,-1.38,-1.3,https://www.screener.in/company/PBMPOLY/consolidated/,2026-09-01T23:39:41.636880+00:00
PCBL.NS,2468,consolidated,2026-03-31,31.4127,30.15,23.0355,21.05,27.8467,16.6,12.0,-7.0,31.0,-21.0,21.0,29.0,-24.52657807786132,-11.18111466251971,27.02260507663265,1.245381927109336,5.56,13.0,https://www.screener.in/company/PCBL/consolidated/,2026-09-01T23:39:41.636880+00:00
PCJEWELLER.NS,247383,consolidated,2026-03-31,12.647,11.4,13.4196,12.5,15.3554,14.1,11.0,63.0,6.0,77.0,31.0,-8.0,,44.88617527649639,-2.865052147321268,0.1427697577685343,9.96,22.0,https://www.screener.in/company/PCJEWELLER/consolidated/,2026-09-01T23:39:41.636880+00:00
PDSL.NS,1131309,consolidated,2026-03-31,40.3785,40.2,31.613,33.65,32.8702,29.8,7.0,6.0,15.0,-23.0,8.0,26.0,-26.918823926555348,4.04241325965462,13.951837269440848,0.7169597277368123,6.48,3.1,https://www.screener.in/company/PDSL/consolidated/,2026-09-01T23:39:41.636880+00:00
PENIND.NS,2451,consolidated,2026-03-31,20.9582,20.85,18.1149,17.0,14.4272,14.6,8.0,70.0,12.0,23.0,41.0,14.0,22.555984292053143,124.609734211275,10.95104553439814,0.999140154772141,12.8,10.0,https://www.screener.in/company/PENIND/consolidated/,2026-09-01T23:39:41.636880+00:00
PERMAGN.NS,2457,consolidated,2026-03-31,48.0793,47.2,48.0793,47.2,48.0793,47.2,,,,,20.0,47.0,,,,0.5569620253164557,10.5,16.0,https://www.screener.in/company/PERMAGN/consolidated/,2026-09-01T23:39:41.636880+00:00
PERSISTENT.NS,2458,consolidated,2026-03-31,56.5829,56.7,51.5916,52.0,35.8274,37.05,21.0,36.0,22.0,28.0,28.0,34.0,25.202857862409456,32.02009534992738,21.16938753074773,0.0608573615718295,27.2,18.0,https://www.screener.in/company/PERSISTENT/consolidated/,2026-09-01T23:39:41.636880+00:00
PETRONET.NS,2461,consolidated,2026-03-31,11.6203,11.5,10.9324,11.0,15.2877,12.75,-10.0,6.0,16.0,6.0,5.0,5.0,5.563544640776508,5.889922442605777,15.468013362728472,0.1050482387256001,18.6,15.0,https://www.screener.in/company/PETRONET/consolidated/,2026-09-01T23:39:41.636880+00:00
PFC.NS,2522,consolidated,2026-03-31,6.2646,5.9,4.821,5.15,5.16,4.5,14.0,17.0,15.0,18.0,27.0,13.0,17.68994120170424,17.131273791278634,15.399645381761374,,20.7,,https://www.screener.in/company/PFC/consolidated/,2026-09-01T23:39:41.636880+00:00
PFOCUS.NS,2564,consolidated,2026-03-31,52.0323,43.3,56.272,43.4,80.9321,56.2,0.0,54.0,12.0,10.0,32.0,15.0,-16.933100256952006,,,2.736716132120632,16.5,30.0,https://www.screener.in/company/PFOCUS/consolidated/,2026-09-01T23:39:41.636880+00:00
PFS.NS,2588,consolidated,2026-03-31,12.0348,11.9,13.0985,12.35,11.9818,9.9,-13.0,66.0,-2.0,22.0,8.0,-3.0,21.955654695975536,65.52335461911791,-3.3115240091116105,,11.0,,https://www.screener.in/company/PFS/consolidated/,2026-09-01T23:39:41.636880+00:00
PGEL.NS,2464,consolidated,2026-03-31,69.5703,63.7,63.1855,58.7,63.1164,59.25,35.0,75.0,,36.0,73.0,43.0,26.42169659146516,63.48331748648004,,0.195801902263037,6.69,7.0,https://www.screener.in/company/PGEL/consolidated/,2026-09-01T23:39:41.636880+00:00
PGIL.NS,2445,consolidated,2026-03-31,24.6494,25.25,20.5977,20.8,16.609,13.7,17.0,101.0,23.0,25.0,72.0,37.0,20.405477042055686,72.06059609619,21.66051768293775,0.6458904109589041,21.0,10.0,https://www.screener.in/company/PGIL/consolidated/,2026-09-01T23:39:41.636880+00:00
PHOENIXLTD.NS,2470,consolidated,2026-03-31,53.7791,54.65,57.4767,54.2,52.7798,50.4,19.0,83.0,24.0,14.0,34.0,25.0,-2.892605325610753,82.72339031521491,23.310423963028693,0.4843934843934844,11.6,60.0,https://www.screener.in/company/PHOENIXLTD/consolidated/,2026-09-01T23:39:41.636880+00:00
PHOENXINTL.NS,2469,consolidated,2026-03-31,30.3867,32.45,27.6646,23.9,20.8343,19.6,-5.0,25.0,12.0,5.0,12.0,11.0,4.921748490702549,25.42641412784865,12.229968506410916,0.1449279449505062,0.71,48.52,https://www.screener.in/company/PHOENXINTL/consolidated/,2026-09-01T23:39:41.636880+00:00
PICCADIL.NS,2475,consolidated,2026-03-31,61.9899,58.1,43.992,44.5,32.8665,21.9,20.0,50.0,57.0,83.0,98.0,51.0,80.55462622657126,48.99240185851992,56.33111394908352,0.5893451720310766,17.4,22.0,https://www.screener.in/company/PICCADIL/consolidated/,2026-09-01T23:39:41.636880+00:00
PIDILITIND.NS,2478,consolidated,2026-03-31,75.9677,74.75,84.5027,87.75,73.9305,71.25,7.0,17.0,12.0,25.0,7.0,17.0,24.32651631989888,16.67024013092433,11.880239167106607,0.0384970457902511,23.9,24.0,https://www.screener.in/company/PIDILITIND/consolidated/,2026-09-01T23:39:41.636880+00:00
PIGL.NS,1274329,consolidated,2026-03-31,21.7399,18.6,20.2448,17.8,20.2448,17.8,32.0,,,58.0,8.0,,32.81167577585138,,,0.0921052631578947,10.8,11.0,https://www.screener.in/company/PIGL/consolidated/,2026-09-01T23:39:41.636880+00:00
PIIND.NS,2474,consolidated,2026-03-31,34.8158,34.55,40.8084,38.2,40.2203,38.2,1.0,10.0,14.0,-1.0,-7.0,11.0,2.4172420729018373,12.3386787363134,14.377614255734716,0.0304541406945681,11.2,24.0,https://www.screener.in/company/PIIND/consolidated/,2026-09-01T23:39:41.636880+00:00
PILANIINVS.NS,2479,consolidated,2026-03-31,59.3845,33.25,38.8382,17.2,41.7511,17.1,1.0,-20.0,12.0,-50.0,19.0,16.0,-49.82875042041572,-20.31368857323155,12.303786401048413,0.1506521328208682,0.2,87.0,https://www.screener.in/company/PILANIINVS/consolidated/,2026-09-01T23:39:41.636880+00:00
PINELABS.NS,1285758,consolidated,2026-03-31,130.5243,130.6,130.5243,130.6,130.5243,130.6,19.0,32.0,,36.0,,,,,,0.0747964721845318,2.46,14.0,https://www.screener.in/company/PINELABS/consolidated/,2026-09-01T23:39:41.636880+00:00
PIONEEREMB.NS,2482,consolidated,2026-03-31,46.3752,48.0,32.0345,25.3,23.28,12.3,4.0,,,,-20.0,-10.0,-60.314973700795015,-51.21814781584788,-31.89044677544092,0.5833333333333334,-2.61,4.1,https://www.screener.in/company/PIONEEREMB/consolidated/,2026-09-01T23:39:41.636880+00:00
PIRAMALFIN.NS,799,consolidated,2026-03-31,50.9267,49.2,50.9267,49.2,13.4041,11.4,21.0,15.0,-11.0,-56.0,166.0,23.0,,,9.959089682434886,2.841729430154896,0.86,59.0,https://www.screener.in/company/PIRAMALFIN/consolidated/,2026-09-01T23:39:41.636880+00:00
PITTIENG.NS,2489,consolidated,2026-03-31,30.9051,29.95,25.7313,26.6,25.3203,25.6,20.0,32.0,,26.0,47.0,39.0,19.447655185163537,28.387465055262084,,0.8216818642350557,12.5,16.0,https://www.screener.in/company/PITTIENG/consolidated/,2026-09-01T23:39:41.636880+00:00
PIXTRANS.NS,2490,consolidated,2026-03-31,21.7095,21.35,20.0569,18.9,16.2575,16.8,6.0,10.0,32.0,18.0,17.0,42.0,18.1462474501982,10.494961083234443,32.2315750730924,0.0344332855093256,16.4,25.0,https://www.screener.in/company/PIXTRANS/consolidated/,2026-09-01T23:39:41.636880+00:00
PKTEA.NS,2456,consolidated,2024-03-31,231.6088,267.1,182.7308,245.6,109.5982,44.6,-10.0,-22.0,-3.0,-58.0,17.0,18.0,-22.049142178166147,13.013693532220838,13.818238081273403,0.1125928250183035,0.45,11.21,https://www.screener.in/company/PKTEA/consolidated/,2026-09-01T23:39:41.636880+00:00
PLATIND.NS,1284697,consolidated,2026-03-31,28.7733,27.3,28.7733,27.3,28.7733,27.3,25.0,61.0,,11.0,,,0.1413429442988611,-27.05020117406504,,0.0225733634311512,12.7,13.0,https://www.screener.in/company/PLATIND/consolidated/,2026-09-01T23:39:41.636880+00:00
PML.NS,1270815,consolidated,2026-03-31,14.1297,7.5,8.4636,4.4,11.0334,4.6,-33.0,,,,-2.0,-8.0,83.09380820776731,51.85854070634524,29.49667242705092,0.0111482720178372,-31.8,-0.3,https://www.screener.in/company/PML/consolidated/,2026-09-01T23:39:41.636880+00:00
PNB.NS,2600,consolidated,2026-03-31,10.3766,8.1,12.7389,10.65,17.3416,14.3,15.0,48.0,21.0,76.0,25.0,-1.0,73.94640854894952,45.54281806092766,,,13.0,,https://www.screener.in/company/PNB/consolidated/,2026-09-01T23:39:41.636880+00:00
PNBHOUSING.NS,1273561,consolidated,2026-03-31,13.1291,13.2,12.6378,12.7,13.4252,13.1,9.0,20.0,,30.0,17.0,,29.69539446160494,19.5840769541066,,,12.7,,https://www.screener.in/company/PNBHOUSING/consolidated/,2026-09-01T23:39:41.636880+00:00
PNC.NS,2575,consolidated,2026-03-31,33.6795,31.3,33.6795,31.3,21.1226,13.7,27.0,25.0,20.0,48.0,-14.0,2.0,,,,0.0166666666666666,7.39,-10.0,https://www.screener.in/company/PNC/consolidated/,2026-09-01T23:39:41.636880+00:00
PNCINFRA.NS,1270850,consolidated,2026-03-31,12.4424,13.5,12.3576,12.9,15.5268,13.6,-12.0,-1.0,8.0,-11.0,-12.0,5.0,8.092537950727309,10.827373317027655,14.83446369820307,0.758843387641274,7.0,23.0,https://www.screener.in/company/PNCINFRA/consolidated/,2026-09-01T23:39:41.636880+00:00
PNGJL.NS,1284976,consolidated,2026-03-31,32.599,31.8,32.599,31.8,32.599,31.8,34.0,273.0,,77.0,,,30.91436223617079,175.5818862586379,,0.8848700967906266,23.4,6.0,https://www.screener.in/company/PNGJL/consolidated/,2026-09-01T23:39:41.636880+00:00
POCL.NS,2517,consolidated,2026-03-31,41.7304,41.7,39.3146,37.8,39.3146,37.8,26.0,,,36.0,62.0,41.0,10.234619984810257,126.47963062499927,42.80215646877712,0.1928934010152284,19.2,7.0,https://www.screener.in/company/POCL/consolidated/,2026-09-01T23:39:41.636880+00:00
POEL.NS,1270873,consolidated,2026-03-31,15.9625,14.8,15.9625,14.8,15.9625,14.8,,,,,74.0,33.0,,,,0.6907216494845361,28.5,4.2,https://www.screener.in/company/POEL/consolidated/,2026-09-01T23:39:41.636880+00:00
POKARNA.NS,2501,consolidated,2026-03-31,23.7487,23.75,24.0561,22.8,18.1784,15.35,-8.0,23.0,2.0,7.0,12.0,18.0,6.989490151748057,23.309262965101585,4.639662565013247,0.5344224037339557,9.85,30.0,https://www.screener.in/company/POKARNA/consolidated/,2026-09-01T23:39:41.636880+00:00
POLICYBZR.NS,1275091,consolidated,2026-03-31,364.6443,255.8,364.6443,255.8,364.6443,255.8,38.0,42.0,22.0,50.0,,,,,,0.049234135667396,9.75,8.0,https://www.screener.in/company/POLICYBZR/consolidated/,2026-09-01T23:39:41.636880+00:00
POLYCAB.NS,1274653,consolidated,2026-03-31,49.4804,48.3,46.3168,45.7,38.2531,41.4,27.0,24.0,30.0,28.0,32.0,,27.913934011134916,24.577305784733472,29.78394685850936,0.019651927720876,23.0,14.0,https://www.screener.in/company/POLYCAB/consolidated/,2026-09-01T23:39:41.636880+00:00
POLYMED.NS,2507,consolidated,2026-03-31,62.8266,61.35,60.7885,59.9,49.237,49.35,19.0,14.0,19.0,15.0,13.0,24.0,19.357083205042525,17.532184588554166,19.238541899947027,0.1139729555698647,9.02,23.0,https://www.screener.in/company/POLYMED/consolidated/,2026-09-01T23:39:41.636880+00:00
POLYPLEX.NS,2514,consolidated,2026-03-31,30.9028,22.8,22.6008,14.5,14.5406,9.3,-3.0,-47.0,-6.0,-60.0,-5.0,15.0,-49.46652733994631,-38.520578786637394,4.6612017063164535,0.2205188679245283,0.54,8.0,https://www.screener.in/company/POLYPLEX/consolidated/,2026-09-01T23:39:41.636880+00:00
POLYSPIN.NS,2515,consolidated,2026-03-31,10.8403,8.5,8.9946,7.1,8.2797,7.1,3.0,-9.0,,1.0,-18.0,3.0,1.165749163742702,-8.649133369119378,13.264935208617912,1.0142857142857142,8.29,4.6,https://www.screener.in/company/POLYSPIN/consolidated/,2026-09-01T23:39:41.636880+00:00
POONAWALLA.NS,1951,consolidated,2026-03-31,70.9684,52.2,65.1194,52.3,57.3953,39.05,46.0,24.0,10.0,5.0,21.0,17.0,-9.200656191451916,,-2.875803822191525,,5.86,,https://www.screener.in/company/POONAWALLA/consolidated/,2026-09-01T23:39:41.636880+00:00
POWERGRID.NS,2523,consolidated,2026-03-31,17.0449,17.3,14.4775,15.6,14.0973,14.35,1.0,3.0,9.0,-2.0,15.0,10.0,1.0937435363128634,5.77051460411584,10.32906389322321,1.4734312496268434,15.3,73.0,https://www.screener.in/company/POWERGRID/consolidated/,2026-09-01T23:39:41.636880+00:00
POWERICA.NS,1285934,consolidated,2026-03-31,19.0,22.0,19.0,22.0,19.0,22.0,8.0,80.0,,36.0,,,-11.836851141963932,,,0.287292817679558,17.4,12.0,https://www.screener.in/company/POWERICA/consolidated/,2026-09-01T23:39:41.636880+00:00
POWERMECH.NS,1272995,consolidated,2026-03-31,27.9677,28.45,25.6771,23.85,19.4923,17.3,19.0,58.0,17.0,20.0,42.0,26.0,17.944857327951745,,16.251017067415564,0.2635966653433902,15.4,11.0,https://www.screener.in/company/POWERMECH/consolidated/,2026-09-01T23:39:41.636880+00:00
PPLPHARMA.NS,1275345,consolidated,2026-03-31,528.1423,553.25,528.1423,553.25,528.1423,553.25,8.0,,,-31.0,,,,,,0.6952952707669688,-3.83,11.0,https://www.screener.in/company/PPLPHARMA/consolidated/,2026-09-01T23:39:41.636880+00:00
PRABHA.NS,1285423,consolidated,2026-03-31,4345.4375,4919.65,4345.4375,4919.65,4345.4375,4919.65,-43.0,,,,,,,,,0.3762572211098068,-0.15,-1.2,https://www.screener.in/company/PRABHA/consolidated/,2026-09-01T23:39:41.636880+00:00
PRAENG.NS,2530,consolidated,2026-03-31,341.0643,72.0,341.0643,72.0,341.0643,72.0,9.0,,3.0,,5.0,11.0,,,,0.3410041841004184,-3.86,-68.0,https://www.screener.in/company/PRAENG/consolidated/,2026-09-01T23:39:41.636880+00:00
PRAJIND.NS,2529,consolidated,2026-03-31,55.7497,46.9,50.0069,45.3,43.2443,41.2,-4.0,-24.0,-13.0,-56.0,0.0,14.0,-53.64346708454988,-21.71037432364947,-11.92832904897828,0.1321619556913674,1.48,4.6,https://www.screener.in/company/PRAJIND/consolidated/,2026-09-01T23:39:41.636880+00:00
PRAKASH.NS,2532,consolidated,2018-03-31,6.4715,6.5,4.9103,5.5,4.0168,3.1,,,,,13.0,10.0,,,,0.2989766081871345,14.1,20.0,https://www.screener.in/company/PRAKASH/consolidated/,2026-09-01T23:39:41.636880+00:00
PRAKASHSTL.NS,2533,consolidated,2016-03-31,1.6,1.6,1.6,1.6,1.6,1.6,,,,,9.0,10.0,,,,1.8288288288288288,-45.1,-7.0,https://www.screener.in/company/PRAKASHSTL/consolidated/,2026-09-01T23:39:41.636880+00:00
PRAVEG.NS,1269913,consolidated,2026-03-31,89.4726,99.2,60.6579,32.9,49.7735,24.4,42.0,,,,18.0,,,,,0.3786191536748329,-2.51,22.0,https://www.screener.in/company/PRAVEG/consolidated/,2026-09-01T23:39:41.636880+00:00
PRECAM.NS,1273237,consolidated,2026-03-31,64.2316,56.35,64.6698,54.6,49.0372,38.2,-11.0,63.0,-9.0,-19.0,8.0,-2.0,3.5034754615193453,86.39596365956758,-2.903052857457289,0.0645933014354067,3.03,8.0,https://www.screener.in/company/PRECAM/consolidated/,2026-09-01T23:39:41.636880+00:00
PRECOT.NS,2546,consolidated,2026-03-31,17.9258,16.4,13.4181,12.5,15.3582,12.8,-2.0,2.0,11.0,48.0,24.0,31.0,,1.7035265003552569,,0.7214137214137214,7.72,14.0,https://www.screener.in/company/PRECOT/consolidated/,2026-09-01T23:39:41.636880+00:00
PRECWIRE.NS,2545,consolidated,2016-03-31,209.5291,178.7,151.2729,133.75,88.0201,40.25,,,,,73.0,42.0,,,,0.1435897435897435,8.88,6.0,https://www.screener.in/company/PRECWIRE/consolidated/,2026-09-01T23:39:41.636880+00:00
PREMCO.NS,2547,consolidated,2026-03-31,16.1839,15.3,13.8595,14.6,13.5239,14.2,0.0,-44.0,-25.0,-55.0,-4.0,-4.0,-14.026354137122189,-15.502516370687358,-7.179305283511683,0.1779990044798407,0.7,4.55,https://www.screener.in/company/PREMCO/consolidated/,2026-09-01T23:39:41.636880+00:00
PREMEXPLN.NS,2550,consolidated,2026-03-31,83.3816,78.15,88.2737,83.6,65.7087,62.8,24.0,95.0,22.0,90.0,70.0,25.0,88.10913009102752,,20.87123583047599,0.1107266435986159,18.6,7.0,https://www.screener.in/company/PREMEXPLN/consolidated/,2026-09-01T23:39:41.636880+00:00
PREMIERENE.NS,1284943,consolidated,2026-03-31,49.5295,43.7,49.5295,43.7,49.5295,43.7,76.0,133.0,,370.0,,,,104.14629010355476,,0.8606918969120038,42.4,30.0,https://www.screener.in/company/PREMIERENE/consolidated/,2026-09-01T23:39:41.636880+00:00
PRESTIGE.NS,2558,consolidated,2026-03-31,71.3513,60.15,57.5252,44.6,44.678,34.2,15.0,21.0,9.0,18.0,30.0,24.0,5.725272941999937,-16.74707834118543,5.494517964052537,1.085171756897929,7.53,28.0,https://www.screener.in/company/PRESTIGE/consolidated/,2026-09-01T23:39:41.636880+00:00
PRICOLLTD.NS,1273637,consolidated,2026-03-31,35.2842,35.3,32.7664,33.3,42.8172,33.9,27.0,40.0,,28.0,56.0,,26.237943866499823,43.34854549448679,,0.3019920318725099,21.8,12.0,https://www.screener.in/company/PRICOLLTD/consolidated/,2026-09-01T23:39:41.636880+00:00
PRIMESECU.NS,2567,consolidated,2026-03-31,35.6892,31.15,32.6508,30.25,23.0559,21.35,43.0,3.0,-6.0,-1.0,28.0,34.0,3.892742083999856,4.590925589065509,-3.179639893626396,0.0078125,4.09,10.0,https://www.screener.in/company/PRIMESECU/consolidated/,2026-09-01T23:39:41.636880+00:00
PRIMO.NS,2597,consolidated,2026-03-31,57.121,42.9,41.8103,33.25,41.8103,33.25,-7.0,15.0,,-52.0,-2.0,22.0,-51.92501432308638,3.517300006217261,,0.3226600985221675,3.89,12.0,https://www.screener.in/company/PRIMO/consolidated/,2026-09-01T23:39:41.636880+00:00
PRISMX.NS,1702,consolidated,2026-03-31,24.3381,18.0,80.2322,28.2,84.8168,28.3,-6.0,36.0,,230.0,-46.0,,15.867554829548336,36.08221078587388,,0.0009162303664921,7.73,-22.05,https://www.screener.in/company/PRISMX/consolidated/,2026-09-01T23:39:41.636880+00:00
PRIVISCL.NS,64,consolidated,2026-03-31,60.1324,47.8,65.9617,52.95,44.9428,40.8,17.0,27.0,,144.0,15.0,27.0,145.23364875155457,22.88064022398373,,0.7230878186968839,26.0,25.0,https://www.screener.in/company/PRIVISCL/consolidated/,2026-09-01T23:39:41.636880+00:00
PROSTARM.NS,1285466,consolidated,2026-03-31,28.7455,26.95,28.7455,26.95,28.7455,26.95,19.0,,,18.0,,,6.379753958195522,,,0.3240418118466899,16.9,12.0,https://www.screener.in/company/PROSTARM/consolidated/,2026-09-01T23:39:41.636880+00:00
PROTEAN.NS,1284559,consolidated,2026-03-31,48.4272,42.2,48.4272,42.2,48.4272,42.2,10.0,3.0,,-1.0,,,-2.188326739606572,1.5026561325790055,,0.0807050092764378,10.0,11.0,https://www.screener.in/company/PROTEAN/consolidated/,2026-09-01T23:39:41.636880+00:00
PROZONER.NS,124090,consolidated,2026-03-31,55.1567,26.75,196.4895,44.35,296.8298,94.7,-28.0,11.0,,,10.0,5.0,-25.01115739379748,,3.845021423655592,1.4398249452954048,-1.84,23.0,https://www.screener.in/company/PROZONER/consolidated/,2026-09-01T23:39:41.636880+00:00
PRSMJOHNSN.NS,2569,consolidated,2026-03-31,96.8714,91.35,66.5846,67.25,69.8539,65.0,0.0,,,5.0,-3.0,0.0,,-15.670831712024937,37.5060083588689,1.0975130890052356,-5.41,10.0,https://www.screener.in/company/PRSMJOHNSN/consolidated/,2026-09-01T23:39:41.636880+00:00
PRUDENT.NS,1275224,consolidated,2026-03-31,52.2741,52.25,44.8009,45.6,44.8009,45.6,30.0,37.0,,24.0,,,23.924051265583746,-34.30486481723823,,0.0385050962627406,28.6,24.0,https://www.screener.in/company/PRUDENT/consolidated/,2026-09-01T23:39:41.636880+00:00
PSPPROJECT.NS,1274075,consolidated,2026-03-31,49.8741,37.1,36.0824,19.7,29.3572,20.1,18.0,-7.0,9.0,-25.0,14.0,,-27.424831619794286,-9.16065673133717,-15.021217810485188,0.2610759493670886,4.55,6.0,https://www.screener.in/company/PSPPROJECT/consolidated/,2026-09-01T23:39:41.636880+00:00
PTC.NS,2589,consolidated,2026-03-31,10.143,9.3,8.5244,8.05,7.6425,7.2,2.0,6.0,7.0,11.0,7.0,6.0,10.778728602886623,6.179649064469128,6.499584434344174,0.2957699381374352,10.3,4.2,https://www.screener.in/company/PTC/consolidated/,2026-09-01T23:39:41.636880+00:00
PTCIL.NS,1270757,consolidated,2026-03-31,360.0361,361.1,296.421,273.45,196.0069,180.6,40.0,101.0,32.0,58.0,85.0,75.0,51.99792348632064,82.78536559228473,28.496296729993677,0.1731917717319177,7.02,25.0,https://www.screener.in/company/PTCIL/consolidated/,2026-09-01T23:39:41.636880+00:00
PTL.NS,2590,consolidated,2016-03-31,11.9804,11.7,10.8073,11.3,8.6017,8.3,20.0,23.0,22.0,41.0,10.0,4.0,38.672254870126935,23.445550092271294,22.556004211568027,0.0874035989717223,9.74,19.0,https://www.screener.in/company/PTL/consolidated/,2026-09-01T23:39:41.636880+00:00
PUNJABCHEM.NS,2598,consolidated,2026-03-31,27.2753,26.75,24.5687,23.5,30.3995,28.3,1.0,6.0,24.0,2.0,-9.0,20.0,1.534951378396876,5.436358603559777,17.022915155296236,0.3640661938534279,16.6,12.0,https://www.screener.in/company/PUNJABCHEM/consolidated/,2026-09-01T23:39:41.636880+00:00
PURVA.NS,2602,consolidated,2026-03-31,145.1554,132.95,96.0945,82.5,52.9896,18.9,45.0,78.0,-2.0,3.0,14.0,16.0,-1.327056702700835,,-2.570003868868964,3.129194630872483,3.62,20.0,https://www.screener.in/company/PURVA/consolidated/,2026-09-01T23:39:41.636880+00:00
PVP.NS,2603,consolidated,2026-03-31,89.425,93.6,8.7055,2.4,13.6648,13.4,-20.0,14.0,5.0,,68.0,30.0,,,,1.1788990825688073,-2.24,23.0,https://www.screener.in/company/PVP/consolidated/,2026-09-01T23:39:41.636880+00:00
PVRINOX.NS,2604,consolidated,2026-03-31,83.7129,46.0,83.7129,46.0,66.8815,55.95,21.0,20.0,14.0,45.0,-2.0,0.0,,,5.679843674091245,0.9188126863648686,4.92,32.0,https://www.screener.in/company/PVRINOX/consolidated/,2026-09-01T23:39:41.636880+00:00
PVSL.NS,1284714,consolidated,2026-03-31,17.9968,20.2,17.9968,20.2,17.9968,20.2,9.0,,,,,,,,,2.238853503184713,-8.28,3.0,https://www.screener.in/company/PVSL/consolidated/,2026-09-01T23:39:41.636880+00:00
PWL.NS,1285762,consolidated,2026-03-31,401.9385,404.5,401.9385,404.5,401.9385,404.5,74.0,,,23.0,,,,,,0.2327433628318584,-0.48,9.0,https://www.screener.in/company/PWL/consolidated/,2026-09-01T23:39:41.636880+00:00
QPOWER.NS,1285329,consolidated,2026-03-31,82.95,72.8,82.95,72.8,82.95,72.8,55.0,,,81.0,,,-95.15053211165416,,,0.07380073800738,25.1,19.0,https://www.screener.in/company/QPOWER/consolidated/,2026-09-01T23:39:41.636880+00:00
QUESS.NS,1273420,consolidated,2026-03-31,18.8354,18.6,25.6046,18.2,26.2171,19.55,-4.0,39.0,11.0,9.0,-2.0,4.0,-0.6649132793771995,30.505725945274342,7.545309694821234,0.1063464837049742,21.3,2.1,https://www.screener.in/company/QUESS/consolidated/,2026-09-01T23:39:41.636880+00:00
QUINT.NS,1273160,consolidated,2026-03-31,1210.4688,1215.75,1210.4688,1215.75,1210.4688,1215.75,3.0,13.0,,20.0,-19.0,,,,,0.4092307692307692,-2.47,-8.0,https://www.screener.in/company/QUINT/consolidated/,2026-09-01T23:39:41.636880+00:00
RACE.NS,762687,consolidated,2026-03-31,282.1345,287.55,282.1345,287.55,282.1345,287.55,32.0,,,73.0,-14.0,26.0,70.56358875406026,,,1.2162162162162162,9.28,2.3,https://www.screener.in/company/RACE/consolidated/,2026-09-01T23:39:41.636880+00:00
RACLGEAR.NS,2695,consolidated,2026-03-31,34.0715,32.9,30.9195,30.9,25.3921,28.25,11.0,16.0,,10.0,25.0,49.0,6.14328950047669,13.762734585893032,,0.6704545454545454,17.0,22.0,https://www.screener.in/company/RACLGEAR/consolidated/,2026-09-01T23:39:41.636880+00:00
RADAAN.NS,2617,consolidated,2026-03-31,17.2804,10.2,17.2804,10.2,13.3966,10.1,-23.0,6.0,,,14.0,6.0,,,,,,-48.87,https://www.screener.in/company/RADAAN/consolidated/,2026-09-01T23:39:41.636880+00:00
RADIANTCMS.NS,1275390,consolidated,2026-03-31,15.2067,14.4,15.2067,14.4,15.2067,14.4,7.0,,,-18.0,,,-19.916470465098868,,,0.697841726618705,12.5,10.0,https://www.screener.in/company/RADIANTCMS/consolidated/,2026-09-01T23:39:41.636880+00:00
RADICO.NS,2620,consolidated,2026-03-31,90.9741,91.55,76.7523,80.65,58.5321,52.9,24.0,17.0,23.0,41.0,38.0,46.0,39.91623679686147,16.817710621276348,22.628762420494983,0.1501809408926417,20.3,18.0,https://www.screener.in/company/RADICO/consolidated/,2026-09-01T23:39:41.636880+00:00
RAILTEL.NS,1274834,consolidated,2023-09-30,61.3987,60.65,45.4584,49.2,43.6191,46.45,20.0,4.0,,3.0,17.0,,10.209967105743845,3.664495485284736,,0.0278583865351131,12.0,16.0,https://www.screener.in/company/RAILTEL/consolidated/,2026-09-01T23:39:41.636880+00:00
RAIN.NS,2625,consolidated,2026-06-30,16.5,18.0,9.466,7.4,10.3698,8.7,-7.0,-40.0,-18.0,-69.0,-1.0,16.0,-69.11527313291235,-40.28925478174688,-18.38599021407997,1.3503877908431323,0.6,15.0,https://www.screener.in/company/RAIN/consolidated/,2026-09-01T23:39:41.636880+00:00
RAINBOW.NS,1275218,consolidated,2026-03-31,56.962,56.75,54.4212,53.4,54.4212,53.4,13.0,44.0,31.0,6.0,,,9.67425393152994,24.6642228768698,4.164616440589852,0.5403274711946634,15.9,32.0,https://www.screener.in/company/RAINBOW/consolidated/,2026-09-01T23:39:41.636880+00:00
RAJPALAYAM.NS,2634,consolidated,2026-03-31,22.6557,19.5,15.6055,9.2,11.3122,7.0,3.0,2.0,1.0,14.0,-4.0,6.0,11.77764563978212,2.433639985315184,1.0770274370705213,0.471993410214168,4.79,13.0,https://www.screener.in/company/RAJPALAYAM/consolidated/,2026-09-01T23:39:41.636880+00:00
RAJRATAN.NS,2647,consolidated,2026-03-31,37.4329,36.4,35.8042,34.95,25.2199,23.55,9.0,6.0,16.0,-11.0,4.0,28.0,-11.196737244048428,5.713973921250481,15.60187198508758,0.4984615384615384,11.5,12.0,https://www.screener.in/company/RAJRATAN/consolidated/,2026-09-01T23:39:41.636880+00:00
RAJSREESUG.NS,2648,consolidated,2018-03-31,5.4222,5.2,4.8351,4.35,3.8387,3.6,-8.0,38.0,15.0,34.0,5.0,-3.0,,32.34653749096032,,3.49618320610687,22.3,6.0,https://www.screener.in/company/RAJSREESUG/consolidated/,2026-09-01T23:39:41.636880+00:00
RALLIS.NS,2650,consolidated,2022-03-31,33.6848,32.5,30.8156,28.95,27.3335,26.75,9.0,-2.0,4.0,1.0,-6.0,-1.0,1.843165373757083,-11.216920823235975,5.166453132559878,0.0548349056603773,9.61,11.0,https://www.screener.in/company/RALLIS/consolidated/,2026-09-01T23:39:41.636880+00:00
RAMCOCEM.NS,1947,consolidated,2026-03-31,104.0778,85.1,77.0856,64.4,52.6511,30.9,3.0,-48.0,-25.0,-54.0,-4.0,5.0,30.484148655082333,-2.300950335470764,2.5891860766245944,0.4782554978996787,0.38,15.0,https://www.screener.in/company/RAMCOCEM/consolidated/,2026-09-01T23:39:41.636880+00:00
RAMCOIND.NS,2659,consolidated,2026-03-31,14.9171,14.75,12.3046,11.25,11.1475,10.3,7.0,1.0,5.0,34.0,2.0,7.0,35.17376718693897,1.863333374053888,4.733517608532245,0.0378151260504201,6.75,14.0,https://www.screener.in/company/RAMCOIND/consolidated/,2026-09-01T23:39:41.636880+00:00
RAMCOSYS.NS,2660,consolidated,2026-03-31,93.8091,38.05,155.6029,44.85,83.5421,48.65,13.0,2.0,10.0,32.0,5.0,2.0,,-9.262362862984086,3.3298334246199657,0.1228571428571428,18.1,22.0,https://www.screener.in/company/RAMCOSYS/consolidated/,2026-09-01T23:39:41.636880+00:00
RAMKY.NS,2663,consolidated,2026-03-31,17.1804,16.55,17.9277,16.15,20.1577,18.2,3.0,68.0,22.0,45.0,17.0,16.0,-38.0598236304802,69.13497642015307,,0.2733580018501387,11.1,9.0,https://www.screener.in/company/RAMKY/consolidated/,2026-09-01T23:39:41.636880+00:00
RAMRAT.NS,2652,consolidated,2026-03-31,35.8203,34.95,27.3744,29.25,22.7988,19.8,25.0,49.0,28.0,35.0,77.0,46.0,31.018034691334726,46.66799080646648,26.53588065344288,1.1637931034482758,20.6,5.0,https://www.screener.in/company/RAMRAT/consolidated/,2026-09-01T23:39:41.636880+00:00
RANEHOLDIN.NS,2673,consolidated,2026-03-31,27.7181,24.6,32.5767,27.1,25.8724,20.6,19.0,26.0,3.0,4.0,19.0,8.0,16.271638026258174,,4.092509156633128,0.8847487001733102,7.0,6.0,https://www.screener.in/company/RANEHOLDIN/consolidated/,2026-09-01T23:39:41.636880+00:00
RATEGAIN.NS,1275119,consolidated,2026-03-31,47.3266,43.8,63.8033,54.2,63.8033,54.2,48.0,55.0,,48.0,,,37.629705639482495,,,0.4730807577268195,11.9,20.0,https://www.screener.in/company/RATEGAIN/consolidated/,2026-09-01T23:39:41.636880+00:00
RATNAMANI.NS,2693,consolidated,2026-03-31,35.2177,35.75,35.0744,35.4,30.0287,31.5,0.0,12.0,11.0,-1.0,13.0,22.0,-1.8558213413266245,11.827265677181376,11.310469449746297,0.0773534419849185,12.6,17.0,https://www.screener.in/company/RATNAMANI/consolidated/,2026-09-01T23:39:41.636880+00:00
RATNAVEER.NS,1284470,consolidated,2026-03-31,20.7657,20.3,20.7657,20.3,20.7657,20.3,,,,,,,,,,0.5007473841554559,9.61,10.0,https://www.screener.in/company/RATNAVEER/consolidated/,2026-09-01T23:39:41.636880+00:00
RAYMOND.NS,2701,consolidated,2026-03-31,27.9886,18.25,21.2421,11.05,16.3481,7.2,-35.0,85.0,49.0,109.0,48.0,21.0,116.14557890454762,,50.10581866462434,0.3709563994374121,168.0,11.0,https://www.screener.in/company/RAYMOND/consolidated/,2026-09-01T23:39:41.636880+00:00
RAYMONDLSL.NS,1284974,consolidated,2026-03-31,66.7159,72.2,66.7159,72.2,66.7159,72.2,,,,,,,,,,0.2268576172685761,1.14,10.0,https://www.screener.in/company/RAYMONDLSL/consolidated/,2026-09-01T23:39:41.636880+00:00
RAYMONDREL.NS,1285527,consolidated,2026-03-31,13.7167,13.35,13.7167,13.35,13.7167,13.35,,,,,,,,,,0.6466836734693877,36.3,15.0,https://www.screener.in/company/RAYMONDREL/consolidated/,2026-09-01T23:39:41.636880+00:00
RBLBANK.NS,1273471,consolidated,2026-03-31,18.5816,14.25,16.9681,13.3,23.4331,21.0,14.0,11.0,,-2.0,17.0,2.0,-2.495480692626295,9.948995287908556,,,5.43,,https://www.screener.in/company/RBLBANK/consolidated/,2026-09-01T23:39:41.636880+00:00
RCF.NS,2684,consolidated,2026-03-31,32.8203,28.9,22.8202,18.4,23.249,21.85,-5.0,1.0,9.0,-24.0,9.0,9.0,-23.80569122277204,2.1735522254036743,9.73824934242822,0.8059351815696993,8.02,5.0,https://www.screener.in/company/RCF/consolidated/,2026-09-01T23:39:41.636880+00:00
RECLTD.NS,2809,consolidated,2026-03-31,7.3848,6.7,5.6427,5.5,5.1805,4.85,15.0,14.0,11.0,14.0,22.0,13.0,13.451681180742758,14.245783638349252,11.1027046275032,,20.1,,https://www.screener.in/company/RECLTD/consolidated/,2026-09-01T23:39:41.636880+00:00
REDINGTON.NS,2708,consolidated,2026-03-31,13.7873,13.6,12.2031,12.2,10.9255,10.3,15.0,16.0,14.0,5.0,19.0,21.0,2.267678827806785,14.370175593458123,13.653994123995972,0.2797244094488189,16.9,2.0,https://www.screener.in/company/REDINGTON/consolidated/,2026-09-01T23:39:41.636880+00:00
REDTAPE.NS,1284457,consolidated,2026-03-31,47.9245,45.5,47.8887,45.5,47.8887,45.5,18.0,,,19.0,,,19.17505962267434,,,0.7045009784735812,26.6,17.0,https://www.screener.in/company/REDTAPE/consolidated/,2026-09-01T23:39:41.636880+00:00
REFEX.NS,2709,consolidated,2026-03-31,25.2177,20.65,21.1317,17.3,28.9701,14.6,12.0,43.0,46.0,28.0,55.0,61.0,12.172474785303544,36.21728633783741,48.198913803656126,0.1496010638297872,17.8,15.0,https://www.screener.in/company/REFEX/consolidated/,2026-09-01T23:39:41.636880+00:00
RELIABLE.NS,1274172,consolidated,2026-03-31,13.919,13.7,14.6571,14.7,11.7481,11.5,36.0,33.0,19.0,20.0,36.0,,20.103326108839735,32.880113860839245,-4.660748726220321,0.352112676056338,10.8,9.0,https://www.screener.in/company/RELIABLE/consolidated/,2026-09-01T23:39:41.636880+00:00
RELIANCE.NS,2726,consolidated,2026-03-31,26.0215,25.45,25.8565,25.35,23.1416,24.1,6.0,12.0,10.0,5.0,4.0,19.0,6.589457931694653,9.024969640412303,10.7455072906665,0.4457396325343185,8.91,16.0,https://www.screener.in/company/RELIANCE/consolidated/,2026-09-01T23:39:41.636880+00:00
RELIGARE.NS,2731,consolidated,2026-03-31,92.4295,73.2,92.4295,73.2,92.4295,73.2,22.0,17.0,12.0,71.0,10.0,0.0,-69.96690385457482,,,0.1695323246217331,3.17,0.7,https://www.screener.in/company/RELIGARE/consolidated/,2026-09-01T23:39:41.636880+00:00
RELTD.NS,2699,consolidated,2026-03-31,71.8492,53.95,53.9722,42.15,47.4926,39.0,29.0,72.0,31.0,73.0,25.0,15.0,58.61030946830119,59.04018915363023,,1.1867612293144207,21.2,28.0,https://www.screener.in/company/RELTD/consolidated/,2026-09-01T23:39:41.636880+00:00
REMSONSIND.NS,2739,consolidated,2026-03-31,33.2861,33.0,30.4958,31.1,31.2266,31.6,14.0,47.0,,30.0,20.0,27.0,20.917004505005355,26.965586001323015,,0.6577181208053692,13.5,10.0,https://www.screener.in/company/REMSONSIND/consolidated/,2026-09-01T23:39:41.636880+00:00
RENUKA.NS,3018,consolidated,2026-03-31,0.7788,0.8,0.7788,0.8,0.7788,0.8,1.0,,5.0,,-1.0,4.0,,,,,,0.3,https://www.screener.in/company/RENUKA/consolidated/,2026-09-01T23:39:41.636880+00:00
REPCOHOME.NS,353946,consolidated,2026-03-31,6.1892,5.75,6.0588,5.9,10.1979,7.0,12.0,10.0,12.0,15.0,4.0,-8.0,14.546843584211189,9.627911093040332,11.925541261205574,,12.7,,https://www.screener.in/company/REPCOHOME/consolidated/,2026-09-01T23:39:41.636880+00:00
REPRO.NS,2741,consolidated,2026-03-31,116.7674,86.55,92.0919,81.7,66.9512,41.0,5.0,10.0,-11.0,,-10.0,-3.0,,,,0.5329512893982808,-4.42,6.0,https://www.screener.in/company/REPRO/consolidated/,2026-09-01T23:39:41.636880+00:00
RESPONIND.NS,2743,consolidated,2026-03-31,44.4544,35.25,69.8789,40.9,104.4975,99.8,13.0,13.0,23.0,82.0,3.0,6.0,82.92424348866778,29.83017711919245,23.40553189819414,0.1250801796023091,10.3,15.0,https://www.screener.in/company/RESPONIND/consolidated/,2026-09-01T23:39:41.636880+00:00
RGL.NS,2740,consolidated,2026-03-31,15.607,14.85,14.4908,13.9,11.8632,10.5,8.0,19.0,8.0,4.0,-1.0,17.0,-3.0955591590766,13.26869304346172,5.3757205254306495,0.4250663129973475,6.88,7.0,https://www.screener.in/company/RGL/consolidated/,2026-09-01T23:39:41.636880+00:00
RHIM.NS,2357,consolidated,2026-03-31,63.5158,58.85,52.9775,50.15,44.4087,38.05,14.0,-4.0,,-26.0,0.0,13.0,,,,0.1258073574838528,2.91,12.0,https://www.screener.in/company/RHIM/consolidated/,2026-09-01T23:39:41.636880+00:00
RICOAUTO.NS,2754,consolidated,2026-03-31,34.2544,33.35,30.4267,29.3,24.5858,22.8,2.0,50.0,6.0,6.0,20.0,7.0,1.002801619226923,,5.517679985175428,0.9333333333333332,7.69,8.0,https://www.screener.in/company/RICOAUTO/consolidated/,2026-09-01T23:39:41.636880+00:00
RIIL.NS,2725,consolidated,2026-03-31,119.1006,117.55,134.5061,127.4,97.2799,91.5,-13.0,5.0,-1.0,4.0,3.0,6.0,-10.984959808091189,5.1401179263274255,-2.8387924322166302,0.0,2.65,-21.0,https://www.screener.in/company/RIIL/consolidated/,2026-09-01T23:39:41.636880+00:00
RIR.NS,2812,consolidated,2026-03-31,197.0051,182.7,154.3491,154.8,154.3491,154.8,17.0,40.0,,6.0,97.0,50.0,5.155949599222054,39.39566877351219,,0.0994407800401491,5.61,11.22,https://www.screener.in/company/RIR/consolidated/,2026-09-01T23:39:41.636880+00:00
RISHABH.NS,1284471,consolidated,2026-03-31,38.0795,33.4,38.0795,33.4,38.0795,33.4,11.0,19.0,,20.0,,,9.725191277360224,-2.2921737268520537,,0.1087248322147651,12.0,17.0,https://www.screener.in/company/RISHABH/consolidated/,2026-09-01T23:39:41.636880+00:00
RITCO.NS,1274624,consolidated,2026-03-31,20.8658,20.4,20.8983,20.4,20.8983,20.4,26.0,,,14.0,57.0,,8.030579676347372,,,1.2986301369863014,10.5,6.0,https://www.screener.in/company/RITCO/consolidated/,2026-09-01T23:39:41.636880+00:00
RITES.NS,1274374,consolidated,2026-03-31,30.438,30.5,24.1244,24.75,19.9981,15.6,-3.0,-1.0,2.0,-9.0,10.0,,-8.85848213610052,-1.043785741671377,-4.511327103783569,0.0026099925428784,15.4,23.0,https://www.screener.in/company/RITES/consolidated/,2026-09-01T23:39:41.636880+00:00
RKEC.NS,1274165,consolidated,2026-03-31,10.6057,9.7,12.5296,11.1,10.3143,9.0,-16.0,,,,-23.0,,,,,1.4023668639053255,-19.4,-41.0,https://www.screener.in/company/RKEC/consolidated/,2026-09-01T23:39:41.636880+00:00
RKFORGE.NS,2662,consolidated,2026-03-31,56.1842,44.1,42.3492,37.75,51.9348,33.25,10.0,30.0,4.0,-32.0,31.0,25.0,-36.62736096232092,25.083918255703463,0.3615157954262704,0.7443768996960486,2.51,16.0,https://www.screener.in/company/RKFORGE/consolidated/,2026-09-01T23:39:41.636880+00:00
RKSWAMY.NS,1284701,consolidated,2026-03-31,29.4108,29.5,29.4108,29.5,29.4108,29.5,5.0,53.0,,-8.0,,,-60.360173086488345,,,0.1628787878787878,9.48,13.0,https://www.screener.in/company/RKSWAMY/consolidated/,2026-09-01T23:39:41.636880+00:00
RMC.NS,1273659,consolidated,2026-03-31,55.2795,40.55,44.5953,35.8,35.3651,13.55,48.0,,,24.0,73.0,,22.77950213006548,50.093034231562015,,0.8015267175572519,18.8,12.0,https://www.screener.in/company/RMC/consolidated/,2026-09-01T23:39:41.636880+00:00
RML.NS,2670,consolidated,2026-03-31,24.1152,25.05,25.1519,25.6,35.9194,28.65,18.0,30.0,22.0,47.0,23.0,11.0,28.194309909346728,,12.430745306508118,1.0013315579227695,15.4,9.0,https://www.screener.in/company/RML/consolidated/,2026-09-01T23:39:41.636880+00:00
RNBDENIMS.NS,814192,consolidated,2026-03-31,26.438,27.1,22.2298,23.15,21.3033,20.55,21.0,18.0,,13.0,3.0,26.0,9.020915883178194,18.725674091213417,,0.37,9.9,8.0,https://www.screener.in/company/RNBDENIMS/consolidated/,2026-09-01T23:39:41.636880+00:00
ROHLTD.NS,2788,consolidated,2026-03-31,22.8196,22.05,24.8041,22.4,32.3147,22.5,13.0,26.0,35.0,-13.0,32.0,16.0,-11.892821078973515,,,2.484496124031008,12.7,23.0,https://www.screener.in/company/ROHLTD/consolidated/,2026-09-01T23:39:41.636880+00:00
ROSSARI.NS,1274766,consolidated,2026-03-31,28.7551,28.75,38.2805,34.5,42.4091,36.95,13.0,11.0,,8.0,-20.0,,11.470340715168792,11.761911622765297,,0.3270817704426106,10.8,12.0,https://www.screener.in/company/ROSSARI/consolidated/,2026-09-01T23:39:41.636880+00:00
ROSSELLIND.NS,2783,consolidated,2024-03-31,23.7386,18.9,18.1985,15.2,221.6785,20.0,4.0,,-3.0,-28.0,5.0,7.0,-27.771584824375594,,-3.992469530833409,0.6531986531986532,4.5,10.0,https://www.screener.in/company/ROSSELLIND/consolidated/,2026-09-01T23:39:41.636880+00:00
ROSSTECH.NS,1285189,consolidated,2026-03-31,103.2925,124.3,103.2925,124.3,103.2925,124.3,,,,,,,,,,2.638709677419355,15.7,13.0,https://www.screener.in/company/ROSSTECH/consolidated/,2026-09-01T23:39:41.636880+00:00
ROTO.NS,2785,consolidated,2026-03-31,41.5633,40.95,35.4172,33.6,37.1419,29.5,8.0,6.0,44.0,-9.0,25.0,32.0,-9.201693391492082,5.761407093071713,45.886466055611685,0.1333333333333333,10.7,18.0,https://www.screener.in/company/ROTO/consolidated/,2026-09-01T23:39:41.636880+00:00
ROUTE.NS,1274784,consolidated,2026-03-31,20.3032,19.4,31.0496,27.15,39.7331,28.5,7.0,20.0,18.0,0.0,-24.0,,-10.192912780162676,10.432542053304106,1.9197338255319665,0.0151624548736462,12.6,12.0,https://www.screener.in/company/ROUTE/consolidated/,2026-09-01T23:39:41.636880+00:00
RPEL.NS,1273330,consolidated,2026-03-31,84.1835,86.1,70.4836,68.9,69.8275,65.85,23.0,42.0,,28.0,54.0,66.0,29.64066678987678,41.56536284140451,,0.0204081632653061,24.3,30.0,https://www.screener.in/company/RPEL/consolidated/,2026-09-01T23:39:41.636880+00:00
RPGLIFE.NS,2790,consolidated,2026-03-31,32.675,33.15,32.675,33.15,32.675,33.15,,,,,33.0,19.0,,,,0.0330578512396694,19.3,21.0,https://www.screener.in/company/RPGLIFE/consolidated/,2026-09-01T23:39:41.636880+00:00
RPOWER.NS,2729,consolidated,2026-03-31,41.9074,41.2,29.66,32.35,15.9434,12.0,0.0,,,24.0,13.0,-8.0,,,,0.923441396508728,-0.9,31.0,https://www.screener.in/company/RPOWER/consolidated/,2026-09-01T23:39:41.636880+00:00
RPPINFRA.NS,2791,consolidated,2026-03-31,15.8506,9.75,17.3289,10.1,20.0902,13.1,13.0,-10.0,-6.0,-30.0,0.0,-9.0,-42.27921633678402,-18.217293206394068,-11.858276376426137,0.1962616822429906,1.74,0.1,https://www.screener.in/company/RPPINFRA/consolidated/,2026-09-01T23:39:41.636880+00:00
RPSGVENT.NS,1274616,consolidated,2026-03-31,26.1447,29.9,25.5257,24.7,25.5257,24.7,16.0,-20.0,,3.0,3.0,,,,,3.2893056664006384,-5.35,15.0,https://www.screener.in/company/RPSGVENT/consolidated/,2026-09-01T23:39:41.636880+00:00
RPTECH.NS,1284661,consolidated,2026-03-31,12.357,10.7,12.357,10.7,12.357,10.7,19.0,16.0,,31.0,,,,,,0.4893827160493827,14.7,2.9,https://www.screener.in/company/RPTECH/consolidated/,2026-09-01T23:39:41.636880+00:00
RRECL.NS,1285314,consolidated,2026-03-31,3.1926,0.5,3.1926,0.5,3.1926,0.5,61.0,,,,,,,,,2.25,-4.54,5.0,https://www.screener.in/company/RRECL/consolidated/,2026-09-01T23:39:41.636880+00:00
RRIL.NS,3173,consolidated,2026-03-31,33.6924,31.75,38.8304,30.9,42.2638,31.3,-8.0,57.0,,-14.0,6.0,5.0,-14.20225339003196,43.096908110525554,,0.1578947368421052,7.91,8.0,https://www.screener.in/company/RRIL/consolidated/,2026-09-01T23:39:41.636880+00:00
RRKABEL.NS,1284488,consolidated,2026-03-31,49.6794,49.9,49.6794,49.9,49.6794,49.9,20.0,31.0,,39.0,,,29.931885166802896,-5.120040399289493,,0.1308737864077669,21.3,9.0,https://www.screener.in/company/RRKABEL/consolidated/,2026-09-01T23:39:41.636880+00:00
RSSOFTWARE.NS,2794,consolidated,2026-03-31,27.818,28.1,27.818,28.1,27.818,28.1,-6.0,-8.0,,,-4.0,-10.0,,,,0.5172413793103449,-66.8,-105.0,https://www.screener.in/company/RSSOFTWARE/consolidated/,2026-09-01T23:39:41.636880+00:00
RSYSTEMS.NS,2612,consolidated,2026-06-30,32.6241,36.45,29.0282,26.3,22.5046,19.6,9.0,16.0,13.0,7.0,5.0,17.0,10.025396337673186,18.123015193169746,13.769037161970754,0.3360655737704918,24.4,17.0,https://www.screener.in/company/RSYSTEMS/consolidated/,2026-09-01T23:39:41.636880+00:00
RTNINDIA.NS,55705,consolidated,2026-03-31,30.5524,19.9,27.1427,17.6,27.1427,17.6,22.0,,0.0,,-8.0,24.0,,,,1.43359375,-19.6,-8.0,https://www.screener.in/company/RTNINDIA/consolidated/,2026-09-01T23:39:41.636880+00:00
RTNPOWER.NS,1433,consolidated,2026-03-31,50.8882,42.8,50.8882,42.8,50.8882,42.8,-3.0,16.0,8.0,27.0,10.0,-3.0,,,,0.8001293661060802,1.14,15.0,https://www.screener.in/company/RTNPOWER/consolidated/,2026-09-01T23:39:41.636880+00:00
RTSPOWR.NS,2797,consolidated,2026-03-31,49.7848,41.1,38.3786,33.2,35.3732,34.9,4.0,-2.0,15.0,-37.0,7.0,12.0,-37.19798175024332,-0.9632614444789134,37.52496294290819,0.2094594594594594,1.51,4.5,https://www.screener.in/company/RTSPOWR/consolidated/,2026-09-01T23:39:41.636880+00:00
RUBFILA.NS,2799,consolidated,2026-03-31,16.1456,15.8,14.408,14.05,13.515,13.2,10.0,-5.0,,1.0,-8.0,7.0,0.8299134664579322,-4.473674278672779,,0.0032258064516129,8.8,7.0,https://www.screener.in/company/RUBFILA/consolidated/,2026-09-01T23:39:41.636880+00:00
RUBICON.NS,1285734,consolidated,2026-03-31,72.8926,68.8,72.8926,68.8,72.8926,68.8,65.0,52.0,,155.0,,,,-24.39785740597341,,0.2412723041117145,27.0,23.0,https://www.screener.in/company/RUBICON/consolidated/,2026-09-01T23:39:41.636880+00:00
RUCHINFRA.NS,2802,consolidated,2026-03-31,58.2162,48.3,48.65,22.0,48.65,22.0,-2.0,31.0,14.0,96.0,-5.0,0.0,91.29311827723888,,,0.408785727987723,4.91,39.05,https://www.screener.in/company/RUCHINFRA/consolidated/,2026-09-01T23:39:41.636880+00:00
RUDRA.NS,1272953,consolidated,2026-03-31,22.1633,22.6,19.3669,19.5,20.4708,20.4,11.0,20.0,,4.0,22.0,5.0,-0.7299530306991819,,,0.9712230215827338,10.3,6.0,https://www.screener.in/company/RUDRA/consolidated/,2026-09-01T23:39:41.636880+00:00
RUPA.NS,2808,consolidated,2026-03-31,25.8475,20.9,24.0137,20.05,27.4989,23.05,3.0,-15.0,2.0,13.0,-20.0,-6.0,10.496718534726735,-16.17826428344662,0.9587653363202886,0.2420262664165103,7.36,9.0,https://www.screener.in/company/RUPA/consolidated/,2026-09-01T23:39:41.636880+00:00
RUSHIL.NS,2810,consolidated,2026-03-31,45.0884,44.7,45.0884,44.7,45.0884,44.7,,,,,-8.0,-8.0,,,,0.3993855606758832,1.05,10.0,https://www.screener.in/company/RUSHIL/consolidated/,2026-09-01T23:39:41.636880+00:00
RUSTOMJEE.NS,1275360,consolidated,2026-03-31,57.1222,52.55,55.3015,51.85,55.3015,51.85,57.0,-24.0,,-1.0,,,-4.60714645388901,-27.42422854077341,,0.5183374083129584,2.8,7.0,https://www.screener.in/company/RUSTOMJEE/consolidated/,2026-09-01T23:39:41.636880+00:00
RVHL.NS,1274821,consolidated,2026-03-31,25.6561,9.25,26.0074,25.9,26.0074,25.9,84.0,64.0,,102.0,13.0,,99.08825920036168,,,-0.0,16.2,82.0,https://www.screener.in/company/RVHL/consolidated/,2026-09-01T23:39:41.636880+00:00
RVNL.NS,1274649,consolidated,2026-03-31,53.5734,56.4,35.8989,37.05,26.509,10.0,0.0,-2.0,7.0,-13.0,47.0,,-13.279626234163976,-2.472191044052729,7.383661209548964,0.4905314599877825,9.02,4.3,https://www.screener.in/company/RVNL/consolidated/,2026-09-01T23:39:41.636880+00:00
RVTH.NS,1284989,consolidated,2026-03-31,19.0838,19.75,19.0838,19.75,19.0838,19.75,,22.0,,,,,,,,0.4857142857142857,10.5,14.0,https://www.screener.in/company/RVTH/consolidated/,2026-09-01T23:39:41.636880+00:00
S&SPOWER.NS,1268651,consolidated,2026-03-31,95.8817,56.7,95.8817,56.7,95.8817,56.7,24.0,52.0,14.0,75.0,64.0,,27.515291699564017,,2.707376525573779,0.4382022471910112,12.8,3.1,https://www.screener.in/company/S&SPOWER/consolidated/,2026-09-01T23:39:41.636880+00:00
SAATVIKGL.NS,1285664,consolidated,2026-03-31,15.773,14.4,15.773,14.4,15.773,14.4,96.0,,,324.0,,,26.007048899601305,,,0.6899338721528288,42.4,10.0,https://www.screener.in/company/SAATVIKGL/consolidated/,2026-09-01T23:39:41.636880+00:00
SAB.NS,1270839,consolidated,2026-03-31,8.4598,6.25,6.1128,4.1,6.1128,4.1,,,,,19.0,30.0,,,,0.1545189504373177,-0.59,-153.0,https://www.screener.in/company/SAB/consolidated/,2026-09-01T23:39:41.636880+00:00
SADBHAV.NS,2829,consolidated,2026-03-31,14.36,14.7,14.36,14.7,27.535,26.6,-18.0,16.0,8.0,27.0,-30.0,-30.0,,,,,,56.0,https://www.screener.in/company/SADBHAV/consolidated/,2026-09-01T23:39:41.636880+00:00
SAFARI.NS,2832,consolidated,2026-03-31,62.012,63.45,64.2055,63.1,66.5201,65.2,19.0,59.0,36.0,10.0,29.0,32.0,9.0681939939228,,33.74243160293724,0.1049327354260089,15.9,13.0,https://www.screener.in/company/SAFARI/consolidated/,2026-09-01T23:39:41.636880+00:00
SAGARDEEP.NS,1273358,consolidated,2026-03-31,57.2266,46.5,60.8851,53.5,77.0747,60.3,27.0,77.0,19.0,39.0,-9.0,,70.28211519222698,81.59898632803207,16.26765258603551,0.2571428571428571,7.54,2.5,https://www.screener.in/company/SAGARDEEP/consolidated/,2026-09-01T23:39:41.636880+00:00
SAGCEM.NS,2834,consolidated,2026-03-31,91.1276,34.7,61.9548,23.8,81.6807,31.6,6.0,,,,-11.0,2.0,,,,1.008860011813349,-1.05,9.0,https://www.screener.in/company/SAGCEM/consolidated/,2026-09-01T23:39:41.636880+00:00
SAGILITY.NS,1285143,consolidated,2026-03-31,42.2716,31.2,42.2716,31.2,42.2716,31.2,19.0,,,86.0,,,38.20846460022369,,,0.1150222590330262,10.6,24.0,https://www.screener.in/company/SAGILITY/consolidated/,2026-09-01T23:39:41.636880+00:00
SAICAPI.NS,2841,consolidated,2026-03-31,9.8011,5.3,10.0782,4.3,9.1293,4.0,15.0,21.0,,68.0,,,69.19501099053065,21.015300240169243,,0.0382513661202185,3.4,-297.0,https://www.screener.in/company/SAICAPI/consolidated/,2026-09-01T23:39:41.636880+00:00
SAIL.NS,3192,consolidated,2026-03-31,17.9272,17.1,13.6275,15.1,12.7599,13.8,2.0,-2.0,11.0,25.0,10.0,15.0,15.736536179165329,-4.038358404162956,,0.5289946318510172,6.43,12.0,https://www.screener.in/company/SAIL/consolidated/,2026-09-01T23:39:41.636880+00:00
SAILIFE.NS,1285187,consolidated,2026-03-31,67.4705,65.4,67.4705,65.4,67.4705,65.4,22.0,42.0,,227.0,,,,,,0.1159420289855072,15.4,29.0,https://www.screener.in/company/SAILIFE/consolidated/,2026-09-01T23:39:41.636880+00:00
SAIPARENT.NS,1285933,consolidated,2026-03-31,102.3212,101.0,102.3212,101.0,102.3212,101.0,58.0,,,48.0,,,-19.23050839471592,,,0.955193482688391,4.88,10.0,https://www.screener.in/company/SAIPARENT/consolidated/,2026-09-01T23:39:41.636880+00:00
SAKAR.NS,1273532,consolidated,2026-03-31,50.2532,52.05,41.0198,40.3,40.2007,39.6,24.0,23.0,,34.0,42.0,,26.92541385660534,14.90340354620141,,0.2191358024691358,9.99,28.0,https://www.screener.in/company/SAKAR/consolidated/,2026-09-01T23:39:41.636880+00:00
SAKSOFT.NS,2845,consolidated,2026-03-31,26.1222,25.95,24.1378,21.25,17.1636,14.7,15.0,25.0,22.0,19.0,17.0,25.0,17.40632311285688,23.699321470116463,21.61517574471004,0.0564826700898587,19.6,19.0,https://www.screener.in/company/SAKSOFT/consolidated/,2026-09-01T23:39:41.636880+00:00
SAKUMA.NS,2848,consolidated,2026-03-31,25.3785,27.1,23.5244,23.05,16.8222,15.2,-19.0,-1.0,-13.0,-28.0,-4.0,4.0,-30.663872564936533,-3.0359733904420927,-14.576900521870318,0.0120160213618157,1.31,0.3,https://www.screener.in/company/SAKUMA/consolidated/,2026-09-01T23:39:41.636880+00:00
SALASAR.NS,1274104,consolidated,2026-03-31,55.3222,57.7,44.9981,42.7,30.6061,24.95,14.0,-10.0,5.0,-25.0,0.0,,-26.319370027192267,-13.790298560197856,-7.581751849824303,0.5059952038369304,2.13,7.0,https://www.screener.in/company/SALASAR/consolidated/,2026-09-01T23:39:41.636880+00:00
SALZERELEC.NS,2852,consolidated,2026-03-31,24.7272,23.0,20.2523,18.55,17.984,15.8,19.0,21.0,,12.0,26.0,10.0,7.7697495445031795,18.450624414283133,,0.9021922428330524,9.4,8.0,https://www.screener.in/company/SALZERELEC/consolidated/,2026-09-01T23:39:41.636880+00:00
SAMBANDAM.NS,2855,consolidated,2026-03-31,5.9813,5.35,13.6486,7.55,33.5014,8.65,0.0,,,15.0,-12.0,2.0,,,,1.7375,-6.65,4.4,https://www.screener.in/company/SAMBANDAM/consolidated/,2026-09-01T23:39:41.636880+00:00
SAMBHAAV.NS,2856,consolidated,2026-03-31,107.6253,54.9,93.4675,54.3,56.0522,37.05,2.0,16.0,-22.0,28.0,16.0,-2.0,,,-30.49410493759438,0.0605770381898718,0.29,7.77,https://www.screener.in/company/SAMBHAAV/consolidated/,2026-09-01T23:39:41.636880+00:00
SAMBHV.NS,1285511,consolidated,2026-03-31,32.5262,28.45,32.5262,28.45,32.5262,28.45,37.0,,,34.0,,,-45.66652017239959,,,0.3538899430740038,18.7,12.0,https://www.screener.in/company/SAMBHV/consolidated/,2026-09-01T23:39:41.636880+00:00
SAMHI.NS,1284485,consolidated,2026-03-31,49.9906,36.15,49.9906,36.15,49.9906,36.15,19.0,23.0,,46.0,,,,,,0.84967919340055,24.5,34.0,https://www.screener.in/company/SAMHI/consolidated/,2026-09-01T23:39:41.636880+00:00
SAMMAANCAP.NS,496506,consolidated,2026-03-31,9.685,9.6,9.2668,9.5,11.0768,10.0,-2.0,,,,-6.0,-15.0,,,,,-3.18,,https://www.screener.in/company/SAMMAANCAP/consolidated/,2026-09-01T23:39:41.636880+00:00
SAMPANN.NS,57205,consolidated,2026-03-31,48.8119,20.0,48.8119,20.0,48.8119,20.0,35.0,25.0,17.0,82.0,23.0,14.0,,,,2.0869565217391304,21.3,11.0,https://www.screener.in/company/SAMPANN/consolidated/,2026-09-01T23:39:41.636880+00:00
SANATHAN.NS,1285202,consolidated,2026-03-31,31.4764,27.2,31.4764,27.2,31.4764,27.2,5.0,,,-23.0,,,-24.43596163737335,,,0.8076923076923077,3.78,7.0,https://www.screener.in/company/SANATHAN/consolidated/,2026-09-01T23:39:41.636880+00:00
SANDESH.NS,2870,consolidated,2026-03-31,8.331,7.0,7.5958,6.7,7.6077,6.8,9.0,-5.0,-2.0,-12.0,6.0,2.0,-13.409426643405553,-6.0559177462892855,-1.9173926700206343,0.0,4.83,1.1,https://www.screener.in/company/SANDESH/consolidated/,2026-09-01T23:39:41.636880+00:00
SANDHAR.NS,1274309,consolidated,2026-03-31,25.731,25.1,23.971,22.9,27.6523,24.2,19.0,20.0,15.0,26.0,18.0,,39.65215276857474,28.045813439950585,17.572777406320593,0.8612153038259565,11.5,9.0,https://www.screener.in/company/SANDHAR/consolidated/,2026-09-01T23:39:41.636880+00:00
SANDUMA.NS,2872,consolidated,2026-03-31,20.2215,17.4,17.2851,16.3,13.6436,13.9,34.0,,80.0,37.0,44.0,33.0,34.358986112736666,34.319595083742094,33.00135778975273,0.3070067609096497,23.0,24.0,https://www.screener.in/company/SANDUMA/consolidated/,2026-09-01T23:39:41.636880+00:00
SANGAMIND.NS,2874,consolidated,2026-03-31,38.6171,38.45,27.1042,22.3,22.3723,14.4,6.0,62.0,,-15.0,33.0,8.0,-14.144725045981444,80.02197393403891,,1.187732342007435,8.38,11.0,https://www.screener.in/company/SANGAMIND/consolidated/,2026-09-01T23:39:41.636880+00:00
SANGHVIMOV.NS,2879,consolidated,2026-03-31,25.5,24.55,25.483,24.0,25.483,24.0,33.0,57.0,,20.0,39.0,14.0,84.49813809908161,,,0.5141113653699466,13.9,36.0,https://www.screener.in/company/SANGHVIMOV/consolidated/,2026-09-01T23:39:41.636880+00:00
SANOFI.NS,342,consolidated,2024-12-31,30.0857,31.0,30.0857,31.0,30.0857,31.0,,,,,-9.0,1.0,,,,0.0220673635307781,47.1,24.0,https://www.screener.in/company/SANOFI/consolidated/,2026-09-01T23:39:41.636880+00:00
SANSERA.NS,1274923,consolidated,2026-03-31,40.0582,37.3,35.8347,33.4,35.8347,33.4,14.0,26.0,,32.0,,,23.471118134558026,17.706552469767423,,0.1914480077745383,11.5,18.0,https://www.screener.in/company/SANSERA/consolidated/,2026-09-01T23:39:41.636880+00:00
SANSTAR.NS,1284857,consolidated,2026-03-31,26.7036,20.4,26.7036,20.4,26.7036,20.4,-13.0,,,-6.0,,,-29.527012679351085,,,,,4.8,https://www.screener.in/company/SANSTAR/consolidated/,2026-09-01T23:39:41.636880+00:00
SAPPHIRE.NS,1275097,consolidated,2026-03-31,410.8551,316.4,290.2519,154.7,290.2519,154.7,11.0,13.0,,,,,,,,1.019424460431655,-1.03,15.0,https://www.screener.in/company/SAPPHIRE/consolidated/,2026-09-01T23:39:41.636880+00:00
SAPPL.NS,2995,consolidated,2026-03-31,13.6602,8.5,13.6602,8.5,13.6602,8.5,24.0,5.0,10.0,13.0,6.0,9.0,13.244376490564536,4.605793871077868,9.818919401164884,0.920863309352518,11.4,15.0,https://www.screener.in/company/SAPPL/consolidated/,2026-09-01T23:39:41.636880+00:00
SARDAEN.NS,2895,consolidated,2026-03-31,22.3823,24.3,15.6271,14.9,19.1234,11.3,11.0,24.0,59.0,22.0,47.0,40.0,22.45324325149223,24.71650158697505,56.7683868587966,0.3571234735413839,16.1,32.0,https://www.screener.in/company/SARDAEN/consolidated/,2026-09-01T23:39:41.636880+00:00
SAREGAMA.NS,2899,consolidated,2026-03-31,44.0266,44.1,44.2569,43.8,44.8333,38.0,10.0,13.0,34.0,4.0,9.0,36.0,3.775212470725897,10.667474741381476,39.31374514389974,0.043144208037825,12.7,36.0,https://www.screener.in/company/SAREGAMA/consolidated/,2026-09-01T23:39:41.636880+00:00
SARLAPOLY.NS,2900,consolidated,2026-03-31,16.7519,14.25,14.6836,12.4,13.6448,12.7,1.0,21.0,4.0,46.0,20.0,5.0,,,,0.6330275229357798,14.4,13.0,https://www.screener.in/company/SARLAPOLY/consolidated/,2026-09-01T23:39:41.636880+00:00
SARVESHWAR.NS,1274294,consolidated,2026-03-31,41.6101,37.65,39.2271,38.2,27.4804,20.8,25.0,49.0,19.0,60.0,38.0,,54.866839700624205,34.080129120845726,4.974867836138763,0.5283018867924528,8.37,4.6,https://www.screener.in/company/SARVESHWAR/consolidated/,2026-09-01T23:39:41.636880+00:00
SASKEN.NS,2905,consolidated,2026-03-31,39.6772,41.3,28.837,29.0,21.0674,13.9,36.0,-13.0,4.0,-15.0,6.0,18.0,-18.703539026450887,-14.141797878687834,-11.196045070632932,0.0327485380116959,7.0,9.0,https://www.screener.in/company/SASKEN/consolidated/,2026-09-01T23:39:41.636880+00:00
SATIN.NS,1272993,consolidated,2026-03-31,7.4304,6.4,9.8642,6.45,11.7072,7.3,27.0,91.0,,313.0,23.0,-9.0,277.2666945965632,,,,12.3,,https://www.screener.in/company/SATIN/consolidated/,2026-09-01T23:39:41.636880+00:00
SAURASHCEM.NS,2911,consolidated,2026-03-31,55.8482,29.2,45.2755,25.0,27.788,13.1,0.0,-21.0,-5.0,45.0,-12.0,-4.0,,-33.96098293948187,-14.6400869113111,0.1113423517169615,2.29,2.3,https://www.screener.in/company/SAURASHCEM/consolidated/,2026-09-01T23:39:41.636880+00:00
SAYAJIHOTL.NS,2918,consolidated,2026-03-31,245.2379,243.95,245.2379,243.95,245.2379,243.95,9.0,9.0,,,7.0,10.0,,,,0.8076923076923077,-14.6,15.0,https://www.screener.in/company/SAYAJIHOTL/consolidated/,2026-09-01T23:39:41.636880+00:00
SAYAJIIND.NS,1274167,consolidated,2026-03-31,57.5964,33.7,24.1803,8.75,19.8468,10.2,1.0,-39.0,-10.0,17.0,14.0,,-41.86365528180303,-38.81359047457433,-38.311578854233694,2.4408602150537635,1.54,4.9,https://www.screener.in/company/SAYAJIIND/consolidated/,2026-09-01T23:39:41.636880+00:00
SBC.NS,1274676,consolidated,2026-03-31,56.993,54.75,52.4053,52.35,51.2377,51.7,22.0,69.0,,54.0,113.0,,52.3099247351156,67.66529432781054,,2.802469135802469,37.2,9.0,https://www.screener.in/company/SBC/consolidated/,2026-09-01T23:39:41.636880+00:00
SBCL.NS,2992,consolidated,2026-03-31,38.1975,39.1,37.1164,37.35,31.3864,33.0,7.0,31.0,40.0,7.0,53.0,55.0,6.617279070768456,30.301651188283785,39.88544631653455,0.1473029045643153,21.8,23.0,https://www.screener.in/company/SBCL/consolidated/,2026-09-01T23:39:41.636880+00:00
SBFC.NS,1284438,consolidated,2025-03-31,36.5253,33.5,36.7256,33.5,36.7256,33.5,35.0,,,75.0,,,60.43980726810083,,,,11.6,,https://www.screener.in/company/SBFC/consolidated/,2026-09-01T23:39:41.636880+00:00
SBGLP.NS,1274772,consolidated,2026-03-31,56.2696,54.25,48.6925,29.3,48.6925,29.3,32.0,,,22.0,29.0,,21.533151937602145,,,0.7980769230769231,43.8,35.0,https://www.screener.in/company/SBGLP/consolidated/,2026-09-01T23:39:41.636880+00:00
SBIFUNDS.NS,1286047,consolidated,2026-03-31,37.8129,37.8,37.8129,37.8,37.8129,37.8,27.0,29.0,34.0,32.0,,,31.32107891940037,28.430904254969704,,0.0,43.0,82.0,https://www.screener.in/company/SBIFUNDS/consolidated/,2026-09-01T23:39:41.636880+00:00
SBIN.NS,3188,consolidated,2026-03-31,9.9386,9.8,10.7214,10.5,14.8572,11.5,14.0,30.0,21.0,14.0,19.0,15.0,13.115176181267408,29.15477726449356,19.072604419542305,,15.4,,https://www.screener.in/company/SBIN/consolidated/,2026-09-01T23:39:41.636880+00:00
SCHAEFFLER.NS,990,consolidated,2026-06-30,58.9804,57.6,58.1559,56.6,58.1559,56.6,12.0,,,10.0,22.0,17.0,9.375091458729257,,,0.0078086871644704,20.2,18.0,https://www.screener.in/company/SCHAEFFLER/consolidated/,2026-09-01T23:39:41.636880+00:00
SCHAND.NS,1274068,consolidated,2026-03-31,15.4886,13.8,15.392,13.0,14.7435,13.0,9.0,76.0,6.0,15.0,2.0,,4.660502115517118,,-37.3437418828357,0.1290322580645161,7.66,18.0,https://www.screener.in/company/SCHAND/consolidated/,2026-09-01T23:39:41.636880+00:00
SCI.NS,2984,consolidated,2026-03-31,11.45,10.95,9.3836,8.6,8.324,7.0,0.0,14.0,5.0,15.0,29.0,18.0,15.8572159738827,14.224458489960789,5.6417089293947065,0.2945250659630606,15.0,40.0,https://www.screener.in/company/SCI/consolidated/,2026-09-01T23:39:41.636880+00:00
SDBL.NS,3121,consolidated,2026-03-31,26.3599,25.6,25.604,25.0,24.3065,24.1,15.0,19.0,,-38.0,33.0,8.0,-47.55718768558066,,,0.2721437740693196,1.87,3.1,https://www.screener.in/company/SDBL/consolidated/,2026-09-01T23:39:41.636880+00:00
SEAMECLTD.NS,2931,consolidated,2026-03-31,26.7806,26.05,31.5492,28.6,28.7035,27.35,30.0,47.0,47.0,106.0,15.0,34.0,96.76352233829483,20.59934189149939,46.85111883179842,0.2713297463489623,21.8,41.0,https://www.screener.in/company/SEAMECLTD/consolidated/,2026-09-01T23:39:41.636880+00:00
SECMARK.NS,1274789,consolidated,2026-03-31,54.6851,44.7,43.6914,36.6,37.451,31.25,29.0,10.0,,36.0,24.0,,,10.107855395181195,,0.548910721913712,11.7,20.42,https://www.screener.in/company/SECMARK/consolidated/,2026-09-01T23:39:41.636880+00:00
SECURKLOUD.NS,15,consolidated,2026-03-31,50.6376,2.6,33.1376,13.0,33.2767,13.4,-57.0,,,20.0,-36.0,-31.0,,,,,,-17.0,https://www.screener.in/company/SECURKLOUD/consolidated/,2026-09-01T23:39:41.636880+00:00
SEIL.NS,1273386,consolidated,2026-03-31,407.6899,351.0,403.9474,349.1,403.9474,349.1,72.0,,,20.0,73.0,36.0,20.779754665705475,,,0.0775355697689596,7.99,11.35,https://www.screener.in/company/SEIL/consolidated/,2026-09-01T23:39:41.636880+00:00
SEJALLTD.NS,2947,consolidated,2026-03-31,58.2905,43.5,57.9056,43.25,57.9056,43.25,104.0,40.0,,50.0,,58.0,48.04165866083518,,,1.3377483443708609,31.1,15.0,https://www.screener.in/company/SEJALLTD/consolidated/,2026-09-01T23:39:41.636880+00:00
SEMAC.NS,2746,consolidated,2026-03-31,58.3569,25.15,37.4406,18.65,26.5011,13.2,-9.0,7.0,-10.0,-26.0,-5.0,-5.0,-27.027398041446503,6.433207354493153,-12.547164331171237,0.3414634146341463,9.22,3.4,https://www.screener.in/company/SEMAC/consolidated/,2026-09-01T23:39:41.636880+00:00
SENCO.NS,1284410,consolidated,2026-03-31,29.1557,29.3,28.5182,28.4,28.5182,28.4,27.0,56.0,,54.0,,,35.18956546202605,43.409134467150025,,1.073587907716786,25.6,10.0,https://www.screener.in/company/SENCO/consolidated/,2026-09-01T23:39:41.636880+00:00
SENORES.NS,1285204,consolidated,2026-03-31,45.1966,43.8,45.1966,43.8,45.1966,43.8,162.0,,,139.0,,,42.86906048367258,,,0.3661670235546038,13.4,29.0,https://www.screener.in/company/SENORES/consolidated/,2026-09-01T23:39:41.636880+00:00
SEPC.NS,3045,consolidated,2026-03-31,84.4143,69.6,84.4143,69.6,90.2793,43.1,41.0,18.0,9.0,36.0,4.0,-13.0,,,,0.184471078686816,3.18,6.0,https://www.screener.in/company/SEPC/consolidated/,2026-09-01T23:39:41.636880+00:00
SERVOTECH.NS,1274127,consolidated,2026-03-31,118.0,96.3,109.2687,94.7,109.2687,94.7,34.0,98.0,,45.0,99.0,,42.03465092657659,97.17109703961778,,0.7326388888888888,12.8,10.0,https://www.screener.in/company/SERVOTECH/consolidated/,2026-09-01T23:39:41.636880+00:00
SESHAPAPER.NS,2945,consolidated,2026-03-31,12.7196,12.25,10.9355,9.85,10.905,9.4,-6.0,-5.0,9.0,-41.0,6.0,10.0,-40.69578377805219,-4.947200382072536,8.650155903196532,0.0,4.1,6.0,https://www.screener.in/company/SESHAPAPER/consolidated/,2026-09-01T23:39:41.636880+00:00
SETL.NS,1285221,consolidated,2026-03-31,39.007,41.2,39.007,41.2,39.007,41.2,16.0,,,14.0,,,-50.88230182341895,,,0.1053299492385786,10.7,15.0,https://www.screener.in/company/SETL/consolidated/,2026-09-01T23:39:41.636880+00:00
SFL.NS,1273592,consolidated,2026-03-31,79.0888,73.75,71.2219,62.65,59.3348,55.1,10.0,-8.0,4.0,-7.0,-11.0,,-10.495806771369198,-9.707013521758013,-7.59782718866272,0.2792127921279212,4.8,11.0,https://www.screener.in/company/SFL/consolidated/,2026-09-01T23:39:41.636880+00:00
SGIL.NS,1274558,consolidated,2026-03-31,48.4481,48.8,48.4481,48.8,48.4481,48.8,,,,,32.0,,,,,2.232142857142857,4.55,11.0,https://www.screener.in/company/SGIL/consolidated/,2026-09-01T23:39:41.636880+00:00
SGLRES.NS,2921,consolidated,2026-03-31,201.6115,105.7,243.3831,201.8,300.2251,260.8,27.0,-44.0,,-43.0,-23.0,-12.0,,,,0.4353888558612117,0.06,-29.83,https://www.screener.in/company/SGLRES/consolidated/,2026-09-01T23:39:41.636880+00:00
SGMART.NS,1587,consolidated,2026-03-31,48.8713,41.8,91.8226,72.6,72.5496,45.7,,,96.0,,132.0,,171.54454158663918,28.040449059826894,,0.1678146524733876,7.92,2.5,https://www.screener.in/company/SGMART/consolidated/,2026-09-01T23:39:41.636880+00:00
SGRL.NS,1274177,consolidated,2026-03-31,46.038,36.4,43.0141,36.55,39.4991,35.0,,11.0,,,18.0,,21.98012374216369,23.163060329292584,,0.1901840490797546,10.8,31.0,https://www.screener.in/company/SGRL/consolidated/,2026-09-01T23:39:41.636880+00:00
SHADOWFAX.NS,1285868,consolidated,2026-03-31,182.8331,75.3,182.8331,75.3,182.8331,75.3,44.0,,,41.0,,,,,,0.1415472779369627,10.4,6.0,https://www.screener.in/company/SHADOWFAX/consolidated/,2026-09-01T23:39:41.636880+00:00
SHAH.NS,1266,consolidated,2026-03-31,33.0333,33.65,33.0333,33.65,33.0333,33.65,73.0,17.0,11.0,95.0,13.0,-5.0,44.22495703074083,,,0.7810457516339869,5.17,1.4,https://www.screener.in/company/SHAH/consolidated/,2026-09-01T23:39:41.636880+00:00
SHAHALLOYS.NS,2950,consolidated,2026-03-31,2.797,2.8,7.1106,3.4,7.1106,3.4,-61.0,-14.0,1.0,,50.0,29.0,,,-1.1495066343849336,0.5575221238938053,-101.0,13.0,https://www.screener.in/company/SHAHALLOYS/consolidated/,2026-09-01T23:39:41.636880+00:00
SHAILY.NS,2953,consolidated,2026-03-31,82.0006,82.75,69.9377,67.1,69.9377,67.1,18.0,,,69.0,55.0,40.0,68.9948851454348,,,0.2472067039106145,26.9,29.0,https://www.screener.in/company/SHAILY/consolidated/,2026-09-01T23:39:41.636880+00:00
SHAKTIPUMP.NS,2955,consolidated,2026-03-31,39.3,28.6,31.913,25.2,31.0767,24.4,41.0,28.0,73.0,120.0,31.0,35.0,112.0115127046868,24.958664642052497,68.97131206448013,0.2961876832844575,18.0,12.0,https://www.screener.in/company/SHAKTIPUMP/consolidated/,2026-09-01T23:39:41.636880+00:00
SHALBY.NS,1274219,consolidated,2026-03-31,63.9471,42.8,45.7671,35.2,47.0865,37.1,12.0,-11.0,-4.0,-28.0,-5.0,,-17.97689869689172,-2.515243847566384,-2.1500147965805905,0.5914512922465208,2.45,12.0,https://www.screener.in/company/SHALBY/consolidated/,2026-09-01T23:39:41.636880+00:00
SHANKARA.NS,1273698,consolidated,2026-03-31,7.0414,6.1,8.1543,6.6,10.1691,7.7,-30.0,-20.0,-19.0,-58.0,1.0,,-61.40177534280957,-23.50347857574673,-21.80330137883936,0.4295302013422818,0.71,1.7,https://www.screener.in/company/SHANKARA/consolidated/,2026-09-01T23:39:41.636880+00:00
SHANTI.NS,1274112,consolidated,2026-03-31,3.8187,3.85,3.8187,3.85,3.9131,3.9,-55.0,,,-19.0,-22.0,,,,,4.040000000000001,-96.8,-72.62,https://www.screener.in/company/SHANTI/consolidated/,2026-09-01T23:39:41.636880+00:00
SHANTIGOLD.NS,1285561,consolidated,2026-03-31,13.8286,13.75,13.8286,13.75,13.8286,13.75,,,,,,,,,,,,10.0,https://www.screener.in/company/SHANTIGOLD/consolidated/,2026-09-01T23:39:41.636880+00:00
SHARDACROP.NS,1059828,consolidated,2026-03-31,22.7156,20.0,19.2203,17.2,18.184,17.1,9.0,24.0,14.0,26.0,21.0,8.0,25.809000866387933,24.333490673143675,14.544668967073871,0.0,23.2,20.0,https://www.screener.in/company/SHARDACROP/consolidated/,2026-09-01T23:39:41.636880+00:00
SHARDAMOTR.NS,413316,consolidated,2026-03-31,16.8665,16.3,15.921,15.6,15.9613,15.7,8.0,39.0,27.0,18.0,23.0,23.0,19.78321540633774,39.96917337346277,26.07603200974058,0.0373191165270373,27.9,12.0,https://www.screener.in/company/SHARDAMOTR/consolidated/,2026-09-01T23:39:41.636880+00:00
SHAREINDIA.NS,1274160,consolidated,2026-03-31,11.7937,11.9,14.0947,12.8,12.3776,12.3,11.0,32.0,48.0,0.0,11.0,,-9.904581521793896,24.40520508446451,18.70780640136089,0.2637571157495256,13.0,40.0,https://www.screener.in/company/SHAREINDIA/consolidated/,2026-09-01T23:39:41.636880+00:00
SHBAJRG.NS,3031,consolidated,2026-03-31,5.443,5.3,4.6023,4.3,7.7442,5.3,-20.0,8.0,39.0,9.0,-10.0,21.0,9.01311304690786,7.533739737907674,,0.2708333333333333,12.3,1.4,https://www.screener.in/company/SHBAJRG/consolidated/,2026-09-01T23:39:41.636880+00:00
SHERVANI.NS,2976,consolidated,2026-03-31,24.8375,27.5,24.4216,24.3,17.6241,14.7,-7.0,,,,4.0,12.0,,,,0.5430443624312721,-0.52,-19.63,https://www.screener.in/company/SHERVANI/consolidated/,2026-09-01T23:39:41.636880+00:00
SHILGRAVQ.NS,2980,consolidated,2026-03-31,19.1146,11.3,14.495,9.3,12.7431,9.8,4.0,2.0,5.0,7.0,4.0,7.0,-3.592050259963297,-7.384183848156789,2.419682511276333,0.0026684456304202,8.65,14.64,https://www.screener.in/company/SHILGRAVQ/consolidated/,2026-09-01T23:39:41.636880+00:00
SHILPAMED.NS,2981,consolidated,2026-03-31,91.1642,71.15,95.1193,77.8,59.7079,43.6,14.0,17.0,8.0,107.0,25.0,13.0,,6.546315660030633,6.336051911264407,0.2546296296296296,8.99,28.0,https://www.screener.in/company/SHILPAMED/consolidated/,2026-09-01T23:39:41.636880+00:00
SHINDL.NS,1268805,consolidated,2026-03-31,47.4943,33.75,47.2056,32.9,47.2056,32.9,17.0,,,35.0,49.0,,34.89329390678275,,,0.8181818181818182,10.9,7.0,https://www.screener.in/company/SHINDL/consolidated/,2026-09-01T23:39:41.636880+00:00
SHIVAAGRO.NS,2988,consolidated,2026-03-31,17.8906,12.8,10.5822,7.6,9.2905,7.0,-20.0,,,,-8.0,3.0,,,,0.2696629213483146,-0.01,2.1,https://www.screener.in/company/SHIVAAGRO/consolidated/,2026-09-01T23:39:41.636880+00:00
SHIVATEX.NS,2990,consolidated,2026-03-31,18.6495,18.9,20.7741,20.3,25.7023,20.7,-6.0,,,58.0,-2.0,0.0,,,,0.503448275862069,9.04,10.0,https://www.screener.in/company/SHIVATEX/consolidated/,2026-09-01T23:39:41.636880+00:00
SHIVAUM.NS,1274697,consolidated,2026-03-31,61.276,64.3,60.0474,64.05,60.0474,64.05,5.0,,,-20.0,52.0,,-20.504520434722227,,,0.8016528925619835,6.08,3.1,https://www.screener.in/company/SHIVAUM/consolidated/,2026-09-01T23:39:41.636880+00:00
SHK.NS,1273122,consolidated,2026-03-31,28.3538,27.4,23.9656,23.3,25.7498,23.65,12.0,-18.0,-4.0,-11.0,-2.0,-8.0,4.195567646862419,-13.356894605606708,-0.0994538204051043,0.7560617193240264,3.71,10.0,https://www.screener.in/company/SHK/consolidated/,2026-09-01T23:39:41.636880+00:00
SHOPERSTOP.NS,2994,consolidated,2026-03-31,192.5643,149.8,181.3758,114.65,149.9708,96.05,8.0,14.0,,,10.0,1.0,,,,11.398625429553263,-6.37,15.0,https://www.screener.in/company/SHOPERSTOP/consolidated/,2026-09-01T23:39:41.636880+00:00
SHRADDHA.NS,3449,consolidated,2026-03-31,41.2456,28.25,47.9271,29.35,47.9271,29.35,290.0,,,376.0,108.0,,380.7097909420675,,,1.9848484848484849,51.2,14.0,https://www.screener.in/company/SHRADDHA/consolidated/,2026-09-01T23:39:41.636880+00:00
SHRADHA.NS,1274214,consolidated,2026-03-31,17.4962,17.05,26.1927,19.7,24.921,19.2,9.0,75.0,12.0,36.0,25.0,,23.79411849273856,73.69357651553862,-0.8064214601179343,0.3434343434343434,11.9,18.0,https://www.screener.in/company/SHRADHA/consolidated/,2026-09-01T23:39:41.636880+00:00
SHREDIGCEM.NS,2999,consolidated,2026-03-31,30.2538,26.45,25.5172,21.05,25.1939,21.0,1.0,-14.0,,-25.0,-2.0,11.0,-24.96298123781924,-14.915686536794148,,1.4043715846994536,6.84,9.0,https://www.screener.in/company/SHREDIGCEM/consolidated/,2026-09-01T23:39:41.636880+00:00
SHREECEM.NS,2998,consolidated,2026-03-31,58.757,54.45,54.0706,52.55,51.4552,49.8,5.0,-6.0,4.0,10.0,-5.0,3.0,11.12183270781848,-5.272131095843946,14.72254995591511,0.0802853827309064,7.51,21.0,https://www.screener.in/company/SHREECEM/consolidated/,2026-09-01T23:39:41.636880+00:00
SHREEJISPG.NS,1285602,consolidated,2026-03-31,42.1337,38.7,42.1337,38.7,42.1337,38.7,-5.0,,,10.0,,,,,,0.3615084525357607,27.5,28.0,https://www.screener.in/company/SHREEJISPG/consolidated/,2026-09-01T23:39:41.636880+00:00
SHREEPUSHK.NS,1273007,consolidated,2026-03-31,17.9614,18.05,16.6164,16.5,14.9029,15.05,13.0,20.0,,24.0,17.0,15.0,22.5822546383839,18.54675166298969,,0.2131147540983606,12.2,10.0,https://www.screener.in/company/SHREEPUSHK/consolidated/,2026-09-01T23:39:41.636880+00:00
SHRIKRISH.NS,3037,consolidated,2026-03-31,22.6329,21.5,26.6618,22.2,25.2611,21.5,-12.0,5.0,7.0,-2.0,20.0,12.0,-1.775524335960954,5.2842509955568495,6.602874477018861,0.5017555409260478,5.13,40.17,https://www.screener.in/company/SHRIKRISH/consolidated/,2026-09-01T23:39:41.636880+00:00
SHRIPISTON.NS,1273371,consolidated,2026-03-31,21.0582,20.6,17.0321,17.55,18.8865,18.1,20.0,45.0,20.0,25.0,58.0,,23.43126959976498,44.58664559844219,19.85737338644853,0.6783867631851086,21.4,19.0,https://www.screener.in/company/SHRIPISTON/consolidated/,2026-09-01T23:39:41.636880+00:00
SHRIRAMFIN.NS,3046,consolidated,2026-03-31,15.388,14.8,13.5813,13.7,14.6207,13.8,16.0,32.0,24.0,19.0,31.0,16.0,18.38807806540874,24.64335519854899,19.007754431837355,,16.4,,https://www.screener.in/company/SHRIRAMFIN/consolidated/,2026-09-01T23:39:41.636880+00:00
SHRIRAMPPS.NS,1275120,consolidated,2026-03-31,23.0285,23.35,21.0019,21.0,21.0019,21.0,23.0,28.0,,16.0,,,15.058467466298664,,,0.421917808219178,7.16,3.1,https://www.screener.in/company/SHRIRAMPPS/consolidated/,2026-09-01T23:39:41.636880+00:00
SHRJAGP.NS,3035,consolidated,2026-03-31,17.5583,17.15,17.5583,17.15,17.5583,17.15,,,,,-12.0,33.0,,,,0.2827779129165653,11.4,12.0,https://www.screener.in/company/SHRJAGP/consolidated/,2026-09-01T23:39:41.636880+00:00
SHUKRAPHAR.NS,2733,consolidated,2026-03-31,105.6452,67.1,105.6452,67.1,105.6452,67.1,,,,,161.0,64.0,,,,0.0555555555555555,28.9,62.0,https://www.screener.in/company/SHUKRAPHAR/consolidated/,2026-09-01T23:39:41.636880+00:00
SHYAMMETL.NS,1274880,consolidated,2026-03-31,22.1443,23.55,16.0752,16.8,16.5154,17.15,14.0,5.0,,9.0,22.0,,4.673941372442925,1.2112949136191764,,0.0872168706066128,9.7,13.0,https://www.screener.in/company/SHYAMMETL/consolidated/,2026-09-01T23:39:41.636880+00:00
SICAGEN.NS,3056,consolidated,2026-03-31,17.9671,17.15,19.2008,17.3,20.8178,18.2,3.0,47.0,32.0,17.0,19.0,10.0,0.5158529006794144,,32.69520923681495,0.3212121212121212,3.81,4.0,https://www.screener.in/company/SICAGEN/consolidated/,2026-09-01T23:39:41.636880+00:00
SIEL.NS,3276,consolidated,2026-03-31,17.9937,12.9,25.7502,13.3,21.3802,10.2,-5.0,-16.0,,-15.0,1.0,,-15.075037387909472,-15.90425333150418,22.38502258739257,0.1891489044566999,1.29,6.21,https://www.screener.in/company/SIEL/consolidated/,2026-09-01T23:39:41.636880+00:00
SIEMENS.NS,3061,consolidated,2026-03-31,62.8842,66.1,56.2733,50.15,44.4215,42.55,15.0,30.0,16.0,23.0,25.0,19.0,35.64091956958491,19.835694482218138,16.239951715528235,0.0221820809248554,19.2,11.0,https://www.screener.in/company/SIEMENS/consolidated/,2026-09-01T23:39:41.636880+00:00
SIGACHI.NS,1275090,consolidated,2026-03-31,27.9209,26.5,23.296,20.3,23.296,20.3,17.0,1.0,,,,,,,,0.2662835249042146,5.8,10.0,https://www.screener.in/company/SIGACHI/consolidated/,2026-09-01T23:39:41.636880+00:00
SIGMA.NS,1274800,consolidated,2026-03-31,24.0918,22.45,31.7672,26.0,30.2642,25.4,20.0,51.0,,27.0,39.0,,26.72463368759066,50.54742999209685,,0.0259740259740259,37.8,32.0,https://www.screener.in/company/SIGMA/consolidated/,2026-09-01T23:39:41.636880+00:00
SIGNATURE.NS,1275340,consolidated,2026-03-31,791.0172,315.35,791.0172,315.35,791.0172,315.35,19.0,20.0,,37.0,,,,,,1.6102702702702705,2.79,-6.0,https://www.screener.in/company/SIGNATURE/consolidated/,2026-09-01T23:39:41.636880+00:00
SIGNPOST.NS,1284684,consolidated,2026-03-31,29.4084,29.4,29.4084,29.4,29.4084,29.4,20.0,,,26.0,,,,,,0.7048611111111112,27.6,25.0,https://www.screener.in/company/SIGNPOST/consolidated/,2026-09-01T23:39:41.636880+00:00
SIKA.NS,3064,consolidated,2026-03-31,60.0108,55.2,45.3275,46.8,38.5983,38.6,52.0,25.0,35.0,60.0,59.0,44.0,60.59890998893158,25.101524789048213,35.56457049072952,0.0,25.1,22.0,https://www.screener.in/company/SIKA/consolidated/,2026-09-01T23:39:41.636880+00:00
SIL.NS,3181,consolidated,2026-03-31,24.714,16.1,12.1061,7.3,13.6941,8.7,18.0,,-5.0,,6.0,-4.0,,,,0.0347826086956521,-16.6,35.0,https://www.screener.in/company/SIL/consolidated/,2026-09-01T23:39:41.636880+00:00
SILGO.NS,1274578,consolidated,2026-03-31,35.725,36.95,35.725,36.95,35.725,36.95,,,,,21.0,,,,,0.14644412191582,5.81,23.21,https://www.screener.in/company/SILGO/consolidated/,2026-09-01T23:39:41.636880+00:00
SILINV.NS,3066,consolidated,2026-03-31,17.0835,17.5,15.4798,14.85,12.4525,12.2,13.0,13.0,11.0,10.0,12.0,17.0,10.433344397316224,13.24791334457851,10.964266353546414,0.0,1.32,86.0,https://www.screener.in/company/SILINV/consolidated/,2026-09-01T23:39:41.636880+00:00
SILLYMONKS.NS,1274253,consolidated,2026-03-31,17.5353,16.7,17.5353,16.7,17.5353,16.7,6.0,10.0,,16.0,-6.0,,,,,0.0,-20.3,-6.63,https://www.screener.in/company/SILLYMONKS/consolidated/,2026-09-01T23:39:41.636880+00:00
SILVERTUC.NS,1274204,consolidated,2026-03-31,55.7652,53.25,65.3004,59.6,55.3042,49.6,28.0,106.0,28.0,56.0,61.0,,54.81457279159197,103.9068540626754,17.757517595680984,0.1952662721893491,24.4,20.0,https://www.screener.in/company/SILVERTUC/consolidated/,2026-09-01T23:39:41.636880+00:00
SIMPLEXINF.NS,3075,consolidated,2026-03-31,24.4284,19.6,24.4284,19.6,14.8952,12.8,-18.0,16.0,-11.0,28.0,47.0,-2.0,,,-13.569082039380175,1.6823770491803278,5.26,6.0,https://www.screener.in/company/SIMPLEXINF/consolidated/,2026-09-01T23:39:41.636880+00:00
SINDHUTRAD.NS,3083,consolidated,2026-03-31,215.1399,41.95,214.8944,42.1,157.8599,32.45,-24.0,27.0,3.0,140.0,39.0,,,,,0.2641186537364517,3.42,6.0,https://www.screener.in/company/SINDHUTRAD/consolidated/,2026-09-01T23:39:41.636880+00:00
SINGERIND.NS,3085,consolidated,2020-03-31,54.5709,53.35,50.6634,49.35,42.0107,45.0,,,,,7.0,7.0,,,,0.3076923076923077,13.0,3.4,https://www.screener.in/company/SINGERIND/consolidated/,2026-09-01T23:39:41.636880+00:00
SIRCA.NS,1274355,consolidated,2026-03-31,40.2063,39.15,41.005,40.95,40.9556,40.2,23.0,32.0,,12.0,21.0,,10.833189238872489,30.45855734423764,,0.0673684210526315,15.8,20.0,https://www.screener.in/company/SIRCA/consolidated/,2026-09-01T23:39:41.636880+00:00
SIS.NS,1274119,consolidated,2026-03-31,25.0952,21.8,20.6428,18.25,26.1231,23.5,12.0,-10.0,17.0,0.0,-2.0,,-25.69948716896103,-16.924534694266057,-16.76276033912256,0.7026708562450903,13.9,4.5,https://www.screener.in/company/SIS/consolidated/,2026-09-01T23:39:41.636880+00:00
SIYSIL.NS,3093,consolidated,2026-03-31,13.7253,12.55,12.9489,12.0,16.1442,13.5,5.0,118.0,9.0,-6.0,9.0,8.0,-1.6839718544774174,131.82687003834803,,0.2410958904109589,14.9,13.0,https://www.screener.in/company/SIYSIL/consolidated/,2026-09-01T23:39:41.636880+00:00
SJS.NS,1275092,consolidated,2026-03-31,32.3462,32.1,29.517,28.8,29.517,28.8,30.0,,,38.0,,,34.16716280288015,,,0.0264976958525345,22.0,29.0,https://www.screener.in/company/SJS/consolidated/,2026-09-01T23:39:41.636880+00:00
SJVN.NS,3095,consolidated,2026-03-31,47.1456,47.15,32.184,39.3,20.0274,9.4,16.0,-19.0,-7.0,-22.0,19.0,9.0,-22.18968588488831,-17.206790913432634,-7.11548397630577,2.266872673642812,4.58,68.0,https://www.screener.in/company/SJVN/consolidated/,2026-09-01T23:39:41.636880+00:00
SKFINDIA.NS,3096,consolidated,2026-03-31,20.7861,20.85,21.0168,20.9,20.986,20.9,-4.0,0.0,,-18.0,0.0,9.0,-20.28039337208584,-2.231477856230724,,0.0022573363431151,14.8,12.0,https://www.screener.in/company/SKFINDIA/consolidated/,2026-09-01T23:39:41.636880+00:00
SKIPPER.NS,988079,consolidated,2026-03-31,39.0538,37.85,40.1447,37.75,33.6273,33.0,41.0,61.0,,85.0,47.0,13.0,81.61586442178393,58.271843109911536,,0.6244131455399061,16.6,10.0,https://www.screener.in/company/SKIPPER/consolidated/,2026-09-01T23:39:41.636880+00:00
SKMEGGPROD.NS,3097,consolidated,2026-03-31,13.0646,12.05,13.9508,13.0,17.5679,13.4,5.0,45.0,15.0,11.0,45.0,23.0,10.985799559534115,44.84434672195192,15.531743488820272,0.3594936708860759,29.7,22.0,https://www.screener.in/company/SKMEGGPROD/consolidated/,2026-09-01T23:39:41.636880+00:00
SKYGOLD.NS,1274565,consolidated,2026-03-31,39.5253,36.15,36.215,33.8,36.215,33.8,76.0,,,145.0,143.0,,117.41786054067413,,,0.7247706422018348,29.2,7.0,https://www.screener.in/company/SKYGOLD/consolidated/,2026-09-01T23:39:41.636880+00:00
SMARTWORKS.NS,1285540,consolidated,2026-03-31,396.2744,484.3,396.2744,484.3,396.2744,484.3,36.0,17.0,,28.0,,,,,,9.015094339622642,3.3,64.0,https://www.screener.in/company/SMARTWORKS/consolidated/,2026-09-01T23:39:41.636880+00:00
SMCGLOBAL.NS,1274832,consolidated,2026-03-31,10.6285,9.3,8.7947,7.3,10.8647,7.4,16.0,-1.0,12.0,-5.0,16.0,,-5.276417908395303,1.0158666237117808,12.348825676793474,1.5613496932515338,8.07,19.0,https://www.screener.in/company/SMCGLOBAL/consolidated/,2026-09-01T23:39:41.636880+00:00
SMSPHARMA.NS,3107,consolidated,2026-03-31,37.5165,34.6,31.7451,32.85,24.8975,23.5,19.0,10.0,10.0,155.0,17.0,17.0,,8.092186923483036,8.469609060073013,0.464968152866242,14.3,19.0,https://www.screener.in/company/SMSPHARMA/consolidated/,2026-09-01T23:39:41.636880+00:00
SOBHA.NS,3110,consolidated,2026-03-31,191.6443,161.6,141.6649,97.4,83.8222,49.1,16.0,25.0,3.0,23.0,11.0,16.0,22.9211279162342,25.45937406308669,3.7820865900125344,0.2239406779661017,4.16,6.0,https://www.screener.in/company/SOBHA/consolidated/,2026-09-01T23:39:41.636880+00:00
SOFTTECH.NS,1274342,consolidated,2026-03-31,176.3753,142.0,128.495,114.4,91.1105,42.5,27.0,13.0,,8.0,29.0,,-3.23373061263017,4.244714353443735,,0.2267441860465116,2.9,24.0,https://www.screener.in/company/SOFTTECH/consolidated/,2026-09-01T23:39:41.636880+00:00
SOLARA.NS,1274371,consolidated,2026-03-31,91.8533,90.1,40.3309,30.9,29.3234,24.25,-2.0,,,25.0,-16.0,,,,,0.5482841181165203,-0.13,13.0,https://www.screener.in/company/SOLARA/consolidated/,2026-09-01T23:39:41.636880+00:00
SOLARINDS.NS,3115,consolidated,2026-03-31,92.5513,95.25,78.5454,77.1,59.5621,49.2,12.0,45.0,27.0,30.0,63.0,41.0,30.36081554284835,43.42959398085405,26.207872302348463,0.2427911422654134,32.6,27.0,https://www.screener.in/company/SOLARINDS/consolidated/,2026-09-01T23:39:41.636880+00:00
SOLARWORLD.NS,1285684,consolidated,2026-03-31,20.843,20.8,20.843,20.8,20.843,20.8,81.0,,,101.0,,,-68.93698360640477,,,0.3010625737898465,20.8,10.0,https://www.screener.in/company/SOLARWORLD/consolidated/,2026-09-01T23:39:41.636880+00:00
SOLEX.NS,1274264,consolidated,2026-03-31,95.107,43.8,100.636,66.2,100.636,66.2,115.0,,,228.0,80.0,,220.09452926850167,,,1.3399209486166008,46.3,11.0,https://www.screener.in/company/SOLEX/consolidated/,2026-09-01T23:39:41.636880+00:00
SOMANYCERA.NS,3123,consolidated,2026-03-31,30.9785,31.35,30.863,31.2,32.4542,31.2,4.0,4.0,2.0,6.0,-4.0,0.0,5.566719197800096,8.040996500105436,2.631958217294561,0.4441805225653206,10.4,10.0,https://www.screener.in/company/SOMANYCERA/consolidated/,2026-09-01T23:39:41.636880+00:00
SOMATEX.NS,3122,consolidated,2026-03-31,131.9676,64.9,131.9676,64.9,131.9676,64.9,150.0,13.0,6.0,-17.0,60.0,28.0,-61.00563918699744,,,0.0,-2.06,2.9,https://www.screener.in/company/SOMATEX/consolidated/,2026-09-01T23:39:41.636880+00:00
SONACOMS.NS,1274879,consolidated,2026-03-31,62.7589,63.95,78.8767,72.05,79.9831,72.5,19.0,24.0,,18.0,9.0,,15.08989680208861,22.30536441380373,,0.073875981948855,11.3,24.0,https://www.screener.in/company/SONACOMS/consolidated/,2026-09-01T23:39:41.636880+00:00
SONAL.NS,1253824,consolidated,2026-03-31,5.7456,5.4,5.6008,5.35,5.1773,5.0,16.0,13.0,,13.0,30.0,26.0,12.575571983887368,12.539289109308903,,,6.91,,https://www.screener.in/company/SONAL/consolidated/,2026-09-01T23:39:41.636880+00:00
SONATSOFTW.NS,3127,consolidated,2026-03-31,31.0709,27.6,28.3531,26.3,21.8766,18.8,13.0,16.0,13.0,4.0,-2.0,18.0,0.90168799592254,13.738688445319893,11.333122618911665,0.3795275590551181,28.2,7.0,https://www.screener.in/company/SONATSOFTW/consolidated/,2026-09-01T23:39:41.636880+00:00
SOTL.NS,2916,consolidated,2026-03-31,18.8867,19.6,14.3889,14.3,14.2159,13.7,6.0,-9.0,,-13.0,19.0,20.0,-6.706272280367842,-4.673312558662868,,0.0011019283746556,8.26,11.0,https://www.screener.in/company/SOTL/consolidated/,2026-09-01T23:39:41.636880+00:00
SOUTHBANK.NS,3131,consolidated,2026-03-31,6.5646,6.6,12.1523,6.9,13.7928,7.0,11.0,88.0,,23.0,38.0,9.0,23.38461970291359,87.48766916013714,,,13.5,,https://www.screener.in/company/SOUTHBANK/consolidated/,2026-09-01T23:39:41.636880+00:00
SOUTHWEST.NS,1274247,consolidated,2026-03-31,35.231,33.1,38.6481,36.35,27.0519,24.1,25.0,29.0,,54.0,17.0,,51.08251167602782,24.77664585472774,,0.392156862745098,17.7,25.0,https://www.screener.in/company/SOUTHWEST/consolidated/,2026-09-01T23:39:41.636880+00:00
SPAL.NS,1273461,consolidated,2026-03-31,20.543,19.7,17.3485,17.65,15.3216,15.9,13.0,18.0,14.0,7.0,27.0,12.0,6.84977640816018,19.011430683540944,13.832174517652994,0.4429175475687104,11.2,14.0,https://www.screener.in/company/SPAL/consolidated/,2026-09-01T23:39:41.636880+00:00
SPANDANA.NS,1274685,consolidated,2026-03-31,22.4941,19.6,22.0546,19.7,22.3389,20.85,-10.0,,,,-17.0,,,,,,-29.4,,https://www.screener.in/company/SPANDANA/consolidated/,2026-09-01T23:39:41.636880+00:00
SPARC.NS,3244,consolidated,2026-03-31,4.5062,4.4,4.5062,4.4,4.5062,4.4,99.0,,,108.0,-8.0,-6.0,,,,0.4177877428998505,279.0,85.0,https://www.screener.in/company/SPARC/consolidated/,2026-09-01T23:39:41.636880+00:00
SPCENET.NS,627811,consolidated,2026-03-31,97.7943,47.3,142.8378,40.5,90.8753,12.2,10.0,,13.0,81.0,10.0,,77.58080034852016,-22.630938020958325,,0.1412429378531073,9.8,6.0,https://www.screener.in/company/SPCENET/consolidated/,2026-09-01T23:39:41.636880+00:00
SPENCERS.NS,1274620,consolidated,2026-03-31,452.1143,452.7,452.1143,452.7,452.1143,452.7,-10.0,-13.0,,-8.0,-23.0,,,,,,,0.2,https://www.screener.in/company/SPENCERS/consolidated/,2026-09-01T23:39:41.636880+00:00
SPIC.NS,3136,consolidated,2026-03-31,9.0829,9.55,7.9466,7.25,12.7291,9.8,1.0,23.0,33.0,-11.0,6.0,13.0,-11.092386526951536,23.31593324327601,21.181235649580167,0.5131386861313869,16.5,9.0,https://www.screener.in/company/SPIC/consolidated/,2026-09-01T23:39:41.636880+00:00
SPLPETRO.NS,3281,consolidated,2026-03-31,36.74,39.1,36.74,39.1,36.74,39.1,,,,,16.0,21.0,147.13981597267397,82.7079896110873,,0.055952881783761,13.7,13.0,https://www.screener.in/company/SPLPETRO/consolidated/,2026-09-01T23:39:41.636880+00:00
SPMLINFRA.NS,3154,consolidated,2026-03-31,39.7244,35.1,50.6068,38.1,31.1634,22.45,-1.0,56.0,23.0,476.0,75.0,9.0,372.1019814326291,,,0.3772391991570074,8.69,8.0,https://www.screener.in/company/SPMLINFRA/consolidated/,2026-09-01T23:39:41.636880+00:00
SRF.NS,3108,consolidated,2026-03-31,58.0589,59.5,49.8282,46.5,36.8328,32.2,2.0,10.0,16.0,-4.0,5.0,22.0,-5.322851510701787,8.890484812668253,15.253440957820509,0.3619854721549637,14.3,22.0,https://www.screener.in/company/SRF/consolidated/,2026-09-01T23:39:41.636880+00:00
SRHHYPOLTD.NS,3158,consolidated,2026-03-31,9.8778,9.55,9.2828,8.8,14.2837,9.7,-26.0,10.0,14.0,-11.0,10.0,17.0,-16.780232347317114,7.973915471187887,,0.0123583934088568,10.5,12.0,https://www.screener.in/company/SRHHYPOLTD/consolidated/,2026-09-01T23:39:41.636880+00:00
SRIKPRIND.NS,3167,consolidated,2026-03-31,10.5932,9.65,13.119,10.6,9.7946,7.3,-1.0,49.0,12.0,26.0,4.0,2.0,24.821832059706537,-7.885866078127535,0.6877775964464705,0.0073163138231631,4.81,52.11,https://www.screener.in/company/SRIKPRIND/consolidated/,2026-09-01T23:39:41.636880+00:00
SRM.NS,1284734,consolidated,2026-03-31,17.7756,17.8,17.7756,17.8,17.7756,17.8,51.0,68.0,,81.0,,,62.87178890398113,-38.34992751175188,,0.3638814016172507,34.3,17.0,https://www.screener.in/company/SRM/consolidated/,2026-09-01T23:39:41.636880+00:00
SSDL.NS,1284902,consolidated,2024-03-31,10.2617,9.8,10.2617,9.8,10.2617,9.8,,,,,,,,,,0.6615384615384615,58.9,7.0,https://www.screener.in/company/SSDL/consolidated/,2026-09-01T23:39:41.636880+00:00
SSWL.NS,3196,consolidated,2026-03-31,17.6108,17.0,17.5256,17.0,17.5256,17.0,9.0,,,-1.0,14.0,20.0,-0.7596603723609596,,,0.4587257617728532,11.1,10.0,https://www.screener.in/company/SSWL/consolidated/,2026-09-01T23:39:41.636880+00:00
STANLEY.NS,1284815,consolidated,2026-03-31,57.9087,58.8,57.9087,58.8,57.9087,58.8,0.0,58.0,,-24.0,,,-63.78379069981504,8.652960720047997,,0.6630901287553648,3.07,17.0,https://www.screener.in/company/STANLEY/consolidated/,2026-09-01T23:39:41.636880+00:00
STAR.NS,3217,consolidated,2026-03-31,30.7183,21.25,32.2631,21.75,18.811,14.85,10.0,20.0,16.0,71.0,29.0,9.0,,15.053469026090038,17.382377820363494,0.5658191181203733,20.0,19.0,https://www.screener.in/company/STAR/consolidated/,2026-09-01T23:39:41.636880+00:00
STARCEMENT.NS,1274083,consolidated,2026-03-31,35.3652,30.0,28.7095,23.45,22.8535,19.45,12.0,10.0,12.0,18.0,12.0,,16.64983314441626,16.46928181354006,11.762545885878373,0.1889689752428705,13.2,24.0,https://www.screener.in/company/STARCEMENT/consolidated/,2026-09-01T23:39:41.636880+00:00
STARTECK.NS,2284,consolidated,2026-03-31,18.3955,17.3,15.7739,15.1,14.7688,14.3,8.0,-9.0,15.0,28.0,16.0,18.0,2.653748853367821,-8.899007026519467,15.232927259772078,,9.5,,https://www.screener.in/company/STARTECK/consolidated/,2026-09-01T23:39:41.636880+00:00
STCINDIA.NS,3191,consolidated,2026-03-31,17.9968,16.55,19.2715,16.2,19.2715,16.2,,24.0,8.0,15.0,2.0,0.0,173.16360495786665,,,,,-37.0,https://www.screener.in/company/STCINDIA/consolidated/,2026-09-01T23:39:41.636880+00:00
STEELCITY.NS,1273643,consolidated,2026-03-31,9.7677,9.3,8.7767,8.55,9.6789,8.3,4.0,6.0,13.0,8.0,6.0,,8.433233915018823,6.208339574306843,10.87308290226181,0.072463768115942,10.7,31.0,https://www.screener.in/company/STEELCITY/consolidated/,2026-09-01T23:39:41.636880+00:00
STEELXIND.NS,3194,consolidated,2026-03-31,49.8714,49.5,49.8714,49.5,49.8714,49.5,,,,,6.0,3.0,,,,,,12.0,https://www.screener.in/company/STEELXIND/consolidated/,2026-09-01T23:39:41.636880+00:00
STEL.NS,100066,consolidated,2026-03-31,47.9741,47.5,42.718,45.25,34.8325,34.8,17.0,18.0,21.0,17.0,30.0,35.0,17.45767427299212,18.06682532033928,,0.0,1.18,97.0,https://www.screener.in/company/STEL/consolidated/,2026-09-01T23:39:41.636880+00:00
STLSTRINF.NS,3195,consolidated,2026-03-31,0.9606,1.1,0.9856,0.8,0.9856,0.8,7.0,,,,-14.0,3.0,,,,0.0,-4.99,-1094.0,https://www.screener.in/company/STLSTRINF/consolidated/,2026-09-01T23:39:41.636880+00:00
STOVEKRAFT.NS,1274828,consolidated,2021-03-31,25.0753,23.8,25.3179,23.8,25.4233,23.9,18.0,31.0,,104.0,-3.0,,,,,0.1721854304635761,67.5,13.0,https://www.screener.in/company/STOVEKRAFT/consolidated/,2026-09-01T23:39:41.636880+00:00
STUDDS.NS,1285751,consolidated,2026-03-31,25.0365,23.8,25.0365,23.8,25.0365,23.8,8.0,2.0,,36.0,,,7.615079249182299,-10.996662996231542,,0.0152963671128107,17.0,17.0,https://www.screener.in/company/STUDDS/consolidated/,2026-09-01T23:39:41.636880+00:00
STYL.NS,1285680,consolidated,2026-03-31,20.5925,19.85,20.5925,19.85,20.5925,19.85,,,,,,,,,,0.0589060308555399,23.3,26.0,https://www.screener.in/company/STYL/consolidated/,2026-09-01T23:39:41.636880+00:00
STYLAMIND.NS,3219,consolidated,2026-03-31,26.6494,26.4,26.2695,26.4,26.1991,26.4,6.0,22.0,,15.0,26.0,28.0,16.015946576132922,22.081474272524314,,0.0359801488833746,19.9,20.0,https://www.screener.in/company/STYLAMIND/consolidated/,2026-09-01T23:39:41.636880+00:00
STYLEBAAZA.NS,1284950,consolidated,2026-03-31,92.6638,89.0,92.6638,89.0,92.6638,89.0,33.0,,,57.0,,,62.63059939581983,,,2.2111111111111112,5.16,14.0,https://www.screener.in/company/STYLEBAAZA/consolidated/,2026-09-01T23:39:41.636880+00:00
STYRENIX.NS,3220,consolidated,2026-03-31,56.6456,22.1,71.5004,74.0,71.5897,70.1,,,,,9.0,13.0,,,,0.4008778346744696,14.2,13.0,https://www.screener.in/company/STYRENIX/consolidated/,2026-09-01T23:39:41.636880+00:00
SUBEXLTD.NS,3223,consolidated,2026-03-31,78.25,31.6,81.1925,67.7,39.443,21.1,0.0,-8.0,12.0,38.0,-19.0,4.0,,-11.129736111450615,,0.0816326530612244,9.9,14.0,https://www.screener.in/company/SUBEXLTD/consolidated/,2026-09-01T23:39:41.636880+00:00
SUBROS.NS,3225,consolidated,2026-03-31,38.0032,36.35,41.9809,41.9,41.9435,41.15,10.0,29.0,22.0,53.0,18.0,21.0,51.16750805233868,28.453285254571448,20.32863233933906,0.0602893890675241,14.5,8.0,https://www.screener.in/company/SUBROS/consolidated/,2026-09-01T23:39:41.636880+00:00
SUDARSCHEM.NS,3229,consolidated,2026-03-31,65.9681,56.7,53.3824,49.9,41.0444,32.0,62.0,-33.0,-12.0,-25.0,13.0,12.0,-24.001558471292427,-32.57470859944283,-11.915458794673784,0.7168115942028985,0.54,7.0,https://www.screener.in/company/SUDARSCHEM/consolidated/,2026-09-01T23:39:41.636880+00:00
SUDEEPPHRM.NS,1285775,consolidated,2026-03-31,45.9569,42.55,45.9569,42.55,45.9569,42.55,14.0,39.0,,40.0,,,-67.4091338138798,-42.16482019846768,,0.1698754246885617,25.2,34.0,https://www.screener.in/company/SUDEEPPHRM/consolidated/,2026-09-01T23:39:41.636880+00:00
SUKHJITS.NS,3236,consolidated,2026-03-31,14.7215,14.7,12.9248,13.5,13.31,13.75,0.0,-15.0,-10.0,-49.0,4.0,6.0,-24.76232011459414,4.057640591732792,1.315859522054419,0.6073943661971831,1.47,6.0,https://www.screener.in/company/SUKHJITS/consolidated/,2026-09-01T23:39:41.636880+00:00
SULA.NS,1275376,consolidated,2026-03-31,42.8696,43.35,44.7062,45.15,44.7062,45.15,2.0,32.0,,-32.0,,,-32.71560566368337,8.953623599959037,,0.5663265306122449,4.61,18.0,https://www.screener.in/company/SULA/consolidated/,2026-09-01T23:39:41.636880+00:00
SUMEDHA.NS,3238,consolidated,2026-03-31,7.2601,6.5,10.9837,7.1,9.4268,7.1,22.0,-28.0,3.0,3.0,7.0,10.0,16.425237695095895,-22.517686772466185,7.284044334404993,0.0,2.56,3.9,https://www.screener.in/company/SUMEDHA/consolidated/,2026-09-01T23:39:41.636880+00:00
SUMEETINDS.NS,3239,consolidated,2026-03-31,86.9813,63.5,55.2416,50.5,34.9704,8.8,1.0,42.0,3.0,35.0,56.0,20.0,,,3.3690815619549674,0.7594339622641509,14.7,4.9,https://www.screener.in/company/SUMEETINDS/consolidated/,2026-09-01T23:39:41.636880+00:00
SUMICHEM.NS,1274728,consolidated,2026-03-31,51.6165,51.65,50.6393,51.05,51.7547,51.7,-3.0,8.0,,2.0,4.0,,2.6463800885048627,9.472380038459429,,0.0185840707964601,16.2,21.0,https://www.screener.in/company/SUMICHEM/consolidated/,2026-09-01T23:39:41.636880+00:00
SUMIT.NS,1274411,consolidated,2026-03-31,30.6753,30.45,29.3427,29.8,22.5524,21.7,-2.0,18.0,23.0,-7.0,32.0,,-20.20887823514198,,10.21894465825972,0.6301633045148896,3.5,14.84,https://www.screener.in/company/SUMIT/consolidated/,2026-09-01T23:39:41.636880+00:00
SUMMITSEC.NS,3241,consolidated,2026-03-31,23.8354,23.85,22.0302,21.35,24.1224,14.9,42.0,42.0,8.0,41.0,15.0,12.0,41.33881421408863,41.71537154273368,7.647489266012619,0.0,1.14,79.0,https://www.screener.in/company/SUMMITSEC/consolidated/,2026-09-01T23:39:41.636880+00:00
SUNDARAM.NS,3254,consolidated,2020-03-31,188.1347,212.5,188.1347,212.5,188.1347,212.5,-1.0,13.0,,,-10.0,-12.0,,,,0.4042702485966319,-3.08,6.79,https://www.screener.in/company/SUNDARAM/consolidated/,2026-09-01T23:39:41.636880+00:00
SUNDARMFIN.NS,3253,consolidated,2026-03-31,28.5715,28.25,25.5989,24.3,24.2397,23.55,21.0,13.0,14.0,17.0,12.0,13.0,15.746006297836889,12.060925439159307,13.44479427226366,,15.0,,https://www.screener.in/company/SUNDARMFIN/consolidated/,2026-09-01T23:39:41.636880+00:00
SUNDRMFAST.NS,3256,consolidated,2026-03-31,42.3222,40.25,41.5523,40.1,37.614,36.75,4.0,11.0,12.0,7.0,9.0,16.0,6.117682747426989,10.480475281773916,16.708328245235183,0.1461988304093567,14.9,16.0,https://www.screener.in/company/SUNDRMFAST/consolidated/,2026-09-01T23:39:41.636880+00:00
SUNDROP.NS,93,consolidated,2026-03-31,159.7301,114.2,140.4583,111.6,94.6349,67.3,22.0,-9.0,-2.0,7.0,-8.0,2.0,-4.804401348146737,-16.080493719296427,-5.617727292163144,0.0087897227856659,1.3,4.4,https://www.screener.in/company/SUNDROP/consolidated/,2026-09-01T23:39:41.636880+00:00
SUNFLAG.NS,3257,consolidated,2026-03-31,26.0538,26.25,19.2565,22.25,15.8134,12.35,4.0,8.0,14.0,-2.0,32.0,28.0,-43.38653221394135,7.561544744615145,13.663890286028945,0.0590622182146077,2.36,12.0,https://www.screener.in/company/SUNFLAG/consolidated/,2026-09-01T23:39:41.636880+00:00
SUNLOC.NS,730318,consolidated,2026-03-31,27.4444,23.85,19.2471,16.65,16.1483,13.6,-7.0,55.0,,-15.0,17.0,-1.0,-15.627952281264568,,,0.801580459770115,6.01,14.77,https://www.screener.in/company/SUNLOC/consolidated/,2026-09-01T23:39:41.636880+00:00
SUNPHARMA.NS,3245,consolidated,2026-03-31,36.1677,35.6,33.1676,33.4,31.1521,30.6,10.0,17.0,10.0,13.0,20.0,9.0,10.642885152692315,31.64402736636669,9.737717121198376,0.0553667584061266,16.0,30.0,https://www.screener.in/company/SUNPHARMA/consolidated/,2026-09-01T23:39:41.636880+00:00
SUNRAKSHAK.NS,1272996,consolidated,2026-03-31,35.5639,31.0,35.5639,31.0,35.5639,31.0,,,,,142.0,49.0,,,,0.254054054054054,29.6,9.0,https://www.screener.in/company/SUNRAKSHAK/consolidated/,2026-09-01T23:39:41.636880+00:00
SUNSHINE.NS,1286106,consolidated,2025-03-31,32.2,31.6,32.2,31.6,32.2,31.6,,,,,,,,,,0.1047619047619047,37.9,47.0,https://www.screener.in/company/SUNSHINE/consolidated/,2026-09-01T23:39:41.636880+00:00
SUNTECK.NS,3267,consolidated,2026-03-31,46.3681,35.8,97.2297,85.6,70.4064,34.8,46.0,35.0,24.0,425.0,-4.0,10.0,418.2584737879247,37.2317622807502,22.56226681443736,0.2143450567709775,5.95,29.0,https://www.screener.in/company/SUNTECK/consolidated/,2026-09-01T23:39:41.636880+00:00
SUNTV.NS,3248,consolidated,2026-03-31,14.0709,13.8,12.8981,13.0,18.0412,14.0,5.0,0.0,7.0,-4.0,-1.0,0.0,-5.509693304508545,-1.14748082252909,4.559126163656146,0.0083840860555247,12.2,51.0,https://www.screener.in/company/SUNTV/consolidated/,2026-09-01T23:39:41.636880+00:00
SUPERHOUSE.NS,1271340,consolidated,2026-03-31,26.2318,24.1,18.5444,14.2,13.7322,8.7,-4.0,,,,1.0,1.0,-51.22208341813184,-33.91170345706276,-19.792671713306294,0.3892473118279569,-0.08,7.0,https://www.screener.in/company/SUPERHOUSE/consolidated/,2026-09-01T23:39:41.636880+00:00
SUPRAJIT.NS,3277,consolidated,2026-03-31,42.8949,40.6,37.7618,37.25,32.1354,30.9,12.0,5.0,10.0,5.0,10.0,10.0,6.619222404593206,5.482596260493655,9.28797189311219,0.6910229645093946,13.1,11.0,https://www.screener.in/company/SUPRAJIT/consolidated/,2026-09-01T23:39:41.636880+00:00
SUPREME.NS,3278,consolidated,2026-03-31,33.549,26.9,29.0946,25.8,27.1201,25.0,-63.0,-21.0,14.0,-68.0,15.0,1.0,-69.04077838197995,-23.023235077916127,,0.0106066735853371,0.07,-32.71,https://www.screener.in/company/SUPREME/consolidated/,2026-09-01T23:39:41.636880+00:00
SUPREMEIND.NS,3279,consolidated,2026-03-31,54.6968,55.0,45.658,47.7,39.9582,37.9,7.0,-1.0,15.0,3.0,11.0,14.0,3.305100823854623,-0.4984508518614094,11.45892034739131,0.0147511752309936,15.8,14.0,https://www.screener.in/company/SUPREMEIND/consolidated/,2026-09-01T23:39:41.636880+00:00
SURAJEST.NS,1284586,consolidated,2026-03-31,20.8206,15.0,20.8206,15.0,20.8206,15.0,22.0,70.0,,41.0,,,25.02929337594486,14.894162023592129,,0.649546827794562,9.52,39.0,https://www.screener.in/company/SURAJEST/consolidated/,2026-09-01T23:39:41.636880+00:00
SURAJLTD.NS,3283,consolidated,2026-03-31,37.8915,30.25,56.2671,54.35,64.4911,50.2,-18.0,,,-31.0,28.0,18.0,-28.122226085467062,84.57299595055024,,0.437956204379562,4.98,8.0,https://www.screener.in/company/SURAJLTD/consolidated/,2026-09-01T23:39:41.636880+00:00
SURAKSHA.NS,1285177,consolidated,2026-03-31,33.3022,44.0,33.3022,44.0,33.3022,44.0,18.0,32.0,,61.0,,,-59.70966528232249,-41.89768429070176,,0.5327868852459017,14.1,31.0,https://www.screener.in/company/SURAKSHA/consolidated/,2026-09-01T23:39:41.636880+00:00
SURANAT&P.NS,3287,consolidated,2026-03-31,19.3067,11.8,21.0045,13.4,24.8933,25.9,30.0,50.0,32.0,288.0,20.0,13.0,67.41543446194709,48.90257776314668,31.318823858703617,0.3681318681318681,14.7,-5.0,https://www.screener.in/company/SURANAT&P/consolidated/,2026-09-01T23:39:41.636880+00:00
SURYALA.NS,3298,consolidated,2026-03-31,7.7133,7.35,8.0959,8.0,8.0959,8.0,0.0,,,2.0,7.0,8.0,1.6494223683381382,,,0.285234899328859,12.6,11.0,https://www.screener.in/company/SURYALA/consolidated/,2026-09-01T23:39:41.636880+00:00
SURYAROSNI.NS,3292,consolidated,2026-03-31,18.3165,18.25,16.4752,16.4,15.5525,15.3,-2.0,12.0,15.0,-6.0,11.0,16.0,-5.217800177257049,12.519208715745522,12.099860026203002,0.0303720577069096,10.9,7.0,https://www.screener.in/company/SURYAROSNI/consolidated/,2026-09-01T23:39:41.636880+00:00
SUVEN.NS,3303,consolidated,2026-03-31,3.1447,3.2,3.1447,3.2,3.1447,3.2,-19.0,,,,37.0,41.0,,,,0.0287648054145516,-81.5,-4152.0,https://www.screener.in/company/SUVEN/consolidated/,2026-09-01T23:39:41.636880+00:00
SUYOG.NS,694435,consolidated,2026-03-31,20.3162,20.75,20.3162,20.75,20.3162,20.75,,,,,12.0,9.0,,,,0.7571428571428571,14.2,66.0,https://www.screener.in/company/SUYOG/consolidated/,2026-09-01T23:39:41.636880+00:00
SUZLON.NS,3305,consolidated,2026-03-31,70.1652,65.0,71.6117,72.0,58.009,45.65,41.0,45.0,23.0,163.0,52.0,12.0,0.7257147922375751,87.70298717728902,9.502190444699664,0.0587489433643279,39.7,17.0,https://www.screener.in/company/SUZLON/consolidated/,2026-09-01T23:39:41.636880+00:00
SVGLOBAL.NS,413816,consolidated,2026-03-31,319.7655,304.4,243.1439,199.1,195.3561,175.7,-21.0,,,,15.0,-1.0,,,,-0.0,-48.2,-831.84,https://www.screener.in/company/SVGLOBAL/consolidated/,2026-09-01T23:39:41.636880+00:00
SVPGLOB.NS,3312,consolidated,2026-03-31,11.2828,8.45,9.5005,7.65,11.0052,9.0,-82.0,,,-9.0,-51.0,-11.0,,22.24174536776837,22.729925086680105,,,-4206.0,https://www.screener.in/company/SVPGLOB/consolidated/,2026-09-01T23:39:41.636880+00:00
SWANCORP.NS,3315,consolidated,2026-03-31,47.969,43.75,48.9215,44.8,4467.2665,58.65,45.0,,,,17.0,16.0,,,,0.2826433121019108,-4.5,-6.0,https://www.screener.in/company/SWANCORP/consolidated/,2026-09-01T23:39:41.636880+00:00
SWARNSAR.NS,3318,consolidated,2026-03-31,5.85,5.8,5.85,5.8,5.85,5.8,1.0,18.0,16.0,25.0,19.0,3.0,25.29057538842201,17.707485716331806,16.45903835081748,0.5,9.19,2.3,https://www.screener.in/company/SWARNSAR/consolidated/,2026-09-01T23:39:41.636880+00:00
SWELECTES.NS,2309,consolidated,2026-03-31,54.4072,51.3,39.6976,26.75,31.3872,21.85,39.0,19.0,13.0,206.0,22.0,9.0,115.2268239938247,16.169125942954476,12.822421723557763,0.8664495114006515,5.34,23.0,https://www.screener.in/company/SWELECTES/consolidated/,2026-09-01T23:39:41.636880+00:00
SWISSMLTRY.NS,2242,consolidated,2026-03-31,69.0905,67.55,67.1994,65.85,67.1994,65.85,26.0,,,8.0,44.0,28.0,7.166457967424877,,,0.1176470588235294,5.88,3.9,https://www.screener.in/company/SWISSMLTRY/consolidated/,2026-09-01T23:39:41.636880+00:00
SWSOLAR.NS,1274686,consolidated,2026-03-31,37.5458,24.6,37.5458,24.6,23.0391,16.9,55.0,26.0,,32.0,-10.0,,,,,1.835130970724191,40.1,4.0,https://www.screener.in/company/SWSOLAR/consolidated/,2026-09-01T23:39:41.636880+00:00
SYMPHONY.NS,3327,consolidated,2026-03-31,46.5236,38.9,48.977,49.2,57.5096,54.45,-2.0,-30.0,-16.0,-45.0,-10.0,-7.0,,,,0.3174311926605505,2.96,13.0,https://www.screener.in/company/SYMPHONY/consolidated/,2026-09-01T23:39:41.636880+00:00
SYNCOMF.NS,3328,consolidated,2026-03-31,39.4703,39.9,47.5973,45.5,30.8967,22.0,30.0,,22.0,57.0,27.0,23.0,56.82738757241306,44.18109958630752,,0.0024096385542168,20.2,18.0,https://www.screener.in/company/SYNCOMF/consolidated/,2026-09-01T23:39:41.636880+00:00
SYNGENE.NS,1272977,consolidated,2026-03-31,57.3842,55.45,57.6,56.15,53.3595,55.0,5.0,0.0,,-8.0,-9.0,5.0,-12.091730883665598,-4.928924549384261,,0.0946476544740649,7.78,22.0,https://www.screener.in/company/SYNGENE/consolidated/,2026-09-01T23:39:41.636880+00:00
SYRMA.NS,1275268,consolidated,2026-03-31,71.5563,72.95,67.146,67.1,67.146,67.1,33.0,36.0,,39.0,,,34.65355120666147,-55.23697076060179,,0.13971358714635,14.0,11.0,https://www.screener.in/company/SYRMA/consolidated/,2026-09-01T23:39:41.636880+00:00
TAALTECH.NS,1273408,consolidated,2026-03-31,21.1329,21.15,19.0691,18.7,14.0045,15.85,7.0,5.0,81.0,10.0,34.0,35.0,22.00980392010812,12.270319856242317,,0.0040816326530612,18.3,31.0,https://www.screener.in/company/TAALTECH/consolidated/,2026-09-01T23:39:41.636880+00:00
TAJGVK.NS,3341,consolidated,2026-03-31,20.8797,20.8,26.2327,20.3,64.6581,27.15,10.0,35.0,39.0,3.0,21.0,9.0,63.5449406148729,,60.606804613455225,0.1248780487804878,12.0,31.0,https://www.screener.in/company/TAJGVK/consolidated/,2026-09-01T23:39:41.636880+00:00
TAKE.NS,3343,consolidated,2026-03-31,93.5056,95.0,93.5056,95.0,29.9464,13.9,-34.0,15.0,-27.0,27.0,-22.0,-21.0,,,-22.85666668394772,0.0,16.5,-2.1,https://www.screener.in/company/TAKE/consolidated/,2026-09-01T23:39:41.636880+00:00
TALBROAUTO.NS,3345,consolidated,2026-03-31,21.0975,21.0,17.6889,17.95,16.437,17.3,10.0,33.0,26.0,24.0,48.0,33.0,23.252791403094665,21.620046448860972,26.80066845392195,0.1130551816958277,15.1,16.0,https://www.screener.in/company/TALBROAUTO/consolidated/,2026-09-01T23:39:41.636880+00:00
TANAA.NS,3353,consolidated,2026-03-31,68.3437,55.35,53.9813,44.7,106.2979,44.7,8.0,22.0,20.0,15.0,46.0,21.0,14.327035322753812,21.391724527926325,,0.0,11.4,61.0,https://www.screener.in/company/TANAA/consolidated/,2026-09-01T23:39:41.636880+00:00
TANLA.NS,3355,consolidated,2026-03-31,18.6975,17.35,23.0141,20.4,26.6991,22.55,10.0,8.0,50.0,4.0,-10.0,33.0,4.845024731375003,7.956723198631588,49.03764391839802,0.0213022508038585,21.4,17.0,https://www.screener.in/company/TANLA/consolidated/,2026-09-01T23:39:41.636880+00:00
TARACHAND.NS,1274302,consolidated,2026-03-31,15.4778,15.9,15.4778,15.9,15.4778,15.9,,,,,44.0,,,,,0.9261744966442952,20.5,36.0,https://www.screener.in/company/TARACHAND/consolidated/,2026-09-01T23:39:41.636880+00:00
TARC.NS,1274820,consolidated,2026-03-31,245.827,195.2,175.1908,134.95,177.1622,142.6,-4.0,25.0,,-5.0,26.0,,-1.970958714277116,25.354177711631976,,1.7843691148775895,1.81,-22.0,https://www.screener.in/company/TARC/consolidated/,2026-09-01T23:39:41.636880+00:00
TARIL.NS,3458,consolidated,2026-03-31,112.2155,77.2,79.2618,38.2,63.774,33.0,22.0,106.0,44.0,87.0,86.0,35.0,78.84840134877362,100.78091489853529,,0.3016501650165016,19.1,15.0,https://www.screener.in/company/TARIL/consolidated/,2026-09-01T23:39:41.636880+00:00
TARMAT.NS,2777,consolidated,2026-03-31,77.6715,65.65,54.4542,34.6,45.383,32.2,-7.0,4.0,24.0,8.0,-2.0,2.0,-10.558302220863135,-8.39431881857805,14.374339491922372,0.0802139037433155,3.47,6.0,https://www.screener.in/company/TARMAT/consolidated/,2026-09-01T23:39:41.636880+00:00
TARSONS.NS,1275103,consolidated,2026-03-31,52.4418,54.85,42.5756,38.0,42.5756,38.0,,-26.0,,,,,-47.80722566263606,,,0.6188976377952756,2.38,27.0,https://www.screener.in/company/TARSONS/consolidated/,2026-09-01T23:39:41.636880+00:00
TATACAP.NS,1285728,consolidated,2026-03-31,29.5291,29.8,29.5291,29.8,29.5291,29.8,32.0,34.0,,17.0,,,10.300847137713752,28.974313563577205,,,12.4,,https://www.screener.in/company/TATACAP/consolidated/,2026-09-01T23:39:41.636880+00:00
TATACHEM.NS,3362,consolidated,2026-03-31,44.1303,47.6,35.5133,34.2,23.5564,12.2,-5.0,3.0,-10.0,-51.0,-6.0,10.0,,,,0.3772988776761294,1.27,11.0,https://www.screener.in/company/TATACHEM/consolidated/,2026-09-01T23:39:41.636880+00:00
TATACOMM.NS,3364,consolidated,2026-03-31,43.9532,40.35,35.7847,34.6,39.6824,33.15,12.0,-4.0,49.0,-15.0,5.0,18.0,-17.692176153238204,-4.345142810595792,61.01563542281427,3.553524804177546,32.6,19.0,https://www.screener.in/company/TATACOMM/consolidated/,2026-09-01T23:39:41.636880+00:00
TATACONSUM.NS,3367,consolidated,2026-03-31,79.0316,79.1,78.6214,76.9,60.0027,67.75,14.0,12.0,68.0,13.0,4.0,22.0,7.698712116943152,11.738957706843012,,0.1294290435101891,7.35,14.0,https://www.screener.in/company/TATACONSUM/consolidated/,2026-09-01T23:39:41.636880+00:00
TATAELXSI.NS,3366,consolidated,2015-03-31,378.3361,384.9,401.5924,407.05,240.1328,239.55,16.0,16.0,,43.0,-6.0,17.0,43.44111026528934,15.877620069349495,,0.0,39.3,21.0,https://www.screener.in/company/TATAELXSI/consolidated/,2026-09-01T23:39:41.636880+00:00
TATAINVEST.NS,3368,consolidated,2026-03-31,89.0373,88.85,69.5817,74.95,50.568,39.9,13.0,23.0,8.0,20.0,38.0,27.0,19.835040333713817,23.03295292205958,9.274948794311012,3.422079255355554e-05,1.44,89.0,https://www.screener.in/company/TATAINVEST/consolidated/,2026-09-01T23:39:41.636880+00:00
TATAPOWER.NS,3371,consolidated,2026-03-31,32.7899,31.75,32.3615,31.4,26.5626,25.05,4.0,27.0,118.0,6.0,21.0,16.0,3.959896346917224,27.146573666963224,16.95349180123531,1.9291831357048748,10.2,20.0,https://www.screener.in/company/TATAPOWER/consolidated/,2026-09-01T23:39:41.636880+00:00
TATASTEEL.NS,3373,consolidated,2026-03-31,57.7801,53.8,37.2648,26.7,26.3267,12.95,-2.0,8.0,24.0,10.0,5.0,18.0,6.454898596741354,6.681313648606846,,0.9042254348272926,11.7,15.0,https://www.screener.in/company/TATASTEEL/consolidated/,2026-09-01T23:39:41.636880+00:00
TATATECH.NS,1284568,consolidated,2026-03-31,50.9531,47.6,50.9531,47.6,50.9531,47.6,8.0,21.0,,-1.0,,,-4.347518473802648,,,0.2391027275044608,16.3,16.0,https://www.screener.in/company/TATATECH/consolidated/,2026-09-01T23:39:41.636880+00:00
TATVA.NS,1274895,consolidated,2026-03-31,118.0397,86.5,94.1728,76.9,93.9467,77.4,6.0,-4.0,,-5.0,-5.0,,-4.309069654821718,-7.125502067705513,,0.1536491677336747,5.54,19.0,https://www.screener.in/company/TATVA/consolidated/,2026-09-01T23:39:41.636880+00:00
TBOTEK.NS,1284773,consolidated,2026-03-31,76.0612,74.0,76.0612,74.0,76.0612,74.0,36.0,90.0,,19.0,,,17.58415684248529,,,0.4874274661508704,17.4,14.0,https://www.screener.in/company/TBOTEK/consolidated/,2026-09-01T23:39:41.636880+00:00
TBZ.NS,3469,consolidated,2026-03-31,15.8165,15.95,15.6431,15.8,20.0664,16.15,10.0,36.0,25.0,71.0,36.0,18.0,71.41318921903957,36.15413588460357,,1.0572792362768495,27.1,11.0,https://www.screener.in/company/TBZ/consolidated/,2026-09-01T23:39:41.636880+00:00
TCC.NS,25,consolidated,2026-03-31,40.8782,38.4,40.8782,38.4,40.8782,38.4,431.0,,,325.0,,,,,,0.1771150334753499,5.35,44.0,https://www.screener.in/company/TCC/consolidated/,2026-09-01T23:39:41.636880+00:00
TCI.NS,3461,consolidated,2026-03-31,19.6873,19.9,19.0565,19.1,19.3521,18.8,9.0,24.0,22.0,12.0,17.0,17.0,13.26805938141906,25.520510740242685,17.895363040539024,0.1215900233826968,19.2,11.0,https://www.screener.in/company/TCI/consolidated/,2026-09-01T23:39:41.636880+00:00
TCIEXP.NS,1273600,consolidated,2026-03-31,30.519,29.8,31.4721,31.0,31.4721,31.0,0.0,,,-16.0,-18.0,,-16.45050768896017,,,0.0769230769230769,10.4,10.0,https://www.screener.in/company/TCIEXP/consolidated/,2026-09-01T23:39:41.636880+00:00
TCPLPACK.NS,3384,consolidated,2026-03-31,23.1886,22.9,20.1592,20.0,18.2929,18.65,7.0,26.0,,3.0,49.0,20.0,-4.151977956057373,23.91820240657505,,0.8817802503477051,15.7,16.0,https://www.screener.in/company/TCPLPACK/consolidated/,2026-09-01T23:39:41.636880+00:00
TCS.NS,3365,consolidated,2026-03-31,25.9025,26.8,28.4019,29.7,26.7923,26.75,6.0,9.0,8.0,8.0,-9.0,7.0,5.69441047959276,9.180220435004284,8.246313728126275,0.1052126072361059,51.8,27.0,https://www.screener.in/company/TCS/consolidated/,2026-09-01T23:39:41.636880+00:00
TDPOWERSYS.NS,3385,consolidated,2026-03-31,50.4981,46.9,40.5363,39.1,38.4514,35.3,29.0,43.0,40.0,36.0,88.0,44.0,35.075698360321475,39.23489785762153,,0.0167910447761194,24.7,18.0,https://www.screener.in/company/TDPOWERSYS/consolidated/,2026-09-01T23:39:41.636880+00:00
TEAMLEASE.NS,1273242,consolidated,2026-03-31,33.9911,33.4,41.7912,38.9,55.0609,47.8,14.0,11.0,19.0,8.0,-22.0,1.0,8.55342648801438,12.941059222628915,19.096160022376687,0.1111111111111111,14.0,1.3,https://www.screener.in/company/TEAMLEASE/consolidated/,2026-09-01T23:39:41.636880+00:00
TECHM.NS,100068,consolidated,2026-03-31,39.4943,34.55,33.0473,30.3,25.201,20.6,2.0,2.0,5.0,1.0,3.0,13.0,-0.3371569760996507,1.4322497450161231,4.733158422822559,0.0738114532685035,17.5,17.0,https://www.screener.in/company/TECHM/consolidated/,2026-09-01T23:39:41.636880+00:00
TECHNOCRAF.NS,1286084,consolidated,2026-03-31,23.5,23.7,23.5,23.7,23.5,23.7,25.0,,,60.0,,,0.0695894448666578,,,0.5521472392638037,30.6,20.0,https://www.screener.in/company/TECHNOCRAF/consolidated/,2026-09-01T23:39:41.636880+00:00
TECHNOE.NS,1274597,consolidated,2026-03-31,43.4728,42.35,34.2679,31.75,35.9533,27.25,58.0,25.0,,34.0,27.0,,32.900300853218,19.77631618951716,,0.017320182824152,11.4,14.0,https://www.screener.in/company/TECHNOE/consolidated/,2026-09-01T23:39:41.636880+00:00
TECHNVISN.NS,3119,consolidated,2026-03-31,715.8173,177.65,441.1342,126.8,426.8438,135.0,21.0,-44.0,-6.0,0.0,89.0,50.0,0.0,-44.28603208843885,-6.562352546884254,1.3333333333333333,1.93,2.8,https://www.screener.in/company/TECHNVISN/consolidated/,2026-09-01T23:39:41.636880+00:00
TEGA.NS,1275116,consolidated,2026-03-31,56.0688,56.7,45.5807,46.3,45.5807,46.3,12.0,0.0,37.0,-8.0,,,-11.856214454981371,-4.3183505824273,,0.1168183152333431,5.94,8.0,https://www.screener.in/company/TEGA/consolidated/,2026-09-01T23:39:41.636880+00:00
TEJASNET.NS,1274086,consolidated,2026-03-31,81.4236,50.35,84.9234,56.6,48.9275,22.2,6.0,,,,8.0,,,,,1.4251108836574549,-26.8,-50.0,https://www.screener.in/company/TEJASNET/consolidated/,2026-09-01T23:39:41.636880+00:00
TEMBO.NS,1274396,consolidated,2026-03-31,19.3462,15.75,44.4336,26.7,51.6997,31.4,63.0,105.0,,136.0,19.0,,111.50497456784008,93.79319352450514,,0.8520971302428256,27.5,14.0,https://www.screener.in/company/TEMBO/consolidated/,2026-09-01T23:39:41.636880+00:00
TEMPSENS.NS,1286116,consolidated,2026-03-31,68.0,68.1,68.0,68.1,68.0,68.1,23.0,31.0,,28.0,,,-83.01347346587875,-61.21369920753084,,0.1569416498993963,14.4,23.0,https://www.screener.in/company/TEMPSENS/consolidated/,2026-09-01T23:39:41.636880+00:00
TENNIND.NS,1285764,consolidated,2026-03-31,35.6159,36.2,35.6159,36.2,35.6159,36.2,4.0,,,18.0,,,-5.650327549317947,,,0.0434056761268781,44.4,17.0,https://www.screener.in/company/TENNIND/consolidated/,2026-09-01T23:39:41.636880+00:00
TERAI.NS,3400,consolidated,2026-03-31,13.4845,12.5,15.5219,10.5,16.9533,11.5,-2.0,13.0,19.0,55.0,19.0,7.0,58.25124124036884,-7.927371243263625,16.974051509831888,0.2319391634980988,3.18,-5.68,https://www.screener.in/company/TERAI/consolidated/,2026-09-01T23:39:41.636880+00:00
TERASOFT.NS,3399,consolidated,2026-03-31,26.7038,22.35,25.9579,21.6,25.9579,21.6,22.0,,,93.0,41.0,14.0,92.69685518773429,,,0.2671232876712329,18.5,14.0,https://www.screener.in/company/TERASOFT/consolidated/,2026-09-01T23:39:41.636880+00:00
TEXINFRA.NS,3401,consolidated,2026-03-31,297.2038,296.5,327.8274,270.4,181.4239,72.0,2.0,11.0,-6.0,52.0,13.0,10.0,53.02500528744412,-0.2309493486911895,-7.119917045604119,0.0262955602219889,0.91,-34.14,https://www.screener.in/company/TEXINFRA/consolidated/,2026-09-01T23:39:41.636880+00:00
TEXMOPIPES.NS,3403,consolidated,2026-03-31,17.7025,9.5,17.73,14.1,15.741,13.85,-16.0,5.0,17.0,31.0,-2.0,4.0,,5.330521241467823,13.217360994503814,0.2391304347826087,6.3,9.0,https://www.screener.in/company/TEXMOPIPES/consolidated/,2026-09-01T23:39:41.636880+00:00
TEXRAIL.NS,3402,consolidated,2026-03-31,42.8741,27.05,96.9129,40.2,124.3069,63.3,25.0,68.0,39.0,94.0,30.0,1.0,80.96117443966043,61.27153223232356,23.32153521650715,0.3770008424599831,7.3,9.0,https://www.screener.in/company/TEXRAIL/consolidated/,2026-09-01T23:39:41.636880+00:00
TFCILTD.NS,3448,consolidated,2022-09-30,26.0013,21.0,18.5008,15.55,17.9658,14.6,,,,,57.0,32.0,,,,,9.87,,https://www.screener.in/company/TFCILTD/consolidated/,2026-09-01T23:39:41.636880+00:00
TFL.NS,3462,consolidated,2026-03-31,103.6115,108.4,103.6115,108.4,83.7755,58.1,7.0,-4.0,,17.0,24.0,4.0,,,,,-12.5,,https://www.screener.in/company/TFL/consolidated/,2026-09-01T23:39:41.636880+00:00
TGBHOTELS.NS,448,consolidated,2020-03-31,17.6833,15.95,17.6833,15.95,17.6833,15.95,-37.0,16.0,-21.0,29.0,5.0,-19.0,,,-20.809573685399094,0.1301424050632911,0.86,-64.97,https://www.screener.in/company/TGBHOTELS/consolidated/,2026-09-01T23:39:41.636880+00:00
THAKDEV.NS,3406,consolidated,2026-03-31,20.7978,19.9,12.4387,7.75,12.2899,7.85,-16.0,-15.0,8.0,-32.0,16.0,8.0,-31.843287811341327,-14.86484658921504,8.55275066467831,0.1089743589743589,3.33,27.0,https://www.screener.in/company/THAKDEV/consolidated/,2026-09-01T23:39:41.636880+00:00
THEINVEST.NS,1042,consolidated,2026-03-31,23.5652,20.2,47.0027,27.2,58.1339,30.75,-2.0,14.0,18.0,36.0,-5.0,-9.0,37.8266713165379,14.47508445747645,17.898953569413933,0.0761904761904762,4.01,17.0,https://www.screener.in/company/THEINVEST/consolidated/,2026-09-01T23:39:41.636880+00:00
THEJO.NS,1272810,consolidated,2026-03-31,46.1329,43.65,42.1935,39.65,32.9632,33.6,10.0,14.0,80.0,16.0,17.0,,14.437832756300706,12.508327028586953,72.0331536026199,0.1154929577464788,15.7,13.0,https://www.screener.in/company/THEJO/consolidated/,2026-09-01T23:39:41.636880+00:00
THELEELA.NS,1285468,consolidated,2026-03-31,37.7676,38.05,37.7676,38.05,37.7676,38.05,21.0,,,106.0,,,,,,0.2827920049968769,8.21,48.0,https://www.screener.in/company/THELEELA/consolidated/,2026-09-01T23:39:41.636880+00:00
THEMISMED.NS,3411,consolidated,2026-03-31,32.5287,30.2,24.5785,20.1,29.5263,26.7,-1.0,-46.0,-20.0,-69.0,3.0,8.0,-73.12196034667846,-50.10352055715072,-24.174586404768483,0.2512562814070351,0.41,-13.0,https://www.screener.in/company/THEMISMED/consolidated/,2026-09-01T23:39:41.636880+00:00
THERMAX.NS,3412,consolidated,2026-03-31,76.3076,72.15,73.5447,69.85,63.8544,63.3,10.0,18.0,7.0,7.0,22.0,17.0,16.96457817236785,28.380237591931,9.824058994623286,0.4239639639639639,10.6,8.0,https://www.screener.in/company/THERMAX/consolidated/,2026-09-01T23:39:41.636880+00:00
THOMASCOOK.NS,3416,consolidated,2026-03-31,34.5089,30.95,35.0019,31.4,50.2186,42.0,18.0,24.0,7.0,222.0,12.0,1.0,221.446207145244,,,0.2117046347211311,9.21,4.9,https://www.screener.in/company/THOMASCOOK/consolidated/,2026-09-01T23:39:41.636880+00:00
THYROCARE.NS,1273341,consolidated,2026-03-31,52.4854,51.5,44.1053,46.3,46.7033,45.85,16.0,8.0,12.0,36.0,7.0,11.0,36.12084644506353,7.508322483811369,12.29993177671933,0.0871794871794871,28.4,32.0,https://www.screener.in/company/THYROCARE/consolidated/,2026-09-01T23:39:41.636880+00:00
TI.NS,3421,consolidated,2026-03-31,35.7589,34.05,40.6155,37.1,40.6155,37.1,26.0,54.0,11.0,53.0,68.0,43.0,-52.99865837182204,,,0.7716297786720322,13.1,16.0,https://www.screener.in/company/TI/consolidated/,2026-09-01T23:39:41.636880+00:00
TIGERLOGS.NS,536263,consolidated,2020-09-30,15.444,14.6,17.5192,15.9,17.5192,15.9,0.0,,,,21.0,1.0,,,,0.3783783783783784,-21.0,-16.0,https://www.screener.in/company/TIGERLOGS/consolidated/,2026-09-01T23:39:41.636880+00:00
TIIL.NS,3388,consolidated,2026-03-31,21.8709,21.0,17.4107,18.55,13.5918,11.8,12.0,19.0,11.0,2.0,32.0,26.0,2.656890528138512,18.79488565826368,12.670352996936728,0.4048442906574394,15.0,18.0,https://www.screener.in/company/TIIL/consolidated/,2026-09-01T23:39:41.636880+00:00
TIINDIA.NS,1274187,consolidated,2026-03-31,82.1405,83.6,72.137,72.05,62.0654,64.3,15.0,17.0,,-11.0,16.0,,-12.718526595355018,18.1662730371392,,0.0972777706102438,9.95,10.0,https://www.screener.in/company/TIINDIA/consolidated/,2026-09-01T23:39:41.636880+00:00
TIMETECHNO.NS,3423,consolidated,2026-03-31,21.6715,21.5,17.4092,17.15,15.9274,15.2,12.0,35.0,13.0,29.0,39.0,16.0,25.20627100121136,32.9161106462063,11.18668210163838,0.1793052837573385,13.4,14.0,https://www.screener.in/company/TIMETECHNO/consolidated/,2026-09-01T23:39:41.636880+00:00
TIMKEN.NS,3426,consolidated,2026-03-31,57.9516,57.0,57.9516,57.0,57.9516,57.0,,,,,14.0,19.0,,,,0.0051475634866163,14.3,18.0,https://www.screener.in/company/TIMKEN/consolidated/,2026-09-01T23:39:41.636880+00:00
TINNARUBR.NS,3427,consolidated,2026-03-31,38.4785,33.65,30.8244,29.8,29.1363,27.5,22.0,238.0,34.0,36.0,86.0,43.0,32.02311484149658,,33.67907240743009,0.43,22.1,19.0,https://www.screener.in/company/TINNARUBR/consolidated/,2026-09-01T23:39:41.636880+00:00
TIRUMALCHM.NS,3415,consolidated,2026-03-31,16.95,10.2,14.4447,10.0,13.9718,11.0,-7.0,,,,-4.0,15.0,,,,1.3906649616368287,-11.8,1.1,https://www.screener.in/company/TIRUMALCHM/consolidated/,2026-09-01T23:39:41.636880+00:00
TITAGARH.NS,3435,consolidated,2026-03-31,58.4589,57.85,47.5523,49.05,65.7022,53.6,5.0,65.0,27.0,7.0,55.0,22.0,-5.706671592463042,,,0.2536644951140065,6.47,11.0,https://www.screener.in/company/TITAGARH/consolidated/,2026-09-01T23:39:41.636880+00:00
TITAN.NS,3437,consolidated,2026-03-31,87.4608,88.05,89.3954,86.8,86.9952,80.25,29.0,40.0,22.0,17.0,20.0,28.0,15.997020938459736,39.13165025727099,22.352448376519156,1.9500095523148444,37.7,10.0,https://www.screener.in/company/TITAN/consolidated/,2026-09-01T23:39:41.636880+00:00
TMCV.NS,1285768,consolidated,2026-03-31,34.346,38.0,34.346,38.0,34.346,38.0,,,,,,,,,,0.4409455002355897,34.0,13.0,https://www.screener.in/company/TMCV/consolidated/,2026-09-01T23:39:41.636880+00:00
TMPV.NS,3370,consolidated,2026-03-31,10.8134,8.6,14.0978,9.1,13.6088,9.3,-1.0,101.0,21.0,232.0,12.0,-1.0,213.37889218368989,,18.75423249607216,0.7059017739229754,75.7,4.9,https://www.screener.in/company/TMPV/consolidated/,2026-09-01T23:39:41.636880+00:00
TNPETRO.NS,3352,consolidated,2026-03-31,12.7861,13.0,10.1706,9.05,8.7205,6.9,-12.0,-4.0,18.0,0.0,2.0,20.0,1.1332409432130763,-5.045804816027388,10.200727101948123,0.4567779960707269,9.55,11.0,https://www.screener.in/company/TNPETRO/consolidated/,2026-09-01T23:39:41.636880+00:00
TOKYOPLAST.NS,3442,consolidated,2026-03-31,118.1429,118.65,111.5388,115.15,92.0344,60.6,,45.0,-18.0,,-6.0,2.0,,-2.5242614469207947,-16.65330613274284,0.771733928856277,1.01,8.07,https://www.screener.in/company/TOKYOPLAST/consolidated/,2026-09-01T23:39:41.636880+00:00
TOLINS.NS,1284968,consolidated,2026-03-31,15.3612,14.2,15.3612,14.2,15.3612,14.2,,,,,,,,,,0.0304709141274238,10.4,14.0,https://www.screener.in/company/TOLINS/consolidated/,2026-09-01T23:39:41.636880+00:00
TORNTPHARM.NS,3445,consolidated,2026-03-31,61.4646,60.95,54.1821,56.35,44.6617,41.9,13.0,12.0,2.0,22.0,26.0,20.0,20.217860001764087,11.56050897709826,2.2397359581316945,1.7913686218407248,27.4,33.0,https://www.screener.in/company/TORNTPHARM/consolidated/,2026-09-01T23:39:41.636880+00:00
TORNTPOWER.NS,3446,consolidated,2026-03-31,28.0437,27.1,23.095,22.1,18.5579,16.35,4.0,12.0,10.0,4.0,20.0,21.0,2.860359903628296,12.288820674911328,9.856329260913643,0.7324246395806029,12.5,19.0,https://www.screener.in/company/TORNTPOWER/consolidated/,2026-09-01T23:39:41.636880+00:00
TOTAL.NS,1274115,consolidated,2026-03-31,51.3782,14.2,37.0686,16.2,24.288,10.2,2.0,62.0,10.0,14.0,6.0,,14.19681731644291,,,0.4444444444444444,8.97,2.5,https://www.screener.in/company/TOTAL/consolidated/,2026-09-01T23:39:41.636880+00:00
TOUCHWOOD.NS,1274221,consolidated,2026-03-31,39.6772,23.2,56.2214,50.6,58.3483,52.0,27.0,33.0,,24.0,-13.0,,14.523742098199977,30.618389979509743,,0.0802539106778508,9.63,8.91,https://www.screener.in/company/TOUCHWOOD/consolidated/,2026-09-01T23:39:41.636880+00:00
TOYAMSL.NS,1041628,consolidated,2026-03-31,182.6827,58.5,253.6681,233.0,253.6681,233.0,-35.0,,,7.0,-28.0,-28.0,,,,0.0,-3.35,-2026.0,https://www.screener.in/company/TOYAMSL/consolidated/,2026-09-01T23:39:41.636880+00:00
TPLPLASTEH.NS,3451,consolidated,2026-03-31,40.9759,28.45,37.6866,32.0,28.3292,25.1,16.0,29.0,,24.0,17.0,3.0,21.88414181546488,22.00171876667025,,0.1124260355029585,18.4,11.0,https://www.screener.in/company/TPLPLASTEH/consolidated/,2026-09-01T23:39:41.636880+00:00
TRANSCOR.NS,3457,consolidated,2026-03-31,43.1748,14.3,40.9942,13.2,39.4518,25.3,-32.0,30.0,17.0,274.0,8.0,4.0,154.26031963352585,,16.728464364825157,0.2054794520547945,12.0,1.1,https://www.screener.in/company/TRANSCOR/consolidated/,2026-09-01T23:39:41.636880+00:00
TRANSRAILL.NS,1285196,consolidated,2026-03-31,22.1382,24.2,22.1382,24.2,22.1382,24.2,30.0,33.0,,56.0,,,-13.95142554019426,-25.353439747706474,,0.2972380534853134,20.0,12.0,https://www.screener.in/company/TRANSRAILL/consolidated/,2026-09-01T23:39:41.636880+00:00
TRAVELFOOD.NS,1285532,consolidated,2026-03-31,41.4656,40.1,41.4656,40.1,41.4656,40.1,16.0,54.0,28.0,23.0,,,-62.39072399962326,,,0.1697851697851697,35.3,39.0,https://www.screener.in/company/TRAVELFOOD/consolidated/,2026-09-01T23:39:41.636880+00:00
TREEHOUSE.NS,3464,consolidated,2026-03-31,14.6536,13.4,14.6536,13.4,14.6536,13.4,-27.0,11.0,,20.0,-6.0,-15.0,,,,0.0333333333333333,-5.42,-367.0,https://www.screener.in/company/TREEHOUSE/consolidated/,2026-09-01T23:39:41.636880+00:00
TREJHARA.NS,1274610,consolidated,2026-03-31,83.5848,60.6,52.5463,28.5,37.8865,8.2,85.0,-4.0,,28.0,19.0,,,-17.725067634646873,,0.0774410774410774,3.31,7.0,https://www.screener.in/company/TREJHARA/consolidated/,2026-09-01T23:39:41.636880+00:00
TREL.NS,1284455,consolidated,2026-03-31,24.1092,24.85,24.1092,24.85,24.1092,24.85,-15.0,,,2.0,,,,,,-0.0,2.94,52.0,https://www.screener.in/company/TREL/consolidated/,2026-09-01T23:39:41.636880+00:00
TRENT.NS,3467,consolidated,2026-03-31,138.7437,133.35,176.7439,146.3,162.714,140.05,35.0,69.0,43.0,71.0,34.0,34.0,56.95960223164751,,40.06211303847864,0.3666428060128847,27.7,19.0,https://www.screener.in/company/TRENT/consolidated/,2026-09-01T23:39:41.636880+00:00
TRF.NS,3468,consolidated,2026-03-31,16.9057,15.1,13.6854,14.45,13.6854,14.45,-22.0,15.0,8.0,-62.0,13.0,-3.0,,,,,,7.82,https://www.screener.in/company/TRF/consolidated/,2026-09-01T23:39:41.636880+00:00
TRIDENT.NS,3473,consolidated,2026-03-31,43.0367,44.1,38.7393,36.0,26.4929,26.0,2.0,3.0,4.0,-6.0,0.0,17.0,-4.886005123890358,4.28361890406388,4.423693007594887,0.3832774518021793,7.91,13.0,https://www.screener.in/company/TRIDENT/consolidated/,2026-09-01T23:39:41.636880+00:00
TRIGYN.NS,3475,consolidated,2026-03-31,20.6113,19.95,14.8614,10.1,9.9213,8.25,-8.0,-49.0,-25.0,-61.0,-12.0,-5.0,-61.35218116331266,-49.70145670719862,-25.89794752022664,0.0125470514429109,0.27,0.9,https://www.screener.in/company/TRIGYN/consolidated/,2026-09-01T23:39:41.636880+00:00
TRITONV.NS,3483,consolidated,2026-03-31,80.8824,68.2,74.8254,65.4,59.1647,59.45,17.0,7.0,,48.0,28.0,16.0,,-0.0631712443697529,,1.03125,8.99,7.0,https://www.screener.in/company/TRITONV/consolidated/,2026-09-01T23:39:41.636880+00:00
TRITURBINE.NS,3486,consolidated,2026-03-31,58.8361,55.6,57.2527,55.2,44.5312,42.5,20.0,25.0,12.0,25.0,32.0,17.0,21.9850720369571,28.252749570841807,12.39232566878159,0.0248962655601659,25.2,19.0,https://www.screener.in/company/TRITURBINE/consolidated/,2026-09-01T23:39:41.636880+00:00
TRIVENI.NS,1272591,consolidated,2026-03-31,17.2234,17.4,14.2183,11.35,10.5548,8.9,4.0,-1.0,43.0,-19.0,21.0,24.0,-46.86562920066408,0.1636669972163051,,0.6464253664373317,8.68,8.0,https://www.screener.in/company/TRIVENI/consolidated/,2026-09-01T23:39:41.636880+00:00
TRU.NS,1273628,consolidated,2026-03-31,216.8168,133.3,384.9484,185.45,384.9484,185.45,-12.0,,,,-50.0,,,,,,-106.0,,https://www.screener.in/company/TRU/consolidated/,2026-09-01T23:39:41.636880+00:00
TRUALT.NS,1285696,consolidated,2026-03-31,24.1416,21.05,24.1416,21.05,24.1416,21.05,31.0,,,39.0,,,24.418411256478056,,,1.0861275476660093,8.38,19.0,https://www.screener.in/company/TRUALT/consolidated/,2026-09-01T23:39:41.636880+00:00
TSFINV.NS,1274315,consolidated,2026-03-31,15.7752,13.5,14.1253,12.7,14.6839,13.3,124.0,45.0,,26.0,39.0,,29.966995621636737,47.80453404289497,,0.0389524283109564,8.23,20.0,https://www.screener.in/company/TSFINV/consolidated/,2026-09-01T23:39:41.636880+00:00
TTKPRESTIG.NS,3488,consolidated,2026-03-31,48.8671,47.9,45.6469,44.15,46.5913,46.4,2.0,-5.0,4.0,-12.0,-8.0,4.0,-13.84121613243786,-7.239724645079148,3.5444361566979943,0.0878787878787878,8.97,10.0,https://www.screener.in/company/TTKPRESTIG/consolidated/,2026-09-01T23:39:41.636880+00:00
TVSELECT.NS,1272519,consolidated,2019-03-31,75.5892,73.6,65.9011,67.2,62.4013,61.15,67.0,64.0,14.0,59.0,20.0,16.0,25.912814782900615,74.17601355344775,,0.0,11.6,0.6,https://www.screener.in/company/TVSELECT/consolidated/,2026-09-01T23:39:41.636880+00:00
TVSHLTD.NS,3252,consolidated,2026-03-31,20.8684,19.9,18.7473,18.1,19.1565,18.4,20.0,39.0,20.0,40.0,35.0,21.0,37.685570938675525,39.26589657408475,19.238280407752907,5.591710485617074,30.6,16.0,https://www.screener.in/company/TVSHLTD/consolidated/,2026-09-01T23:39:41.636880+00:00
TVSMOTOR.NS,3502,consolidated,2026-03-31,62.0127,61.25,53.8118,56.45,50.9398,51.8,21.0,38.0,23.0,33.0,51.0,29.0,31.450465881585487,38.40261923986385,21.542764588283458,3.4282279142707788,33.6,15.0,https://www.screener.in/company/TVSMOTOR/consolidated/,2026-09-01T23:39:41.636880+00:00
TVSSCS.NS,1284449,consolidated,2026-03-31,147.9437,48.3,148.5259,48.5,148.5259,48.5,3.0,29.0,,71.0,,,33.441553321958104,,,1.355140186915888,9.7,7.0,https://www.screener.in/company/TVSSCS/consolidated/,2026-09-01T23:39:41.636880+00:00
TVSSRICHAK.NS,3503,consolidated,2026-03-31,56.7418,41.9,45.0729,33.9,32.1479,21.8,7.0,-1.0,-9.0,-5.0,20.0,8.0,-2.9776549776856065,-0.7401057573526382,-9.15920545390466,0.6439966414777498,5.89,8.0,https://www.screener.in/company/TVSSRICHAK/consolidated/,2026-09-01T23:39:41.636880+00:00
TVTODAY.NS,3499,consolidated,2026-03-31,21.1089,23.4,17.2466,13.45,17.199,14.4,-3.0,-32.0,-13.0,-42.0,-18.0,-10.0,-45.4559114130391,-35.819967850932365,-13.819566862160473,0.0168350168350168,2.11,4.8,https://www.screener.in/company/TVTODAY/consolidated/,2026-09-01T23:39:41.636880+00:00
UBL.NS,3548,consolidated,2026-03-31,120.2956,116.95,115.5221,115.35,111.1797,106.9,7.0,24.0,2.0,2.0,-4.0,5.0,10.769546894097592,29.56957725463409,3.3153824840859603,0.2912428129146395,7.69,8.0,https://www.screener.in/company/UBL/consolidated/,2026-09-01T23:39:41.636880+00:00
UCOBANK.NS,3521,consolidated,2025-03-31,22.369,19.2,21.3996,18.0,21.3996,18.0,19.0,,,37.0,14.0,-5.0,34.48083668017652,,,,8.5,,https://www.screener.in/company/UCOBANK/consolidated/,2026-09-01T23:39:41.636880+00:00
UDS.NS,1284513,consolidated,2026-03-31,17.5147,16.15,17.5147,16.15,17.5147,16.15,12.0,13.0,,35.0,,,,,,0.0427756653992395,8.83,4.6,https://www.screener.in/company/UDS/consolidated/,2026-09-01T23:39:41.636880+00:00
UEL.NS,1928,consolidated,2018-03-31,692.6341,786.8,381.7176,23.2,202.7718,27.5,44.0,,,12.0,167.0,33.0,13.040381433805573,,,0.641860465116279,8.03,12.0,https://www.screener.in/company/UEL/consolidated/,2026-09-01T23:39:41.636880+00:00
UFLEX.NS,3522,consolidated,2026-03-31,19.5492,16.8,12.7962,11.45,9.1858,5.9,2.0,-17.0,1.0,-17.0,6.0,10.0,-12.95143288103745,-17.761308751761273,0.1030641721071035,1.2499384388081751,4.27,14.0,https://www.screener.in/company/UFLEX/consolidated/,2026-09-01T23:39:41.636880+00:00
UFO.NS,1270842,consolidated,2026-03-31,33.0685,21.55,33.0685,21.55,21.946,16.6,7.0,17.0,-11.0,51.0,-6.0,-18.0,,,-12.01068790869022,0.2892307692307692,6.33,16.0,https://www.screener.in/company/UFO/consolidated/,2026-09-01T23:39:41.636880+00:00
UGARSUGAR.NS,3523,consolidated,2023-09-30,9.8835,8.35,12.6462,12.9,12.6449,12.15,27.0,,,96.0,14.0,3.0,95.81466516090538,,,1.308139534883721,60.2,10.0,https://www.screener.in/company/UGARSUGAR/consolidated/,2026-09-01T23:39:41.636880+00:00
UGROCAP.NS,645,consolidated,2026-03-31,8.59,8.65,8.59,8.65,8.59,8.65,,,,,-6.0,12.0,,,,,6.02,,https://www.screener.in/company/UGROCAP/consolidated/,2026-09-01T23:39:41.636880+00:00
ULTRACEMCO.NS,3525,consolidated,2026-03-31,47.8481,47.5,41.9889,43.95,39.9841,41.1,12.0,8.0,13.0,17.0,8.0,11.0,16.464632084834086,7.923379918073459,11.865167574751425,0.3100203591564001,11.1,19.0,https://www.screener.in/company/ULTRACEMCO/consolidated/,2026-09-01T23:39:41.636880+00:00
ULTRAMAR.NS,3524,consolidated,2026-03-31,19.138,18.15,18.0924,17.1,17.3434,16.8,12.0,7.0,,5.0,2.0,12.0,5.285349529524575,7.6758472596625715,,0.0988505747126436,8.59,17.0,https://www.screener.in/company/ULTRAMAR/consolidated/,2026-09-01T23:39:41.636880+00:00
UMESLTD.NS,3573,consolidated,2026-03-31,92.6797,63.15,173.4639,129.0,166.5229,124.4,10.0,69.0,8.0,80.0,7.0,5.0,95.74338205844316,71.87719275874788,,0.0938775510204081,4.81,51.16,https://www.screener.in/company/UMESLTD/consolidated/,2026-09-01T23:39:41.636880+00:00
UMIYA-MRO.NS,2142,consolidated,2026-03-31,25.7933,25.15,23.3376,21.9,23.3376,21.9,29.0,,,3.0,15.0,8.0,,,,1.1043478260869566,-3.61,39.0,https://www.screener.in/company/UMIYA-MRO/consolidated/,2026-09-01T23:39:41.636880+00:00
UNICHEMLAB.NS,3531,consolidated,2026-03-31,55.7147,30.7,64.8664,44.7,48.656,26.15,18.0,25.0,-3.0,35.0,14.0,8.0,,49.12047856852831,11.67779856164708,0.1840264998159735,3.17,10.0,https://www.screener.in/company/UNICHEMLAB/consolidated/,2026-09-01T23:39:41.636880+00:00
UNIECOM.NS,1284886,consolidated,2026-03-31,61.2036,57.1,61.2036,57.1,61.2036,57.1,,,,,,,,,,0.0466321243523316,15.6,15.0,https://www.screener.in/company/UNIECOM/consolidated/,2026-09-01T23:39:41.636880+00:00
UNIINFO.NS,1274295,consolidated,2026-03-31,54.3293,47.35,49.4545,35.2,36.4802,20.3,7.0,13.0,,,-15.0,,,,,0.1681332495285983,-2.1,0.94,https://www.screener.in/company/UNIINFO/consolidated/,2026-09-01T23:39:41.636880+00:00
UNIMECH.NS,1285207,consolidated,2026-03-31,71.8511,66.05,71.8511,66.05,71.8511,66.05,37.0,,,35.0,,,-82.15482114743918,,,0.1723202170963365,7.96,33.0,https://www.screener.in/company/UNIMECH/consolidated/,2026-09-01T23:39:41.636880+00:00
UNIONBANK.NS,3536,consolidated,2026-03-31,6.5544,6.4,6.4229,6.3,8.6722,6.9,10.0,47.0,30.0,32.0,39.0,3.0,26.91301019638539,41.60417324043564,2.57843528976458,,15.7,,https://www.screener.in/company/UNIONBANK/consolidated/,2026-09-01T23:39:41.636880+00:00
UNIPARTS.NS,1275368,consolidated,2026-03-31,17.6297,18.0,16.9826,17.1,16.9826,17.1,-5.0,12.0,,-8.0,,,-8.245655343031345,11.653898243978931,,0.1781609195402299,18.3,22.0,https://www.screener.in/company/UNIPARTS/consolidated/,2026-09-01T23:39:41.636880+00:00
UNITDSPR.NS,3555,consolidated,2026-03-31,63.7443,62.3,63.0504,61.55,96.0521,70.55,6.0,35.0,29.0,23.0,14.0,12.0,17.367743411100744,36.7710760874816,29.53441380589512,0.0461297888975762,21.4,18.0,https://www.screener.in/company/UNITDSPR/consolidated/,2026-09-01T23:39:41.636880+00:00
UNITEDPOLY.NS,1273372,consolidated,2026-03-31,35.7689,30.8,35.7689,30.8,35.7689,30.8,,,,,97.0,,,,,0.7969924812030075,21.1,7.0,https://www.screener.in/company/UNITEDPOLY/consolidated/,2026-09-01T23:39:41.636880+00:00
UNITEDTEA.NS,3553,consolidated,2018-03-31,18.2196,18.8,16.3924,15.8,15.8002,14.7,,,,,2.0,1.0,,,,0.0,10.8,21.0,https://www.screener.in/company/UNITEDTEA/consolidated/,2026-09-01T23:39:41.636880+00:00
UNIVCABLES.NS,3560,consolidated,2026-03-31,21.2101,21.15,16.3931,16.5,12.6487,10.8,11.0,19.0,,11.0,57.0,33.0,11.350211167853775,19.389819523703068,,0.6224219989423585,8.9,9.0,https://www.screener.in/company/UNIVCABLES/consolidated/,2026-09-01T23:39:41.636880+00:00
UNOMINDA.NS,2090,consolidated,2026-03-31,59.7551,59.45,61.0118,59.7,54.8341,50.8,20.0,43.0,28.0,23.0,30.0,39.0,22.02192888165369,40.39871763991514,24.865275118999985,0.401230048323327,19.3,11.0,https://www.screener.in/company/UNOMINDA/consolidated/,2026-09-01T23:39:41.636880+00:00
UPL.NS,3554,consolidated,2026-03-31,31.1088,27.6,23.1328,19.1,23.4554,20.4,-1.0,-10.0,6.0,-21.0,-5.0,3.0,-18.628389106081933,-7.367912621546013,5.769642572453293,0.6795019598801014,5.64,17.0,https://www.screener.in/company/UPL/consolidated/,2026-09-01T23:39:41.636880+00:00
URBANCO.NS,1285641,consolidated,2026-03-31,33.4194,33.5,33.4194,33.5,33.4194,33.5,35.0,1.0,,8.0,,,,,,0.0634624358376108,-12.0,-20.0,https://www.screener.in/company/URBANCO/consolidated/,2026-09-01T23:39:41.636880+00:00
URJA.NS,3571,consolidated,2026-03-31,421.3595,414.6,401.8462,401.2,296.3408,301.9,19.0,-5.0,2.0,-4.0,8.0,26.0,0.0,0.0,4.137974399241062,0.0522442972774098,0.77,3.34,https://www.screener.in/company/URJA/consolidated/,2026-09-01T23:39:41.636880+00:00
USHAMART.NS,3574,consolidated,2026-03-31,27.0709,27.2,22.7782,24.2,21.3452,19.9,4.0,25.0,12.0,9.0,49.0,44.0,9.992351183743551,25.50620525531881,,0.0693519079345851,15.1,20.0,https://www.screener.in/company/USHAMART/consolidated/,2026-09-01T23:39:41.636880+00:00
UTIAMC.NS,1274795,consolidated,2026-03-31,20.0633,19.65,20.1107,20.0,20.7036,20.45,10.0,-1.0,,2.0,-6.0,,-2.992242585092197,-4.203327013635838,10.36171800168093,0.0312985571587125,10.3,45.0,https://www.screener.in/company/UTIAMC/consolidated/,2026-09-01T23:39:41.636880+00:00
UTLSOLAR.NS,1285766,consolidated,2026-03-31,36.2169,36.7,36.2169,36.7,36.2169,36.7,,73.0,,,,,,,,,,18.0,https://www.screener.in/company/UTLSOLAR/consolidated/,2026-09-01T23:39:41.636880+00:00
UTTAMSUGAR.NS,3579,consolidated,2026-03-31,9.9697,9.4,9.9697,9.4,9.9697,9.4,,,,,9.0,20.0,,,,0.8242009132420092,12.0,9.0,https://www.screener.in/company/UTTAMSUGAR/consolidated/,2026-09-01T23:39:41.636880+00:00
V2RETAIL.NS,3584,consolidated,2026-03-31,100.1241,85.7,100.1241,85.7,74.4705,69.0,54.0,67.0,,135.0,82.0,37.0,,,,1.1031042128603104,22.9,15.0,https://www.screener.in/company/V2RETAIL/consolidated/,2026-09-01T23:39:41.636880+00:00
VADILALIND.NS,3588,consolidated,2026-03-31,22.4627,22.25,22.3324,21.5,22.6719,21.4,12.0,102.0,26.0,15.0,48.0,30.0,17.22277998406032,101.84828522906685,26.520885827804875,0.2705882352941176,19.6,19.0,https://www.screener.in/company/VADILALIND/consolidated/,2026-09-01T23:39:41.636880+00:00
VADILENT.NS,3587,consolidated,2016-03-31,3422.9956,3746.35,2523.3118,1727.4,1513.7901,798.0,,,,,42.0,36.0,,,,1.2953367875647668,4.79,1.5,https://www.screener.in/company/VADILENT/consolidated/,2026-09-01T23:39:41.636880+00:00
VAIBHAVGBL.NS,3590,consolidated,2026-03-31,33.6652,27.85,35.1622,35.05,29.8019,26.1,11.0,0.0,21.0,37.0,-22.0,13.0,35.80618624556149,-0.939649353938654,20.588243475835032,0.2524271844660194,17.9,10.0,https://www.screener.in/company/VAIBHAVGBL/consolidated/,2026-09-01T23:39:41.636880+00:00
VAISHALI.NS,1274123,consolidated,2026-03-31,23.6286,23.6,23.6286,23.6,23.6286,23.6,,,,,16.0,,,,,0.2753623188405797,6.02,3.9,https://www.screener.in/company/VAISHALI/consolidated/,2026-09-01T23:39:41.636880+00:00
VAKRANGEE.NS,3592,consolidated,2026-03-31,306.6681,167.95,225.679,118.55,139.8265,61.9,9.0,-29.0,-30.0,117.0,-30.0,-24.0,115.44346900318838,-29.881987470452263,-30.36475357396843,0.0187793427230046,5.4,11.0,https://www.screener.in/company/VAKRANGEE/consolidated/,2026-09-01T23:39:41.636880+00:00
VARROC.NS,1274377,consolidated,2026-03-31,36.6589,37.7,43.7285,40.2,31.996,18.4,9.0,19.0,-4.0,32.0,26.0,,,,-27.22226486942816,0.5196629213483146,15.1,9.0,https://www.screener.in/company/VARROC/consolidated/,2026-09-01T23:39:41.636880+00:00
VASCONEQ.NS,3617,consolidated,2026-03-31,18.3696,17.5,20.3724,16.4,28.3352,16.6,-2.0,21.0,47.0,-37.0,3.0,-1.0,-22.25388350203096,,14.815536257299543,0.2610966057441253,2.22,5.0,https://www.screener.in/company/VASCONEQ/consolidated/,2026-09-01T23:39:41.636880+00:00
VASWANI.NS,3618,consolidated,2024-03-31,20.604,20.8,20.604,20.8,20.604,20.8,,,,,33.0,18.0,,,,,,5.0,https://www.screener.in/company/VASWANI/consolidated/,2026-09-01T23:39:41.636880+00:00
VBL.NS,1273562,consolidated,2025-12-31,67.1424,63.45,63.9584,59.5,65.385,58.3,18.0,50.0,40.0,24.0,27.0,,24.889272877751555,54.80714188204079,33.48443673434189,0.1281029727244866,16.2,23.0,https://www.screener.in/company/VBL/consolidated/,2026-09-01T23:39:41.636880+00:00
VEDAVAAG.NS,3624,consolidated,2026-03-31,13.6519,12.1,14.0821,14.2,11.1014,11.1,15.0,-6.0,0.0,-12.0,-21.0,-5.0,-12.466358990610315,-6.155110555646404,-5.257945146030341,0.006578947368421,3.45,9.0,https://www.screener.in/company/VEDAVAAG/consolidated/,2026-09-01T23:39:41.636880+00:00
VEDL.NS,2943,consolidated,2026-03-31,9.6652,8.75,6.8679,5.85,4.8611,3.2,-19.0,8.0,13.0,17.0,20.0,16.0,16.054402392020585,7.338289967994038,,0.6635583662289535,38.2,31.0,https://www.screener.in/company/VEDL/consolidated/,2026-09-01T23:39:41.636880+00:00
VEDPOWER.NS,1286015,consolidated,2026-03-31,18.096,18.2,18.096,18.2,18.096,18.2,,,,,,,,,,,,18.0,https://www.screener.in/company/VEDPOWER/consolidated/,2026-09-01T23:39:41.636880+00:00
VEEDOL.NS,3418,consolidated,2026-03-31,18.2259,17.2,17.3706,16.6,17.8372,17.1,5.0,6.0,8.0,18.0,-4.0,3.0,18.696379851298328,6.369124078584409,8.333685959285809,0.0154589371980676,19.5,12.0,https://www.screener.in/company/VEEDOL/consolidated/,2026-09-01T23:39:41.636880+00:00
VENTIVE.NS,1285201,consolidated,2026-03-31,72.2463,50.25,72.2463,50.25,72.2463,50.25,,,,,,,,,,0.467490010897203,8.33,43.0,https://www.screener.in/company/VENTIVE/consolidated/,2026-09-01T23:39:41.636880+00:00
VERANDA.NS,1275198,consolidated,2026-03-31,68.0258,70.5,68.0258,70.5,68.0258,70.5,44.0,37.0,,30.0,,,,,,0.3987473903966597,3.84,35.0,https://www.screener.in/company/VERANDA/consolidated/,2026-09-01T23:39:41.636880+00:00
VGCL.NS,1090808,consolidated,2026-03-31,10.5041,5.1,11.0307,4.95,46.8951,7.2,-3.0,-10.0,66.0,61.0,-5.0,10.0,,-12.956348761350268,69.06217607043136,,10.5,,https://www.screener.in/company/VGCL/consolidated/,2026-09-01T23:39:41.636880+00:00
VGL.NS,22,consolidated,2020-03-31,9.8729,9.9,9.8729,9.9,9.8729,9.9,,,,,44.0,4.0,,,,1.8138528138528136,-15.9,6.0,https://www.screener.in/company/VGL/consolidated/,2026-09-01T23:39:41.636880+00:00
VGUARD.NS,3583,consolidated,2026-03-31,55.9399,56.15,52.508,50.15,53.8765,53.6,13.0,10.0,,20.0,7.0,10.0,17.249283335089636,8.616940146690123,,0.0695322376738306,14.4,9.0,https://www.screener.in/company/VGUARD/consolidated/,2026-09-01T23:39:41.636880+00:00
VHL.NS,3609,consolidated,2026-03-31,5.119,5.0,4.2924,4.6,4.0824,4.1,28.0,11.0,3.0,-2.0,2.0,10.0,-1.845977180080094,10.77289641760597,3.1389743701356387,0.0,5.91,87.0,https://www.screener.in/company/VHL/consolidated/,2026-09-01T23:39:41.636880+00:00
VIDHIING.NS,3649,consolidated,2026-03-31,50.6203,54.35,46.0092,41.3,41.5944,38.05,-2.0,6.0,,9.0,1.0,21.0,9.08366174789843,6.009063749653909,,0.1768292682926829,15.6,19.0,https://www.screener.in/company/VIDHIING/consolidated/,2026-09-01T23:39:41.636880+00:00
VIDYAWIRES.NS,1285797,consolidated,2026-03-31,26.3144,26.75,26.3144,26.75,26.3144,26.75,22.0,,,39.0,,,-63.05716041730051,,,0.1770833333333333,17.8,4.5,https://www.screener.in/company/VIDYAWIRES/consolidated/,2026-09-01T23:39:41.636880+00:00
VIJAYA.NS,1274919,consolidated,2026-03-31,69.4823,68.25,57.7612,61.4,57.7612,61.4,21.0,14.0,,24.0,,,26.572024791272185,-2.04550700586178,,0.4420062695924764,18.3,42.0,https://www.screener.in/company/VIJAYA/consolidated/,2026-09-01T23:39:41.636880+00:00
VIJSOLX.NS,3651,consolidated,2026-03-31,19.1647,14.3,14.7982,12.0,12.5506,10.0,-1.0,-22.0,14.0,4.0,-25.0,17.0,4.299992045802115,-21.98308383883624,13.563808261157018,0.1846590909090909,5.56,1.5,https://www.screener.in/company/VIJSOLX/consolidated/,2026-09-01T23:39:41.636880+00:00
VIKASECO.NS,3655,consolidated,2026-03-31,46.7835,41.45,45.4006,40.0,45.4006,40.0,-4.0,,,-31.0,-9.0,-18.0,-41.51964523574267,-12.944943670387588,,0.0759493670886076,0.8,1.6,https://www.screener.in/company/VIKASECO/consolidated/,2026-09-01T23:39:41.636880+00:00
VIKASLIFE.NS,1274660,consolidated,2026-03-31,10.46,3.4,13.3236,13.25,13.3236,13.25,2.0,50.0,,47.0,-17.0,,,,,0.1902173913043478,3.4,-23.0,https://www.screener.in/company/VIKASLIFE/consolidated/,2026-09-01T23:39:41.636880+00:00
VIKRAMSOLR.NS,1285605,consolidated,2026-03-31,35.6885,16.65,35.6885,16.65,35.6885,16.65,32.0,65.0,,214.0,,,184.90096076525325,-4.414888802949424,,0.194453198865427,21.4,15.0,https://www.screener.in/company/VIKRAMSOLR/consolidated/,2026-09-01T23:39:41.636880+00:00
VIKRAN.NS,1285612,consolidated,2026-03-31,20.2028,20.4,20.2028,20.4,20.2028,20.4,,,,,,,,,,0.2431340872374798,10.8,14.0,https://www.screener.in/company/VIKRAN/consolidated/,2026-09-01T23:39:41.636880+00:00
VIMTALABS.NS,3661,consolidated,2024-09-30,33.7424,32.95,28.1733,24.75,29.4197,26.2,15.0,,,24.0,35.0,31.0,24.142896755342317,,,0.0350877192982456,13.5,34.0,https://www.screener.in/company/VIMTALABS/consolidated/,2026-09-01T23:39:41.636880+00:00
VINATIORGA.NS,3663,consolidated,2026-03-31,45.5316,47.2,50.3534,49.5,51.5306,50.0,3.0,11.0,,2.0,-7.0,16.0,1.6245999980729176,10.313457210493349,,0.0,14.9,28.0,https://www.screener.in/company/VINATIORGA/consolidated/,2026-09-01T23:39:41.636880+00:00
VINCOFE.NS,1270733,consolidated,2026-03-31,54.8253,51.65,54.8162,52.4,54.8162,52.4,106.0,,,165.0,26.0,,137.5527072259851,,,0.2175438596491228,16.6,18.0,https://www.screener.in/company/VINCOFE/consolidated/,2026-09-01T23:39:41.636880+00:00
VINDHYATEL.NS,3664,consolidated,2026-03-31,9.5506,9.9,9.3218,9.7,8.2048,8.0,7.0,-4.0,9.0,6.0,18.0,16.0,5.914714411803046,-4.003455170440217,8.78019350395245,0.3412604042806183,5.31,7.0,https://www.screener.in/company/VINDHYATEL/consolidated/,2026-09-01T23:39:41.636880+00:00
VIPIND.NS,3670,consolidated,2026-03-31,94.945,67.9,83.3707,62.45,64.1361,47.1,-4.0,,,,-9.0,9.0,,,,2.55363321799308,-92.4,-15.0,https://www.screener.in/company/VIPIND/consolidated/,2026-09-01T23:39:41.636880+00:00
VIRINCHI.NS,3678,consolidated,2026-03-31,35.7701,29.4,28.69,25.5,19.3514,11.5,-3.0,,,,-14.0,-9.0,,,,0.5537525354969574,-5.39,19.0,https://www.screener.in/company/VIRINCHI/consolidated/,2026-09-01T23:39:41.636880+00:00
VIRTUALG.NS,248883,consolidated,2026-03-31,98.8276,96.0,98.8276,96.0,98.8276,96.0,,,,,-13.0,-21.0,,,,0.0235811350919264,-0.49,-2933.33,https://www.screener.in/company/VIRTUALG/consolidated/,2026-09-01T23:39:41.636880+00:00
VISAKAIND.NS,3683,consolidated,2026-03-31,38.2679,32.7,21.9178,12.0,19.0979,10.1,0.0,-35.0,,-39.0,-9.0,9.0,16.803292501773992,-5.954897010300186,,0.366384522370012,1.68,10.0,https://www.screener.in/company/VISAKAIND/consolidated/,2026-09-01T23:39:41.636880+00:00
VISHAL.NS,994580,consolidated,2026-03-31,16.6574,15.35,16.6574,15.35,16.6574,15.35,,,,,-14.0,3.0,,,,0.347758887171561,6.33,7.0,https://www.screener.in/company/VISHAL/consolidated/,2026-09-01T23:39:41.636880+00:00
VISHNU.NS,3686,consolidated,2026-03-31,23.881,25.1,22.5393,24.2,21.2738,17.25,5.0,33.0,21.0,2.0,41.0,30.0,-2.589054895119558,29.596816007993954,19.493683790433455,0.4929840972871843,14.3,15.0,https://www.screener.in/company/VISHNU/consolidated/,2026-09-01T23:39:41.636880+00:00
VIVOBIOT.NS,3698,consolidated,2026-03-31,14.5955,14.4,18.7325,18.1,20.6228,17.8,1.0,,,,-28.0,-8.0,,,,0.723271790468012,-2.0,37.04,https://www.screener.in/company/VIVOBIOT/consolidated/,2026-09-01T23:39:41.636880+00:00
VIYASH.NS,2938,consolidated,2026-03-31,98.2865,56.65,96.56,63.3,70.7459,56.2,34.0,15.0,28.0,73.0,2.0,8.0,,1.1204426024345793,,0.1683270353830299,7.39,20.0,https://www.screener.in/company/VIYASH/consolidated/,2026-09-01T23:39:41.636880+00:00
VLSFINANCE.NS,3700,consolidated,2026-03-31,9.6886,4.4,7.7809,4.4,8.9855,5.4,-22.0,-37.0,14.0,-27.0,3.0,11.0,-21.77932531761366,-34.44715441720276,11.709414414240737,0.0,0.95,65.0,https://www.screener.in/company/VLSFINANCE/consolidated/,2026-09-01T23:39:41.636880+00:00
VMM.NS,1285185,consolidated,2026-03-31,91.07,95.55,91.07,95.55,91.07,95.55,19.0,48.0,,39.0,,,36.35509976436755,47.25153524094148,,0.2681775259678942,12.2,15.0,https://www.screener.in/company/VMM/consolidated/,2026-09-01T23:39:41.636880+00:00
VOEPL.NS,1275291,consolidated,2026-03-31,109.9017,103.2,109.9017,103.2,109.9017,103.2,,,,,,,,,,0.837378640776699,4.33,10.0,https://www.screener.in/company/VOEPL/consolidated/,2026-09-01T23:39:41.636880+00:00
VOLTAS.NS,3708,consolidated,2026-03-31,100.8975,91.75,89.9634,83.1,65.0628,61.45,14.0,-6.0,2.0,17.0,2.0,12.0,40.68227715981549,-6.467987091845884,-0.2944698695617864,0.1555834378920953,6.1,4.0,https://www.screener.in/company/VOLTAS/consolidated/,2026-09-01T23:39:41.636880+00:00
VRAJ.NS,1284832,consolidated,2026-03-31,11.2947,12.1,11.2947,12.1,11.2947,12.1,4.0,24.0,,-16.0,,,-55.3673910007122,-15.266342411384038,,0.1,7.75,10.0,https://www.screener.in/company/VRAJ/consolidated/,2026-09-01T23:39:41.636880+00:00
VSSL.NS,5313,consolidated,2025-03-31,23.5098,23.9,23.5098,23.9,23.5098,23.9,,,,,23.0,29.0,,,,0.150375939849624,12.1,8.0,https://www.screener.in/company/VSSL/consolidated/,2026-09-01T23:39:41.636880+00:00
VSTTILLERS.NS,3712,consolidated,2026-03-31,35.1937,35.05,34.45,34.65,34.45,34.65,7.0,,,5.0,10.0,8.0,4.2220987577825,,,0.0018281535648994,9.99,13.0,https://www.screener.in/company/VSTTILLERS/consolidated/,2026-09-01T23:39:41.636880+00:00
VTL.NS,3612,consolidated,2026-03-31,18.6778,18.9,15.2897,15.8,13.0628,12.1,-1.0,11.0,2.0,-4.0,9.0,12.0,-2.15520636208244,12.33540963588393,2.9239294632612545,0.1764314247669773,6.86,14.0,https://www.screener.in/company/VTL/consolidated/,2026-09-01T23:39:41.636880+00:00
WAAREEENER.NS,1285121,consolidated,2026-03-31,35.9505,36.9,35.9505,36.9,35.9505,36.9,58.0,143.0,,100.0,,,74.00273880827555,120.06116398675076,,0.2225377476104723,32.8,21.0,https://www.screener.in/company/WAAREEENER/consolidated/,2026-09-01T23:39:41.636880+00:00
WAAREERTL.NS,49530,consolidated,2026-03-31,64.0449,46.2,96.8521,45.55,111.9294,49.9,112.0,190.0,,105.0,86.0,69.0,105.0708472189835,,,0.1563169164882226,68.9,19.0,https://www.screener.in/company/WAAREERTL/consolidated/,2026-09-01T23:39:41.636880+00:00
WABAG.NS,3585,consolidated,2026-03-31,26.8728,29.2,21.729,17.65,19.9839,16.25,10.0,28.0,15.0,93.0,43.0,14.0,205.2761478768868,27.40934080145689,13.830082452849757,0.0887850467289719,15.9,11.0,https://www.screener.in/company/WABAG/consolidated/,2026-09-01T23:39:41.636880+00:00
WANBURY.NS,3726,consolidated,2025-03-31,28.9247,22.7,30.4137,23.2,23.3561,20.3,5.0,31.0,26.0,80.0,26.0,19.0,-27.971148876394917,-18.41826935498292,,3.0338983050847457,76.5,14.0,https://www.screener.in/company/WANBURY/consolidated/,2026-09-01T23:39:41.636880+00:00
WARDINMOBI.NS,1270747,consolidated,2026-03-31,122.4741,117.45,129.5914,134.4,132.9447,134.95,1.0,,,-40.0,-38.0,-1.0,-40.85503885405778,,,1.02,1.48,7.0,https://www.screener.in/company/WARDINMOBI/consolidated/,2026-09-01T23:39:41.636880+00:00
WATERBASE.NS,3729,consolidated,2026-03-31,62.3235,70.15,62.3235,70.15,62.3235,70.15,5.0,,,,-16.0,-8.0,,,,0.4184397163120567,-9.9,-1.1,https://www.screener.in/company/WATERBASE/consolidated/,2026-09-01T23:39:41.636880+00:00
WCIL.NS,1284983,consolidated,2026-03-31,18.8873,21.6,18.8873,21.6,18.8873,21.6,4.0,-3.0,,-18.0,,,-25.162311654752823,-19.570436866839003,,0.2606689734717416,4.58,4.4,https://www.screener.in/company/WCIL/consolidated/,2026-09-01T23:39:41.636880+00:00
WEALTH.NS,1273302,consolidated,2026-03-31,27.2108,27.0,24.487,22.75,22.6902,20.4,32.0,25.0,31.0,41.0,31.0,,40.86319304989389,24.60058140773236,31.04066865594706,0.0,27.7,64.0,https://www.screener.in/company/WEALTH/consolidated/,2026-09-01T23:39:41.636880+00:00
WEBELSOLAR.NS,3730,consolidated,2026-03-31,16.3375,15.15,16.3375,15.15,16.3375,15.15,,,,,62.0,35.0,,,,0.2079365079365079,66.9,37.0,https://www.screener.in/company/WEBELSOLAR/consolidated/,2026-09-01T23:39:41.636880+00:00
WEIZMANIND.NS,3732,consolidated,2026-03-31,24.7783,24.45,25.6785,25.0,22.5584,22.25,-2.0,5.0,5.0,12.0,10.0,10.0,12.30288121534102,4.896438776776591,5.408163248146436,0.0909090909090909,9.55,11.0,https://www.screener.in/company/WEIZMANIND/consolidated/,2026-09-01T23:39:41.636880+00:00
WEL.NS,1274682,consolidated,2026-03-31,118.7851,113.5,118.7851,113.5,118.7851,113.5,,,,,65.0,,,,,1.0865384615384617,8.95,4.4,https://www.screener.in/company/WEL/consolidated/,2026-09-01T23:39:41.636880+00:00
WELCORP.NS,3738,consolidated,2026-03-31,18.3551,17.4,18.2504,17.35,21.1564,18.2,20.0,21.0,29.0,119.0,85.0,41.0,97.81374118561196,15.757931741136687,26.73601380666051,0.2572083879423329,19.4,14.0,https://www.screener.in/company/WELCORP/consolidated/,2026-09-01T23:39:41.636880+00:00
WELENT.NS,3742,consolidated,2026-03-31,19.3139,19.85,17.7737,18.55,16.6523,15.6,9.0,24.0,89.0,12.0,49.0,28.0,-19.34956494914896,23.89444527788811,90.57753609910696,0.6527595269382391,13.6,20.0,https://www.screener.in/company/WELENT/consolidated/,2026-09-01T23:39:41.636880+00:00
WELSPUNLIV.NS,3740,consolidated,2026-03-31,31.3911,23.25,29.9855,22.8,21.2697,17.7,5.0,-17.0,-11.0,4.0,9.0,14.0,2.464038965577986,-16.884683394349498,-11.62537929110885,0.4708155379296319,4.47,9.0,https://www.screener.in/company/WELSPUNLIV/consolidated/,2026-09-01T23:39:41.636880+00:00
WENDT.NS,3745,consolidated,2026-03-31,68.0203,64.8,60.5015,56.3,55.9487,49.65,4.0,1.0,1.0,-32.0,13.0,15.0,-28.66943801112517,2.644201181753192,3.044406748796069,0.0,4.89,14.0,https://www.screener.in/company/WENDT/consolidated/,2026-09-01T23:39:41.636880+00:00
WESTLIFE.NS,3749,consolidated,2026-03-31,384.3503,162.8,351.8337,164.0,381.5935,213.8,5.0,12.0,0.0,,1.0,10.0,-33.877016479041565,,27.66439281750919,2.9159935379644586,-3.79,13.0,https://www.screener.in/company/WESTLIFE/consolidated/,2026-09-01T23:39:41.636880+00:00
WEWIN.NS,1274118,consolidated,2026-03-31,26.9741,30.15,26.4456,28.6,23.6745,24.4,24.0,32.0,,23.0,25.0,,22.984630056145484,31.89075884539037,,0.1082557018952778,15.0,6.21,https://www.screener.in/company/WEWIN/consolidated/,2026-09-01T23:39:41.636880+00:00
WEWORK.NS,1285729,consolidated,2026-03-31,116.556,119.8,116.556,119.8,116.556,119.8,23.0,,,36.0,,,,,,18.624161073825505,31.6,65.0,https://www.screener.in/company/WEWORK/consolidated/,2026-09-01T23:39:41.636880+00:00
WHBRADY.NS,540,consolidated,2026-03-31,21.788,21.85,18.0313,16.95,14.5946,13.0,6.0,3.0,4.0,-3.0,24.0,13.0,-3.155787703955215,2.8569383726913866,4.821963744371205,0.0881434355118565,5.86,4.83,https://www.screener.in/company/WHBRADY/consolidated/,2026-09-01T23:39:41.636880+00:00
WHEELS.NS,3751,consolidated,2026-03-31,22.8152,20.9,22.9958,21.35,27.1191,25.4,6.0,143.0,14.0,41.0,14.0,9.0,40.24211284944743,142.2757331187537,14.0283828802946,0.7377521613832853,15.8,8.0,https://www.screener.in/company/WHEELS/consolidated/,2026-09-01T23:39:41.636880+00:00
WHIRLPOOL.NS,3752,consolidated,2026-03-31,62.8595,49.85,67.0649,70.1,68.7978,71.15,6.0,-2.0,,13.0,-18.0,-1.0,10.281687090109305,-3.5460039148948685,,0.0862773371785628,7.71,4.9,https://www.screener.in/company/WHIRLPOOL/consolidated/,2026-09-01T23:39:41.636880+00:00
WILLAMAGOR.NS,3755,consolidated,2026-03-31,1.5179,1.4,1.3325,1.3,1.0238,0.7,-20.0,14.0,6.0,25.0,3.0,-9.0,,,,,,-14452.0,https://www.screener.in/company/WILLAMAGOR/consolidated/,2026-09-01T23:39:41.636880+00:00
WINDLAS.NS,1274901,consolidated,2026-03-31,27.0025,26.55,20.8256,21.6,20.7231,21.35,21.0,16.0,,17.0,21.0,,16.258571174966296,4.985740097478719,,0.0602409638554216,12.2,12.0,https://www.screener.in/company/WINDLAS/consolidated/,2026-09-01T23:39:41.636880+00:00
WINDMACHIN.NS,3757,consolidated,2026-03-31,52.0239,48.55,39.2087,35.5,52.8078,46.9,15.0,-36.0,-9.0,-36.0,60.0,24.0,-54.01793039364799,-46.97553274665407,-17.8490096045123,0.1740890688259109,0.2,4.9,https://www.screener.in/company/WINDMACHIN/consolidated/,2026-09-01T23:39:41.636880+00:00
WIPL.NS,1274054,consolidated,2026-03-31,48.9618,47.5,51.4886,45.5,53.0568,39.75,3.0,29.0,-15.0,-50.0,21.0,,-50.27216713259151,,-14.265051436724296,0.2045454545454545,1.0,2.0,https://www.screener.in/company/WIPL/consolidated/,2026-09-01T23:39:41.636880+00:00
WIPRO.NS,3763,consolidated,2026-03-31,20.6728,20.6,21.3466,20.15,19.4444,18.9,1.0,4.0,4.0,5.0,-11.0,7.0,6.754625358156718,5.014406468289345,6.407782934162287,0.2305297719810495,15.5,19.0,https://www.screener.in/company/WIPRO/consolidated/,2026-09-01T23:39:41.636880+00:00
WOCKPHARMA.NS,3767,consolidated,2026-03-31,223.6227,192.2,223.6227,192.2,176.3985,111.65,8.0,-19.0,1.0,43.0,37.0,9.0,,-22.745072770821963,-2.819142681736242,0.4520242914979757,6.11,22.0,https://www.screener.in/company/WOCKPHARMA/consolidated/,2026-09-01T23:39:41.636880+00:00
WORTHPERI.NS,1274149,consolidated,2026-03-31,13.5766,13.4,11.8893,12.2,10.6064,10.8,1.0,3.0,,-7.0,11.0,,-6.785365998456527,-1.755118229285968,,0.2234042553191489,8.14,11.0,https://www.screener.in/company/WORTHPERI/consolidated/,2026-09-01T23:39:41.636880+00:00
WPIL.NS,3770,consolidated,2026-03-31,27.7424,26.85,21.4076,19.7,24.7274,18.5,5.0,13.0,83.0,-6.0,38.0,28.0,-5.786349460609596,13.435219717234892,66.31242072193398,0.3155248271527341,10.7,17.0,https://www.screener.in/company/WPIL/consolidated/,2026-09-01T23:39:41.636880+00:00
WSI.NS,3719,consolidated,2026-03-31,72.4205,30.35,76.7104,31.1,60.7234,24.95,5.0,19.0,8.0,-44.0,50.0,18.0,-58.33286052545972,,,0.1734112823627666,0.8,4.86,https://www.screener.in/company/WSI/consolidated/,2026-09-01T23:39:41.636880+00:00
WSTCSTPAPR.NS,3747,consolidated,2026-03-31,10.6519,7.85,9.7901,7.5,9.9072,7.5,-5.0,115.0,,-46.0,23.0,21.0,-45.72687795430773,,,0.095620842572062,4.25,12.0,https://www.screener.in/company/WSTCSTPAPR/consolidated/,2026-09-01T23:39:41.636880+00:00
XCHANGING.NS,572,consolidated,2026-03-31,38.4626,22.5,30.4757,19.0,25.0626,18.1,5.0,-1.0,7.0,10.0,-11.0,-1.0,9.83617582582401,-0.9463129050985232,9.027454827432058,0.1792929292929292,15.8,34.0,https://www.screener.in/company/XCHANGING/consolidated/,2026-09-01T23:39:41.636880+00:00
XELPMOC.NS,1274619,consolidated,2026-03-31,247.5262,127.6,247.5262,127.6,247.5262,127.6,-37.0,,,17.0,-26.0,,,,,0.0092221331194867,-10.5,-181.38,https://www.screener.in/company/XELPMOC/consolidated/,2026-09-01T23:39:41.636880+00:00
XPROINDIA.NS,3775,consolidated,2026-03-31,92.3184,66.55,66.9477,50.35,65.8968,46.0,0.0,18.0,10.0,-25.0,34.0,43.0,-30.98077822957364,11.6524817118143,,0.4281949934123847,2.8,9.0,https://www.screener.in/company/XPROINDIA/consolidated/,2026-09-01T23:39:41.636880+00:00
XTGLOBAL.NS,1049,consolidated,2026-03-31,44.1494,43.8,38.9233,40.0,45.0806,43.3,15.0,4.0,,-3.0,-4.0,46.0,-2.921393755498425,-12.53428838047338,,0.2463054187192118,5.97,7.0,https://www.screener.in/company/XTGLOBAL/consolidated/,2026-09-01T23:39:41.636880+00:00
XTRANET.NS,1286053,consolidated,2026-03-31,15.1167,15.5,15.1167,15.5,15.1167,15.5,18.0,,,89.0,,,6.128384763595274,,,0.6323529411764706,34.8,17.0,https://www.screener.in/company/XTRANET/consolidated/,2026-09-01T23:39:41.636880+00:00
YASHO.NS,1274312,consolidated,2026-03-31,107.1456,87.95,80.3667,44.05,80.3667,44.05,7.0,3.0,,-28.0,46.0,,-29.40210819637199,1.2277259359208204,,1.2567567567567568,5.85,20.0,https://www.screener.in/company/YASHO/consolidated/,2026-09-01T23:39:41.636880+00:00
YATHARTH.NS,1284424,consolidated,2026-03-31,39.3411,38.65,39.2671,38.6,39.2671,38.6,36.0,57.0,,39.0,,,21.930557183449608,10.414972435274894,,0.148314606741573,10.4,23.0,https://www.screener.in/company/YATHARTH/consolidated/,2026-09-01T23:39:41.636880+00:00
YATRA.NS,1284491,consolidated,2026-03-31,132.8077,49.7,132.8077,49.7,132.8077,49.7,38.0,22.0,,89.0,,,64.45502715839883,,,0.1239470517448856,6.23,7.0,https://www.screener.in/company/YATRA/consolidated/,2026-09-01T23:39:41.636880+00:00
YESBANK.NS,3783,consolidated,2026-03-31,38.4658,26.85,40.0626,35.0,30.8928,24.2,10.0,25.0,3.0,69.0,15.0,-22.0,62.71024220942954,,-21.133014818303465,,7.1,,https://www.screener.in/company/YESBANK/consolidated/,2026-09-01T23:39:41.636880+00:00
YOGI.NS,2425,consolidated,2026-03-31,181.4229,39.95,181.4229,39.95,181.4229,39.95,,,,,89.0,35.0,,,,,16.7,,https://www.screener.in/company/YOGI/consolidated/,2026-09-01T23:39:41.636880+00:00
YUKEN.NS,3786,consolidated,2026-03-31,74.6968,62.4,64.7233,54.25,71.3767,55.9,7.0,75.0,25.0,21.0,10.0,28.0,10.09871211175819,19.446959530885888,,0.3074866310160428,4.3,11.0,https://www.screener.in/company/YUKEN/consolidated/,2026-09-01T23:39:41.636880+00:00
ZAGGLE.NS,1284492,consolidated,2026-03-31,63.7581,62.7,63.7581,62.7,63.7581,62.7,51.0,,,82.0,,,60.58547263065379,,,0.0391737891737891,10.4,9.0,https://www.screener.in/company/ZAGGLE/consolidated/,2026-09-01T23:39:41.636880+00:00
ZEEL.NS,3788,consolidated,2026-03-31,35.8468,28.25,33.1485,25.9,33.1231,27.7,0.0,-21.0,-10.0,95.0,-12.0,-16.0,78.42242808912694,-19.362943236621533,-10.456564720218177,0.0225916453537936,2.4,3.2,https://www.screener.in/company/ZEEL/consolidated/,2026-09-01T23:39:41.636880+00:00
ZEEMEDIA.NS,3790,consolidated,2026-03-31,149.1633,167.75,52.716,16.85,53.0657,14.5,2.0,-40.0,9.0,29.0,-3.0,-10.0,,-54.91219680830493,,0.3705357142857143,3.0,13.0,https://www.screener.in/company/ZEEMEDIA/consolidated/,2026-09-01T23:39:41.636880+00:00
ZENITHSTL.NS,3792,consolidated,2026-03-31,20.494,17.9,18.6154,16.3,18.6154,16.3,-31.0,2.0,8.0,30.0,37.0,22.0,,,,,,-28.06,https://www.screener.in/company/ZENITHSTL/consolidated/,2026-09-01T23:39:41.636880+00:00
ZENSARTECH.NS,3800,consolidated,2026-03-31,24.3785,24.9,23.1164,23.5,20.7446,20.6,5.0,18.0,10.0,34.0,1.0,9.0,33.00956150314383,20.6849445021817,10.133062013162796,0.0167408349226531,17.3,16.0,https://www.screener.in/company/ZENSARTECH/consolidated/,2026-09-01T23:39:41.636880+00:00
ZENTEC.NS,3791,consolidated,2026-03-31,65.9804,64.2,149.5843,76.1,122.8451,77.1,46.0,128.0,56.0,67.0,63.0,37.0,58.51850401732577,122.83916005172092,26.514178659449676,0.0100582318687136,10.7,33.0,https://www.screener.in/company/ZENTEC/consolidated/,2026-09-01T23:39:41.636880+00:00
ZFCVINDIA.NS,3720,consolidated,2026-03-31,62.2639,57.4,71.3489,68.2,71.3489,68.2,6.0,,,17.0,17.0,9.0,17.64121341468656,,,0.0149051490514905,14.6,16.0,https://www.screener.in/company/ZFCVINDIA/consolidated/,2026-09-01T23:39:41.636880+00:00
ZFSTEERING.NS,3802,consolidated,2026-03-31,40.7481,37.5,31.6233,25.15,26.6879,22.8,8.0,,-4.0,-14.0,8.0,-8.0,-14.410689813962463,-18.902797369769495,,0.2203742203742204,3.29,12.0,https://www.screener.in/company/ZFSTEERING/consolidated/,2026-09-01T23:39:41.636880+00:00
ZIMLAB.NS,1274362,consolidated,2026-03-31,36.7178,31.8,32.492,30.4,28.7853,28.9,-2.0,-17.0,-7.0,-44.0,20.0,,-39.855453115277015,-6.186130869652873,,0.4276094276094276,1.59,7.0,https://www.screener.in/company/ZIMLAB/consolidated/,2026-09-01T23:39:41.636880+00:00
ZODIAC.NS,1274211,consolidated,2026-03-31,25.0188,23.2,25.0188,23.2,25.0188,23.2,,,,,59.0,,,,,2.076923076923077,19.8,11.0,https://www.screener.in/company/ZODIAC/consolidated/,2026-09-01T23:39:41.636880+00:00
ZOTA.NS,1274070,consolidated,2026-03-31,265.7362,151.1,230.4317,128.0,230.4317,128.0,57.0,,,,22.0,,,,,0.3890489913544668,-15.0,0.5,https://www.screener.in/company/ZOTA/consolidated/,2026-09-01T23:39:41.636880+00:00
ZSARACOM.NS,2894,consolidated,2026-03-31,20.7481,12.35,16.395,10.95,14.8728,10.3,71.0,34.0,21.0,99.0,42.0,,95.05076725588016,31.635993855153856,,,8.92,,https://www.screener.in/company/ZSARACOM/consolidated/,2026-09-01T23:39:41.636880+00:00
ZUARI.NS,249383,consolidated,2026-03-31,4.2424,3.6,5.6258,4.4,5.9429,4.8,-11.0,17.0,9.0,-42.0,14.0,3.0,24.499602479930505,,,0.3073240785064624,1.24,9.0,https://www.screener.in/company/ZUARI/consolidated/,2026-09-01T23:39:41.636880+00:00
ZUARIIND.NS,3808,consolidated,2026-03-31,29.2309,23.1,21.3747,12.15,21.3747,12.15,3.0,28.0,17.0,-28.0,16.0,11.0,-29.69148894789237,,,0.7457198989615492,2.71,4.3,https://www.screener.in/company/ZUARIIND/consolidated/,2026-09-01T23:39:41.636880+00:00
ZYDUSLIFE.NS,567,consolidated,2026-03-31,22.5709,21.4,21.5977,21.25,23.0259,22.1,16.0,19.0,11.0,32.0,16.0,12.0,37.25888616128028,19.171021885015872,10.243224490909752,0.4609029212156978,21.2,29.0,https://www.screener.in/company/ZYDUSLIFE/consolidated/,2026-09-01T23:39:41.636880+00:00
ZYDUSWELL.NS,3810,consolidated,2026-03-31,45.0171,40.5,40.7286,36.05,40.705,36.2,21.0,-2.0,8.0,-10.0,3.0,12.0,-14.007146983985896,10.69718360117653,1.619201194313313,0.549776862341229,3.98,13.0,https://www.screener.in/company/ZYDUSWELL/consolidated/,2026-09-01T23:39:41.636880+00:00
