symbol,screener_company_id,statement_type,financial_reporting_date,pe_average_3y,pe_median_3y,pe_average_5y,pe_median_5y,pe_average_10y,pe_median_10y,sales_growth_3y,sales_growth_5y,sales_growth_10y,profit_growth_3y,profit_growth_5y,profit_growth_10y,eps_growth_3y,eps_growth_5y,eps_growth_10y,debt_to_equity,roe,opm,source_url,refreshed_at
20MICRONS.NS,11,consolidated,2026-03-31,11.9981,11.7,10.4115,10.0,9.8926,9.9,11.0,23.0,20.0,17.0,26.0,22.0,16.919569634326372,23.81116132628234,19.80141801671,0.3223140495867768,14.5,13.0,https://www.screener.in/company/20MICRONS/consolidated/,2026-07-24T13:30:05.610929+00:00
21STCENMGM.NS,3504,consolidated,2026-03-31,3.2241,2.0,2.6964,1.9,4.35,2.9,23.0,,,-13.0,11.0,8.0,,,,0.0,-57.2,17.0,https://www.screener.in/company/21STCENMGM/consolidated/,2026-07-24T13:30:05.610929+00:00
360ONE.NS,1274695,consolidated,2026-03-31,36.3828,36.9,32.4651,33.5,33.3659,34.6,28.0,27.0,,23.0,27.0,,17.449167573234714,23.314032361039928,,1.6196624644164297,14.4,62.0,https://www.screener.in/company/360ONE/consolidated/,2026-07-24T13:30:05.610929+00:00
3BBLACKBIO.NS,1778,consolidated,2026-03-31,25.1178,24.2,19.2973,19.3,17.9316,16.2,32.0,-12.0,68.0,31.0,12.0,62.0,25.48561699587985,-14.754439580276236,63.1796407525814,0.0092307692307692,19.8,40.0,https://www.screener.in/company/3BBLACKBIO/consolidated/,2026-07-24T13:30:05.610929+00:00
3IINFOLTD.NS,12,consolidated,2026-03-31,9.6937,9.4,12.2065,9.9,9.974,9.1,-2.0,14.0,8.0,133.0,19.0,15.0,190.15675801088005,-2.88950138320514,,0.1627296587926509,11.1,-1.0,https://www.screener.in/company/3IINFOLTD/consolidated/,2026-07-24T13:30:05.610929+00:00
3MINDIA.NS,13,consolidated,2024-03-31,61.9631,62.7,73.5456,65.6,82.3104,67.65,17.0,10.0,,53.0,8.0,9.0,53.16297654396451,9.763128266206444,,0.0083837913367489,30.5,19.0,https://www.screener.in/company/3MINDIA/consolidated/,2026-07-24T13:30:05.610929+00:00
3PLAND.NS,2591,consolidated,2026-03-31,34.772,34.5,32.9649,31.9,41.7987,31.15,23.0,77.0,28.0,12.0,14.0,11.0,12.054415102248006,,28.315327585610216,0.0,1.78,63.81,https://www.screener.in/company/3PLAND/consolidated/,2026-07-24T13:30:05.610929+00:00
5PAISA.NS,1274195,consolidated,2026-03-31,32.5764,32.6,51.2096,39.6,58.6353,40.9,-2.0,25.0,,0.0,-6.0,,-0.140994194744537,19.683999505668616,,0.5839753466872111,7.05,31.0,https://www.screener.in/company/5PAISA/consolidated/,2026-07-24T13:30:05.610929+00:00
63MOONS.NS,1018,consolidated,2026-03-31,23.2076,14.1,23.2076,14.1,25.2687,21.2,-10.0,,5.0,-9.0,45.0,24.0,,,,0.0008445945945945,-1.6,-133.0,https://www.screener.in/company/63MOONS/consolidated/,2026-07-24T13:30:05.610929+00:00
A2ZINFRA.NS,16,consolidated,2026-03-31,25.1164,23.4,25.1164,23.4,22.1176,22.0,3.0,16.0,7.0,-22.0,17.0,-12.0,,,,1.9795918367346936,15.4,2.0,https://www.screener.in/company/A2ZINFRA/consolidated/,2026-07-24T13:30:05.610929+00:00
AADHARHFC.NS,1284772,consolidated,2026-03-31,22.0217,21.2,22.0217,21.2,22.0217,21.2,22.0,27.0,,25.0,,,22.14798328902503,23.8814114047321,,,15.9,,https://www.screener.in/company/AADHARHFC/consolidated/,2026-07-24T13:30:05.610929+00:00
AAKASH.NS,1274334,consolidated,2024-09-30,18.8828,18.5,18.6194,18.2,18.6194,18.2,,,,,-19.0,,,,,0.2333333333333333,11.2,14.0,https://www.screener.in/company/AAKASH/consolidated/,2026-07-24T13:30:05.610929+00:00
AARTIDRUGS.NS,20,consolidated,2026-03-31,24.6248,25.4,23.7847,23.8,21.1038,21.1,-2.0,-7.0,11.0,5.0,-11.0,12.0,5.9493521191184895,-6.623882553668247,11.659454370351853,0.3724983860555197,13.4,12.0,https://www.screener.in/company/AARTIDRUGS/consolidated/,2026-07-24T13:30:05.610929+00:00
AARTIIND.NS,21,consolidated,2026-03-31,47.0089,46.2,41.1897,42.1,34.9837,32.15,8.0,-5.0,5.0,-9.0,-10.0,15.0,-8.39834240219396,-5.101886237013186,4.13347123277954,0.8339210747271201,7.13,14.0,https://www.screener.in/company/AARTIIND/consolidated/,2026-07-24T13:30:05.610929+00:00
AARTIPHARM.NS,1275418,consolidated,2026-03-31,26.1471,26.5,25.5661,26.05,25.5661,26.05,-2.0,,,-3.0,,,-3.3590304331914456,,,0.3549905838041431,8.59,20.0,https://www.screener.in/company/AARTIPHARM/consolidated/,2026-07-24T13:30:05.610929+00:00
AARTISURF.NS,1274763,consolidated,2026-03-31,32.5089,30.0,50.0697,37.5,105.0029,39.9,13.0,-11.0,,-1.0,-24.0,,-0.8097521382163131,-10.54307873974324,,0.4262295081967213,5.17,5.0,https://www.screener.in/company/AARTISURF/consolidated/,2026-07-24T13:30:05.610929+00:00
AARVI.NS,1274156,consolidated,2026-03-31,15.8242,15.7,14.4218,14.0,10.7344,11.3,14.0,11.0,22.0,6.0,16.0,,6.64962138437013,10.943724300935664,-17.51397825001061,0.1901408450704225,13.4,3.0,https://www.screener.in/company/AARVI/consolidated/,2026-07-24T13:30:05.610929+00:00
AAVAS.NS,1274569,consolidated,2024-03-31,26.3363,26.6,35.1257,28.6,44.6818,38.8,22.0,23.0,,19.0,-12.0,,18.99113953037732,22.42991713805236,,,13.9,,https://www.screener.in/company/AAVAS/consolidated/,2026-07-24T13:30:05.610929+00:00
ABB.NS,27,consolidated,2025-12-31,80.0605,80.15,80.0605,80.15,80.0605,80.15,,,,,34.0,21.0,108.22902015389552,,,0.010847371107708,22.4,14.0,https://www.screener.in/company/ABB/consolidated/,2026-07-24T13:30:05.610929+00:00
ABCAPITAL.NS,1274128,consolidated,2026-03-31,19.2484,18.1,18.7073,18.0,22.4615,20.8,15.0,28.0,22.0,-7.0,27.0,,-9.394109024525132,25.916087505854748,8.406821905502282,,12.0,,https://www.screener.in/company/ABCAPITAL/consolidated/,2026-07-24T13:30:05.610929+00:00
ABCOTS.NS,1275148,consolidated,2026-03-31,53.2977,47.95,53.2977,47.95,53.2977,47.95,21.0,,,89.0,,,46.65570029175372,,,0.9607843137254902,9.87,13.0,https://www.screener.in/company/ABCOTS/consolidated/,2026-07-24T13:30:05.610929+00:00
ABDL.NS,1284830,consolidated,2026-03-31,83.1978,67.8,83.1978,67.8,83.1978,67.8,8.0,147.0,,422.0,,,388.4994055649934,136.6243830938149,,0.6921226698737222,14.3,14.0,https://www.screener.in/company/ABDL/consolidated/,2026-07-24T13:30:05.610929+00:00
ABFRL.NS,486604,consolidated,2026-03-31,31.8535,32.3,30.04,28.7,30.04,28.7,-13.0,-2.0,,,-6.0,1.0,,,,1.0597602739726026,-11.7,8.0,https://www.screener.in/company/ABFRL/consolidated/,2026-07-24T13:30:05.610929+00:00
ABLBL.NS,1285513,consolidated,2026-03-31,58.0855,57.6,58.0855,57.6,58.0855,57.6,,,,,,,,,,2.1358811040339702,15.6,16.0,https://www.screener.in/company/ABLBL/consolidated/,2026-07-24T13:30:05.610929+00:00
ABMINTLLTD.NS,1273376,consolidated,2026-03-31,136.4823,88.3,77.7413,30.9,63.2466,35.25,-14.0,,,19.0,-18.0,,,,,0.7282229965156793,-17.2,-4.59,https://www.screener.in/company/ABMINTLLTD/consolidated/,2026-07-24T13:30:05.610929+00:00
ABMKNO.NS,38,consolidated,2026-03-31,25.6268,21.5,21.008,17.9,16.5129,13.4,9.0,-14.0,,-11.0,6.0,6.0,-10.618663068325484,-13.942564558538216,,0.0,3.96,14.0,https://www.screener.in/company/ABMKNO/consolidated/,2026-07-24T13:30:05.610929+00:00
ABREL.NS,613,consolidated,2026-03-31,106.993,74.1,97.8672,68.55,76.8588,52.5,-53.0,,,,14.0,16.0,,,,1.5228316671169957,-2.64,-90.0,https://www.screener.in/company/ABREL/consolidated/,2026-07-24T13:30:05.610929+00:00
ABSLAMC.NS,1274975,consolidated,2026-03-31,23.3917,23.3,19.9628,20.4,19.9628,20.4,15.0,13.0,,18.0,,,17.69032975277076,-35.06318925222052,,0.0158376639445681,25.2,59.0,https://www.screener.in/company/ABSLAMC/consolidated/,2026-07-24T13:30:05.610929+00:00
ACC.NS,39,consolidated,2026-03-31,20.6701,19.6,25.7222,22.2,26.9845,23.1,5.0,7.0,12.0,31.0,-11.0,-2.0,4.67965214924706,9.181342164008475,6.281872106295716,0.0208748965987056,10.9,10.0,https://www.screener.in/company/ACC/consolidated/,2026-07-24T13:30:05.610929+00:00
ACCELYA.NS,1688,consolidated,2025-12-31,18.5471,17.6,21.0981,19.3,20.7583,19.8,13.0,8.0,7.0,19.0,-4.0,0.0,19.197742638502447,8.24754911656569,6.70777945153298,0.3307984790874524,45.5,33.0,https://www.screener.in/company/ACCELYA/consolidated/,2026-07-24T13:30:05.610929+00:00
ACE.NS,53,consolidated,2026-03-31,39.4726,40.2,34.4506,30.3,43.1193,30.9,15.0,40.0,48.0,38.0,33.0,36.0,34.2418104573315,37.74454587040916,44.974241664513805,0.0039781203381402,22.9,16.0,https://www.screener.in/company/ACE/consolidated/,2026-07-24T13:30:05.610929+00:00
ACEINTEG.NS,1274098,consolidated,2025-03-31,70.3034,77.4,70.3034,77.4,70.3034,77.4,,,,,13.0,,,,,0.0079817559863169,-8.59,-28.07,https://www.screener.in/company/ACEINTEG/consolidated/,2026-07-24T13:30:05.610929+00:00
ACI.NS,1275357,consolidated,2026-03-31,34.7051,33.2,33.6089,32.2,33.6089,32.2,-9.0,,,-35.0,,,-34.69209936221063,,,0.2408268733850129,5.42,22.0,https://www.screener.in/company/ACI/consolidated/,2026-07-24T13:30:05.610929+00:00
ACMESOLAR.NS,1285145,consolidated,2026-03-31,80.6955,43.3,80.6955,43.3,80.6955,43.3,16.0,51.0,,149.0,,,,41.3218766418493,,3.931238885595732,10.4,88.0,https://www.screener.in/company/ACMESOLAR/consolidated/,2026-07-24T13:30:05.610929+00:00
ACSTECH.NS,1905,consolidated,2026-03-31,35.1625,31.9,35.1625,31.9,35.1625,31.9,56.0,,,40.0,,27.0,65.30694476794227,,,0.3507462686567164,6.84,7.0,https://www.screener.in/company/ACSTECH/consolidated/,2026-07-24T13:30:05.610929+00:00
ACUTAAS.NS,1274921,consolidated,2026-03-31,66.8955,62.8,61.265,59.05,61.265,59.05,30.0,46.0,,62.0,,,56.14003928554243,38.39539905554592,,0.0217654171704957,24.0,37.0,https://www.screener.in/company/ACUTAAS/consolidated/,2026-07-24T13:30:05.610929+00:00
ADANIENSOL.NS,1272969,consolidated,2026-03-31,71.772,68.5,125.4,91.7,81.6944,53.1,28.0,13.0,20.0,21.0,12.0,45.0,19.052468155127,11.288858368390953,18.951761968497483,1.9340071577457036,9.44,30.0,https://www.screener.in/company/ADANIENSOL/consolidated/,2026-07-24T13:30:05.610929+00:00
ADANIENT.NS,56,consolidated,2026-03-31,97.4758,102.1,157.4782,112.5,93.7831,70.7,-8.0,,,,17.0,50.0,55.315101266327616,57.37774158374294,24.304119164369983,1.3175246521513482,-3.38,14.0,https://www.screener.in/company/ADANIENT/consolidated/,2026-07-24T13:30:05.610929+00:00
ADANIGREEN.NS,1274366,consolidated,2026-03-31,135.079,122.8,293.9261,176.6,401.3418,218.9,18.0,44.0,70.0,17.0,7.0,,17.708711508133625,49.56818616350225,,5.186326070623592,11.4,86.0,https://www.screener.in/company/ADANIGREEN/consolidated/,2026-07-24T13:30:05.610929+00:00
ADANIPORTS.NS,57,consolidated,2026-03-31,28.3089,26.9,28.382,27.3,24.5523,23.9,23.0,21.0,16.0,27.0,21.0,23.0,31.253901408476104,17.724629625226317,14.791593006337834,0.6624287456101043,16.4,59.0,https://www.screener.in/company/ADANIPORTS/consolidated/,2026-07-24T13:30:05.610929+00:00
ADANIPOWER.NS,58,consolidated,2026-03-31,17.3134,15.8,16.1726,15.3,19.2481,16.2,12.0,58.0,37.0,6.0,60.0,44.0,6.202110138165407,58.77643946096809,35.050447915251425,0.8418929115912346,21.1,37.0,https://www.screener.in/company/ADANIPOWER/consolidated/,2026-07-24T13:30:05.610929+00:00
ADFFOODS.NS,62,consolidated,2026-03-31,35.0395,34.7,34.0582,33.1,31.0107,32.0,15.0,14.0,30.0,20.0,12.0,32.0,17.056187701141788,10.346016538582848,29.855457102131624,0.0961538461538461,17.7,19.0,https://www.screener.in/company/ADFFOODS/consolidated/,2026-07-24T13:30:05.610929+00:00
ADOR.NS,75,consolidated,2026-03-31,31.5866,28.2,30.9594,27.5,29.9625,25.5,,40.0,13.0,,15.0,18.0,12.360779353364816,19.6512246024805,7.234388989620877,0.0054151624548736,15.8,13.0,https://www.screener.in/company/ADOR/consolidated/,2026-07-24T13:30:05.610929+00:00
ADROITINFO.NS,687,consolidated,2026-03-31,23.6937,24.4,25.5773,23.1,21.3579,18.4,29.0,19.0,5.0,-4.0,10.0,-15.0,-6.655330175199248,,2.8625296063705896,0.3410263022176379,4.34,10.93,https://www.screener.in/company/ADROITINFO/consolidated/,2026-07-24T13:30:05.610929+00:00
ADSL.NS,137,consolidated,2026-03-31,22.0548,20.7,19.7245,19.2,17.8309,15.55,14.0,13.0,23.0,-13.0,13.0,13.0,70.9070718372708,10.662961173044504,22.44956744372661,0.2218597063621533,5.92,6.0,https://www.screener.in/company/ADSL/consolidated/,2026-07-24T13:30:05.610929+00:00
ADVAIT.NS,1274785,consolidated,2026-03-31,59.3115,56.1,49.0123,50.3,44.4907,47.9,90.0,63.0,,83.0,138.0,,78.78430994362114,58.79966168345487,,0.3417266187050359,21.5,12.0,https://www.screener.in/company/ADVAIT/consolidated/,2026-07-24T13:30:05.610929+00:00
ADVANCE.NS,1285700,consolidated,2025-03-31,20.4168,20.0,20.4168,20.0,20.4168,20.0,,,,,,,,,,0.7920792079207921,29.1,10.0,https://www.screener.in/company/ADVANCE/consolidated/,2026-07-24T13:30:05.610929+00:00
ADVENTHTL.NS,1285770,consolidated,2026-03-31,4.3382,0.0,4.3382,0.0,4.3382,0.0,,,,,,,,,,0.8838495575221239,5.47,37.0,https://www.screener.in/company/ADVENTHTL/consolidated/,2026-07-24T13:30:05.610929+00:00
ADVENZYMES.NS,1273452,consolidated,2026-03-31,27.8166,27.8,28.2203,28.1,27.8355,27.7,11.0,1.0,7.0,12.0,-4.0,,16.8316422094545,2.857205556471732,8.015989249726907,0.0196078431372549,10.2,31.0,https://www.screener.in/company/ADVENZYMES/consolidated/,2026-07-24T13:30:05.610929+00:00
AEGISLOG.NS,84,consolidated,2026-03-31,38.2191,39.1,33.895,31.5,40.8985,38.85,-1.0,31.0,23.0,24.0,33.0,27.0,24.72164494950393,32.10602773155544,22.40158983795166,0.685383980181668,16.3,17.0,https://www.screener.in/company/AEGISLOG/consolidated/,2026-07-24T13:30:05.610929+00:00
AEGISVOPAK.NS,1285467,consolidated,2026-03-31,96.8516,104.4,96.8516,104.4,96.8516,104.4,38.0,,,1472.0,,,,,,0.8694942903752039,11.0,74.0,https://www.screener.in/company/AEGISVOPAK/consolidated/,2026-07-24T13:30:05.610929+00:00
AEPL.NS,1274664,consolidated,2026-03-31,95.3064,72.4,95.1203,72.35,95.1203,72.35,11.0,,,12.0,27.0,,11.86889420813968,,,0.018066561014263,9.65,15.45,https://www.screener.in/company/AEPL/consolidated/,2026-07-24T13:30:05.610929+00:00
AEROENTER.NS,2906,consolidated,2026-03-31,15.5013,18.2,16.6061,18.6,26.3288,20.35,14.0,50.0,43.0,18.0,32.0,26.0,14.538681276832556,48.747866935632935,,0.0495767835550181,8.48,17.0,https://www.screener.in/company/AEROENTER/consolidated/,2026-07-24T13:30:05.610929+00:00
AEROFLEX.NS,1284464,consolidated,2026-03-31,53.7224,49.7,53.7224,49.7,53.7224,49.7,18.0,50.0,,20.0,,,16.73877216503947,9.814252166932324,,0.0201342281879194,14.1,23.0,https://www.screener.in/company/AEROFLEX/consolidated/,2026-07-24T13:30:05.610929+00:00
AERONEU.NS,1275392,consolidated,2026-03-31,308.414,241.4,267.4243,140.3,267.4243,140.3,11.0,,,-20.0,,,-20.82937048465997,28.279738788208974,,0.2285714285714285,1.84,3.0,https://www.screener.in/company/AERONEU/consolidated/,2026-07-24T13:30:05.610929+00:00
AETHER.NS,1275232,consolidated,2026-03-31,86.4057,83.9,88.1256,88.3,88.1256,88.3,21.0,,,20.0,,,16.465226199607173,,,0.1864820846905537,9.66,31.0,https://www.screener.in/company/AETHER/consolidated/,2026-07-24T13:30:05.610929+00:00
AFCONS.NS,1285138,consolidated,2026-03-31,31.0444,31.25,31.0444,31.25,31.0444,31.25,-2.0,12.0,,-11.0,,,-50.70169134755393,-21.67261577089884,,0.6655045871559633,5.61,10.0,https://www.screener.in/company/AFCONS/consolidated/,2026-07-24T13:30:05.610929+00:00
AFFLE.NS,1274684,consolidated,2026-03-31,59.4076,58.6,63.7257,62.0,70.286,64.5,24.0,28.0,,23.0,11.0,,20.731730901332448,25.040987302947727,,0.0041073384446878,13.8,23.0,https://www.screener.in/company/AFFLE/consolidated/,2026-07-24T13:30:05.610929+00:00
AFSL.NS,1275375,consolidated,2026-03-31,16.2854,12.4,17.0,17.75,17.0,17.75,174.0,18.0,,14.0,,,13.738248056337763,16.027981565232775,,0.5952,8.29,1.0,https://www.screener.in/company/AFSL/consolidated/,2026-07-24T13:30:05.610929+00:00
AGARIND.NS,88,consolidated,2026-03-31,13.8248,13.8,12.2506,12.4,17.0799,12.6,-6.0,2.0,20.0,-22.0,7.0,13.0,-22.12488400879521,-5.913634788416944,8.863487793461179,0.4949201741654572,6.62,7.0,https://www.screener.in/company/AGARIND/consolidated/,2026-07-24T13:30:05.610929+00:00
AGARWALEYE.NS,1285311,consolidated,2026-03-31,177.737,186.0,177.737,186.0,177.737,186.0,27.0,34.0,,13.0,,,,,,0.5261599210266535,6.81,27.0,https://www.screener.in/company/AGARWALEYE/consolidated/,2026-07-24T13:30:05.610929+00:00
AGI.NS,1374,consolidated,2026-03-31,63.9204,79.8,52.0375,36.1,30.2868,13.05,,,13.0,,19.0,22.0,74.37808113001904,29.34920720857324,16.462144978897953,0.1001246364769422,15.8,22.0,https://www.screener.in/company/AGI/consolidated/,2026-07-24T13:30:05.610929+00:00
AGIIL.NS,1270784,consolidated,2026-03-31,34.042,33.8,25.3533,19.5,18.426,13.5,14.0,41.0,38.0,26.0,88.0,41.0,24.427158868299912,40.62823883876352,34.910520524835945,0.4008620689655172,25.0,35.0,https://www.screener.in/company/AGIIL/consolidated/,2026-07-24T13:30:05.610929+00:00
AGROPHOS.NS,1273571,consolidated,2026-03-31,10.7133,8.8,10.7133,8.8,10.7133,8.8,4.0,,,12.0,13.0,,12.10563170454122,,,0.4285714285714285,10.4,11.0,https://www.screener.in/company/AGROPHOS/consolidated/,2026-07-24T13:30:05.610929+00:00
AHCL.NS,1285622,consolidated,2026-03-31,28.155,28.15,28.155,28.15,28.155,28.15,,,,,,,,,,0.1913043478260869,18.4,28.0,https://www.screener.in/company/AHCL/consolidated/,2026-07-24T13:30:05.610929+00:00
AHLEAST.NS,291,consolidated,2026-03-31,13.6981,13.9,15.9863,14.35,16.3118,14.6,9.0,12.0,-6.0,,13.0,7.0,,,,2.344262295081968,-2.98,30.0,https://www.screener.in/company/AHLEAST/consolidated/,2026-07-24T13:30:05.610929+00:00
AHLUCONT.NS,96,consolidated,2026-03-31,28.2229,27.9,25.3483,23.5,26.0992,25.0,17.0,28.0,12.0,11.0,17.0,11.0,11.07786246835769,28.069502942795733,12.158206350003107,0.0354541039339485,13.8,10.0,https://www.screener.in/company/AHLUCONT/consolidated/,2026-07-24T13:30:05.610929+00:00
AIAENG.NS,101,consolidated,2026-03-31,30.9204,30.7,31.0356,30.9,30.6067,30.6,-3.0,19.0,12.0,7.0,18.0,16.0,6.730524916716507,17.79281715630907,10.883924879111628,0.0012459506603538,17.0,28.0,https://www.screener.in/company/AIAENG/consolidated/,2026-07-24T13:30:05.610929+00:00
AIIL.NS,1270863,consolidated,2026-03-31,9.0841,7.5,9.0841,7.5,9.0841,7.5,69.0,,,217.0,81.0,114.0,-23.443050870532154,,,,13.1,,https://www.screener.in/company/AIIL/consolidated/,2026-07-24T13:30:05.610929+00:00
AIRAN.NS,1273675,consolidated,2026-03-31,30.7076,26.5,29.2441,26.2,30.5622,27.1,5.0,18.0,,7.0,-11.0,,5.333022737905702,15.593862393479396,,0.0064102564102564,8.11,13.0,https://www.screener.in/company/AIRAN/consolidated/,2026-07-24T13:30:05.610929+00:00
AIROLAM.NS,1274164,consolidated,2026-03-31,42.4357,26.9,33.5873,22.5,33.0144,22.2,7.0,0.0,,-9.0,18.0,,-9.36977705669031,0.1642944240025201,,1.0379746835443038,7.26,8.0,https://www.screener.in/company/AIROLAM/consolidated/,2026-07-24T13:30:05.610929+00:00
AJANTPHARM.NS,104,consolidated,2026-03-31,37.493,36.6,32.5429,34.6,29.1054,27.4,13.0,12.0,10.0,24.0,18.0,12.0,22.578361040056283,10.902226450355146,10.37702460814931,0.0574331787055445,27.1,28.0,https://www.screener.in/company/AJANTPHARM/consolidated/,2026-07-24T13:30:05.610929+00:00
AJMERA.NS,108,consolidated,2026-03-31,23.8726,23.9,22.7303,22.7,16.6768,15.65,36.0,38.0,13.0,28.0,16.0,15.0,23.60229563622873,34.954430573853614,12.27903609015386,0.5085836909871244,11.5,27.0,https://www.screener.in/company/AJMERA/consolidated/,2026-07-24T13:30:05.610929+00:00
AKASH.NS,1273661,consolidated,2026-03-31,58.7069,34.55,71.7427,34.55,54.973,32.9,10.0,-5.0,-8.0,-14.0,-34.0,,-21.942090117707004,-10.523056803197006,-20.505814446157625,1.0828055360075064,1.05,8.3,https://www.screener.in/company/AKASH/consolidated/,2026-07-24T13:30:05.610929+00:00
AKCAPIT.NS,110,consolidated,2026-03-31,7.9847,7.9,6.2222,6.2,5.2318,4.2,12.0,8.0,10.0,8.0,30.0,21.0,7.988814275339862,8.203012751332661,10.252785952045553,,10.9,,https://www.screener.in/company/AKCAPIT/consolidated/,2026-07-24T13:30:05.610929+00:00
AKG.NS,1274561,consolidated,2026-03-31,51.3994,49.1,44.9483,43.7,45.602,40.9,-27.0,-23.0,,-48.0,-1.0,,-48.59927767574731,-23.864913425596924,,0.1082242990654205,0.68,0.26,https://www.screener.in/company/AKG/consolidated/,2026-07-24T13:30:05.610929+00:00
AKI.NS,1274581,consolidated,2026-03-31,81.4624,76.1,74.735,75.0,63.5174,63.1,15.0,,28.0,18.0,19.0,,3.777107043295369,-3.749021568765021,,0.2079207920792079,2.33,-4.0,https://www.screener.in/company/AKI/consolidated/,2026-07-24T13:30:05.610929+00:00
AKUMS.NS,1284874,consolidated,2026-03-31,31.9299,25.9,31.9299,25.9,31.9299,25.9,6.0,16.0,16.0,29.0,,,34.717235485590315,-55.63820172130324,,0.0473747736873868,8.45,12.0,https://www.screener.in/company/AKUMS/consolidated/,2026-07-24T13:30:05.610929+00:00
ALANKIT.NS,967,consolidated,2026-03-31,18.7981,19.1,32.0888,20.9,38.1514,21.0,3.0,14.0,18.0,-2.0,-17.0,-13.0,,0.2881892180566225,10.411032000450016,0.056782334384858,6.22,3.0,https://www.screener.in/company/ALANKIT/consolidated/,2026-07-24T13:30:05.610929+00:00
ALEMBICLTD.NS,120,consolidated,2026-03-31,9.2121,8.6,9.3839,9.0,7.6033,7.5,24.0,-2.0,3.0,16.0,-8.0,11.0,18.541801179017583,-1.5292057215253283,3.479041066512289,0.0044989775051124,13.0,38.0,https://www.screener.in/company/ALEMBICLTD/consolidated/,2026-07-24T13:30:05.610929+00:00
ALGOQUANT.NS,1340,consolidated,2026-03-31,61.5654,48.4,61.5654,48.4,61.5654,48.4,,,,,93.0,65.0,,,,0.2537313432835821,28.4,22.0,https://www.screener.in/company/ALGOQUANT/consolidated/,2026-07-24T13:30:05.610929+00:00
ALICON.NS,127,consolidated,2026-03-31,29.5006,29.1,30.0923,29.4,24.7729,25.7,8.0,86.0,6.0,-9.0,-5.0,8.0,-12.907397676117116,,1.5245893039373517,0.5636942675159236,6.42,11.0,https://www.screener.in/company/ALICON/consolidated/,2026-07-24T13:30:05.610929+00:00
ALIVUS.NS,1274896,consolidated,2021-03-31,2.5694,2.6,2.1115,2.1,2.1115,2.1,,,,,,,,,,,,31.0,https://www.screener.in/company/ALIVUS/consolidated/,2026-07-24T13:30:05.610929+00:00
ALKEM.NS,1273171,consolidated,2026-03-31,31.3503,29.6,30.6234,29.0,29.6213,28.6,8.0,9.0,12.0,32.0,11.0,14.0,32.73951630768903,7.746111968311609,11.993328736002162,0.1481186685962373,18.9,20.0,https://www.screener.in/company/ALKEM/consolidated/,2026-07-24T13:30:05.610929+00:00
ALKYLAMINE.NS,132,consolidated,2020-03-31,52.6841,53.3,63.8805,60.6,45.5117,44.85,26.0,33.0,31.0,54.0,-15.0,28.0,57.20190556392632,34.85429133690059,31.72231067003024,0.1623134328358209,41.4,26.0,https://www.screener.in/company/ALKYLAMINE/consolidated/,2026-07-24T13:30:05.610929+00:00
ALLCARGO.NS,134,consolidated,2026-03-31,24.8052,24.05,16.2584,8.85,10.2057,5.1,-52.0,-52.0,-32.0,-80.0,-8.0,-5.0,-80.16781074047631,-50.94407521368678,-32.04220098075837,1.2073170731707317,0.33,11.0,https://www.screener.in/company/ALLCARGO/consolidated/,2026-07-24T13:30:05.610929+00:00
ALLDIGI.NS,138,consolidated,2026-03-31,20.3108,20.1,20.3943,19.9,17.528,15.6,15.0,18.0,10.0,20.0,13.0,12.0,18.951377126836142,18.54417054856581,10.270054776270632,0.6812749003984063,31.5,27.0,https://www.screener.in/company/ALLDIGI/consolidated/,2026-07-24T13:30:05.610929+00:00
ALLTIME.NS,1285591,consolidated,2026-03-31,33.4177,32.5,33.4177,32.5,33.4177,32.5,,,,,,,,,,0.1402936378466558,8.96,15.0,https://www.screener.in/company/ALLTIME/consolidated/,2026-07-24T13:30:05.610929+00:00
ALMONDZ.NS,140,consolidated,2026-03-31,17.9032,18.2,15.8031,14.4,14.6828,12.4,32.0,9.0,59.0,22.0,5.0,20.0,17.389140861314445,6.75479638921781,,0.1821561338289963,11.2,15.0,https://www.screener.in/company/ALMONDZ/consolidated/,2026-07-24T13:30:05.610929+00:00
ALOKINDS.NS,142,consolidated,2026-03-31,1.84,1.8,1.84,1.8,1.84,1.8,-19.0,11.0,6.0,3.0,-14.0,11.0,,,,,,2.0,https://www.screener.in/company/ALOKINDS/consolidated/,2026-07-24T13:30:05.610929+00:00
ALPA.NS,143,consolidated,2026-03-31,10.6866,11.0,12.5241,11.1,16.8223,12.7,4.0,24.0,8.0,6.0,6.0,7.0,6.038306207109678,15.625623316640414,8.140206108438953,0.0161290322580645,8.39,3.0,https://www.screener.in/company/ALPA/consolidated/,2026-07-24T13:30:05.610929+00:00
ALPHAGEO.NS,144,consolidated,2026-03-31,33.5608,24.5,27.2801,21.95,18.0654,9.6,19.0,,,,-8.0,-13.0,,,,0.0316205533596837,-5.32,-7.0,https://www.screener.in/company/ALPHAGEO/consolidated/,2026-07-24T13:30:05.610929+00:00
AMAGI.NS,1285861,consolidated,2026-03-31,150.4348,155.75,150.4348,155.75,150.4348,155.75,30.0,28.0,,30.0,,,,-61.74736288074792,,0.0176437108708025,10.3,3.0,https://www.screener.in/company/AMAGI/consolidated/,2026-07-24T13:30:05.610929+00:00
AMBALALSA.NS,159,consolidated,2026-03-31,41.2185,28.3,28.2165,14.4,27.1354,15.1,6.0,10.0,10.0,17.0,1.0,15.0,15.90457322019143,-9.539737807142243,-9.478272342096172,0.3584905660377358,12.4,6.0,https://www.screener.in/company/AMBALALSA/consolidated/,2026-07-24T13:30:05.610929+00:00
AMBER.NS,1274257,consolidated,2026-03-31,96.828,96.9,87.1598,91.2,80.1871,88.7,21.0,18.0,23.0,7.0,19.0,,2.6577017491857147,15.821461682182967,16.353549570500327,0.6180237877401646,5.95,7.0,https://www.screener.in/company/AMBER/consolidated/,2026-07-24T13:30:05.610929+00:00
AMBUJACEM.NS,163,consolidated,2026-03-31,33.1433,33.1,33.3287,32.0,29.0805,27.8,1.0,15.0,22.0,21.0,1.0,5.0,10.967459861549212,12.639963761957972,7.1493735519478685,0.0145921445060407,8.85,16.0,https://www.screener.in/company/AMBUJACEM/consolidated/,2026-07-24T13:30:05.610929+00:00
AMJLAND.NS,2592,consolidated,2026-03-31,15.0414,14.8,21.7169,14.5,19.6255,13.7,14.0,32.0,8.0,35.0,3.0,7.0,29.55863725324881,27.296566340949525,7.44827643298458,0.0,6.71,27.0,https://www.screener.in/company/AMJLAND/consolidated/,2026-07-24T13:30:05.610929+00:00
AMNPLST.NS,167,consolidated,2026-03-31,31.4548,30.1,28.0222,27.7,22.25,22.15,-1.0,2.0,15.0,17.0,12.0,24.0,16.866915815850405,2.322059889728867,15.009157790469096,0.0924657534246575,13.3,10.0,https://www.screener.in/company/AMNPLST/consolidated/,2026-07-24T13:30:05.610929+00:00
AMRUTANJAN.NS,177,consolidated,2016-03-31,94.7217,94.9,100.4169,100.5,76.149,81.05,11.0,15.0,13.0,27.0,-6.0,9.0,26.654283016013245,-25.04604207815119,,0.018348623853211,20.0,18.0,https://www.screener.in/company/AMRUTANJAN/consolidated/,2026-07-24T13:30:05.610929+00:00
ANANDRATHI.NS,1275117,consolidated,2026-03-31,63.2694,66.9,50.5245,54.8,50.5245,54.8,31.0,55.0,,33.0,,,33.12743247497396,42.468746021386174,,0.083083083083083,47.3,39.0,https://www.screener.in/company/ANANDRATHI/consolidated/,2026-07-24T13:30:05.610929+00:00
ANANTRAJ.NS,183,consolidated,2026-03-31,47.7478,43.6,47.0264,41.9,36.2732,32.4,38.0,120.0,21.0,54.0,54.0,34.0,48.277211806066525,112.01001393979617,20.69843837932206,0.1176368975643461,11.2,26.0,https://www.screener.in/company/ANANTRAJ/consolidated/,2026-07-24T13:30:05.610929+00:00
ANDHRSUGAR.NS,188,consolidated,2026-03-31,16.6809,17.5,13.2916,11.5,11.0274,9.6,1.0,-6.0,8.0,-20.0,-4.0,6.0,-23.509983737605666,-9.221749942631552,5.631634955925913,0.0005984440454817,6.11,8.0,https://www.screener.in/company/ANDHRSUGAR/consolidated/,2026-07-24T13:30:05.610929+00:00
ANGELONE.NS,1274790,consolidated,2026-03-31,22.6605,21.4,21.1088,20.3,21.6617,21.1,20.0,25.0,40.0,1.0,19.0,,-1.9756704030823191,22.58910866690138,16.352944639040203,1.2996077149395229,15.6,37.0,https://www.screener.in/company/ANGELONE/consolidated/,2026-07-24T13:30:05.610929+00:00
ANTHEM.NS,1285544,consolidated,2026-03-31,80.4148,74.7,80.4148,74.7,80.4148,74.7,26.0,17.0,,21.0,,,16.014501790858038,-49.46308489052722,,0.0177514792899408,22.3,40.0,https://www.screener.in/company/ANTHEM/consolidated/,2026-07-24T13:30:05.610929+00:00
ANUP.NS,1274633,consolidated,2026-03-31,57.814,40.3,41.5973,34.0,36.9022,29.25,26.0,16.0,,29.0,34.0,,20.7008901505374,21.21445379097768,,0.1591895803183791,17.1,21.0,https://www.screener.in/company/ANUP/consolidated/,2026-07-24T13:30:05.610929+00:00
ANURAS.NS,1274847,consolidated,2026-03-31,85.4268,85.2,75.9352,68.9,75.272,69.2,14.0,19.0,,-2.0,10.0,,-3.892895335471725,16.2399963539009,,0.5599880023995201,5.5,22.0,https://www.screener.in/company/ANURAS/consolidated/,2026-07-24T13:30:05.610929+00:00
APARINDS.NS,211,consolidated,2026-03-31,37.7318,38.4,28.4996,28.3,22.2874,18.1,17.0,44.0,24.0,16.0,87.0,38.0,13.431599713301036,42.12504012987799,22.635355167688044,0.1772668273688114,20.2,9.0,https://www.screener.in/company/APARINDS/consolidated/,2026-07-24T13:30:05.610929+00:00
APCL.NS,196,consolidated,2026-03-31,64.1692,60.15,64.1692,60.15,64.1692,60.15,-12.0,,,15.0,-25.0,-4.0,,,,0.7506775067750677,-9.88,7.0,https://www.screener.in/company/APCL/consolidated/,2026-07-24T13:30:05.610929+00:00
APCOTEXIND.NS,212,consolidated,2016-09-30,58.3771,56.2,60.8617,59.1,42.8203,44.2,,,,,11.0,13.0,,,,0.1624365482233502,24.4,10.0,https://www.screener.in/company/APCOTEXIND/consolidated/,2026-07-24T13:30:05.610929+00:00
APLAPOLLO.NS,214,consolidated,2026-03-31,57.635,57.5,53.095,52.6,39.7429,41.65,13.0,27.0,26.0,23.0,18.0,35.0,23.256106497837315,24.613382810199024,26.0181616028214,0.0940154804606381,25.3,8.0,https://www.screener.in/company/APLAPOLLO/consolidated/,2026-07-24T13:30:05.610929+00:00
APLLTD.NS,121,consolidated,2026-03-31,29.5739,29.8,29.9862,29.7,25.2692,24.9,9.0,-9.0,0.0,28.0,-3.0,3.0,25.422326306247637,-10.059278859417454,-1.0624745203683172,0.2519823788546255,13.4,15.0,https://www.screener.in/company/APLLTD/consolidated/,2026-07-24T13:30:05.610929+00:00
APOLLO.NS,1274254,consolidated,2026-03-31,93.1911,92.7,68.2356,63.8,59.1503,57.55,45.0,62.0,,76.0,102.0,,51.98994495915243,45.17712796537412,,0.4135567402894136,11.8,24.0,https://www.screener.in/company/APOLLO/consolidated/,2026-07-24T13:30:05.610929+00:00
APOLLOHOSP.NS,218,consolidated,2026-03-31,85.8089,83.0,84.768,81.0,84.1592,76.8,15.0,78.0,24.0,34.0,18.0,21.0,33.33333333333333,66.79619875565163,23.034498973464945,0.8958860759493671,22.1,15.0,https://www.screener.in/company/APOLLOHOSP/consolidated/,2026-07-24T13:30:05.610929+00:00
APOLLOPIPE.NS,180,consolidated,2026-03-31,90.0924,86.3,82.6674,71.1,51.9672,45.7,,,,,5.0,23.0,-31.417585818776573,-15.170366382307886,,0.1514041514041514,-0.88,6.0,https://www.screener.in/company/APOLLOPIPE/consolidated/,2026-07-24T13:30:05.610929+00:00
APOLLOTYRE.NS,219,consolidated,2026-03-31,19.9248,19.2,20.1092,19.5,18.0282,17.8,5.0,24.0,7.0,26.0,13.0,10.0,9.47637013312499,31.43185382861993,-0.2058861960757996,0.2198492462311558,13.1,15.0,https://www.screener.in/company/APOLLOTYRE/consolidated/,2026-07-24T13:30:05.610929+00:00
APOLSINHOT.NS,1270744,consolidated,2026-03-31,40.1503,39.9,32.3345,32.9,30.2303,19.5,20.0,4.0,33.0,5.0,9.0,23.0,-14.70403192626245,1.874079865999856,26.895361787058736,0.5796178343949044,7.75,5.0,https://www.screener.in/company/APOLSINHOT/consolidated/,2026-07-24T13:30:05.610929+00:00
APTUS.NS,1274911,consolidated,2026-03-31,22.4185,22.8,24.1615,25.0,24.1615,25.0,26.0,29.0,,23.0,,,23.07683382514472,-8.128228295153972,,,20.1,,https://www.screener.in/company/APTUS/consolidated/,2026-07-24T13:30:05.610929+00:00
AQYLON.NS,3163,consolidated,2025-03-31,45.69,60.0,45.69,60.0,45.69,60.0,,15.0,-26.0,26.0,156.0,0.0,,,,,391.0,-9.0,https://www.screener.in/company/AQYLON/consolidated/,2026-07-24T13:30:05.610929+00:00
ARCHIDPLY.NS,230,consolidated,2026-03-31,37.8235,23.3,28.6581,18.3,28.6581,18.3,17.0,,,-10.0,20.0,8.0,-13.307745682881688,,,1.625,8.23,6.0,https://www.screener.in/company/ARCHIDPLY/consolidated/,2026-07-24T13:30:05.610929+00:00
ARE&M.NS,157,consolidated,2026-03-31,20.9006,21.6,19.1414,18.3,19.8081,19.7,10.0,-3.0,,-10.0,4.0,0.0,4.578054804647014,5.262512510674688,,0.0501296456352636,7.18,11.0,https://www.screener.in/company/ARE&M/consolidated/,2026-07-24T13:30:05.610929+00:00
ARENTERP.NS,2638,consolidated,2026-03-31,30.1934,26.3,27.4611,23.35,23.1115,20.6,-33.0,,,,21.0,12.0,,,,0.0,-0.85,-57.89,https://www.screener.in/company/ARENTERP/consolidated/,2026-07-24T13:30:05.610929+00:00
ARFIN.NS,1270851,consolidated,2026-03-31,110.4774,100.4,110.4774,100.4,110.4774,100.4,,,,,68.0,33.0,,,,0.7588235294117647,9.45,7.0,https://www.screener.in/company/ARFIN/consolidated/,2026-07-24T13:30:05.610929+00:00
ARIES.NS,237,consolidated,2026-03-31,14.8191,14.1,13.5874,12.3,14.5695,12.0,17.0,19.0,19.0,36.0,14.0,11.0,35.75522315935622,18.995995905627083,19.4752815781124,0.1676646706586826,13.7,12.0,https://www.screener.in/company/ARIES/consolidated/,2026-07-24T13:30:05.610929+00:00
ARIHANT.NS,239,consolidated,2026-03-31,16.4866,17.2,14.4757,14.8,14.4757,14.8,87.0,51.0,21.0,81.0,109.0,38.0,72.18925398309935,,,1.0781671159029649,17.3,23.0,https://www.screener.in/company/ARIHANT/consolidated/,2026-07-24T13:30:05.610929+00:00
ARIHANTCAP.NS,238,consolidated,2026-03-31,17.021,17.2,15.4103,14.9,12.083,10.4,14.0,-2.0,14.0,3.0,20.0,26.0,0.8264837609052167,-2.929440543228612,13.346158167069769,0.5419501133786848,7.69,32.0,https://www.screener.in/company/ARIHANTCAP/consolidated/,2026-07-24T13:30:05.610929+00:00
ARIHANTSUP.NS,240,consolidated,2026-03-31,24.6662,24.3,21.7487,21.1,20.8834,20.1,12.0,33.0,9.0,3.0,23.0,13.0,0.892050933529287,31.48495539640375,8.6868148665179,2.4077134986225897,13.7,23.0,https://www.screener.in/company/ARIHANTSUP/consolidated/,2026-07-24T13:30:05.610929+00:00
ARIS.NS,1285242,consolidated,2026-03-31,40.3575,28.1,40.3575,28.1,40.3575,28.1,13.0,,,80.0,,,,,,0.094722598105548,11.2,9.0,https://www.screener.in/company/ARIS/consolidated/,2026-07-24T13:30:05.610929+00:00
ARKADE.NS,1284982,consolidated,2026-03-31,17.7229,18.45,17.7229,18.45,17.7229,18.45,55.0,54.0,,54.0,,,-89.54690014689105,-69.27729807053483,,0.1122448979591836,20.8,23.0,https://www.screener.in/company/ARKADE/consolidated/,2026-07-24T13:30:05.610929+00:00
ARMANFIN.NS,243,consolidated,2026-03-31,18.6618,15.9,27.3713,20.3,23.6649,17.5,15.0,40.0,22.0,-16.0,23.0,21.0,-21.296588784135334,33.90157321583149,14.429183562137936,,6.26,,https://www.screener.in/company/ARMANFIN/consolidated/,2026-07-24T13:30:05.610929+00:00
ARSSBL.NS,1285676,consolidated,2026-03-31,25.8716,26.1,25.8716,26.1,25.8716,26.1,26.0,,,51.0,,,3.258080877819669,,,0.6231454005934718,14.0,41.0,https://www.screener.in/company/ARSSBL/consolidated/,2026-07-24T13:30:05.610929+00:00
ARTEMISMED.NS,1274726,consolidated,2026-03-31,48.421,48.2,38.5337,38.0,37.7706,37.6,14.0,77.0,,41.0,50.0,,31.507222117392875,67.96122908152995,,0.2802139037433155,12.0,17.0,https://www.screener.in/company/ARTEMISMED/consolidated/,2026-07-24T13:30:05.610929+00:00
ARVIND.NS,262,consolidated,2026-03-31,25.4796,25.4,20.4073,21.9,15.023,10.6,4.0,135.0,3.0,6.0,38.0,18.0,0.6848062706925617,,2.6382302766210453,0.410484668644906,10.9,11.0,https://www.screener.in/company/ARVIND/consolidated/,2026-07-24T13:30:05.610929+00:00
ARVINDFASN.NS,1274634,consolidated,2026-03-31,112.7486,99.8,120.2531,114.6,124.4205,117.2,9.0,17.0,,53.0,19.0,,49.21761167211039,,,1.4167550371155886,14.1,13.0,https://www.screener.in/company/ARVINDFASN/consolidated/,2026-07-24T13:30:05.610929+00:00
ARVSMART.NS,1272994,consolidated,2026-03-31,50.7516,46.9,46.6356,40.5,30.6738,24.1,30.0,61.0,19.0,56.0,35.0,21.0,54.97570057932568,53.5963279638044,12.185442255746516,0.8983050847457628,15.5,27.0,https://www.screener.in/company/ARVSMART/consolidated/,2026-07-24T13:30:05.610929+00:00
ASAHIINDIA.NS,264,consolidated,2026-03-31,55.0567,52.1,47.177,42.6,47.8552,42.5,7.0,23.0,15.0,-1.0,20.0,18.0,-3.4248629510707507,19.83891629841519,14.211376689446675,0.559003051881994,10.7,18.0,https://www.screener.in/company/ASAHIINDIA/consolidated/,2026-07-24T13:30:05.610929+00:00
ASAHISONG.NS,267,consolidated,2026-03-31,30.701,22.55,28.807,19.6,22.8339,16.9,2.0,-8.0,,53.0,-2.0,4.0,,-9.878897063714254,,0.5257352941176471,7.13,9.0,https://www.screener.in/company/ASAHISONG/consolidated/,2026-07-24T13:30:05.610929+00:00
ASALCBR.NS,303,consolidated,2026-03-31,81.6452,76.8,78.7625,74.8,58.8115,46.0,,,,,12.0,26.0,138.9174092865857,,,0.0992805755395683,14.6,13.0,https://www.screener.in/company/ASALCBR/consolidated/,2026-07-24T13:30:05.610929+00:00
ASHAPURMIN.NS,269,consolidated,2026-03-31,16.5064,16.0,14.7234,14.6,15.493,14.4,42.0,43.0,10.0,51.0,38.0,25.0,48.66035578835097,33.09802570721458,8.45621422367071,0.8756822316555488,28.0,11.0,https://www.screener.in/company/ASHAPURMIN/consolidated/,2026-07-24T13:30:05.610929+00:00
ASHIANA.NS,272,consolidated,2026-03-31,71.1083,51.3,79.3411,70.8,58.9466,44.05,41.0,85.0,1.0,63.0,19.0,9.0,62.77075178816081,133.2221626160242,1.269285846721946,0.3760186263096624,14.5,11.0,https://www.screener.in/company/ASHIANA/consolidated/,2026-07-24T13:30:05.610929+00:00
ASHIKA.NS,274,consolidated,2026-03-31,105.3053,29.45,105.3053,29.45,105.3053,29.45,,,,,52.0,29.0,,,,,7.49,,https://www.screener.in/company/ASHIKA/consolidated/,2026-07-24T13:30:05.610929+00:00
ASHIMASYN.NS,275,consolidated,2026-03-31,9.0135,8.9,50.3885,9.1,188.9044,210.0,,-35.0,,,-3.0,-1.0,,,,0.592057761732852,-7.39,-18.0,https://www.screener.in/company/ASHIMASYN/consolidated/,2026-07-24T13:30:05.610929+00:00
ASHOKA.NS,282,consolidated,2026-03-31,9.4631,7.9,8.0111,5.7,8.7097,7.35,-2.0,24.0,28.0,35.0,3.0,1.0,105.81157785687245,55.97550679883005,,0.2444140446876425,15.3,25.0,https://www.screener.in/company/ASHOKA/consolidated/,2026-07-24T13:30:05.610929+00:00
ASHOKAMET.NS,1274265,consolidated,2026-03-31,9.143,6.2,9.9045,7.7,9.6743,7.25,-18.0,135.0,,50.0,22.0,,49.61139722270698,98.55057185194568,,0.4754098360655737,9.25,23.0,https://www.screener.in/company/ASHOKAMET/consolidated/,2026-07-24T13:30:05.610929+00:00
ASHOKLEY.NS,281,consolidated,2026-03-31,26.0025,25.2,29.3357,26.0,24.9186,24.3,5.0,84.0,15.0,45.0,19.0,12.0,40.96187738030692,,17.284500742967722,4.489572361491469,27.4,6.0,https://www.screener.in/company/ASHOKLEY/consolidated/,2026-07-24T13:30:05.610929+00:00
ASIANENE.NS,294,consolidated,2026-03-31,35.4598,33.6,27.7902,30.3,29.954,23.6,93.0,11.0,16.0,52.0,22.0,21.0,,13.92460034905032,,0.3218623481781376,12.9,12.0,https://www.screener.in/company/ASIANENE/consolidated/,2026-07-24T13:30:05.610929+00:00
ASIANHOTNR.NS,292,consolidated,2026-03-31,484.9,482.5,484.9,482.5,484.9,482.5,,15.0,8.0,,28.0,11.0,,,,0.3626492942453854,0.46,13.0,https://www.screener.in/company/ASIANHOTNR/consolidated/,2026-07-24T13:30:05.610929+00:00
ASIANPAINT.NS,295,consolidated,2026-03-31,57.1605,57.1,68.5816,64.0,66.928,62.05,1.0,7.0,10.0,2.0,-3.0,10.0,1.7446703820718223,6.617095217914515,9.502681328868956,0.1838386674153097,21.8,19.0,https://www.screener.in/company/ASIANPAINT/consolidated/,2026-07-24T13:30:05.610929+00:00
ASIANTILES.NS,290,consolidated,2026-03-31,81.6722,84.75,41.1827,22.9,47.082,41.2,6.0,-18.0,-2.0,32.0,-14.0,-9.0,,-31.136051418508583,-13.279753213213375,0.2884362680683311,1.44,6.0,https://www.screener.in/company/ASIANTILES/consolidated/,2026-07-24T13:30:05.610929+00:00
ASKAUTOLTD.NS,1284561,consolidated,2026-03-31,38.6248,37.9,38.6248,37.9,38.6248,37.9,18.0,25.0,,34.0,,,34.195798019989645,23.636347834823447,,0.5179252479023646,25.1,13.0,https://www.screener.in/company/ASKAUTOLTD/consolidated/,2026-07-24T13:30:05.610929+00:00
ASPINWALL.NS,1273375,consolidated,2026-03-31,29.5115,23.0,22.636,16.2,21.5337,17.95,12.0,4.0,1.0,-21.0,1.0,,-22.75842589045154,15.409739217862397,4.801035670873466,0.3930348258706467,3.83,4.0,https://www.screener.in/company/ASPINWALL/consolidated/,2026-07-24T13:30:05.610929+00:00
ASTAR.NS,296,consolidated,2026-03-31,26.1763,25.3,26.1763,25.3,26.1763,25.3,-14.0,-9.0,-6.0,-23.0,-7.0,-2.0,-21.213268167121267,-8.763069798571587,-5.909393085705283,0.2973462002412545,2.51,2.0,https://www.screener.in/company/ASTAR/consolidated/,2026-07-24T13:30:05.610929+00:00
ASTEC.NS,306,consolidated,2026-03-31,49.8745,46.2,42.8854,39.2,48.8781,45.9,-11.0,,,,-14.0,6.0,,,,1.1512820512820512,-25.2,-1.0,https://www.screener.in/company/ASTEC/consolidated/,2026-07-24T13:30:05.610929+00:00
ASTERDM.NS,1274286,consolidated,2026-03-31,96.7191,92.7,69.2004,80.7,54.739,39.0,16.0,23.0,48.0,-1.0,38.0,,-4.166484640653012,20.40319774028523,43.66308302520368,0.4851398601398601,10.7,19.0,https://www.screener.in/company/ASTERDM/consolidated/,2026-07-24T13:30:05.610929+00:00
ASTRAL.NS,309,consolidated,2026-03-31,86.7866,85.0,88.2433,89.2,78.8956,76.75,8.0,7.0,19.0,7.0,-1.0,20.0,5.390480607633874,5.675722514824932,18.037876146275945,0.0616067028092656,14.4,16.0,https://www.screener.in/company/ASTRAL/consolidated/,2026-07-24T13:30:05.610929+00:00
ASTRAMICRO.NS,308,consolidated,2026-03-31,64.5439,63.2,57.4479,57.3,42.8821,40.8,13.0,46.0,13.0,40.0,60.0,31.0,36.10149235301829,43.58064303643592,12.07300962478881,0.2190114068441064,16.0,29.0,https://www.screener.in/company/ASTRAMICRO/consolidated/,2026-07-24T13:30:05.610929+00:00
ATALREAL.NS,1274799,consolidated,2026-03-31,71.1451,71.8,71.1451,71.8,71.1451,71.8,,,,,53.0,,,,,0.1458333333333333,7.95,9.0,https://www.screener.in/company/ATALREAL/consolidated/,2026-07-24T13:30:05.610929+00:00
ATGL.NS,1274591,consolidated,2026-03-31,123.9682,112.5,242.2441,138.7,191.465,116.8,10.0,7.0,,6.0,-6.0,,6.242094427102551,7.199518032883279,,0.4635149023638232,14.4,19.0,https://www.screener.in/company/ATGL/consolidated/,2026-07-24T13:30:05.610929+00:00
ATL.NS,1284454,consolidated,2026-03-31,23.3696,23.6,23.3696,23.6,23.3696,23.6,5.0,,,-8.0,,,,,,2.184659090909091,14.4,20.0,https://www.screener.in/company/ATL/consolidated/,2026-07-24T13:30:05.610929+00:00
ATLANTAA.NS,314,consolidated,2026-03-31,14.7169,11.5,14.7169,11.5,17.0354,12.5,13.0,15.0,7.0,25.0,17.0,-4.0,,,,1.4941198607583026,-0.81,48.97,https://www.screener.in/company/ATLANTAA/consolidated/,2026-07-24T13:30:05.610929+00:00
ATLANTAELE.NS,1285669,consolidated,2026-03-31,59.2347,58.7,59.2347,58.7,59.2347,58.7,28.0,96.0,,32.0,,,-24.553191461941093,39.99379984823,,0.0548977395048439,31.7,19.0,https://www.screener.in/company/ATLANTAELE/consolidated/,2026-07-24T13:30:05.610929+00:00
ATLASCYCLE.NS,315,consolidated,2024-03-31,130.5589,132.9,130.5589,132.9,130.5589,132.9,-28.0,-5.0,,-15.0,25.0,-1.0,,,,0.0238076343147369,-28.0,-731.76,https://www.screener.in/company/ATLASCYCLE/consolidated/,2026-07-24T13:30:05.610929+00:00
ATUL.NS,319,consolidated,2026-03-31,45.1854,44.9,43.3843,41.0,35.2908,34.7,5.0,1.0,9.0,9.0,-7.0,12.0,9.746869233640986,0.7651369493906657,9.555445747485546,0.0294164925253174,11.5,18.0,https://www.screener.in/company/ATUL/consolidated/,2026-07-24T13:30:05.610929+00:00
ATULAUTO.NS,318,consolidated,2026-03-31,103.3771,67.55,109.4255,82.0,79.0732,29.2,17.0,47.0,-1.0,125.0,17.0,0.0,108.51159346021296,,-3.4339170671621067,0.2995867768595041,9.35,10.0,https://www.screener.in/company/ATULAUTO/consolidated/,2026-07-24T13:30:05.610929+00:00
AUBANK.NS,1274092,consolidated,2017-03-31,124.6459,119.9,117.1119,110.0,91.4707,97.1,29.0,,,49.0,11.0,,4.775471609961546,,,,22.3,,https://www.screener.in/company/AUBANK/consolidated/,2026-07-24T13:30:05.610929+00:00
AURIONPRO.NS,323,consolidated,2026-03-31,38.7618,39.9,31.0283,30.5,18.3582,11.5,29.0,34.0,15.0,31.0,52.0,29.0,21.07984372408176,,11.86892919816145,0.0350978135788262,13.4,20.0,https://www.screener.in/company/AURIONPRO/consolidated/,2026-07-24T13:30:05.610929+00:00
AUROPHARMA.NS,325,consolidated,2026-03-31,22.1006,21.8,18.6782,19.2,17.5159,17.4,11.0,1.0,6.0,23.0,10.0,7.0,22.40612111956965,-7.898846142025617,5.715914409064893,0.2130585099363965,10.1,20.0,https://www.screener.in/company/AUROPHARMA/consolidated/,2026-07-24T13:30:05.610929+00:00
AURUM.NS,1272987,consolidated,2026-03-31,1707.3,1707.3,150.8667,9.4,170.7013,80.2,44.0,,,18.0,27.0,-6.0,,-76.15093996253985,-14.18183773420958,0.4446640316205533,-2.68,25.0,https://www.screener.in/company/AURUM/consolidated/,2026-07-24T13:30:05.610929+00:00
AURUS.NS,29704,consolidated,2025-03-31,2.2516,2.0,3.5502,2.6,3.5502,2.6,6.0,5.0,,,-3.0,-20.0,,,,0.8125,-63.0,-90.0,https://www.screener.in/company/AURUS/consolidated/,2026-07-24T13:30:05.610929+00:00
AVALON.NS,1284340,consolidated,2026-03-31,99.4624,82.7,91.3316,78.2,91.3316,78.2,19.0,40.0,,29.0,,,23.14706160987603,-58.32326883238077,,0.2954230235783633,16.9,11.0,https://www.screener.in/company/AVALON/consolidated/,2026-07-24T13:30:05.610929+00:00
AVANTEL.NS,340,consolidated,2026-03-31,104.5134,73.4,76.4323,56.55,76.4323,56.55,13.0,0.0,,-17.0,70.0,56.0,-18.116584085222364,-0.6993693462086226,,0.1005917159763313,5.29,23.0,https://www.screener.in/company/AVANTEL/consolidated/,2026-07-24T13:30:05.610929+00:00
AVANTIFEED.NS,341,consolidated,2026-03-31,21.0325,20.3,22.3119,21.5,21.1335,19.9,6.0,12.0,14.0,28.0,9.0,17.0,29.565832167060396,10.9720280774938,14.424940283690058,0.0039561777236762,18.3,12.0,https://www.screener.in/company/AVANTIFEED/consolidated/,2026-07-24T13:30:05.610929+00:00
AVONMORE.NS,139,consolidated,2026-03-31,24.5796,22.1,16.4713,16.1,10.5155,6.0,-3.0,-9.0,60.0,-51.0,15.0,24.0,-50.70257245805332,-7.914156182436194,47.57731615945522,,3.62,,https://www.screener.in/company/AVONMORE/consolidated/,2026-07-24T13:30:05.610929+00:00
AVROIND.NS,1274389,consolidated,2026-03-31,39.2957,41.9,39.2957,41.9,39.2957,41.9,,,,,30.0,,,,,0.1973184357541899,5.14,3.56,https://www.screener.in/company/AVROIND/consolidated/,2026-07-24T13:30:05.610929+00:00
AVTNPL.NS,346,consolidated,2026-03-31,22.0395,21.1,21.254,20.6,21.4199,20.5,7.0,8.0,12.0,-5.0,-2.0,8.0,-5.699217692224279,7.480735567061836,11.612317403390438,0.2039355992844365,12.2,13.0,https://www.screener.in/company/AVTNPL/consolidated/,2026-07-24T13:30:05.610929+00:00
AWFIS.NS,1284789,consolidated,2026-03-31,64.3393,68.3,64.3393,68.3,64.3393,68.3,40.0,29.0,,53.0,,,,,,2.7142857142857144,14.0,37.0,https://www.screener.in/company/AWFIS/consolidated/,2026-07-24T13:30:05.610929+00:00
AWHCL.NS,1274824,consolidated,2026-03-31,21.2701,21.0,17.9927,18.8,18.4966,19.4,7.0,11.0,16.0,3.0,5.0,,3.361696473713116,10.79556656505356,-14.910719403562933,0.6211096075778079,10.8,20.0,https://www.screener.in/company/AWHCL/consolidated/,2026-07-24T13:30:05.610929+00:00
AWL.NS,1275165,consolidated,2026-03-31,104.9618,33.4,92.527,45.6,92.527,45.6,9.0,8.0,,22.0,,,21.523241381255698,-33.904970931606584,,0.1062260536398467,10.7,3.0,https://www.screener.in/company/AWL/consolidated/,2026-07-24T13:30:05.610929+00:00
AXISBANK.NS,348,consolidated,2026-03-31,13.6688,13.6,15.2897,14.2,24.9159,15.45,15.0,30.0,12.0,35.0,10.0,8.0,34.153669288886256,29.29886224595928,9.251961653862397,,13.1,,https://www.screener.in/company/AXISBANK/consolidated/,2026-07-24T13:30:05.610929+00:00
AXISCADES.NS,350,consolidated,2026-03-31,62.0159,61.5,46.9414,48.7,40.143,33.3,12.0,21.0,11.0,64.0,74.0,21.0,,,4.876881278219547,0.5337001375515819,11.5,15.0,https://www.screener.in/company/AXISCADES/consolidated/,2026-07-24T13:30:05.610929+00:00
AXITA.NS,1274613,consolidated,2025-03-31,815.1,818.0,815.1,818.0,815.1,818.0,,,,,42.0,,,,,0.0317460317460317,0.77,-1.0,https://www.screener.in/company/AXITA/consolidated/,2026-07-24T13:30:05.610929+00:00
AYMSYNTEX.NS,3743,consolidated,2026-03-31,178.8197,81.3,169.8521,78.4,169.8521,78.4,-2.0,,,-6.0,25.0,9.0,-7.606115577580619,,,0.3191850594227504,1.12,7.0,https://www.screener.in/company/AYMSYNTEX/consolidated/,2026-07-24T13:30:05.610929+00:00
AZAD.NS,1284610,consolidated,2026-03-31,89.5563,99.6,89.5563,99.6,89.5563,99.6,34.0,63.0,,150.0,,,-26.238039482005384,-22.99368249466186,,0.3100065402223675,9.09,37.0,https://www.screener.in/company/AZAD/consolidated/,2026-07-24T13:30:05.610929+00:00
BAGFILMS.NS,365,consolidated,2026-03-31,37.2787,29.7,43.8733,31.8,39.7568,30.8,10.0,18.0,62.0,58.0,4.0,-3.0,,,,0.0,2.28,12.0,https://www.screener.in/company/BAGFILMS/consolidated/,2026-07-24T13:30:05.610929+00:00
BAJAJ-AUTO.NS,369,consolidated,2026-03-31,30.635,31.2,26.1253,26.4,22.8843,20.55,20.0,17.0,10.0,21.0,24.0,15.0,21.52865181278612,18.025178587978075,10.600789216949424,0.5849042027194067,29.2,20.0,https://www.screener.in/company/BAJAJ-AUTO/consolidated/,2026-07-24T13:30:05.610929+00:00
BAJAJCON.NS,370,consolidated,2026-03-31,24.5038,23.2,21.0613,19.9,21.6006,21.05,7.0,-4.0,-2.0,10.0,14.0,3.0,14.774399518547398,-0.7519650487427088,0.8940870694317482,0.0211920529801324,24.7,21.0,https://www.screener.in/company/BAJAJCON/consolidated/,2026-07-24T13:30:05.610929+00:00
BAJAJELEC.NS,371,consolidated,2026-03-31,73.1019,67.4,70.8513,66.0,66.1588,59.9,-3.0,,,,-20.0,4.0,,,,0.0997490589711417,-0.72,3.0,https://www.screener.in/company/BAJAJELEC/consolidated/,2026-07-24T13:30:05.610929+00:00
BAJAJFINSV.NS,373,consolidated,2026-03-31,33.1019,33.5,40.0421,35.2,36.6227,34.7,22.0,17.0,18.0,16.0,7.0,21.0,14.977440917279994,16.868289734326925,17.99071386457898,5.517730860553167,13.2,38.0,https://www.screener.in/company/BAJAJFINSV/consolidated/,2026-07-24T13:30:05.610929+00:00
BAJAJHIND.NS,374,consolidated,2026-03-31,30.9444,30.8,30.9444,30.8,18.0214,21.4,-5.0,20.0,10.0,45.0,0.0,-1.0,,,,0.9302020467069012,3.5,7.0,https://www.screener.in/company/BAJAJHIND/consolidated/,2026-07-24T13:30:05.610929+00:00
BAJAJHLDNG.NS,375,consolidated,2026-03-31,16.6153,16.0,15.8793,15.4,13.4808,13.1,29.0,17.0,14.0,19.0,23.0,19.0,25.713485476876663,21.43140438447857,15.579628814619294,0.0001367053998632,11.9,86.0,https://www.screener.in/company/BAJAJHLDNG/consolidated/,2026-07-24T13:30:05.610929+00:00
BAJAJINDEF.NS,1285339,consolidated,2026-03-31,31.1226,31.9,31.1226,31.9,31.1226,31.9,,,,,,,,,,0.0111111111111111,9.2,11.0,https://www.screener.in/company/BAJAJINDEF/consolidated/,2026-07-24T13:30:05.610929+00:00
BAJAJST.NS,376,consolidated,2026-03-31,17.4045,17.6,13.8992,12.3,10.487,8.5,-2.0,-10.0,29.0,-15.0,4.0,34.0,-18.217342490476156,-10.861087024741522,,0.1485849056603773,9.1,12.0,https://www.screener.in/company/BAJAJST/consolidated/,2026-07-24T13:30:05.610929+00:00
BAJEL.NS,1284616,consolidated,2026-03-31,130.1774,127.8,130.1774,127.8,130.1774,127.8,,,,,,,,,,0.4912985274431057,4.1,4.0,https://www.screener.in/company/BAJEL/consolidated/,2026-07-24T13:30:05.610929+00:00
BAJFINANCE.NS,372,consolidated,2026-03-31,32.1949,32.4,42.6234,34.5,46.9603,43.95,26.0,34.0,31.0,19.0,10.0,26.0,17.144996665524094,33.04846703924134,29.133969264710235,,18.2,,https://www.screener.in/company/BAJFINANCE/consolidated/,2026-07-24T13:30:05.610929+00:00
BALAJEE.NS,1284967,consolidated,2026-03-31,16.5398,16.35,16.5398,16.35,16.5398,16.35,6.0,3.0,,-12.0,,,-78.75815156541883,-55.99142235082266,,0.760655737704918,3.68,7.0,https://www.screener.in/company/BALAJEE/consolidated/,2026-07-24T13:30:05.610929+00:00
BALAJITELE.NS,381,consolidated,2026-03-31,31.213,25.0,31.213,25.0,31.213,25.0,-29.0,10.0,,-2.0,3.0,-1.0,,,,0.0304487179487179,-7.66,-31.0,https://www.screener.in/company/BALAJITELE/consolidated/,2026-07-24T13:30:05.610929+00:00
BALAMINES.NS,380,consolidated,2026-03-31,31.6675,32.0,30.1038,29.1,24.4897,24.0,-15.0,-7.0,11.0,-20.0,-7.0,23.0,-19.91747343730025,-6.8333122514517175,11.24277000643248,0.0673076923076923,8.74,19.0,https://www.screener.in/company/BALAMINES/consolidated/,2026-07-24T13:30:05.610929+00:00
BALKRISIND.NS,383,consolidated,2026-03-31,36.1529,34.3,34.3793,33.2,30.9774,31.1,4.0,-2.0,9.0,1.0,-3.0,19.0,5.537762429629534,1.0891336726385648,10.798828109518643,0.3752281854691493,9.66,21.0,https://www.screener.in/company/BALKRISIND/consolidated/,2026-07-24T13:30:05.610929+00:00
BALMLAWRIE.NS,385,consolidated,2026-03-31,14.4949,13.8,13.8651,13.4,14.4983,13.6,6.0,18.0,5.0,17.0,5.0,6.0,17.202664519970057,18.108504814393168,5.380753803930771,0.1063315611406476,13.7,13.0,https://www.screener.in/company/BALMLAWRIE/consolidated/,2026-07-24T13:30:05.610929+00:00
BALPHARMA.NS,377,consolidated,2026-03-31,30.3656,23.8,31.213,25.7,45.8092,33.65,1.0,6.0,16.0,35.0,-2.0,-2.0,33.93192919701311,4.248364122878967,13.608376497073603,1.951219512195122,7.87,10.0,https://www.screener.in/company/BALPHARMA/consolidated/,2026-07-24T13:30:05.610929+00:00
BALRAMCHIN.NS,387,consolidated,2026-03-31,22.214,22.5,21.9989,22.2,15.4772,15.4,10.0,-4.0,5.0,10.0,12.0,17.0,9.973031727573156,-3.888207623388396,16.44065180805243,0.7660705654905752,9.54,12.0,https://www.screener.in/company/BALRAMCHIN/consolidated/,2026-07-24T13:30:05.610929+00:00
BALUFORGE.NS,472222,consolidated,2026-03-31,35.5242,32.6,33.7947,31.3,33.7947,31.3,50.0,102.0,,88.0,11.0,26.0,65.91716751111247,80.6065827076879,,0.0953575909661229,19.6,27.0,https://www.screener.in/company/BALUFORGE/consolidated/,2026-07-24T13:30:05.610929+00:00
BANCOINDIA.NS,393,consolidated,2026-03-31,18.5217,18.2,14.7031,15.6,13.8159,12.85,19.0,33.0,18.0,25.0,49.0,22.0,26.92860136386081,33.475326179051336,18.26933196458305,0.3643916913946587,31.2,17.0,https://www.screener.in/company/BANCOINDIA/consolidated/,2026-07-24T13:30:05.610929+00:00
BANG.NS,394,consolidated,2026-03-31,14.3208,11.6,16.3089,13.2,20.3856,14.6,24.0,41.0,21.0,89.0,-8.0,2.0,72.85496751800598,33.63661273247733,17.982752368216982,0.4361702127659574,8.55,4.0,https://www.screener.in/company/BANG/consolidated/,2026-07-24T13:30:05.610929+00:00
BANKBARODA.NS,395,consolidated,2026-03-31,6.6694,6.6,7.8521,7.1,14.1931,8.1,13.0,73.0,19.0,10.0,25.0,5.0,10.019668313323104,66.60451107107004,,,12.7,,https://www.screener.in/company/BANKBARODA/consolidated/,2026-07-24T13:30:05.610929+00:00
BANKINDIA.NS,396,consolidated,2026-03-31,7.1,6.7,7.6261,7.2,8.441,7.7,16.0,39.0,14.0,42.0,14.0,3.0,34.28317583399792,28.909184611980308,,,12.4,,https://www.screener.in/company/BANKINDIA/consolidated/,2026-07-24T13:30:05.610929+00:00
BANSALWIRE.NS,1284840,consolidated,2026-03-31,34.6411,33.3,34.6411,33.3,34.6411,33.3,20.0,,,40.0,,,-46.14949837227116,,,0.3881118881118881,12.1,7.0,https://www.screener.in/company/BANSALWIRE/consolidated/,2026-07-24T13:30:05.610929+00:00
BANSWRAS.NS,400,consolidated,2026-03-31,15.2134,16.5,12.254,9.8,11.6588,10.2,-3.0,25.0,3.0,-30.0,5.0,4.0,-34.84082922856516,16.52805673960991,1.269877157054777,0.811965811965812,6.53,9.0,https://www.screener.in/company/BANSWRAS/consolidated/,2026-07-24T13:30:05.610929+00:00
BASF.NS,406,consolidated,2026-03-31,46.0819,46.6,50.4609,51.15,53.8182,51.25,,,,,6.0,13.0,163.908800273413,41.28356849648407,,0.0336113217083649,10.9,4.0,https://www.screener.in/company/BASF/consolidated/,2026-07-24T13:30:05.610929+00:00
BATAINDIA.NS,408,consolidated,2026-03-31,64.9446,66.2,66.3433,66.3,62.3556,61.35,1.0,32.0,0.0,-19.0,-15.0,2.0,-25.383305953820155,,-4.708165213179627,0.8695924764890283,10.6,21.0,https://www.screener.in/company/BATAINDIA/consolidated/,2026-07-24T13:30:05.610929+00:00
BATLIBOI.NS,409,consolidated,2026-03-31,33.8637,33.1,36.6772,32.4,29.1303,28.4,5.0,16.0,7.0,-59.0,31.0,14.0,,,,0.418848167539267,0.37,1.0,https://www.screener.in/company/BATLIBOI/consolidated/,2026-07-24T13:30:05.610929+00:00
BBOX.NS,89,consolidated,2026-03-31,37.4873,33.5,36.5215,34.2,31.5436,31.7,0.0,14.0,25.0,83.0,26.0,51.0,105.57595921478053,20.608792725067527,,0.8958818958818959,26.8,9.0,https://www.screener.in/company/BBOX/consolidated/,2026-07-24T13:30:05.610929+00:00
BBTC.NS,527,consolidated,2026-03-31,18.7867,11.85,21.9956,14.8,20.4061,16.2,6.0,26.0,12.0,31.0,3.0,14.0,,27.4509827579098,12.394946208027502,0.2257881283726214,18.7,18.0,https://www.screener.in/company/BBTC/consolidated/,2026-07-24T13:30:05.610929+00:00
BBTCL.NS,1274583,consolidated,2026-03-31,31.1481,29.4,27.4927,26.95,27.4927,26.95,22.0,,,5.0,23.0,,4.800217191503808,,,1.7669172932330828,17.0,15.0,https://www.screener.in/company/BBTCL/consolidated/,2026-07-24T13:30:05.610929+00:00
BCG.NS,1883,consolidated,2026-03-31,2.6133,2.4,4.8485,3.3,2.6471,1.1,-2.0,15.0,9.0,-11.0,-16.0,4.0,-11.103867251554943,0.8603418492442394,1.7000890717204564,0.0,9.99,25.0,https://www.screener.in/company/BCG/consolidated/,2026-07-24T13:30:05.610929+00:00
BCLIND.NS,414,consolidated,2026-03-31,13.7567,13.6,13.5272,13.3,10.8446,10.8,15.0,22.0,,20.0,8.0,27.0,12.487607898800237,17.653188327600766,,0.6252747252747253,13.4,9.0,https://www.screener.in/company/BCLIND/consolidated/,2026-07-24T13:30:05.610929+00:00
BCONCEPTS.NS,1274250,consolidated,2026-03-31,65.0325,60.1,62.7817,54.85,62.7817,54.85,29.0,17.0,,-46.0,42.0,,-54.50652685404399,,,2.2195121951219514,1.85,8.0,https://www.screener.in/company/BCONCEPTS/consolidated/,2026-07-24T13:30:05.610929+00:00
BCPL.NS,1274590,consolidated,2026-03-31,22.2318,21.9,18.4834,19.4,18.4834,19.4,20.0,,,-7.0,4.0,,-7.152142991952104,,,0.7551020408163265,6.77,7.0,https://www.screener.in/company/BCPL/consolidated/,2026-07-24T13:30:05.610929+00:00
BEARDSELL.NS,416,consolidated,2026-03-31,14.5471,13.5,16.668,15.6,32.8146,19.25,6.0,115.0,14.0,11.0,16.0,4.0,8.50690604664981,,13.057117163903984,0.2391304347826087,13.2,9.0,https://www.screener.in/company/BEARDSELL/consolidated/,2026-07-24T13:30:05.610929+00:00
BECTORFOOD.NS,1274822,consolidated,2026-03-31,56.9535,57.5,49.4713,50.0,51.2548,51.95,14.0,14.0,,16.0,18.0,,14.471424255333186,13.285810378571483,,0.1502753737214791,11.6,13.0,https://www.screener.in/company/BECTORFOOD/consolidated/,2026-07-24T13:30:05.610929+00:00
BEDMUTHA.NS,418,consolidated,2026-03-31,30.7519,30.6,21.5983,18.9,21.5983,18.9,29.0,-49.0,8.0,-20.0,25.0,15.0,-20.695651117545133,-49.42569130978782,,1.368421052631579,4.38,4.0,https://www.screener.in/company/BEDMUTHA/consolidated/,2026-07-24T13:30:05.610929+00:00
BEEKAY.NS,1270778,consolidated,2026-03-31,11.5656,10.8,9.2697,9.8,10.428,9.9,1.0,-14.0,7.0,-28.0,2.0,19.0,-29.65406174633389,-14.78507585427603,6.601774713679642,0.3173996175908222,3.57,8.0,https://www.screener.in/company/BEEKAY/consolidated/,2026-07-24T13:30:05.610929+00:00
BEL.NS,456,consolidated,2026-03-31,46.9682,49.4,38.1061,38.4,28.9998,25.3,16.0,24.0,16.0,27.0,46.0,27.0,26.657658729717102,23.633033898187534,17.237563094221397,0.002709688177422,27.6,29.0,https://www.screener.in/company/BEL/consolidated/,2026-07-24T13:30:05.610929+00:00
BELRISE.NS,1285464,consolidated,2026-03-31,29.9507,28.25,29.9507,28.25,29.9507,28.25,13.0,,,17.0,,,,,,0.291044776119403,12.6,12.0,https://www.screener.in/company/BELRISE/consolidated/,2026-07-24T13:30:05.610929+00:00
BEML.NS,423,consolidated,2026-03-31,60.9166,58.5,53.7437,52.9,50.6301,49.25,4.0,16.0,8.0,-2.0,27.0,16.0,-3.6286735929344616,15.460987233105673,8.180811483886274,0.1053169734151329,4.86,7.0,https://www.screener.in/company/BEML/consolidated/,2026-07-24T13:30:05.610929+00:00
BENGALASM.NS,425,consolidated,2026-03-31,8.8885,8.5,7.1552,7.0,6.0921,5.7,-48.0,11.0,13.0,-5.0,30.0,23.0,-4.546416854120117,9.91158764409683,9.972885960202738,,8.12,,https://www.screener.in/company/BENGALASM/consolidated/,2026-07-24T13:30:05.610929+00:00
BEPL.NS,453,consolidated,2026-03-31,15.8478,15.3,12.5429,13.8,20.9988,14.8,-2.0,-12.0,27.0,10.0,1.0,24.0,9.661809365184372,-11.61120564144924,27.25724617842986,0.0,17.3,17.0,https://www.screener.in/company/BEPL/consolidated/,2026-07-24T13:30:05.610929+00:00
BERGEPAINT.NS,429,consolidated,2026-03-31,55.8108,54.3,63.5165,60.1,68.4253,62.05,4.0,10.0,12.0,10.0,-7.0,10.0,9.438436418715156,9.38011923858182,11.751921852532687,0.0918028046841116,17.3,15.0,https://www.screener.in/company/BERGEPAINT/consolidated/,2026-07-24T13:30:05.610929+00:00
BESTAGRO.NS,1273249,consolidated,2026-03-31,26.9255,17.3,25.0031,19.1,25.0031,19.1,-10.0,-25.0,,-64.0,-13.0,27.0,-64.11489280727928,-25.912592639785117,,0.5755208333333334,1.16,8.0,https://www.screener.in/company/BESTAGRO/consolidated/,2026-07-24T13:30:05.610929+00:00
BETA.NS,1274175,consolidated,2026-03-31,40.2815,39.1,35.5295,33.9,28.9531,30.7,19.0,29.0,,11.0,44.0,,10.388916789669246,28.675400056793546,,0.6040816326530613,18.8,20.0,https://www.screener.in/company/BETA/consolidated/,2026-07-24T13:30:05.610929+00:00
BFINVEST.NS,438,consolidated,2026-03-31,8.6229,6.7,7.1713,5.7,7.2709,6.1,35.0,1.0,8.0,3.0,3.0,15.0,2.838481944387849,1.0984672584591904,7.872922913759406,0.0,3.65,84.0,https://www.screener.in/company/BFINVEST/consolidated/,2026-07-24T13:30:05.610929+00:00
BFUTILITIE.NS,439,consolidated,2025-03-31,19.2752,19.5,17.9704,18.2,22.5395,20.6,18.0,39.0,17.0,47.0,3.0,1.0,42.32164932551714,49.34827867656404,,4.6138613861386135,113.0,74.0,https://www.screener.in/company/BFUTILITIE/consolidated/,2026-07-24T13:30:05.610929+00:00
BHAGCHEM.NS,445,consolidated,2026-03-31,163.7401,170.8,110.2498,58.5,104.1906,70.8,2.0,-4.0,,-26.0,35.0,38.0,-31.417585818776573,-9.213675138405788,,0.336676217765043,2.63,11.0,https://www.screener.in/company/BHAGCHEM/consolidated/,2026-07-24T13:30:05.610929+00:00
BHARATFORG.NS,458,consolidated,2026-03-31,68.2541,67.0,61.7513,60.9,57.6469,49.3,9.0,39.0,5.0,33.0,22.0,19.0,25.76970010519613,,4.478382067783615,0.7629436325678497,12.0,17.0,https://www.screener.in/company/BHARATFORG/consolidated/,2026-07-24T13:30:05.610929+00:00
BHARATRAS.NS,463,consolidated,2026-03-31,33.7586,30.4,31.7291,29.2,30.9708,28.2,0.0,-1.0,,8.0,-18.0,16.0,5.308040121992241,-1.8785843773499569,,0.0007849293563579,13.3,16.0,https://www.screener.in/company/BHARATRAS/consolidated/,2026-07-24T13:30:05.610929+00:00
BHARATWIRE.NS,1273307,consolidated,2024-03-31,17.2994,15.7,17.4365,16.2,17.4365,16.2,,,,,20.0,16.0,,,,1.8525179856115108,42.2,26.0,https://www.screener.in/company/BHARATWIRE/consolidated/,2026-07-24T13:30:05.610929+00:00
BHARTIARTL.NS,467,consolidated,2026-03-31,50.1943,47.8,83.8723,60.0,113.8921,62.05,15.0,22.0,18.0,45.0,29.0,19.0,43.037688829985775,,14.768075057173814,1.310988413828267,20.3,55.0,https://www.screener.in/company/BHARTIARTL/consolidated/,2026-07-24T13:30:05.610929+00:00
BHEL.NS,460,consolidated,2026-03-31,184.4274,166.5,143.3619,134.8,105.0103,68.1,13.0,21.0,16.0,36.0,46.0,16.0,34.75141287239274,,,0.313126290828425,6.23,9.0,https://www.screener.in/company/BHEL/consolidated/,2026-07-24T13:30:05.610929+00:00
BI.NS,480,consolidated,2026-03-31,25.9111,25.8,25.9111,25.8,25.9111,25.8,-9.0,16.0,-9.0,37.0,-11.0,1.0,-51.47777947170078,,,3.1472081218274117,1.66,6.0,https://www.screener.in/company/BI/consolidated/,2026-07-24T13:30:05.610929+00:00
BIGBLOC.NS,1273472,consolidated,2026-03-31,49.7713,49.3,47.7178,45.9,47.1254,44.9,12.0,,,,35.0,,,,,1.4744525547445255,-1.29,6.0,https://www.screener.in/company/BIGBLOC/consolidated/,2026-07-24T13:30:05.610929+00:00
BIKAJI.NS,1275353,consolidated,2026-03-31,73.7803,72.3,80.5674,74.6,80.5674,74.6,15.0,24.0,,24.0,,,23.26076110651936,-22.60860713538939,,0.1860609831985065,17.5,14.0,https://www.screener.in/company/BIKAJI/consolidated/,2026-07-24T13:30:05.610929+00:00
BIL.NS,468,consolidated,2026-03-31,28.9971,26.5,25.3665,19.5,22.426,19.7,19.0,33.0,-7.0,-40.0,25.0,3.0,-41.97546428057066,,-7.171974223129107,1.1129363449691991,2.87,8.0,https://www.screener.in/company/BIL/consolidated/,2026-07-24T13:30:05.610929+00:00
BIMETAL.NS,482,consolidated,2026-03-31,21.2269,21.0,21.2269,21.0,21.2269,21.0,9.0,24.0,10.0,1.0,9.0,7.0,1.71050175686267,25.12516251184147,10.757035974246644,0.0174672489082969,5.08,6.0,https://www.screener.in/company/BIMETAL/consolidated/,2026-07-24T13:30:05.610929+00:00
BIOCON.NS,487,consolidated,2026-03-31,58.1777,47.9,56.1272,48.6,58.151,50.3,15.0,-12.0,1.0,-15.0,2.0,12.0,-14.813244848480734,-17.347050030476762,-6.356760961994546,0.4535276659516323,1.4,21.0,https://www.screener.in/company/BIOCON/consolidated/,2026-07-24T13:30:05.610929+00:00
BIRLACORPN.NS,490,consolidated,2026-03-31,30.5338,27.75,28.8902,24.2,26.5194,22.65,4.0,-4.0,13.0,134.0,-8.0,6.0,139.66480809534835,-2.4163183373928643,12.764933260010649,0.4604209097080787,7.83,15.0,https://www.screener.in/company/BIRLACORPN/consolidated/,2026-07-24T13:30:05.610929+00:00
BIRLAMONEY.NS,69,consolidated,2018-09-30,84.6013,85.2,64.9525,64.9,53.0086,38.85,9.0,22.0,-8.0,20.0,11.0,17.0,19.082804813591142,,-7.656516737955588,15.823529411764708,26.0,19.0,https://www.screener.in/company/BIRLAMONEY/consolidated/,2026-07-24T13:30:05.610929+00:00
BIRLANU.NS,1377,consolidated,2026-03-31,24.4209,13.5,17.7879,12.5,20.4476,13.4,2.0,,,,-22.0,8.0,,,,1.0009000900090008,-14.9,0.0,https://www.screener.in/company/BIRLANU/consolidated/,2026-07-24T13:30:05.610929+00:00
BIRLAPREC.NS,497,consolidated,2026-03-31,38.9352,39.9,32.7244,30.1,33.2624,30.65,-1.0,51.0,,1.0,19.0,25.0,-8.586557459456357,49.62778697388448,,0.3028571428571429,6.79,7.0,https://www.screener.in/company/BIRLAPREC/consolidated/,2026-07-24T13:30:05.610929+00:00
BLACKBUCK.NS,1285151,consolidated,2026-03-31,35.8878,30.6,35.8878,30.6,35.8878,30.6,55.0,22.0,,37.0,,,,,,0.0414908579465541,12.3,26.0,https://www.screener.in/company/BLACKBUCK/consolidated/,2026-07-24T13:30:05.610929+00:00
BLBLIMITED.NS,506,consolidated,2026-03-31,18.7323,20.9,18.7323,20.9,22.2146,22.8,,,38.0,,7.0,11.0,197.1960976381565,76.29003544111777,3.3761161045056776,0.0,29.3,6.0,https://www.screener.in/company/BLBLIMITED/consolidated/,2026-07-24T13:30:05.610929+00:00
BLIL.NS,386,consolidated,2026-03-31,9.8363,9.5,9.2736,9.1,9.7237,9.2,5.0,17.0,,17.0,7.0,9.0,17.155320053013035,17.49849936326946,,0.1528839471855455,12.7,13.0,https://www.screener.in/company/BLIL/consolidated/,2026-07-24T13:30:05.610929+00:00
BLKASHYAP.NS,354,consolidated,2026-03-31,50.3292,35.6,44.8912,33.0,62.6571,33.15,8.0,8.0,16.0,-32.0,19.0,11.0,-58.508673331687824,,,0.5673624288425048,2.59,7.0,https://www.screener.in/company/BLKASHYAP/consolidated/,2026-07-24T13:30:05.610929+00:00
BLS.NS,1273377,consolidated,2026-03-31,35.5357,38.4,35.9368,36.4,29.4593,28.55,26.0,69.0,36.0,50.0,48.0,,50.53207992706194,68.72026277395476,36.368316257721325,0.1749898497766951,32.7,27.0,https://www.screener.in/company/BLS/consolidated/,2026-07-24T13:30:05.610929+00:00
BLSE.NS,1284654,consolidated,2026-03-31,44.3271,35.6,44.3271,35.6,44.3271,35.6,66.0,79.0,,41.0,,,30.77932500543803,-71.11857407744739,,0.011472275334608,11.4,7.0,https://www.screener.in/company/BLSE/consolidated/,2026-07-24T13:30:05.610929+00:00
BLUEDART.NS,517,consolidated,2026-03-31,54.1121,53.8,49.567,49.0,58.3954,54.45,6.0,19.0,4.0,-8.0,-3.0,-2.0,-12.599086180007612,19.42956245407505,2.312838360999736,0.642656162070906,16.8,15.0,https://www.screener.in/company/BLUEDART/consolidated/,2026-07-24T13:30:05.610929+00:00
BLUESTARCO.NS,519,consolidated,2026-03-31,68.8076,69.3,63.9651,63.3,60.9157,53.75,16.0,50.0,18.0,26.0,31.0,21.0,7.267309468073102,37.55734527009773,15.993423523062036,0.2360827747012532,17.2,8.0,https://www.screener.in/company/BLUESTARCO/consolidated/,2026-07-24T13:30:05.610929+00:00
BLUESTONE.NS,1285596,consolidated,2026-03-31,195.92,201.3,195.92,201.3,195.92,201.3,,,,,,,,,,0.9438888888888888,1.1,16.0,https://www.screener.in/company/BLUESTONE/consolidated/,2026-07-24T13:30:05.610929+00:00
BNALTD.NS,357,consolidated,2026-03-31,21.3178,16.5,14.8031,11.9,11.3897,8.6,-1.0,,,,12.0,10.0,,,,0.8102189781021898,-2.85,4.0,https://www.screener.in/company/BNALTD/consolidated/,2026-07-24T13:30:05.610929+00:00
BOMDYEING.NS,529,consolidated,2026-03-31,92.1613,97.2,92.1613,97.2,40.7928,13.35,-18.0,15.0,8.0,26.0,3.0,10.0,,,,0.0013129102844638,0.28,-4.0,https://www.screener.in/company/BOMDYEING/consolidated/,2026-07-24T13:30:05.610929+00:00
BONLON.NS,1274764,consolidated,2026-03-31,23.11,25.5,22.1276,24.3,21.9067,23.9,,6.0,,,14.0,,5.019599706142519,-9.070412193189048,,0.3838383838383838,2.9,1.0,https://www.screener.in/company/BONLON/consolidated/,2026-07-24T13:30:05.610929+00:00
BOROLTD.NS,1274765,consolidated,2026-03-31,61.6083,59.9,55.3498,52.5,58.5678,51.4,18.0,14.0,,34.0,5.0,,11.265911286202378,11.078919020828316,,0.1668545659526494,9.16,14.0,https://www.screener.in/company/BOROLTD/consolidated/,2026-07-24T13:30:05.610929+00:00
BORORENEW.NS,536,consolidated,2026-03-31,93.2951,72.6,92.6579,93.5,42.9865,14.5,20.0,,24.0,69.0,15.0,36.0,19.924005150099223,13.498508440779576,,0.1072137657180675,26.1,31.0,https://www.screener.in/company/BORORENEW/consolidated/,2026-07-24T13:30:05.610929+00:00
BOROSCI.NS,1284806,consolidated,2026-03-31,52.4893,51.4,52.4893,51.4,52.4893,51.4,,,,,,,,,,0.0204081632653061,9.52,13.0,https://www.screener.in/company/BOROSCI/consolidated/,2026-07-24T13:30:05.610929+00:00
BOSCHLTD.NS,537,consolidated,2026-03-31,47.5529,48.0,43.2946,40.9,43.8893,40.5,10.0,17.0,4.0,14.0,23.0,6.0,24.83497419458649,41.900576486049616,6.769181660227397,0.008015627104944,14.6,13.0,https://www.screener.in/company/BOSCHLTD/consolidated/,2026-07-24T13:30:05.610929+00:00
BPCL.NS,462,consolidated,2026-03-31,6.6051,7.1,8.3047,7.1,10.3455,9.3,-1.0,16.0,12.0,107.0,6.0,5.0,129.78166357667047,9.83909600094728,12.32027787428478,0.5433109382955147,28.8,5.0,https://www.screener.in/company/BPCL/consolidated/,2026-07-24T13:30:05.610929+00:00
BPL.NS,539,consolidated,2026-03-31,25.7771,23.8,25.3611,24.0,25.3611,24.0,14.0,,-5.0,,4.0,3.0,,,,0.438031616945355,-3.49,-6.17,https://www.screener.in/company/BPL/consolidated/,2026-07-24T13:30:05.610929+00:00
BRIGADE.NS,549,consolidated,2026-03-31,47.7828,50.0,57.865,52.3,40.0238,25.6,18.0,89.0,18.0,35.0,17.0,20.0,27.784738066459116,,13.705104428230186,0.9300689048526608,10.5,25.0,https://www.screener.in/company/BRIGADE/consolidated/,2026-07-24T13:30:05.610929+00:00
BRIGHOTEL.NS,1285560,consolidated,2026-03-31,75.1909,65.45,75.1909,65.45,75.1909,65.45,14.0,,,73.0,,,,,,0.3225469728601252,11.2,33.0,https://www.screener.in/company/BRIGHOTEL/consolidated/,2026-07-24T13:30:05.610929+00:00
BRITANNIA.NS,553,consolidated,2026-03-31,57.6962,57.2,57.5962,57.0,56.8163,56.85,6.0,6.0,12.0,8.0,9.0,14.0,2.9517489263050534,6.331242377915425,11.837641834520207,0.2702702702702703,53.5,18.0,https://www.screener.in/company/BRITANNIA/consolidated/,2026-07-24T13:30:05.610929+00:00
BRNL.NS,1274136,consolidated,2026-03-31,2.4441,1.3,2.4441,1.3,19.6725,24.8,-22.0,12.0,5.0,23.0,-13.0,,,,,1.0769230769230769,-8.08,-16.0,https://www.screener.in/company/BRNL/consolidated/,2026-07-24T13:30:05.610929+00:00
BSE.NS,1273635,consolidated,2026-03-31,72.6159,69.2,58.7172,59.9,38.8535,31.2,74.0,68.0,32.0,124.0,94.0,,124.3419525996808,76.4938829490831,46.13869437434921,0.0,44.8,64.0,https://www.screener.in/company/BSE/consolidated/,2026-07-24T13:30:05.610929+00:00
BSOFT.NS,1826,consolidated,2026-03-31,27.8529,25.1,26.6598,25.1,19.173,19.4,3.0,11.0,6.0,18.0,-7.0,13.0,15.433589884120158,9.901118144562894,2.6938490212558674,0.0342815463165572,14.1,16.0,https://www.screener.in/company/BSOFT/consolidated/,2026-07-24T13:30:05.610929+00:00
BTML.NS,1274802,consolidated,2026-03-31,49.8148,36.7,44.6752,28.1,39.013,23.2,39.0,21.0,,25.0,42.0,,24.81453978697512,20.11244339814311,,0.4337349397590361,11.0,12.0,https://www.screener.in/company/BTML/consolidated/,2026-07-24T13:30:05.610929+00:00
BUILDPRO.NS,1285862,consolidated,2026-03-31,8.1425,0.0,8.1425,0.0,8.1425,0.0,19.0,,,27.0,,,,,,0.1119266055045871,25.9,3.0,https://www.screener.in/company/BUILDPRO/consolidated/,2026-07-24T13:30:05.610929+00:00
BVCL.NS,401,consolidated,2026-03-31,19.7427,17.5,18.4375,13.9,19.8949,16.0,5.0,-34.0,7.0,-62.0,13.0,5.0,-61.95095304572949,-34.27546874626536,,0.232,0.23,5.0,https://www.screener.in/company/BVCL/consolidated/,2026-07-24T13:30:05.610929+00:00
CAMLINFINE.NS,575,consolidated,2026-03-31,97.9571,82.7,69.433,50.0,58.6614,47.1,1.0,-6.0,-1.0,-14.0,-9.0,3.0,-21.35153327458136,-16.558423883586048,-7.958252573411439,0.69164265129683,3.75,7.0,https://www.screener.in/company/CAMLINFINE/consolidated/,2026-07-24T13:30:05.610929+00:00
CAMPUS.NS,1275219,consolidated,2022-03-31,75.2331,76.0,87.8671,78.2,87.8671,78.2,26.0,149.0,,42.0,,,-90.32957059912988,,,0.6768149882903981,29.5,20.0,https://www.screener.in/company/CAMPUS/consolidated/,2026-07-24T13:30:05.610929+00:00
CAMS.NS,1274786,consolidated,2026-03-31,44.4134,42.1,45.3054,42.0,46.5224,43.0,16.0,21.0,,17.0,3.0,,18.15426859227176,17.950842300963888,,0.048448145344436,36.3,45.0,https://www.screener.in/company/CAMS/consolidated/,2026-07-24T13:30:05.610929+00:00
CANBK.NS,579,consolidated,2026-03-31,6.0414,6.0,6.1,6.0,9.2554,6.6,14.0,44.0,24.0,18.0,34.0,10.0,16.653600616827568,41.19906534129774,,,16.1,,https://www.screener.in/company/CANBK/consolidated/,2026-07-24T13:30:05.610929+00:00
CAPACITE.NS,1274144,consolidated,2026-03-31,16.0885,16.1,16.005,15.5,16.6389,16.25,13.0,162.0,15.0,24.0,-2.0,,17.265368211152456,150.3973436308997,-12.37509174357344,0.253012048192771,10.4,16.0,https://www.screener.in/company/CAPACITE/consolidated/,2026-07-24T13:30:05.610929+00:00
CAPILLARY.NS,1285767,consolidated,2026-03-31,249.0916,268.7,249.0916,268.7,249.0916,268.7,32.0,27.0,,32.0,,,,,,0.052734375,3.72,13.0,https://www.screener.in/company/CAPILLARY/consolidated/,2026-07-24T13:30:05.610929+00:00
CAPLIPOINT.NS,582,consolidated,2026-03-31,26.1357,25.5,23.2479,23.0,24.1408,21.65,14.0,22.0,30.0,20.0,26.0,27.0,19.391264166532785,21.371278429436515,31.562971557401557,0.0013943112102621,20.6,35.0,https://www.screener.in/company/CAPLIPOINT/consolidated/,2026-07-24T13:30:05.610929+00:00
CAPTRUST.NS,581,consolidated,2022-09-30,35.4363,42.0,35.9797,39.5,39.5516,34.4,-18.0,,,,-27.0,-26.0,,,,,-8.18,,https://www.screener.in/company/CAPTRUST/consolidated/,2026-07-24T13:30:05.610929+00:00
CARBORUNIV.NS,586,consolidated,2026-03-31,62.2866,61.4,56.6732,55.0,42.977,39.0,4.0,-3.0,6.0,-14.0,10.0,15.0,-22.316020066935348,-7.387005357170128,2.9387632303932154,0.1058974358974359,6.92,11.0,https://www.screener.in/company/CARBORUNIV/consolidated/,2026-07-24T13:30:05.610929+00:00
CARERATING.NS,244883,consolidated,2026-03-31,32.0197,31.6,27.6057,28.8,25.2377,24.85,19.0,14.0,4.0,27.0,19.0,6.0,26.53489266850848,13.39217975287279,3.42523765766507,0.0278969957081545,19.7,42.0,https://www.screener.in/company/CARERATING/consolidated/,2026-07-24T13:30:05.610929+00:00
CARRARO.NS,1285206,consolidated,2026-03-31,30.1085,28.95,30.1085,28.95,30.1085,28.95,10.0,,,43.0,,,39.17902832165241,,,0.2743362831858407,26.9,10.0,https://www.screener.in/company/CARRARO/consolidated/,2026-07-24T13:30:05.610929+00:00
CARTRADE.NS,1274909,consolidated,2026-03-31,60.8924,60.8,50.8589,58.0,50.8589,58.0,29.0,20.0,13.0,89.0,,,85.81793145982131,-28.99443418786044,,0.0563607085346215,9.69,33.0,https://www.screener.in/company/CARTRADE/consolidated/,2026-07-24T13:30:05.610929+00:00
CARYSIL.NS,52,consolidated,2026-03-31,35.7707,35.4,33.4402,33.9,28.4335,29.65,16.0,20.0,25.0,24.0,13.0,27.0,20.80531252129953,18.69888310032286,23.41810365976009,0.4499178981937602,17.4,19.0,https://www.screener.in/company/CARYSIL/consolidated/,2026-07-24T13:30:05.610929+00:00
CCAVENUE.NS,1273310,consolidated,2026-03-31,36.272,31.0,42.6617,40.5,73.9098,45.25,61.0,31.0,41.0,30.0,-3.0,2.0,23.95961884821869,29.45936165164078,34.928284767356345,0.0906026127265065,6.64,4.0,https://www.screener.in/company/CCAVENUE/consolidated/,2026-07-24T13:30:05.610929+00:00
CCHHL.NS,723,consolidated,2026-03-31,48.1183,27.0,45.6859,26.7,35.525,26.5,7.0,17.0,-12.0,-14.0,9.0,-1.0,,,,0.0802675585284281,2.58,-23.0,https://www.screener.in/company/CCHHL/consolidated/,2026-07-24T13:30:05.610929+00:00
CCL.NS,593,consolidated,2026-03-31,34.0242,34.1,32.0946,31.4,28.0573,28.9,29.0,16.0,12.0,11.0,23.0,16.0,10.83639306188484,16.237133914187176,12.217408495208026,0.5646055437100214,18.0,16.0,https://www.screener.in/company/CCL/consolidated/,2026-07-24T13:30:05.610929+00:00
CDSL.NS,1274088,consolidated,2026-03-31,58.2541,59.5,53.805,55.9,43.4452,42.5,27.0,18.0,21.0,18.0,14.0,,18.23887030800737,17.8710705062749,17.49964349782236,0.0010204081632653,24.5,51.0,https://www.screener.in/company/CDSL/consolidated/,2026-07-24T13:30:05.610929+00:00
CEATLTD.NS,596,consolidated,2026-03-31,22.1924,21.5,29.9888,22.5,23.3542,17.8,11.0,10.0,5.0,54.0,19.0,14.0,55.3571238888332,10.069157785958115,4.781190920728728,0.6484344034879113,16.1,12.0,https://www.screener.in/company/CEATLTD/consolidated/,2026-07-24T13:30:05.610929+00:00
CEIGALL.NS,1284882,consolidated,2026-03-31,17.1903,17.0,17.1903,17.0,17.1903,17.0,25.0,23.0,,24.0,,,-5.617287070487508,-56.47171188742783,,0.6131898971000935,15.7,15.0,https://www.screener.in/company/CEIGALL/consolidated/,2026-07-24T13:30:05.610929+00:00
CEINSYS.NS,1085308,consolidated,2026-03-31,27.9357,21.0,24.9701,19.6,24.8052,21.1,44.0,133.0,40.0,63.0,41.0,30.0,47.09702793811466,104.30761178823656,30.290794757485795,0.0846953937592867,24.8,22.0,https://www.screener.in/company/CEINSYS/consolidated/,2026-07-24T13:30:05.610929+00:00
CELLO.NS,1284546,consolidated,2026-03-31,44.6113,40.9,44.6113,40.9,44.6113,40.9,9.0,17.0,,8.0,,,3.216551952786606,-84.17419609266368,,0.0140688633839318,13.2,20.0,https://www.screener.in/company/CELLO/consolidated/,2026-07-24T13:30:05.610929+00:00
CEMPRO.NS,1553,consolidated,2026-03-31,30.5108,28.0,26.3885,26.1,30.0417,26.55,25.0,112.0,27.0,68.0,74.0,25.0,68.82575884614863,106.79180322555436,39.46153518136701,0.41725719049604,27.8,10.0,https://www.screener.in/company/CEMPRO/consolidated/,2026-07-24T13:30:05.610929+00:00
CENTENKA.NS,610,consolidated,2026-03-31,19.3573,17.4,18.8018,17.0,18.8018,17.0,-6.0,,,7.0,6.0,10.0,3.737014332792588,,,0.0147058823529411,7.02,9.0,https://www.screener.in/company/CENTENKA/consolidated/,2026-07-24T13:30:05.610929+00:00
CENTRALBK.NS,604,consolidated,2026-03-31,13.1433,12.1,13.1018,12.75,13.1018,12.75,12.0,46.0,18.0,39.0,4.0,-11.0,37.34227335765961,,,,11.9,,https://www.screener.in/company/CENTRALBK/consolidated/,2026-07-24T13:30:05.610929+00:00
CENTRUM.NS,607,consolidated,2026-03-31,77.1321,78.3,72.1708,70.8,72.1708,70.8,41.0,,,-20.0,-14.0,0.0,,,,51.46794871794872,-75.3,29.0,https://www.screener.in/company/CENTRUM/consolidated/,2026-07-24T13:30:05.610929+00:00
CENTUM.NS,608,consolidated,2026-03-31,100.8637,88.8,142.1224,100.7,84.1572,45.0,1.0,42.0,14.0,117.0,48.0,21.0,,,,0.358600583090379,26.9,14.0,https://www.screener.in/company/CENTUM/consolidated/,2026-07-24T13:30:05.610929+00:00
CENTURYPLY.NS,612,consolidated,2026-03-31,63.2669,67.4,53.6962,47.2,42.4149,38.0,14.0,6.0,5.0,-12.0,13.0,13.0,-11.839077540329946,6.517764222225453,4.515424403136237,0.6762452107279694,10.8,12.0,https://www.screener.in/company/CENTURYPLY/consolidated/,2026-07-24T13:30:05.610929+00:00
CERA.NS,614,consolidated,2025-03-31,37.5707,36.6,39.5525,39.0,38.7563,37.85,10.0,17.0,,17.0,7.0,10.0,18.045838153963988,17.02347719036603,,0.0495195861049519,18.2,15.0,https://www.screener.in/company/CERA/consolidated/,2026-07-24T13:30:05.610929+00:00
CESC.NS,616,consolidated,2026-03-31,14.1822,14.6,11.5828,11.8,11.1128,10.0,9.0,3.0,9.0,6.0,15.0,13.0,4.710465378910023,2.983868189231087,9.936097733254057,1.7295291300877893,12.6,19.0,https://www.screener.in/company/CESC/consolidated/,2026-07-24T13:30:05.610929+00:00
CEWATER.NS,1285203,consolidated,2026-03-31,19.7253,19.0,19.7253,19.0,19.7253,19.0,18.0,3.0,,61.0,,,46.77952441984088,-72.69225274464124,,0.2924693520140105,4.13,6.0,https://www.screener.in/company/CEWATER/consolidated/,2026-07-24T13:30:05.610929+00:00
CGCL.NS,2116,consolidated,2026-03-31,45.6446,43.1,53.8966,60.5,41.5906,34.1,48.0,40.0,36.0,67.0,14.0,41.0,58.41941724219868,35.608743197192005,33.955362675377444,,16.5,,https://www.screener.in/company/CGCL/consolidated/,2026-07-24T13:30:05.610929+00:00
CGPOWER.NS,739,consolidated,2026-03-31,101.1777,101.6,80.5284,80.5,79.2899,79.8,21.0,70.0,37.0,10.0,62.0,28.0,6.732350417634181,-4.573129284315291,,0.0148055207026348,20.5,13.0,https://www.screener.in/company/CGPOWER/consolidated/,2026-07-24T13:30:05.610929+00:00
CHALET.NS,1274626,consolidated,2026-03-31,100.3522,69.4,109.9675,72.8,114.404,73.9,35.0,47.0,23.0,60.0,37.0,,48.80987135318853,,,0.6403461330448891,19.2,43.0,https://www.screener.in/company/CHALET/consolidated/,2026-07-24T13:30:05.610929+00:00
CHAMBLFERT.NS,620,consolidated,2026-03-31,12.3293,12.3,11.4203,11.0,11.6816,11.2,-9.0,7.0,22.0,25.0,7.0,21.0,25.19272751169204,4.165394804085998,24.82366145095052,0.1026133743274404,20.4,13.0,https://www.screener.in/company/CHAMBLFERT/consolidated/,2026-07-24T13:30:05.610929+00:00
CHEMPLASTS.NS,634,consolidated,2026-03-31,71.386,16.9,71.386,16.9,71.386,16.9,-5.0,,,,,,,,,1.112250712250712,-6.8,5.0,https://www.screener.in/company/CHEMPLASTS/consolidated/,2026-07-24T13:30:05.610929+00:00
CHENNPETRO.NS,636,consolidated,2026-03-31,8.0923,5.45,5.7567,4.3,5.8006,5.3,-6.0,65.0,15.0,-4.0,58.0,17.0,-4.223792581164632,64.53341888496962,15.08145986881415,0.1767935907822486,32.1,8.0,https://www.screener.in/company/CHENNPETRO/consolidated/,2026-07-24T13:30:05.610929+00:00
CHOICEIN.NS,644,consolidated,2026-03-31,68.251,68.4,57.8031,57.5,39.8736,31.2,42.0,67.0,48.0,54.0,90.0,53.0,47.89808142810295,52.8768552150815,27.50863930617189,0.5430622009569378,16.1,36.0,https://www.screener.in/company/CHOICEIN/consolidated/,2026-07-24T13:30:05.610929+00:00
CHOLAFIN.NS,648,consolidated,2026-03-31,30.3363,30.2,29.7387,29.9,26.0312,26.05,34.0,28.0,25.0,25.0,28.0,24.0,23.730099533417672,27.051277631323316,23.633489818702596,,19.4,,https://www.screener.in/company/CHOLAFIN/consolidated/,2026-07-24T13:30:05.610929+00:00
CHOLAHLDNG.NS,3489,consolidated,2026-03-31,14.442,14.4,13.8897,13.7,14.877,14.7,29.0,24.0,15.0,24.0,18.0,15.0,23.68554201792432,24.23475589865025,8.890968175872116,,17.5,,https://www.screener.in/company/CHOLAHLDNG/consolidated/,2026-07-24T13:30:05.610929+00:00
CIEINDIA.NS,1975,consolidated,2026-06-30,22.1146,21.6,21.6617,21.3,30.0071,23.0,2.0,54.0,21.0,127.0,11.0,9.0,,50.68481288759956,,0.0662533901588531,11.8,15.0,https://www.screener.in/company/CIEINDIA/consolidated/,2026-07-24T13:30:05.610929+00:00
CIFL.NS,473,consolidated,2026-03-31,194.548,163.8,85.9969,61.4,80.5605,56.8,-7.0,,,-16.0,-7.0,23.0,,31.685827510493137,,,-9.0,,https://www.screener.in/company/CIFL/consolidated/,2026-07-24T13:30:05.610929+00:00
CINELINE.NS,658,consolidated,2025-03-31,35.2095,35.4,35.2297,35.45,19.7311,11.6,67.0,2.0,,31.0,13.0,5.0,,,,0.7412587412587412,5.66,19.0,https://www.screener.in/company/CINELINE/consolidated/,2026-07-24T13:30:05.610929+00:00
CINEVISTA.NS,660,consolidated,2026-03-31,14.7417,14.6,14.7417,14.6,558.1093,622.5,211.0,32.0,65.0,30.0,-1.0,11.0,,,59.415515004501465,0.2712822324267043,11.4,45.06,https://www.screener.in/company/CINEVISTA/consolidated/,2026-07-24T13:30:05.610929+00:00
CIPLA.NS,661,consolidated,2026-03-31,26.193,26.6,27.6824,28.1,31.6931,29.7,7.0,10.0,11.0,10.0,8.0,10.0,11.426677418906303,9.997522441469364,10.988126314712732,0.0178322490706319,11.6,19.0,https://www.screener.in/company/CIPLA/consolidated/,2026-07-24T13:30:05.610929+00:00
CLEAN.NS,1274890,consolidated,2026-03-31,50.2898,52.2,62.5165,57.1,62.6118,57.15,1.0,3.0,,-8.0,-15.0,,-8.0311318245061,2.9569287741129324,,0.0012626262626262,15.3,37.0,https://www.screener.in/company/CLEAN/consolidated/,2026-07-24T13:30:05.610929+00:00
CLEANMAX.NS,1285900,consolidated,2026-03-31,19.216,19.4,19.216,19.4,19.216,19.4,27.0,19.0,,-8.0,,,,-52.547650765169074,,2.734209959042897,1.76,59.0,https://www.screener.in/company/CLEANMAX/consolidated/,2026-07-24T13:30:05.610929+00:00
CMPDI.NS,1285929,consolidated,2025-03-31,0.0684,0.1,0.0684,0.1,0.0684,0.1,,,,,,,,,,0.0004897159647404,32.7,40.0,https://www.screener.in/company/CMPDI/consolidated/,2026-07-24T13:30:05.610929+00:00
CMRGREEN.NS,1285999,consolidated,2026-03-31,29.2937,24.95,29.2937,24.95,29.2937,24.95,14.0,21.0,,27.0,,,27.138352248788223,-55.40755543500002,,0.9308093994778068,14.6,5.0,https://www.screener.in/company/CMRGREEN/consolidated/,2026-07-24T13:30:05.610929+00:00
CMSINFO.NS,1275144,consolidated,2026-03-31,19.1115,18.5,19.0715,18.6,19.0715,18.6,9.0,13.0,,2.0,,,-1.4405660758754046,10.103296564899944,,0.0908343608713522,13.2,24.0,https://www.screener.in/company/CMSINFO/consolidated/,2026-07-24T13:30:05.610929+00:00
CNL.NS,1274053,consolidated,2026-03-31,21.5796,20.6,24.9398,23.4,22.5749,21.6,25.0,49.0,,42.0,36.0,,33.85038024127307,41.575388215155165,,0.8901098901098901,21.4,3.0,https://www.screener.in/company/CNL/consolidated/,2026-07-24T13:30:05.610929+00:00
COALINDIA.NS,681,consolidated,2026-03-31,7.4439,7.4,6.9586,7.0,9.7943,7.3,7.0,20.0,8.0,-1.0,24.0,3.0,-0.7034230503329852,19.611751771707414,8.368509849756766,0.1181508287014491,28.5,24.0,https://www.screener.in/company/COALINDIA/consolidated/,2026-07-24T13:30:05.610929+00:00
COASTCORP.NS,532263,consolidated,2026-03-31,44.9557,35.1,34.2208,26.85,19.9378,12.7,40.0,8.0,15.0,59.0,-3.0,,59.00689579156173,6.100705626786751,13.12081053684764,1.6996466431095407,9.76,6.0,https://www.screener.in/company/COASTCORP/consolidated/,2026-07-24T13:30:05.610929+00:00
COCHINSHIP.NS,1274120,consolidated,2026-03-31,53.0376,52.8,36.3877,43.6,26.5107,13.1,29.0,4.0,,40.0,49.0,,32.99424487915958,3.3252093984389663,,0.2846926613315171,12.5,16.0,https://www.screener.in/company/COCHINSHIP/consolidated/,2026-07-24T13:30:05.610929+00:00
COFORGE.NS,2262,consolidated,2026-03-31,50.7834,51.8,47.4487,46.0,34.5404,31.85,27.0,28.0,20.0,31.0,10.0,32.0,26.80936399869789,25.234184704693675,18.029389199680423,0.0763342770263185,20.6,18.0,https://www.screener.in/company/COFORGE/consolidated/,2026-07-24T13:30:05.610929+00:00
COHANCE.NS,1274739,consolidated,2026-03-31,59.6732,50.0,48.0759,36.6,45.7056,35.35,19.0,-11.0,,-21.0,-4.0,,-33.839085603938955,-19.94136325093607,,0.1022756328304781,7.04,19.0,https://www.screener.in/company/COHANCE/consolidated/,2026-07-24T13:30:05.610929+00:00
COMFINTE.NS,688,consolidated,2026-03-31,21.0949,20.2,17.2885,17.7,15.7886,16.0,1.0,,,,26.0,21.0,,,,0.1098265895953757,-1.8,7.0,https://www.screener.in/company/COMFINTE/consolidated/,2026-07-24T13:30:05.610929+00:00
COMPUSOFT.NS,694,consolidated,2026-03-31,75.3707,42.2,55.0506,37.2,45.9318,35.75,-15.0,-18.0,-22.0,-45.0,-2.0,3.0,-17.017346663375655,7.565375693257015,-9.436525369963778,0.341751670770313,0.5,7.56,https://www.screener.in/company/COMPUSOFT/consolidated/,2026-07-24T13:30:05.610929+00:00
COMSYN.NS,1273430,consolidated,2026-03-31,31.721,32.1,27.8172,28.3,25.5836,26.0,10.0,17.0,,48.0,31.0,31.0,47.78558512592692,14.109956279487768,,0.7288135593220338,16.1,12.0,https://www.screener.in/company/COMSYN/consolidated/,2026-07-24T13:30:05.610929+00:00
CONCOR.NS,702,consolidated,2026-03-31,37.0873,35.6,39.6582,38.0,36.0088,33.75,4.0,17.0,3.0,2.0,-2.0,3.0,1.8892397841019597,19.71120853215671,2.5431926851955167,0.0745576759638414,9.81,21.0,https://www.screener.in/company/CONCOR/consolidated/,2026-07-24T13:30:05.610929+00:00
CONCORDBIO.NS,1284439,consolidated,2026-03-31,52.2961,51.75,52.2961,51.75,52.2961,51.75,7.0,1.0,,0.0,,,2.8106061711141272,-36.80462308721144,,0.000991571641051,12.5,35.0,https://www.screener.in/company/CONCORDBIO/consolidated/,2026-07-24T13:30:05.610929+00:00
CONFIPET.NS,697,consolidated,2026-03-31,23.3758,24.0,23.2276,23.6,32.2272,24.6,29.0,13.0,56.0,5.0,5.0,32.0,-0.5882489041783456,9.982036375468772,52.93602706452201,0.5366713681241185,6.76,7.0,https://www.screener.in/company/CONFIPET/consolidated/,2026-07-24T13:30:05.610929+00:00
CONSOFINVT.NS,700,consolidated,2021-09-30,1.5618,1.5,1.3517,1.3,1.7686,1.6,200.0,30.0,9.0,108.0,18.0,16.0,549.2759854268327,29.638908146634748,9.340931978677204,,33.6,,https://www.screener.in/company/CONSOFINVT/consolidated/,2026-07-24T13:30:05.610929+00:00
CONTROLPR.NS,706,consolidated,2026-03-31,19.9962,22.5,18.9467,18.6,19.1536,17.3,17.0,6.0,5.0,-8.0,10.0,7.0,-5.556418912414918,8.91055738305273,5.028448845742273,0.0154525386313465,9.52,18.0,https://www.screener.in/company/CONTROLPR/consolidated/,2026-07-24T13:30:05.610929+00:00
CORDELIA.NS,1286025,consolidated,2026-03-31,102.3222,102.8,102.3222,102.8,102.3222,102.8,,,,,,,,,,1.475,92.3,20.0,https://www.screener.in/company/CORDELIA/consolidated/,2026-07-24T13:30:05.610929+00:00
COROMANDEL.NS,715,consolidated,2026-03-31,28.7975,30.9,23.6728,18.4,21.4833,18.6,2.0,8.0,19.0,-1.0,18.0,24.0,-1.0579940422596024,7.918565824706714,18.378667331784392,0.1199235547061634,16.4,10.0,https://www.screener.in/company/COROMANDEL/consolidated/,2026-07-24T13:30:05.610929+00:00
CORONA.NS,1285808,consolidated,2026-03-31,55.516,54.65,55.516,54.65,55.516,54.65,17.0,,,33.0,,,29.649264812149333,,,0.2208835341365461,29.5,21.0,https://www.screener.in/company/CORONA/consolidated/,2026-07-24T13:30:05.610929+00:00
COSMOFIRST.NS,721,consolidated,2026-03-31,17.5554,15.0,13.4284,11.9,10.2546,8.0,6.0,-7.0,5.0,-13.0,2.0,15.0,-13.85546102158961,-7.295119091443258,6.070482510348718,1.0396039603960396,10.4,11.0,https://www.screener.in/company/COSMOFIRST/consolidated/,2026-07-24T13:30:05.610929+00:00
CPEDU.NS,1285649,consolidated,2026-03-31,4.2466,2.2,4.2466,2.2,4.2466,2.2,,,,,,,,,,0.0133333333333333,34.6,51.0,https://www.screener.in/company/CPEDU/consolidated/,2026-07-24T13:30:05.610929+00:00
CPPLUS.NS,1285570,consolidated,2026-03-31,98.9891,95.6,98.9891,95.6,98.9891,95.6,23.0,66.0,,48.0,,,-61.04177353892457,-23.25187147272708,,0.136387852956846,25.4,13.0,https://www.screener.in/company/CPPLUS/consolidated/,2026-07-24T13:30:05.610929+00:00
CRAFTSMAN.NS,1274849,consolidated,2026-03-31,48.6185,47.5,42.105,37.7,42.9283,38.5,36.0,32.0,,16.0,36.0,,11.041706810787932,28.42249364870364,,1.109987745098039,12.5,15.0,https://www.screener.in/company/CRAFTSMAN/consolidated/,2026-07-24T13:30:05.610929+00:00
CREDITACC.NS,1274399,consolidated,2026-03-31,40.4306,21.1,43.9149,25.9,42.7361,28.8,20.0,42.0,,-2.0,17.0,,-2.808081726837852,41.32510737856381,,,10.5,,https://www.screener.in/company/CREDITACC/consolidated/,2026-07-24T13:30:05.610929+00:00
CREST.NS,2966,consolidated,2026-03-31,16.8892,16.9,18.1711,16.6,13.6103,10.8,-37.0,73.0,2.0,-51.0,24.0,19.0,-50.910047641693936,73.39960601094646,1.4522064163885684,,3.74,,https://www.screener.in/company/CREST/consolidated/,2026-07-24T13:30:05.610929+00:00
CRISIL.NS,737,consolidated,2026-06-30,49.0726,49.0,48.6425,48.5,44.1178,45.55,10.0,14.0,10.0,7.0,7.0,8.0,10.68408550413913,16.472216023276687,10.094594519415631,0.1024151635585447,24.5,30.0,https://www.screener.in/company/CRISIL/consolidated/,2026-07-24T13:30:05.610929+00:00
CRIZAC.NS,1285526,consolidated,2026-03-31,25.6186,23.85,25.6186,23.85,25.6186,23.85,30.0,60.0,,25.0,,,-51.84940216689009,-73.91470359189458,,0.0034188034188034,40.3,27.0,https://www.screener.in/company/CRIZAC/consolidated/,2026-07-24T13:30:05.610929+00:00
CROMPTON.NS,1273354,consolidated,2026-03-31,43.7389,41.6,42.0,40.4,40.799,39.7,6.0,-11.0,,-10.0,-11.0,5.0,,,,0.0670711156049882,10.6,10.0,https://www.screener.in/company/CROMPTON/consolidated/,2026-07-24T13:30:05.610929+00:00
CSM.NS,1286023,consolidated,2026-03-31,7.7471,4.9,7.7471,4.9,7.7471,4.9,12.0,,,18.0,,,-37.61166435218107,,,0.6990291262135923,28.5,20.0,https://www.screener.in/company/CSM/consolidated/,2026-07-24T13:30:05.610929+00:00
CTE.NS,573,consolidated,2026-03-31,14.5609,9.4,13.5426,10.2,11.1729,9.4,0.0,-42.0,-25.0,-61.0,-16.0,-11.0,-61.32879410592182,-44.33361997358949,-25.602742476623664,1.0,0.65,8.0,https://www.screener.in/company/CTE/consolidated/,2026-07-24T13:30:05.610929+00:00
CUMMINSIND.NS,744,consolidated,2026-03-31,49.7796,50.9,45.0326,41.3,37.0027,35.3,16.0,31.0,13.0,26.0,46.0,20.0,24.350045422572357,30.041778702712385,12.593476860821353,0.0043657817109144,30.2,21.0,https://www.screener.in/company/CUMMINSIND/consolidated/,2026-07-24T13:30:05.610929+00:00
CUPID.NS,745,consolidated,2026-03-31,98.9255,69.9,66.1467,39.2,66.1467,39.2,,30.0,,,144.0,59.0,53.77619196572583,,,0.1244444444444444,27.3,33.0,https://www.screener.in/company/CUPID/consolidated/,2026-07-24T13:30:05.610929+00:00
CYIENT.NS,1490,consolidated,2026-03-31,25.8312,26.0,24.2866,23.5,20.0498,19.45,7.0,5.0,4.0,-5.0,-3.0,6.0,-6.10453778006419,3.0989242655696803,2.8981340088129803,0.075853572685674,8.61,12.0,https://www.screener.in/company/CYIENT/consolidated/,2026-07-24T13:30:05.610929+00:00
CYIENTDLM.NS,1284402,consolidated,2026-03-31,71.1611,66.1,71.3132,70.6,71.3132,70.6,15.0,,,32.0,,,15.43836052714902,,,0.1699604743083003,7.49,10.0,https://www.screener.in/company/CYIENTDLM/consolidated/,2026-07-24T13:30:05.610929+00:00
DABUR.NS,757,consolidated,2026-03-31,51.286,51.3,52.9751,53.5,51.2337,51.95,5.0,2.0,4.0,4.0,-6.0,3.0,3.474040100316333,2.197706302936031,4.152611828627761,0.1127068920220684,17.0,19.0,https://www.screener.in/company/DABUR/consolidated/,2026-07-24T13:30:05.610929+00:00
DALBHARAT.NS,1274605,consolidated,2026-03-31,39.235,37.8,38.7594,36.7,35.7977,35.5,3.0,-2.0,,-1.0,-5.0,,3.2274449564805074,-0.5983612125552984,,0.4119250236386896,6.11,20.0,https://www.screener.in/company/DALBHARAT/consolidated/,2026-07-24T13:30:05.610929+00:00
DALMIASUG.NS,763,consolidated,2026-03-31,11.458,11.2,11.2425,11.0,10.0292,10.0,4.0,-3.0,17.0,-2.0,-5.0,9.0,-1.811994353865598,-2.623631259908388,15.02009247280547,0.5561381863047502,7.3,12.0,https://www.screener.in/company/DALMIASUG/consolidated/,2026-07-24T13:30:05.610929+00:00
DAMCAPITAL.NS,1285200,consolidated,2026-03-31,14.8175,14.8,14.8175,14.8,14.8175,14.8,41.0,,,103.0,,,,,,0.0,24.4,51.0,https://www.screener.in/company/DAMCAPITAL/consolidated/,2026-07-24T13:30:05.610929+00:00
DANGEE.NS,1274407,consolidated,2017-03-31,6.3586,6.4,10.49,10.4,10.2258,9.3,,,,,-25.0,,,,,,,23.48,https://www.screener.in/company/DANGEE/consolidated/,2026-07-24T13:30:05.610929+00:00
DATAMATICS.NS,766,consolidated,2026-03-31,20.3809,19.6,17.6077,17.8,13.2236,11.5,11.0,25.0,18.0,10.0,23.0,29.0,0.8354347487306457,19.41914363682049,15.767164630860163,0.1431347150259067,16.4,19.0,https://www.screener.in/company/DATAMATICS/consolidated/,2026-07-24T13:30:05.610929+00:00
DBCORP.NS,770,consolidated,2026-03-31,13.7873,13.1,12.5977,12.2,13.2711,12.8,3.0,20.0,1.0,25.0,16.0,-6.0,25.168894501417466,18.184439218047157,1.5971611713169187,0.107863318237958,14.3,21.0,https://www.screener.in/company/DBCORP/consolidated/,2026-07-24T13:30:05.610929+00:00
DBL.NS,1273459,consolidated,2026-03-31,38.9664,18.45,38.5486,21.25,27.0263,19.2,-5.0,19.0,10.0,61.0,-6.0,,1001.421486428726,32.69055447907465,15.114833069962684,1.1774784009371797,10.3,20.0,https://www.screener.in/company/DBL/consolidated/,2026-07-24T13:30:05.610929+00:00
DCAL.NS,1274141,consolidated,2026-03-31,63.6117,34.8,84.1165,74.0,51.6792,26.2,7.0,21.0,,140.0,-3.0,,,,,0.4606859367979631,1.58,19.0,https://www.screener.in/company/DCAL/consolidated/,2026-07-24T13:30:05.610929+00:00
DCI.NS,1274718,consolidated,2026-03-31,25.9208,26.75,25.9208,26.75,25.9208,26.75,,,,,60.0,,,,,0.8130841121495327,23.6,5.0,https://www.screener.in/company/DCI/consolidated/,2026-07-24T13:30:05.610929+00:00
DCMSHRIRAM.NS,773,consolidated,2026-03-31,28.4503,28.4,23.3966,23.1,16.5962,13.1,5.0,5.0,11.0,-1.0,1.0,16.0,-2.1458127933968063,4.859716664614444,11.408409421243435,0.3790197095435684,11.5,11.0,https://www.screener.in/company/DCMSHRIRAM/consolidated/,2026-07-24T13:30:05.610929+00:00
DCMSRIND.NS,774,consolidated,2025-09-30,5.0936,5.0,4.5536,4.5,3.2686,3.5,-1.0,1.0,31.0,16.0,7.0,13.0,15.284600222567637,1.1354453411199117,31.226269392202436,0.3311403508771929,11.8,7.0,https://www.screener.in/company/DCMSRIND/consolidated/,2026-07-24T13:30:05.610929+00:00
DCXINDIA.NS,1275347,consolidated,2026-03-31,63.6236,52.4,57.5432,49.2,57.5432,49.2,-16.0,,,,,,,,,0.0019828155981493,-0.53,-2.0,https://www.screener.in/company/DCXINDIA/consolidated/,2026-07-24T13:30:05.610929+00:00
DECCANCE.NS,778,consolidated,2026-03-31,167.0628,171.3,167.0628,171.3,167.0628,171.3,,,,,-5.0,1.0,,,,1.0026631158455392,2.42,12.0,https://www.screener.in/company/DECCANCE/consolidated/,2026-07-24T13:30:05.610929+00:00
DEEPAKFERT.NS,785,consolidated,2026-03-31,17.521,17.6,14.3207,13.2,15.554,14.55,1.0,13.0,25.0,-15.0,31.0,26.0,-15.226820098810778,8.4156361311986,17.67519940871436,0.8284628872004676,11.3,15.0,https://www.screener.in/company/DEEPAKFERT/consolidated/,2026-07-24T13:30:05.610929+00:00
DEEPAKNTR.NS,786,consolidated,2026-03-31,41.0427,40.0,36.3375,37.7,34.0912,34.05,0.0,-7.0,24.0,-13.0,-3.0,32.0,-13.551017926726171,-6.631944550957647,22.302754759202514,0.2806236080178174,9.82,13.0,https://www.screener.in/company/DEEPAKNTR/consolidated/,2026-07-24T13:30:05.610929+00:00
DEEPINDS.NS,1274867,consolidated,2026-03-31,16.3822,16.1,13.9203,13.7,13.7447,13.7,38.0,43.0,,63.0,56.0,,12.823839813898118,22.678077295428544,,0.1015507753876938,19.4,40.0,https://www.screener.in/company/DEEPINDS/consolidated/,2026-07-24T13:30:05.610929+00:00
DELHIVERY.NS,1275225,consolidated,2026-03-31,320.9337,195.0,320.9337,195.0,320.9337,195.0,13.0,20.0,,30.0,,,,,,0.1510271497883761,1.87,6.0,https://www.screener.in/company/DELHIVERY/consolidated/,2026-07-24T13:30:05.610929+00:00
DELTACORP.NS,97569,consolidated,2026-03-31,16.7796,16.1,26.9376,18.7,34.4618,24.5,-11.0,44.0,11.0,-30.0,-19.0,-4.0,-31.14026086470839,,6.750092373183492,0.0217584369449378,3.64,19.0,https://www.screener.in/company/DELTACORP/consolidated/,2026-07-24T13:30:05.610929+00:00
DEN.NS,792,consolidated,2026-03-31,8.9516,8.7,9.5513,9.3,12.2405,10.25,-5.0,21.0,9.0,-5.0,-12.0,-11.0,-11.988944219738872,-3.5157832540421263,,0.0052840158520475,4.48,6.0,https://www.screener.in/company/DEN/consolidated/,2026-07-24T13:30:05.610929+00:00
DENTA.NS,1285238,consolidated,2026-03-31,12.1115,11.4,12.1115,11.4,12.1115,11.4,13.0,41.0,,7.0,,,-39.77063808036439,-0.2696160315066143,,0.0261437908496732,14.0,30.0,https://www.screener.in/company/DENTA/consolidated/,2026-07-24T13:30:05.610929+00:00
DEVIT.NS,1274057,consolidated,2026-03-31,33.7299,29.2,38.0597,31.35,24.4268,16.2,15.0,19.0,-6.0,-37.0,17.0,,102.4392647917108,,12.99790932256384,0.2844036697247706,1.28,2.0,https://www.screener.in/company/DEVIT/consolidated/,2026-07-24T13:30:05.610929+00:00
DEVX.NS,1285646,consolidated,2026-03-31,111.1967,87.3,111.1967,87.3,111.1967,87.3,48.0,,,39.0,,,,,,1.989247311827957,7.35,48.0,https://www.screener.in/company/DEVX/consolidated/,2026-07-24T13:30:05.610929+00:00
DEVYANI.NS,1274904,consolidated,2026-03-31,308.2336,115.5,296.8873,113.95,296.8873,113.95,23.0,12.0,6.0,,,,,,,2.485732814526589,-1.67,15.0,https://www.screener.in/company/DEVYANI/consolidated/,2026-07-24T13:30:05.610929+00:00
DGCONTENT.NS,1274671,consolidated,2026-03-31,18.6448,10.95,24.4071,11.5,24.4071,11.5,12.0,16.0,,32.0,14.0,,,,,2.6486486486486487,11.6,7.0,https://www.screener.in/company/DGCONTENT/consolidated/,2026-07-24T13:30:05.610929+00:00
DHAMPURSUG.NS,802,consolidated,2026-03-31,13.8471,13.9,12.5115,11.6,8.8391,8.6,-7.0,-22.0,15.0,-26.0,-15.0,3.0,-24.71844013549811,-21.761242457737907,8.935945126967715,0.7510442773600668,5.54,9.0,https://www.screener.in/company/DHAMPURSUG/consolidated/,2026-07-24T13:30:05.610929+00:00
DHANUKA.NS,809,consolidated,2025-03-31,21.7446,21.1,19.4996,17.8,20.932,18.95,11.0,16.0,11.0,12.0,0.0,5.0,13.67467320893192,17.265480581278414,12.000843180197428,0.0527441197434069,22.0,20.0,https://www.screener.in/company/DHANUKA/consolidated/,2026-07-24T13:30:05.610929+00:00
DHARMAJ.NS,1275369,consolidated,2026-03-31,20.0836,17.6,20.0836,17.6,20.0836,17.6,,,,,,,,,,0.2939866369710467,13.0,9.0,https://www.screener.in/company/DHARMAJ/consolidated/,2026-07-24T13:30:05.610929+00:00
DHUNINV.NS,822,consolidated,2026-03-31,12.2542,9.9,7.6728,2.8,6.2734,2.3,14.0,-34.0,9.0,-61.0,5.0,20.0,-60.54525146184714,-33.7442095436304,,,0.66,,https://www.screener.in/company/DHUNINV/consolidated/,2026-07-24T13:30:05.610929+00:00
DIACABS.NS,826,consolidated,2026-03-31,170.5905,152.4,170.5905,152.4,170.5905,152.4,,,10.0,,405.0,54.0,,,,,,12.0,https://www.screener.in/company/DIACABS/consolidated/,2026-07-24T13:30:05.610929+00:00
DIAMINESQ.NS,825,consolidated,2026-03-31,59.3414,24.9,175.9284,21.6,332.7682,208.75,-30.0,,,,-3.0,20.0,,,,0.0509554140127388,-8.02,-36.0,https://www.screener.in/company/DIAMINESQ/consolidated/,2026-07-24T13:30:05.610929+00:00
DIAMONDYD.NS,1274153,consolidated,2023-03-31,117.1809,118.4,116.2078,111.8,87.9128,83.95,6.0,-14.0,3.0,-24.0,8.0,,-24.359057001028017,-14.397312672024777,-33.10772560331603,0.0886262924667651,3.14,4.0,https://www.screener.in/company/DIAMONDYD/consolidated/,2026-07-24T13:30:05.610929+00:00
DIFFNKG.NS,1285013,consolidated,2026-03-31,27.6663,27.7,27.6663,27.7,27.6663,27.7,17.0,35.0,,33.0,,,-39.01164147562402,-15.575354429793045,,0.0716049382716049,13.1,14.0,https://www.screener.in/company/DIFFNKG/consolidated/,2026-07-24T13:30:05.610929+00:00
DIGIDRIVE.NS,1284632,consolidated,2026-03-31,18.6845,16.7,18.6845,16.7,18.6845,16.7,2.0,,,8.0,,,,,,0.003200058851657,2.15,-3.66,https://www.screener.in/company/DIGIDRIVE/consolidated/,2026-07-24T13:30:05.610929+00:00
DIGITIDE.NS,1285488,consolidated,2026-03-31,133.8271,127.5,133.8271,127.5,133.8271,127.5,,,,,,,,,,0.6336515513126492,1.23,11.0,https://www.screener.in/company/DIGITIDE/consolidated/,2026-07-24T13:30:05.610929+00:00
DISAQ.NS,834,consolidated,2026-03-31,45.0713,47.0,39.646,36.3,43.9494,39.1,18.0,18.0,18.0,24.0,17.0,11.0,21.66978300619622,17.296068975009725,18.04383845509485,0.0,19.7,16.0,https://www.screener.in/company/DISAQ/consolidated/,2026-07-24T13:30:05.610929+00:00
DIVISLAB.NS,837,consolidated,2026-03-31,73.5834,72.4,61.5602,66.9,49.3638,48.95,11.0,6.0,9.0,13.0,8.0,20.0,12.087166469136768,5.290696401329553,8.594865443776545,0.0004176361792255,16.5,33.0,https://www.screener.in/company/DIVISLAB/consolidated/,2026-07-24T13:30:05.610929+00:00
DIXON.NS,1274137,consolidated,2026-03-31,116.6217,117.9,118.0333,117.1,98.3219,101.5,59.0,55.0,45.0,77.0,25.0,,76.68184854910194,54.04150246141137,24.03185993491683,0.2125293991875133,37.4,4.0,https://www.screener.in/company/DIXON/consolidated/,2026-07-24T13:30:05.610929+00:00
DJML.NS,1274745,consolidated,2026-03-31,39.7459,37.3,39.7459,37.3,39.7459,37.3,,,,,60.0,,,,,0.4333333333333333,14.1,19.0,https://www.screener.in/company/DJML/consolidated/,2026-07-24T13:30:05.610929+00:00
DLF.NS,841,consolidated,2026-03-31,57.0904,51.4,55.7008,52.4,71.2357,53.85,13.0,29.0,29.0,27.0,14.0,15.0,29.447353300063583,32.17393348735589,26.346230563035043,0.0067292679172256,9.5,18.0,https://www.screener.in/company/DLF/consolidated/,2026-07-24T13:30:05.610929+00:00
DLINKINDIA.NS,756,consolidated,2026-03-31,16.5229,16.5,14.9222,14.0,16.0444,15.0,10.0,23.0,14.0,2.0,24.0,15.0,6.418569302132493,27.119162508361704,15.612797003872636,0.0296442687747035,18.1,8.0,https://www.screener.in/company/DLINKINDIA/consolidated/,2026-07-24T13:30:05.610929+00:00
DMART.NS,1273670,consolidated,2026-03-31,102.0745,100.0,125.4502,104.8,132.685,117.1,17.0,22.0,25.0,8.0,3.0,,7.484374773460134,21.837330425629453,23.103637556758617,0.0991252452583387,13.0,8.0,https://www.screener.in/company/DMART/consolidated/,2026-07-24T13:30:05.610929+00:00
DMCC.NS,812,consolidated,2026-03-31,61.0618,54.3,61.3383,46.1,42.8887,29.05,15.0,-3.0,,64.0,-5.0,14.0,57.97508076753246,-3.445287410040088,,0.3508064516129032,11.5,11.0,https://www.screener.in/company/DMCC/consolidated/,2026-07-24T13:30:05.610929+00:00
DODLA.NS,1274883,consolidated,2026-03-31,31.7949,31.3,29.9031,28.6,30.4619,28.8,14.0,15.0,,28.0,12.0,,29.141708535653056,15.428095922574258,,0.0340501792114695,16.4,8.0,https://www.screener.in/company/DODLA/consolidated/,2026-07-24T13:30:05.610929+00:00
DOLATALGO.NS,843,consolidated,2026-03-31,10.7025,10.5,9.5019,8.7,9.91,9.5,13.0,-3.0,,4.0,-10.0,36.0,3.563937866993072,-2.575315940595435,,0.251105216622458,12.1,56.0,https://www.screener.in/company/DOLATALGO/consolidated/,2026-07-24T13:30:05.610929+00:00
DOLLAR.NS,1274061,consolidated,2026-03-31,32.186,25.8,28.531,23.4,24.774,22.2,11.0,5.0,,27.0,-4.0,,26.93741871950368,4.719226984285618,,0.3069620253164557,11.8,11.0,https://www.screener.in/company/DOLLAR/consolidated/,2026-07-24T13:30:05.610929+00:00
DOLPHIN.NS,846,consolidated,2026-03-31,57.9038,33.6,57.9038,33.6,32.7803,21.4,,,5.0,115.0,,45.0,14.438031189186606,,19.813320488546005,0.5750708215297451,21.9,57.0,https://www.screener.in/company/DOLPHIN/consolidated/,2026-07-24T13:30:05.610929+00:00
DOMS.NS,1284580,consolidated,2026-03-31,57.0721,70.95,57.0721,70.95,57.0721,70.95,24.0,91.0,,34.0,,,-75.47742206554643,,,0.1155737704918032,20.7,17.0,https://www.screener.in/company/DOMS/consolidated/,2026-07-24T13:30:05.610929+00:00
DONEAR.NS,847,consolidated,2026-03-31,15.1431,15.3,15.1431,15.3,15.1431,15.3,,,,,10.0,12.0,,,,1.5471014492753623,17.0,10.0,https://www.screener.in/company/DONEAR/consolidated/,2026-07-24T13:30:05.610929+00:00
DPABHUSHAN.NS,1274183,consolidated,2022-03-31,66.1936,74.0,47.5077,39.2,46.6246,37.25,,,,,51.0,,,,,1.2318840579710144,34.5,4.0,https://www.screener.in/company/DPABHUSHAN/consolidated/,2026-07-24T13:30:05.610929+00:00
DRCSYSTEMS.NS,1274840,consolidated,2026-03-31,20.6013,22.4,20.8164,22.5,20.8164,22.5,55.0,,,44.0,7.0,,37.989129235272735,,,0.0,22.6,28.0,https://www.screener.in/company/DRCSYSTEMS/consolidated/,2026-07-24T13:30:05.610929+00:00
DREAMFOLKS.NS,1275278,consolidated,2026-03-31,25.6605,31.1,39.0704,34.3,39.0704,34.3,-5.0,66.0,,-46.0,,,-46.128786827463465,,,0.0382165605095541,3.76,0.0,https://www.screener.in/company/DREAMFOLKS/consolidated/,2026-07-24T13:30:05.610929+00:00
DRREDDY.NS,852,consolidated,2026-03-31,19.5599,19.2,23.2134,19.9,28.4927,26.15,11.0,15.0,7.0,-4.0,1.0,6.0,-2.441852599999228,16.455273351069998,7.243664444938669,0.2041064076849994,11.2,15.0,https://www.screener.in/company/DRREDDY/consolidated/,2026-07-24T13:30:05.610929+00:00
DSSL.NS,864,consolidated,2026-03-31,21.3484,19.6,19.7812,18.4,14.4627,15.0,21.0,58.0,,36.0,52.0,60.0,36.169225708772814,51.16038513422365,,0.7523809523809524,31.0,10.0,https://www.screener.in/company/DSSL/consolidated/,2026-07-24T13:30:05.610929+00:00
DTIL.NS,1228189,consolidated,2026-03-31,6.4146,5.9,6.5929,6.3,6.9956,7.0,12.0,,,20.0,-18.0,-5.0,,,,0.4773584905660377,-1.06,-2.0,https://www.screener.in/company/DTIL/consolidated/,2026-07-24T13:30:05.610929+00:00
DUCON.NS,166230,consolidated,2026-03-31,28.9764,18.1,75.1101,40.4,75.1101,40.4,2.0,92.0,,39.0,-25.0,-12.0,37.77757025384456,76.23403478323169,,0.6325301204819277,6.58,6.0,https://www.screener.in/company/DUCON/consolidated/,2026-07-24T13:30:05.610929+00:00
DVL.NS,823,consolidated,2026-03-31,7.8662,8.0,5.4264,4.3,5.5127,5.2,17.0,-17.0,28.0,-45.0,-4.0,,-44.855669665152845,-17.09514187512332,,0.2895377128953771,2.81,-17.0,https://www.screener.in/company/DVL/consolidated/,2026-07-24T13:30:05.610929+00:00
DYNAMATECH.NS,865,consolidated,2026-03-31,96.7803,96.3,91.2455,84.2,85.6233,52.2,7.0,34.0,15.0,6.0,46.0,15.0,-8.845747154959982,,10.194534035103842,0.8035264483627204,6.62,11.0,https://www.screener.in/company/DYNAMATECH/consolidated/,2026-07-24T13:30:05.610929+00:00
DYNPRO.NS,870,consolidated,2026-03-31,54.5464,32.0,47.5135,27.3,28.1797,18.25,9.0,-7.0,10.0,106.0,-15.0,14.0,,-7.696951747612434,9.67470960524932,0.2979591836734694,8.49,14.0,https://www.screener.in/company/DYNPRO/consolidated/,2026-07-24T13:30:05.610929+00:00
EASEMYTRIP.NS,1274843,consolidated,2026-03-31,46.8013,44.1,60.9142,55.2,61.0023,55.3,6.0,,,,-12.0,,,,,0.0436408977556109,-0.71,-3.0,https://www.screener.in/company/EASEMYTRIP/consolidated/,2026-07-24T13:30:05.610929+00:00
EBGNG.NS,1285555,consolidated,2026-03-31,31.2679,37.5,31.2679,37.5,31.2679,37.5,42.0,78.0,,59.0,,,-88.88840624083181,,,0.5712401055408971,26.8,10.0,https://www.screener.in/company/EBGNG/consolidated/,2026-07-24T13:30:05.610929+00:00
ECLERX.NS,880,consolidated,2026-03-31,26.3548,25.3,23.369,22.9,19.0902,17.65,16.0,22.0,8.0,14.0,21.0,14.0,14.64727563770647,22.708838115559395,10.407300184510415,0.1503319016009371,29.0,26.0,https://www.screener.in/company/ECLERX/consolidated/,2026-07-24T13:30:05.610929+00:00
EDELWEISS.NS,884,consolidated,2026-03-31,20.2758,19.0,16.9383,17.3,14.881,15.6,7.0,18.0,4.0,21.0,17.0,8.0,16.558779521911227,15.2714880850656,1.2793733627692871,4.022279904823708,13.5,30.0,https://www.screener.in/company/EDELWEISS/consolidated/,2026-07-24T13:30:05.610929+00:00
EFCIL.NS,155,consolidated,2026-03-31,32.607,29.4,38.5564,32.1,38.5564,32.1,116.0,,,276.0,103.0,45.0,198.29541775415413,,,1.742255266418835,34.3,45.0,https://www.screener.in/company/EFCIL/consolidated/,2026-07-24T13:30:05.610929+00:00
EICHERMOT.NS,888,consolidated,2026-03-31,33.0879,32.4,36.4199,34.6,37.8981,37.55,17.0,33.0,15.0,24.0,25.0,14.0,23.57313785485249,32.47410552647671,24.36863116748633,0.0204780876494023,24.0,25.0,https://www.screener.in/company/EICHERMOT/consolidated/,2026-07-24T13:30:05.610929+00:00
EIDPARRY.NS,889,consolidated,2026-03-31,16.2446,15.3,14.3544,13.7,13.8772,11.3,3.0,7.0,35.0,-11.0,13.0,12.0,-15.6584894505578,4.857040575145621,32.22589813721912,0.4024640657084189,7.85,9.0,https://www.screener.in/company/EIDPARRY/consolidated/,2026-07-24T13:30:05.610929+00:00
EIEL.NS,1285170,consolidated,2026-03-31,22.2138,21.4,22.2138,21.4,22.2138,21.4,50.0,85.0,,51.0,,,-21.40178789959093,-21.64924024313032,,0.3422546634225466,17.0,24.0,https://www.screener.in/company/EIEL/consolidated/,2026-07-24T13:30:05.610929+00:00
EIHOTEL.NS,891,consolidated,2026-03-31,34.765,32.5,53.722,36.0,57.4645,46.1,13.0,32.0,17.0,25.0,24.0,11.0,25.950344262202307,,16.9485056149014,0.0478905359179019,14.5,35.0,https://www.screener.in/company/EIHOTEL/consolidated/,2026-07-24T13:30:05.610929+00:00
EIMCOELECO.NS,892,consolidated,2024-03-31,29.3688,27.8,28.5866,27.9,20.6067,17.5,22.0,11.0,,50.0,30.0,15.0,50.64043685709476,10.716902180676712,,0.0,10.4,18.0,https://www.screener.in/company/EIMCOELECO/consolidated/,2026-07-24T13:30:05.610929+00:00
EKC.NS,973,consolidated,2026-03-31,15.0089,15.0,12.941,13.2,12.8901,12.55,5.0,18.0,12.0,18.0,3.0,18.0,24.458135557208728,10.294296681962225,,0.1908506075768406,11.3,14.0,https://www.screener.in/company/EKC/consolidated/,2026-07-24T13:30:05.610929+00:00
ELCIDIN.NS,898,consolidated,2026-03-31,20.4209,20.8,20.4209,20.8,20.4209,20.8,7.0,6.0,14.0,14.0,489.0,,13.91603324712345,6.011103000023188,13.904096412079149,0.0,1.21,95.0,https://www.screener.in/company/ELCIDIN/consolidated/,2026-07-24T13:30:05.610929+00:00
ELDEHSG.NS,899,consolidated,2026-03-31,31.2325,27.7,23.8444,19.5,16.8881,13.15,9.0,-15.0,2.0,-18.0,5.0,23.0,-18.20677485063531,-14.903424380785625,1.6707298017806238,0.385,6.2,19.0,https://www.screener.in/company/ELDEHSG/consolidated/,2026-07-24T13:30:05.610929+00:00
ELECON.NS,903,consolidated,2026-03-31,32.5936,34.0,27.9207,27.4,27.3264,23.65,16.0,44.0,29.0,14.0,43.0,30.0,12.837288148301583,42.68623971638097,24.3459126132114,0.1184381778741865,16.4,21.0,https://www.screener.in/company/ELECON/consolidated/,2026-07-24T13:30:05.610929+00:00
ELECTCAST.NS,904,consolidated,2026-03-31,13.4911,13.0,10.6816,9.8,8.9158,8.3,-7.0,-2.0,30.0,-16.0,14.0,13.0,-21.0809233432937,,,0.2635043889264011,3.24,6.0,https://www.screener.in/company/ELECTCAST/consolidated/,2026-07-24T13:30:05.610929+00:00
ELECTHERM.NS,906,consolidated,2026-03-31,4.8568,3.6,4.3652,3.2,3.7648,2.8,6.0,,7.0,,46.0,30.0,,,,,,1.0,https://www.screener.in/company/ELECTHERM/consolidated/,2026-07-24T13:30:05.610929+00:00
ELGIEQUIP.NS,910,consolidated,2026-03-31,48.3561,44.0,53.4425,51.2,53.6849,47.9,9.0,31.0,22.0,11.0,23.0,21.0,5.066595993964773,33.252530476782425,23.7586026595104,0.2387992831541218,19.0,15.0,https://www.screener.in/company/ELGIEQUIP/consolidated/,2026-07-24T13:30:05.610929+00:00
ELGIRUBCO.NS,1272779,consolidated,2026-03-31,129.1441,107.15,118.725,101.9,118.725,101.9,-2.0,,,,6.0,5.0,,,,4.118421052631579,-67.5,-17.0,https://www.screener.in/company/ELGIRUBCO/consolidated/,2026-07-24T13:30:05.610929+00:00
ELIN.NS,1275383,consolidated,2026-03-31,42.3465,37.5,38.3754,30.7,38.3754,30.7,6.0,-8.0,,-4.0,,,-5.618393715727121,-37.89281894797407,,0.0305755395683453,4.27,4.0,https://www.screener.in/company/ELIN/consolidated/,2026-07-24T13:30:05.610929+00:00
ELITECON.NS,1273187,consolidated,2025-09-30,151.8689,18.4,151.8689,18.4,151.8689,18.4,,,117.0,,,,,,,1.0867052023121386,43.5,8.0,https://www.screener.in/company/ELITECON/consolidated/,2026-07-24T13:30:05.610929+00:00
ELPROINTL.NS,915,consolidated,2026-03-31,22.5682,22.7,28.7104,21.8,50.9562,32.2,62.0,35.0,38.0,33.0,26.0,24.0,22.16714425076971,34.78400051105719,,0.5952732644017725,4.3,30.0,https://www.screener.in/company/ELPROINTL/consolidated/,2026-07-24T13:30:05.610929+00:00
EMAMILTD.NS,918,consolidated,2026-03-31,31.9981,31.4,31.7123,30.9,46.4772,42.2,4.0,13.0,7.0,8.0,-6.0,-3.0,6.993727940705496,11.664073166005595,8.301705908419255,0.0554035567715458,27.9,25.0,https://www.screener.in/company/EMAMILTD/consolidated/,2026-07-24T13:30:05.610929+00:00
EMBDL.NS,1434,consolidated,2026-03-31,48.6091,49.2,60.0854,45.45,23.3435,13.7,43.0,,,,-18.0,-4.0,,,,0.539319010944467,-9.1,-27.0,https://www.screener.in/company/EMBDL/consolidated/,2026-07-24T13:30:05.610929+00:00
EMCURE.NS,1284839,consolidated,2026-03-31,38.2206,35.2,38.2206,35.2,38.2206,35.2,15.0,18.0,,21.0,,,18.342391898777688,16.06533795912157,,0.3147474747474747,20.1,20.0,https://www.screener.in/company/EMCURE/consolidated/,2026-07-24T13:30:05.610929+00:00
EMIL.NS,1275325,consolidated,2026-03-31,41.3096,42.0,37.5543,39.4,37.5543,39.4,10.0,12.0,,-6.0,,,-4.482113517817188,7.349997068129777,,1.2281672816728166,6.5,6.0,https://www.screener.in/company/EMIL/consolidated/,2026-07-24T13:30:05.610929+00:00
EMKAY.NS,923,consolidated,2026-03-31,21.0662,18.1,16.4,12.6,17.0908,14.15,25.0,7.0,3.0,3.0,15.0,12.0,0.522657576944674,5.11335830705677,1.6591066843790747,0.2894736842105263,4.52,12.0,https://www.screener.in/company/EMKAY/consolidated/,2026-07-24T13:30:05.610929+00:00
EMMVEE.NS,1285761,consolidated,2026-03-31,9.0195,3.3,9.0195,3.3,9.0195,3.3,101.0,158.0,,395.0,,,23.561611637672584,12.598873796842614,,0.0974553329723876,51.1,35.0,https://www.screener.in/company/EMMVEE/consolidated/,2026-07-24T13:30:05.610929+00:00
EMSLIMITED.NS,1284479,consolidated,2026-03-31,19.1342,19.1,19.1342,19.1,19.1342,19.1,11.0,5.0,,-6.0,,,-10.726854256118555,-23.240908697905216,,0.1458333333333333,8.91,19.0,https://www.screener.in/company/EMSLIMITED/consolidated/,2026-07-24T13:30:05.610929+00:00
EMUDHRA.NS,1275229,consolidated,2026-03-31,66.6949,65.2,62.2608,58.2,62.2608,58.2,41.0,43.0,,19.0,,,18.12123099968608,39.21381257536951,,0.0318331503841931,12.6,23.0,https://www.screener.in/company/EMUDHRA/consolidated/,2026-07-24T13:30:05.610929+00:00
ENDURANCE.NS,1273546,consolidated,2026-03-31,44.7892,44.3,42.4571,42.3,38.7347,40.55,18.0,12.0,12.0,26.0,10.0,,25.670978733746107,12.860900247041783,-0.0647994940827567,0.1939774886712469,14.9,13.0,https://www.screener.in/company/ENDURANCE/consolidated/,2026-07-24T13:30:05.610929+00:00
ENERGYDEV.NS,934,consolidated,2026-03-31,70.7847,56.5,35.6608,18.6,34.053,19.0,7.0,18.0,8.0,-32.0,8.0,-17.0,,,,35.16368286445016,33.2,59.5,https://www.screener.in/company/ENERGYDEV/consolidated/,2026-07-24T13:30:05.610929+00:00
ENGINERSIN.NS,935,consolidated,2026-03-31,22.8713,21.6,25.4138,21.7,24.3943,21.1,6.0,16.0,10.0,26.0,25.0,7.0,25.923890517577263,22.65924214195256,11.530976842257568,0.005403687221869,23.8,18.0,https://www.screener.in/company/ENGINERSIN/consolidated/,2026-07-24T13:30:05.610929+00:00
ENIL.NS,942,consolidated,2026-03-31,81.4902,61.2,81.4902,61.2,69.2595,60.6,3.0,15.0,-32.0,26.0,-12.0,-17.0,,,,0.2255936675461741,0.25,8.0,https://www.screener.in/company/ENIL/consolidated/,2026-07-24T13:30:05.610929+00:00
ENTERO.NS,1284670,consolidated,2026-03-31,57.2641,52.2,57.2641,52.2,57.2641,52.2,26.0,57.0,,131.0,,,,,,0.4008288928359976,6.99,4.0,https://www.screener.in/company/ENTERO/consolidated/,2026-07-24T13:30:05.610929+00:00
EPACK.NS,1284639,consolidated,2026-03-31,63.1808,62.8,63.1808,62.8,63.1808,62.8,7.0,-16.0,,-54.0,,,-61.88433376795701,-26.819936752417007,,0.7697916666666667,0.34,6.0,https://www.screener.in/company/EPACK/consolidated/,2026-07-24T13:30:05.610929+00:00
EPACKPEB.NS,1285685,consolidated,2026-03-31,25.135,25.15,25.135,25.15,25.135,25.15,32.0,58.0,,57.0,,,-46.99624448593701,-15.051487012419951,,0.1566757493188011,17.0,10.0,https://www.screener.in/company/EPACKPEB/consolidated/,2026-07-24T13:30:05.610929+00:00
EPIGRAL.NS,1274916,consolidated,2026-03-31,20.7834,20.8,20.3798,19.35,20.3798,19.35,5.0,27.0,,-2.0,,,-3.2734981363077176,25.74173315694601,,0.2575416479063485,16.0,22.0,https://www.screener.in/company/EPIGRAL/consolidated/,2026-07-24T13:30:05.610929+00:00
EPL.NS,962,consolidated,2026-03-31,22.2752,21.5,24.1387,25.0,24.133,23.8,9.0,10.0,9.0,22.0,-1.0,8.0,19.466524934434084,9.877785056497368,8.41818738813922,0.3365990202939118,15.8,20.0,https://www.screener.in/company/EPL/consolidated/,2026-07-24T13:30:05.610929+00:00
ERIS.NS,1274087,consolidated,2026-03-31,44.1866,43.4,36.1659,30.9,32.6806,29.6,23.0,12.0,17.0,19.0,13.0,,16.752222973245743,11.319900900973057,-41.61388681653959,0.6044068665129387,18.7,36.0,https://www.screener.in/company/ERIS/consolidated/,2026-07-24T13:30:05.610929+00:00
ESCORTS.NS,955,consolidated,2026-03-31,35.772,35.2,34.5636,35.0,37.8188,33.2,11.0,20.0,37.0,47.0,20.0,28.0,64.28656670185057,27.055030435791423,43.54798463617706,0.0130930251353754,18.7,13.0,https://www.screener.in/company/ESCORTS/consolidated/,2026-07-24T13:30:05.610929+00:00
ESSARSHPNG.NS,961,consolidated,2026-03-31,6.9778,6.1,6.9778,6.1,6.9778,6.1,-69.0,15.0,7.0,-20.0,13.0,-2.0,,,,,,-898.0,https://www.screener.in/company/ESSARSHPNG/consolidated/,2026-07-24T13:30:05.610929+00:00
ESTER.NS,964,consolidated,2026-03-31,81.3266,80.4,56.1929,14.0,74.6243,66.55,7.0,,,,-10.0,7.0,,,,0.9310344827586208,-3.53,7.0,https://www.screener.in/company/ESTER/consolidated/,2026-07-24T13:30:05.610929+00:00
ETERNAL.NS,1274894,consolidated,2026-03-31,702.1904,500.9,702.1904,500.9,702.1904,500.9,97.0,22.0,,33.0,17.0,,,,,0.1482246610716591,1.19,2.0,https://www.screener.in/company/ETERNAL/consolidated/,2026-07-24T13:30:05.610929+00:00
ETHOSLTD.NS,1275227,consolidated,2026-03-31,76.1293,75.2,71.4232,72.0,71.4232,72.0,27.0,83.0,,17.0,,,14.412235297389264,71.46288672824423,,0.2163978494623656,7.77,13.0,https://www.screener.in/company/ETHOSLTD/consolidated/,2026-07-24T13:30:05.610929+00:00
EUREKAFORB.NS,1275190,consolidated,2026-03-31,83.2662,79.0,100.6767,84.35,100.6767,84.35,9.0,161.0,,65.0,,,83.10146096486062,,,0.0063057186344857,4.27,12.0,https://www.screener.in/company/EUREKAFORB/consolidated/,2026-07-24T13:30:05.610929+00:00
EUROBOND.NS,1275118,consolidated,2026-03-31,21.1216,22.6,21.1216,22.6,21.1216,22.6,,,,,,,,,,1.00625,18.1,11.0,https://www.screener.in/company/EUROBOND/consolidated/,2026-07-24T13:30:05.610929+00:00
EUROPRATIK.NS,1285653,consolidated,2026-03-31,36.0888,34.7,36.0888,34.7,36.0888,34.7,,,,,,,,,,0.0774193548387096,30.5,34.0,https://www.screener.in/company/EUROPRATIK/consolidated/,2026-07-24T13:30:05.610929+00:00
EVEREADY.NS,971,consolidated,2026-03-31,42.1535,35.7,44.7532,36.55,32.3344,28.1,3.0,-21.0,4.0,55.0,2.0,3.0,83.81296286011694,,9.526406707679014,0.3242375601926163,18.5,11.0,https://www.screener.in/company/EVEREADY/consolidated/,2026-07-24T13:30:05.610929+00:00
EXCELINDUS.NS,979,consolidated,2026-03-31,32.2325,20.3,23.9678,15.9,23.2701,17.0,0.0,1.0,11.0,-2.0,-4.0,11.0,-1.8095563943785864,1.2588000150360656,11.549475587780744,0.004697592483852,4.6,10.0,https://www.screener.in/company/EXCELINDUS/consolidated/,2026-07-24T13:30:05.610929+00:00
EXCELSOFT.NS,1285769,consolidated,2026-03-31,23.2381,23.45,23.2381,23.45,23.2381,23.45,12.0,33.0,,28.0,,,-70.07059483229354,-44.42309601968313,,0.0121107266435986,9.83,27.0,https://www.screener.in/company/EXCELSOFT/consolidated/,2026-07-24T13:30:05.610929+00:00
EXICOM.NS,1284694,consolidated,2026-03-31,49.6187,52.15,49.6187,52.15,49.6187,52.15,18.0,,,,,,,,,1.0952380952380951,-40.8,-9.0,https://www.screener.in/company/EXICOM/consolidated/,2026-07-24T13:30:05.610929+00:00
EXIDEIND.NS,982,consolidated,2026-03-31,38.4962,39.1,30.9797,30.3,27.2435,24.05,6.0,1.0,2.0,2.0,20.0,10.0,1.2582074288396417,1.0682235354419367,2.0552194557945214,0.1132686084142394,5.97,10.0,https://www.screener.in/company/EXIDEIND/consolidated/,2026-07-24T13:30:05.610929+00:00
EXPLEOSOL.NS,3413,consolidated,2026-03-31,15.493,15.5,17.869,16.6,16.6416,15.75,7.0,22.0,14.0,0.0,-7.0,-2.0,-15.109159585511168,10.180683883064525,8.70295075797467,0.0102960102960102,19.2,15.0,https://www.screener.in/company/EXPLEOSOL/consolidated/,2026-07-24T13:30:05.610929+00:00
EXXARO.NS,1274907,consolidated,2026-03-31,102.934,88.65,82.0474,73.2,82.0474,73.2,-1.0,-29.0,,-29.0,,,-27.887521484629584,-33.16749380417311,,0.3321428571428571,1.02,8.0,https://www.screener.in/company/EXXARO/consolidated/,2026-07-24T13:30:05.610929+00:00
FABTECH.NS,1285710,consolidated,2026-03-31,17.9284,16.5,17.9284,16.5,17.9284,16.5,28.0,36.0,,19.0,,,-51.99290821782074,-74.52284382031718,,0.1670644391408114,12.5,11.0,https://www.screener.in/company/FABTECH/consolidated/,2026-07-24T13:30:05.610929+00:00
FACT.NS,1006,consolidated,2025-09-30,1084.4732,548.4,661.223,93.0,561.6639,47.35,-3.0,45.0,7.0,-63.0,43.0,42.0,-50.72703115064328,-46.84357972163734,,2.7905454545454544,1.61,2.0,https://www.screener.in/company/FACT/consolidated/,2026-07-24T13:30:05.610929+00:00
FAZE3Q.NS,998,consolidated,2026-03-31,27.6975,27.1,23.0847,20.6,17.1842,15.5,18.0,6.0,,-17.0,32.0,36.0,-16.810148166977335,6.128260069173086,12.904050549579328,0.6084070796460177,7.7,9.0,https://www.screener.in/company/FAZE3Q/consolidated/,2026-07-24T13:30:05.610929+00:00
FCL.NS,1021,consolidated,2026-03-31,31.8561,32.6,34.2632,33.7,26.0862,25.75,14.0,21.0,20.0,7.0,31.0,31.0,5.147185873071036,19.60239335831617,19.243934301607645,0.0090702947845804,13.5,17.0,https://www.screener.in/company/FCL/consolidated/,2026-07-24T13:30:05.610929+00:00
FDC.NS,1000,consolidated,2026-03-31,26.4159,26.2,24.6858,25.5,22.2814,22.65,7.0,1.0,6.0,16.0,2.0,8.0,13.90331850572004,-0.6354764240490862,6.193678688689319,0.0060362173038229,12.5,16.0,https://www.screener.in/company/FDC/consolidated/,2026-07-24T13:30:05.610929+00:00
FEDDERSHOL.NS,547,consolidated,2026-03-31,14.7478,10.3,13.3985,9.5,12.9384,10.3,38.0,115.0,45.0,62.0,55.0,27.0,-8.534180096945597,56.02005418613077,23.033204195780836,,11.6,,https://www.screener.in/company/FEDDERSHOL/consolidated/,2026-07-24T13:30:05.610929+00:00
FEDERALBNK.NS,1002,consolidated,2026-03-31,12.1809,11.7,11.3885,10.9,14.2784,11.55,19.0,21.0,24.0,11.0,33.0,19.0,5.65021208734624,16.149475326023712,20.07333900352681,,11.6,,https://www.screener.in/company/FEDERALBNK/consolidated/,2026-07-24T13:30:05.610929+00:00
FERMENTA.NS,831,consolidated,2026-03-31,24.0929,12.0,26.8993,19.8,20.5226,15.1,14.0,7.0,51.0,65.0,7.0,22.0,,9.546993305705186,,0.2783251231527093,16.4,19.0,https://www.screener.in/company/FERMENTA/consolidated/,2026-07-24T13:30:05.610929+00:00
FIBERWEB.NS,1009,consolidated,2022-09-30,19.1025,18.6,16.2421,16.0,12.5072,12.7,-22.0,-8.0,,-23.0,-10.0,-2.0,7.630753263628454,-9.966445039517636,,0.0025790921595598,6.55,7.09,https://www.screener.in/company/FIBERWEB/consolidated/,2026-07-24T13:30:05.610929+00:00
FIEMIND.NS,1012,consolidated,2026-03-31,21.7611,21.6,19.9935,19.4,19.06,18.9,15.0,39.0,16.0,22.0,44.0,17.0,22.23599103379028,40.4795538696981,15.00676054274468,0.0543209876543209,22.6,14.0,https://www.screener.in/company/FIEMIND/consolidated/,2026-07-24T13:30:05.610929+00:00
FILATEX.NS,1014,consolidated,2026-03-31,22.4293,22.2,23.682,24.8,19.6112,19.6,,,24.0,,8.0,25.0,44.458520122217735,38.174289424194185,,0.0997340425531914,12.9,8.0,https://www.screener.in/company/FILATEX/consolidated/,2026-07-24T13:30:05.610929+00:00
FINCABLES.NS,788,consolidated,2026-03-31,23.9076,22.7,20.5831,20.5,19.9669,20.6,12.0,9.0,9.0,12.0,14.0,10.0,12.281003277231784,9.117020328241733,8.06377595283385,0.0031219191587249,12.3,10.0,https://www.screener.in/company/FINCABLES/consolidated/,2026-07-24T13:30:05.610929+00:00
FINEORG.NS,1274375,consolidated,2026-03-31,32.9471,33.3,41.2862,34.7,41.5926,36.1,-8.0,28.0,18.0,-13.0,10.0,,-12.290212915107912,28.227489602608145,-1.4698177369429133,0.0255255255255255,16.6,20.0,https://www.screener.in/company/FINEORG/consolidated/,2026-07-24T13:30:05.610929+00:00
FINKURVE.NS,1022,consolidated,2022-03-31,56.5452,54.8,68.3034,55.1,204.5398,105.4,48.0,102.0,,253.0,2.0,10.0,214.13806523913928,91.61790585463947,,,13.3,,https://www.screener.in/company/FINKURVE/consolidated/,2026-07-24T13:30:05.610929+00:00
FINPIPE.NS,1023,consolidated,2026-03-31,30.4046,28.5,26.6047,26.4,24.0797,22.5,-2.0,-4.0,10.0,38.0,-1.0,6.0,33.67452495722168,-4.088851453813247,8.804766597276847,0.0717618664521319,9.73,16.0,https://www.screener.in/company/FINPIPE/consolidated/,2026-07-24T13:30:05.610929+00:00
FISCHER.NS,1030,consolidated,2026-03-31,1503.5602,1627.8,1503.5602,1627.8,1503.5602,1627.8,1097.0,,,820.0,57.0,71.0,,,,0.2786458333333333,8.59,14.0,https://www.screener.in/company/FISCHER/consolidated/,2026-07-24T13:30:05.610929+00:00
FLAIR.NS,1284431,consolidated,2026-03-31,24.5504,24.6,24.5504,24.6,24.5504,24.6,10.0,170.0,,6.0,,,1.5554588629379529,99.46139253621875,,0.0577933450087565,12.9,18.0,https://www.screener.in/company/FLAIR/consolidated/,2026-07-24T13:30:05.610929+00:00
FLUOROCHEM.NS,1274705,consolidated,2026-03-31,70.1911,65.6,58.7077,54.7,56.175,50.5,-4.0,36.0,,-24.0,24.0,,-24.4090961920486,,,0.2911263666412408,7.78,26.0,https://www.screener.in/company/FLUOROCHEM/consolidated/,2026-07-24T13:30:05.610929+00:00
FMGOETZE.NS,1003,consolidated,2026-03-31,16.165,16.8,19.1222,17.9,29.8701,27.1,6.0,105.0,14.0,22.0,9.0,3.0,19.1660426043329,214.3193162404907,13.615650424885484,0.0006958942240779,13.5,15.0,https://www.screener.in/company/FMGOETZE/consolidated/,2026-07-24T13:30:05.610929+00:00
FOODSIN.NS,1037,consolidated,2026-03-31,19.5287,17.8,23.0889,21.6,41.6458,23.9,-5.0,48.0,46.0,-14.0,-3.0,8.0,-26.017235342319424,37.0406309505932,39.002090386772046,0.7646017699115044,5.01,12.0,https://www.screener.in/company/FOODSIN/consolidated/,2026-07-24T13:30:05.610929+00:00
FORCEMOT.NS,1039,consolidated,2026-03-31,33.0596,29.55,36.1438,29.9,27.6507,24.9,22.0,66.0,19.0,221.0,64.0,18.0,108.52137539152088,,21.08132172470971,0.0,29.2,16.0,https://www.screener.in/company/FORCEMOT/consolidated/,2026-07-24T13:30:05.610929+00:00
FORTIS.NS,1040,consolidated,2026-03-31,64.9032,65.0,63.3718,62.0,63.7517,59.7,13.0,64.0,60.0,27.0,31.0,19.0,20.94692408966412,,42.48918732258955,0.3509498787388844,11.2,23.0,https://www.screener.in/company/FORTIS/consolidated/,2026-07-24T13:30:05.610929+00:00
FOSECOIND.NS,1043,consolidated,2025-12-31,43.1864,43.75,43.1864,43.75,43.1864,43.75,,,,,25.0,13.0,,,,0.0028929604628736,12.6,19.0,https://www.screener.in/company/FOSECOIND/consolidated/,2026-07-24T13:30:05.610929+00:00
FRACTAL.NS,1285886,consolidated,2026-03-31,34.2841,20.8,34.2841,20.8,34.2841,20.8,18.0,52.0,,54.0,,,-34.131085472589376,6.604526086654228,,0.1312401883830455,12.2,14.0,https://www.screener.in/company/FRACTAL/consolidated/,2026-07-24T13:30:05.610929+00:00
FSL.NS,1029,consolidated,2026-03-31,33.3159,34.0,27.4989,25.0,19.5134,15.5,17.0,10.0,11.0,14.0,3.0,18.0,9.18126789523419,12.90391620843454,9.441929439359884,0.6663625997719498,17.6,17.0,https://www.screener.in/company/FSL/consolidated/,2026-07-24T13:30:05.610929+00:00
GABRIEL.NS,1070,consolidated,2026-03-31,42.0079,39.65,42.0079,39.65,42.0079,39.65,,,,,61.0,29.0,,,,0.1081871345029239,34.7,9.0,https://www.screener.in/company/GABRIEL/consolidated/,2026-07-24T13:30:05.610929+00:00
GAEL.NS,1225,consolidated,2026-03-31,22.4987,21.2,18.6517,17.7,21.2987,19.45,5.0,-2.0,12.0,-2.0,10.0,24.0,-2.7117606354254864,-2.094022430132225,12.5092775800282,0.1338391502276176,9.76,8.0,https://www.screener.in/company/GAEL/consolidated/,2026-07-24T13:30:05.610929+00:00
GAIL.NS,1074,consolidated,2026-03-31,13.7025,12.9,11.0398,11.7,14.1021,12.2,-1.0,4.0,15.0,10.0,12.0,9.0,10.524140314393192,4.595725206691537,15.369768856907706,0.2788464777818953,8.71,8.0,https://www.screener.in/company/GAIL/consolidated/,2026-07-24T13:30:05.610929+00:00
GALAPREC.NS,1284954,consolidated,2026-03-31,36.5204,35.95,36.5204,35.95,36.5204,35.95,24.0,73.0,,33.0,,,-33.851310262639664,24.305192354077157,,0.1296928327645051,13.2,17.0,https://www.screener.in/company/GALAPREC/consolidated/,2026-07-24T13:30:05.610929+00:00
GALAXYSURF.NS,1274259,consolidated,2026-03-31,27.4586,26.7,29.9295,28.1,28.5937,27.0,6.0,-2.0,10.0,-10.0,-9.0,,-11.13569100437639,-2.4162547658708733,10.039357145451987,0.0856413994169096,10.9,9.0,https://www.screener.in/company/GALAXYSURF/consolidated/,2026-07-24T13:30:05.610929+00:00
GALLANTT.NS,1082,consolidated,2026-03-31,27.3178,27.5,18.333,21.4,13.6373,8.0,3.0,43.0,27.0,51.0,45.0,29.0,50.907737676907146,14.927155805437708,13.574571168059958,0.1652593486127865,15.7,16.0,https://www.screener.in/company/GALLANTT/consolidated/,2026-07-24T13:30:05.610929+00:00
GANDHAR.NS,1284569,consolidated,2026-03-31,15.2799,15.1,15.2799,15.1,15.2799,15.1,1.0,6.0,18.0,-11.0,,,-16.622171475606784,-26.08868521818252,,0.2328159645232816,10.5,9.0,https://www.screener.in/company/GANDHAR/consolidated/,2026-07-24T13:30:05.610929+00:00
GANECOS.NS,1092,consolidated,2026-03-31,53.1962,50.3,40.3897,35.2,36.8173,32.15,8.0,-2.0,,-18.0,19.0,23.0,-23.474451682474008,-6.485517618716374,,0.3887147335423197,3.15,10.0,https://www.screener.in/company/GANECOS/consolidated/,2026-07-24T13:30:05.610929+00:00
GANESHBE.NS,1089,consolidated,2026-03-31,13.3465,14.4,20.764,17.7,16.3941,14.4,-1.0,22.0,,7.0,6.0,13.0,6.440235073047829,23.75803738921689,,0.1243862520458265,11.6,23.0,https://www.screener.in/company/GANESHBE/consolidated/,2026-07-24T13:30:05.610929+00:00
GANESHHOU.NS,1091,consolidated,2026-03-31,15.3357,14.7,20.0451,17.2,15.0806,12.75,-6.0,38.0,18.0,46.0,49.0,25.0,45.75235635844932,,11.68614998935833,0.1308451308451308,15.2,63.0,https://www.screener.in/company/GANESHHOU/consolidated/,2026-07-24T13:30:05.610929+00:00
GANGESSECU.NS,1274105,consolidated,2026-03-31,35.0274,31.7,25.9073,24.2,17.9067,12.4,-4.0,-23.0,53.0,-35.0,4.0,,-34.89976522891078,-22.76859819935804,,0.0,0.44,13.67,https://www.screener.in/company/GANGESSECU/consolidated/,2026-07-24T13:30:05.610929+00:00
GARFIBRES.NS,1103,consolidated,2026-03-31,35.086,35.0,36.6582,36.4,31.4167,33.4,5.0,6.0,13.0,7.0,1.0,24.0,5.792154387146353,5.431691593055343,13.460074852732395,0.0317577548005908,16.1,19.0,https://www.screener.in/company/GARFIBRES/consolidated/,2026-07-24T13:30:05.610929+00:00
GARUDA.NS,1285112,consolidated,2026-03-31,19.5885,21.3,19.5885,21.3,19.5885,21.3,,,,,,,,,,0.0263736263736263,31.2,31.0,https://www.screener.in/company/GARUDA/consolidated/,2026-07-24T13:30:05.610929+00:00
GATECH.NS,3178,consolidated,2026-03-31,72.5557,52.25,72.5557,52.25,65.6564,39.75,28.0,,-18.0,110.0,-8.0,-35.0,,,-6.696700846319259,0.0,10.9,58.62,https://www.screener.in/company/GATECH/consolidated/,2026-07-24T13:30:05.610929+00:00
GATECHDVR.NS,1274169,consolidated,2026-03-31,8.714,9.0,8.714,9.0,8.714,9.0,28.0,,,110.0,-22.0,,,,,-0.0,10.9,58.62,https://www.screener.in/company/GATECHDVR/consolidated/,2026-07-24T13:30:05.610929+00:00
GATEWAY.NS,1275195,consolidated,2026-03-31,15.9382,16.2,14.8018,14.9,14.8018,14.9,16.0,22.0,16.0,3.0,,,2.174590985807079,1.7699177803450317,,0.2817269952027911,11.5,22.0,https://www.screener.in/company/GATEWAY/consolidated/,2026-07-24T13:30:05.610929+00:00
GAYAHWS.NS,1274372,consolidated,2026-03-31,19.6803,13.8,19.6803,13.8,19.6803,13.8,24.0,15.0,,26.0,10.0,,,,,,,-10.45,https://www.screener.in/company/GAYAHWS/consolidated/,2026-07-24T13:30:05.610929+00:00
GCSL.NS,1274900,consolidated,2026-03-31,31.7293,22.8,31.883,29.4,31.883,29.4,133.0,106.0,,2.0,,,0.0338983076811238,93.79319352450514,,0.088235294117647,12.7,24.0,https://www.screener.in/company/GCSL/consolidated/,2026-07-24T13:30:05.610929+00:00
GEMAROMA.NS,1285607,consolidated,2026-03-31,23.7344,23.85,23.7344,23.85,23.7344,23.85,-5.0,-43.0,,-68.0,,,-89.7438352108619,-70.92380649606753,,0.3385300668151447,0.39,11.0,https://www.screener.in/company/GEMAROMA/consolidated/,2026-07-24T13:30:05.610929+00:00
GENCON.NS,1273091,consolidated,2026-03-31,22.0148,20.3,22.0148,20.3,22.0148,20.3,,,,,-4.0,7.0,,,,0.2184300341296928,2.94,11.0,https://www.screener.in/company/GENCON/consolidated/,2026-07-24T13:30:05.610929+00:00
GENESYS.NS,1119,consolidated,2026-03-31,79.8401,54.9,79.7069,54.9,68.2773,43.25,22.0,32.0,32.0,26.0,13.0,17.0,15.593764690978972,,26.72934034008567,0.2457386363636363,5.74,33.0,https://www.screener.in/company/GENESYS/consolidated/,2026-07-24T13:30:05.610929+00:00
GENUSPAPER.NS,1270585,consolidated,2025-09-30,113.8026,142.9,75.0703,34.9,43.3985,20.8,14.0,,-11.0,-52.0,1.0,10.0,-52.08580142937216,-21.541826744278737,,0.8486590038314177,0.61,8.0,https://www.screener.in/company/GENUSPAPER/consolidated/,2026-07-24T13:30:05.610929+00:00
GENUSPOWER.NS,1122,consolidated,2026-03-31,69.3803,69.8,57.6808,38.3,36.1092,21.6,80.0,53.0,22.0,173.0,36.0,21.0,159.04943114918814,48.789038751689496,18.823857625571748,1.0378719567177637,29.0,19.0,https://www.screener.in/company/GENUSPOWER/consolidated/,2026-07-24T13:30:05.610929+00:00
GEOJITFSL.NS,1125,consolidated,2026-03-31,16.758,16.6,14.546,14.2,20.6782,17.05,15.0,-7.0,9.0,-4.0,-2.0,7.0,-6.1132264583130365,-8.25175781484413,7.712769373464323,0.1024146544546211,7.32,21.0,https://www.screener.in/company/GEOJITFSL/consolidated/,2026-07-24T13:30:05.610929+00:00
GESHIP.NS,1204,consolidated,2026-03-31,6.8911,6.9,10.5728,7.3,10.6771,7.7,-2.0,24.0,10.0,0.0,32.0,16.0,4.548934767873725,26.953245881318644,10.973845931311942,0.0640806461121264,15.9,58.0,https://www.screener.in/company/GESHIP/consolidated/,2026-07-24T13:30:05.610929+00:00
GFLLIMITED.NS,1232,consolidated,2026-03-31,11.3222,11.4,11.3222,11.4,3.5073,2.1,-89.0,19.0,-20.0,67.0,-8.0,-6.0,-72.83726098798002,,-19.60077806314394,0.0,1.77,48.0,https://www.screener.in/company/GFLLIMITED/consolidated/,2026-07-24T13:30:05.610929+00:00
GHCL.NS,1128,consolidated,2026-03-31,8.8172,9.0,8.2264,8.6,7.2732,7.1,-12.0,7.0,6.0,-25.0,9.0,8.0,-24.50017010991078,8.402915531944167,7.141955953328405,0.0233671171171171,13.0,22.0,https://www.screener.in/company/GHCL/consolidated/,2026-07-24T13:30:05.610929+00:00
GICHSGFIN.NS,1130,consolidated,2026-03-31,6.5019,6.2,5.8256,5.7,5.8256,5.7,-1.0,,,-10.0,-3.0,-8.0,-10.123209707413084,,,,7.61,,https://www.screener.in/company/GICHSGFIN/consolidated/,2026-07-24T13:30:05.610929+00:00
GICL.NS,1273553,consolidated,2026-03-31,66.6135,67.1,64.1092,67.25,56.7986,63.0,15.0,61.0,,72.0,45.0,,66.69005519723845,57.7785761601878,,0.4897959183673469,12.5,11.0,https://www.screener.in/company/GICL/consolidated/,2026-07-24T13:30:05.610929+00:00
GICRE.NS,1274184,consolidated,2026-03-31,8.2822,8.4,8.4571,8.4,28.02,10.0,4.0,37.0,20.0,12.0,16.0,,11.843179709061149,37.15120069742346,32.59037801567688,-0.0,14.6,19.0,https://www.screener.in/company/GICRE/consolidated/,2026-07-24T13:30:05.610929+00:00
GILLANDERS.NS,1131,consolidated,2026-03-31,25.2278,16.6,23.6429,13.7,23.6429,13.7,-1.0,20.0,8.0,26.0,10.0,3.0,-13.832961550691737,,,0.5775193798449613,2.95,5.0,https://www.screener.in/company/GILLANDERS/consolidated/,2026-07-24T13:30:05.610929+00:00
GIPCL.NS,1236,consolidated,2019-03-31,7.7656,7.8,6.1402,6.4,6.028,6.5,1.0,14.0,,23.0,10.0,6.0,10.5921357570397,6.484744981060708,,0.2229571984435797,14.2,39.0,https://www.screener.in/company/GIPCL/consolidated/,2026-07-24T13:30:05.610929+00:00
GKENERGY.NS,1285665,consolidated,2026-03-31,16.2877,14.2,16.2877,14.2,16.2877,14.2,,,,,,,,,,0.2319819819819819,37.3,18.0,https://www.screener.in/company/GKENERGY/consolidated/,2026-07-24T13:30:05.610929+00:00
GKSL.NS,1285833,consolidated,2026-03-31,62.84,63.2,62.84,63.2,62.84,63.2,,,,1058.0,,,,,,0.1146245059288537,11.1,33.0,https://www.screener.in/company/GKSL/consolidated/,2026-07-24T13:30:05.610929+00:00
GKWLIMITED.NS,1140,consolidated,2017-03-31,318.5618,282.1,230.9261,252.1,171.0437,117.35,-6.0,-13.0,2.0,0.0,18.0,10.0,-0.0539665512256704,-23.071026701800523,,0.0,3.56,34.85,https://www.screener.in/company/GKWLIMITED/consolidated/,2026-07-24T13:30:05.610929+00:00
GLAND.NS,1274812,consolidated,2026-03-31,38.6471,38.9,38.4031,38.4,39.0454,38.7,21.0,1.0,,8.0,-10.0,,9.553175218698629,0.4585259993974189,,0.0274210678767983,10.7,25.0,https://www.screener.in/company/GLAND/consolidated/,2026-07-24T13:30:05.610929+00:00
GLAXO.NS,1143,consolidated,2026-03-31,50.4669,49.4,51.9352,52.7,57.756,58.1,6.0,15.0,10.0,18.0,8.0,4.0,19.26062036357541,23.668272907621567,10.663486491577402,0.0145566828407587,45.6,34.0,https://www.screener.in/company/GLAXO/consolidated/,2026-07-24T13:30:05.610929+00:00
GLENMARK.NS,1144,consolidated,2026-03-31,32.0835,31.5,22.5959,20.7,20.464,17.9,14.0,26.0,15.0,76.0,28.0,10.0,66.10638069667523,7.017866593978206,6.246258668943305,0.0565068493150684,30.5,27.0,https://www.screener.in/company/GLENMARK/consolidated/,2026-07-24T13:30:05.610929+00:00
GLOBAL.NS,1273654,consolidated,2026-03-31,14.7955,13.0,20.323,13.3,15.2054,10.9,15.0,,,5.0,60.0,,5.475497957588016,27.43866256921985,,0.0,22.0,38.0,https://www.screener.in/company/GLOBAL/consolidated/,2026-07-24T13:30:05.610929+00:00
GLOBE.NS,1274085,consolidated,2026-03-31,15.4765,13.4,15.4765,13.4,15.4765,13.4,,,,,-24.0,,,,,1.143835616438356,7.51,5.0,https://www.screener.in/company/GLOBE/consolidated/,2026-07-24T13:30:05.610929+00:00
GLOBUSSPR.NS,1154,consolidated,2026-03-31,56.1102,35.7,40.7065,20.4,34.1349,21.0,9.0,-8.0,25.0,-9.0,5.0,29.0,-9.375345339407035,12.751599778851874,29.72378950017074,0.4830430797433547,8.81,10.0,https://www.screener.in/company/GLOBUSSPR/consolidated/,2026-07-24T13:30:05.610929+00:00
GLOSTERLTD.NS,1274618,consolidated,2026-03-31,53.3095,38.8,32.5933,16.7,24.5389,12.2,26.0,-12.0,,-29.0,1.0,,-30.645276311547853,-15.217986109558556,,0.8806244260789715,1.84,11.0,https://www.screener.in/company/GLOSTERLTD/consolidated/,2026-07-24T13:30:05.610929+00:00
GMBREW.NS,1065,consolidated,2026-03-31,15.7881,16.4,15.7881,16.4,15.7881,16.4,,,,,14.0,10.0,,,,0.0,12.5,24.0,https://www.screener.in/company/GMBREW/consolidated/,2026-07-24T13:30:05.610929+00:00
GMDCLTD.NS,1242,consolidated,2026-03-31,19.9917,18.8,15.0992,13.4,12.8808,11.75,-9.0,8.0,10.0,-22.0,54.0,21.0,-7.397519405024033,,15.879299448714155,0.0448183232009048,8.34,17.0,https://www.screener.in/company/GMDCLTD/consolidated/,2026-07-24T13:30:05.610929+00:00
GMMPFAUDLR.NS,1158,consolidated,2026-03-31,45.3904,42.8,51.4575,46.1,50.4006,43.4,4.0,-4.0,14.0,-23.0,-12.0,21.0,-29.728614254810804,-5.125608048658503,10.87599981169165,0.8639004149377594,6.69,11.0,https://www.screener.in/company/GMMPFAUDLR/consolidated/,2026-07-24T13:30:05.610929+00:00
GMRAIRPORT.NS,1159,consolidated,2026-03-31,536.8333,542.5,536.8333,542.5,244.1818,47.45,30.0,16.0,8.0,43.0,32.0,23.0,,,,,,39.0,https://www.screener.in/company/GMRAIRPORT/consolidated/,2026-07-24T13:30:05.610929+00:00
GMRP&UI.NS,1275197,consolidated,2026-03-31,19.992,6.5,19.992,6.5,19.992,6.5,10.0,13.0,,,,,-26.792301093974316,,,6.089285714285714,-14.3,22.0,https://www.screener.in/company/GMRP&UI/consolidated/,2026-07-24T13:30:05.610929+00:00
GNA.NS,1273506,consolidated,2026-03-31,15.3656,14.9,15.0318,14.7,15.6602,14.6,-2.0,11.0,16.0,-4.0,14.0,,-3.539508765987242,10.600083404192052,12.272484633342271,0.2171314741035856,12.2,16.0,https://www.screener.in/company/GNA/consolidated/,2026-07-24T13:30:05.610929+00:00
GNFC.NS,1244,consolidated,2026-03-31,13.7567,13.2,10.6628,10.2,11.6331,9.15,-9.0,3.0,16.0,-18.0,7.0,12.0,-16.566238526601694,4.165432918024825,16.86784505095038,0.0006582556226001,9.13,11.0,https://www.screener.in/company/GNFC/consolidated/,2026-07-24T13:30:05.610929+00:00
GNRL.NS,1245,consolidated,2026-03-31,404.3919,188.4,404.3919,188.4,326.9435,188.0,32.0,34.0,42.0,64.0,56.0,8.0,,,29.03900242964319,0.0637542006721075,5.47,35.77,https://www.screener.in/company/GNRL/consolidated/,2026-07-24T13:30:05.610929+00:00
GOACARBON.NS,1160,consolidated,2017-03-31,55.8331,50.6,51.1912,46.8,47.4691,43.95,0.0,-2.0,,34.0,-1.0,14.0,33.45917580698465,-2.698699064045651,,1.9875,12.1,5.0,https://www.screener.in/company/GOACARBON/consolidated/,2026-07-24T13:30:05.610929+00:00
GOCLCORP.NS,1260,consolidated,2026-03-31,22.7401,21.4,19.6563,16.6,34.4536,24.35,-78.0,28.0,28.0,89.0,8.0,7.0,93.17383148260248,80.82580397835635,49.70464274841977,0.0003181673560292,11.4,-322.0,https://www.screener.in/company/GOCLCORP/consolidated/,2026-07-24T13:30:05.610929+00:00
GODAVARIB.NS,1285137,consolidated,2026-03-31,148.4712,32.4,148.4712,32.4,148.4712,32.4,0.0,5.0,,18.0,,,-47.17156492266268,-36.08703550774754,,0.6738578680203046,4.28,6.0,https://www.screener.in/company/GODAVARIB/consolidated/,2026-07-24T13:30:05.610929+00:00
GODFRYPHLP.NS,1163,consolidated,2026-03-31,27.3331,25.4,22.1027,18.0,25.5967,23.3,22.0,38.0,26.0,37.0,44.0,18.0,30.26717992784236,32.29877887783778,24.56291267751538,0.0376690276883451,26.6,25.0,https://www.screener.in/company/GODFRYPHLP/consolidated/,2026-07-24T13:30:05.610929+00:00
GODREJAGRO.NS,1274176,consolidated,2026-03-31,30.7401,30.2,29.5839,28.8,32.7648,31.35,3.0,8.0,11.0,23.0,-2.0,,16.091894325051182,8.522337288610583,-1.3609955652221006,0.7746062992125984,20.9,8.0,https://www.screener.in/company/GODREJAGRO/consolidated/,2026-07-24T13:30:05.610929+00:00
GODREJCP.NS,1164,consolidated,2026-03-31,66.1847,64.4,61.0962,59.8,52.4877,51.6,4.0,3.0,6.0,5.0,2.0,7.0,2.9926312789391174,1.5663198709224837,8.426332481159292,0.3495414294750158,16.1,21.0,https://www.screener.in/company/GODREJCP/consolidated/,2026-07-24T13:30:05.610929+00:00
GODREJIND.NS,1165,consolidated,2026-03-31,55.0306,39.0,44.5149,35.85,45.7116,40.4,10.0,26.0,21.0,5.0,19.0,12.0,8.343049099384526,29.94604527341252,22.652776052139732,4.613402523038382,9.26,10.0,https://www.screener.in/company/GODREJIND/consolidated/,2026-07-24T13:30:05.610929+00:00
GODREJPROP.NS,98066,consolidated,2026-03-31,61.2146,52.0,69.0941,71.0,98.0048,74.65,32.0,56.0,26.0,49.0,5.0,19.0,44.05319542966819,,23.6880247518916,0.8297139277510963,8.82,-9.0,https://www.screener.in/company/GODREJPROP/consolidated/,2026-07-24T13:30:05.610929+00:00
GOKEX.NS,1169,consolidated,2026-03-31,40.3975,39.9,31.9946,33.6,25.6414,21.5,22.0,32.0,19.0,-14.0,35.0,23.0,-21.76745342844444,17.207663337185863,-2.511896865970753,0.5890791300323924,4.72,9.0,https://www.screener.in/company/GOKEX/consolidated/,2026-07-24T13:30:05.610929+00:00
GOKUL.NS,1170,consolidated,2026-03-31,26.814,23.6,21.3395,18.1,22.6821,17.0,10.0,-2.0,6.0,-8.0,5.0,11.0,-8.486761045555703,-2.011693442843188,8.203738981834285,1.0521978021978022,5.22,1.0,https://www.screener.in/company/GOKUL/consolidated/,2026-07-24T13:30:05.610929+00:00
GOKULAGRO.NS,1273279,consolidated,2026-03-31,17.6732,17.4,15.3146,13.9,16.1571,13.6,31.0,53.0,45.0,41.0,59.0,41.0,40.75138033369841,50.15925197637054,43.005792295877285,0.4139142656359803,30.0,3.0,https://www.screener.in/company/GOKULAGRO/consolidated/,2026-07-24T13:30:05.610929+00:00
GOLDIAM.NS,1177,consolidated,2026-03-31,28.8618,28.7,24.8345,22.8,16.7119,14.85,22.0,27.0,20.0,26.0,32.0,41.0,24.935135595116176,22.423992536427463,19.239330758392946,0.0696202531645569,18.5,21.0,https://www.screener.in/company/GOLDIAM/consolidated/,2026-07-24T13:30:05.610929+00:00
GOODLUCK.NS,1183,consolidated,2026-03-31,21.4108,21.4,18.3801,18.9,12.3029,10.6,10.0,43.0,19.0,27.0,46.0,31.0,19.066485875036363,34.70191581154645,13.812029811758444,0.7505030181086519,12.9,10.0,https://www.screener.in/company/GOODLUCK/consolidated/,2026-07-24T13:30:05.610929+00:00
GOYALALUM.NS,1274305,consolidated,2026-03-31,49.565,50.1,104.425,52.2,104.425,52.2,5.0,86.0,,12.0,13.0,,13.617128057248994,85.56007362580844,,0.420969649191959,12.9,3.75,https://www.screener.in/company/GOYALALUM/consolidated/,2026-07-24T13:30:05.610929+00:00
GPIL.NS,1162,consolidated,2026-03-31,16.8427,15.4,11.8264,12.5,9.824,7.05,-2.0,5.0,27.0,0.0,24.0,55.0,1.9453335257017643,5.658015455768406,,0.0762609743501463,15.2,23.0,https://www.screener.in/company/GPIL/consolidated/,2026-07-24T13:30:05.610929+00:00
GPPL.NS,1248,consolidated,2026-03-31,20.5777,19.4,20.21,19.2,20.9487,19.9,8.0,18.0,8.0,14.0,7.0,-2.0,18.04857064914922,18.355625186230352,8.51096600664416,0.0154941373534338,21.2,61.0,https://www.screener.in/company/GPPL/consolidated/,2026-07-24T13:30:05.610929+00:00
GPTINFRA.NS,1194,consolidated,2026-03-31,20.0573,18.9,16.3517,15.0,16.5377,14.45,17.0,37.0,24.0,46.0,38.0,15.0,41.81069550383352,34.64440000371483,21.932221400658023,0.4883720930232558,17.3,14.0,https://www.screener.in/company/GPTINFRA/consolidated/,2026-07-24T13:30:05.610929+00:00
GRANDOAK.NS,818,consolidated,2026-03-31,28.8197,26.4,24.9633,24.7,23.3275,24.0,,,,,31.0,18.0,,,,,0.01,,https://www.screener.in/company/GRANDOAK/consolidated/,2026-07-24T13:30:05.610929+00:00
GRANULES.NS,1196,consolidated,2026-03-31,26.4459,26.4,22.3395,23.5,19.4006,18.1,6.0,2.0,17.0,5.0,17.0,20.0,4.007801155762025,1.5982257244918197,15.505956924766483,0.2973451327433628,13.8,23.0,https://www.screener.in/company/GRANULES/consolidated/,2026-07-24T13:30:05.610929+00:00
GRAPHITE.NS,1197,consolidated,2026-03-31,73.6506,39.3,54.8716,30.2,49.6038,23.35,-4.0,51.0,8.0,-8.0,0.0,24.0,-4.192959756518944,,7.78111166648241,0.0628093531319337,3.11,7.0,https://www.screener.in/company/GRAPHITE/consolidated/,2026-07-24T13:30:05.610929+00:00
GRASIM.NS,1198,consolidated,2026-03-31,35.7051,37.9,28.0372,23.3,21.8728,18.9,14.0,2.0,8.0,-10.0,15.0,15.0,-10.065909103494985,2.886887621694778,3.618147131652005,2.20211655552334,4.98,21.0,https://www.screener.in/company/GRASIM/consolidated/,2026-07-24T13:30:05.610929+00:00
GRAUWEIL.NS,1200,consolidated,2026-03-31,25.6369,25.5,22.8985,22.6,21.0123,20.6,7.0,20.0,14.0,13.0,16.0,18.0,13.284304098314248,18.95234184344843,14.557245397020768,0.0138760407030527,16.2,16.0,https://www.screener.in/company/GRAUWEIL/consolidated/,2026-07-24T13:30:05.610929+00:00
GRAVISSHO.NS,1201,consolidated,2026-03-31,88.1064,82.6,88.1064,82.6,88.1064,82.6,-1.0,14.0,5.0,,11.0,2.0,,,,0.0491478605305675,-0.42,12.53,https://www.screener.in/company/GRAVISSHO/consolidated/,2026-07-24T13:30:05.610929+00:00
GRAVITA.NS,1202,consolidated,2026-03-31,38.3102,34.9,30.1303,28.7,25.0387,22.0,15.0,46.0,54.0,23.0,59.0,52.0,20.776392761938634,46.519224408470535,55.02818672506174,0.300163132137031,16.8,10.0,https://www.screener.in/company/GRAVITA/consolidated/,2026-07-24T13:30:05.610929+00:00
GREAVESCOT.NS,1206,consolidated,2026-03-31,143.1135,77.5,126.6655,71.9,77.0049,35.5,8.0,27.0,-3.0,10.0,8.0,6.0,10.928373106757627,,-5.65132626352034,0.2753319357092942,8.1,7.0,https://www.screener.in/company/GREAVESCOT/consolidated/,2026-07-24T13:30:05.610929+00:00
GREENLAM.NS,1270749,consolidated,2026-03-31,62.2169,53.85,50.7036,43.8,41.9046,39.0,15.0,-7.0,4.0,-23.0,14.0,14.0,-24.292615877142957,-6.324813094083115,3.4974877949595973,0.9830508474576272,5.02,11.0,https://www.screener.in/company/GREENLAM/consolidated/,2026-07-24T13:30:05.610929+00:00
GREENPANEL.NS,1274706,consolidated,2024-03-31,23.7446,22.9,22.746,22.6,26.2129,23.2,15.0,33.0,,26.0,-4.0,,27.54498087740764,,,0.2247532270311313,11.4,16.0,https://www.screener.in/company/GREENPANEL/consolidated/,2026-07-24T13:30:05.610929+00:00
GREENPLY.NS,1209,consolidated,2026-03-31,40.2115,41.3,33.5326,33.4,27.1927,24.2,18.0,10.0,-3.0,6.0,9.0,3.0,-1.224612971186145,7.605025162263757,-3.861223878632891,0.5760626398210291,11.7,9.0,https://www.screener.in/company/GREENPLY/consolidated/,2026-07-24T13:30:05.610929+00:00
GREENPOWER.NS,2354,consolidated,2026-03-31,58.9121,60.0,69.6434,60.8,67.5622,60.0,4.0,24.0,9.0,85.0,31.0,1.0,28.20294257568241,,,0.4548611111111111,5.27,62.0,https://www.screener.in/company/GREENPOWER/consolidated/,2026-07-24T13:30:05.610929+00:00
GRINDWELL.NS,1211,consolidated,2026-03-31,57.4038,57.2,60.2529,61.8,49.1908,46.5,7.0,12.0,14.0,3.0,10.0,19.0,4.719232181169386,11.688408733638166,14.717949352083082,0.0240726124704025,16.2,19.0,https://www.screener.in/company/GRINDWELL/consolidated/,2026-07-24T13:30:05.610929+00:00
GRINFRA.NS,1274889,consolidated,2026-03-31,11.3433,10.7,12.313,11.2,12.3347,11.2,-4.0,-3.0,24.0,-17.0,-13.0,,-14.71469602855352,-0.5688771203896659,8.634908126335983,0.519458364431176,9.2,19.0,https://www.screener.in/company/GRINFRA/consolidated/,2026-07-24T13:30:05.610929+00:00
GRMOVER.NS,1212,consolidated,2026-03-31,28.5955,24.2,28.5234,25.6,19.3749,18.15,9.0,10.0,43.0,6.0,11.0,54.0,1.0427292131892196,7.0806142128460925,40.472502778435256,0.6123128119800333,14.5,5.0,https://www.screener.in/company/GRMOVER/consolidated/,2026-07-24T13:30:05.610929+00:00
GROWW.NS,1285755,consolidated,2026-03-31,36.5139,32.7,36.5139,32.7,36.5139,32.7,60.0,,,66.0,,,-63.30646073316073,,,0.0302527973476999,28.8,62.0,https://www.screener.in/company/GROWW/consolidated/,2026-07-24T13:30:05.610929+00:00
GRPLTD.NS,1251,consolidated,2026-03-31,51.6605,48.5,42.4442,37.8,35.9606,29.3,6.0,45.0,-6.0,-30.0,54.0,22.0,-38.77666009460924,13.905652696201564,-8.646159119359497,1.1685393258426966,2.48,8.0,https://www.screener.in/company/GRPLTD/consolidated/,2026-07-24T13:30:05.610929+00:00
GRWRHITECH.NS,1102,consolidated,2026-03-31,27.1382,25.9,20.6996,20.3,17.3649,16.6,14.0,22.0,36.0,27.0,50.0,49.0,26.742301547608594,21.845761847950683,35.30374857215892,0.0060240963855421,13.4,20.0,https://www.screener.in/company/GRWRHITECH/consolidated/,2026-07-24T13:30:05.610929+00:00
GSFC.NS,1253,consolidated,2026-03-31,12.021,12.2,9.7199,9.4,10.6946,10.2,-1.0,10.0,5.0,-19.0,6.0,8.0,-19.0062061217348,8.357455895390874,4.922153154739006,0.0022010271460014,5.51,7.0,https://www.screener.in/company/GSFC/consolidated/,2026-07-24T13:30:05.610929+00:00
GSLSU.NS,1284321,consolidated,2026-03-31,54.5273,50.4,54.5273,50.4,54.5273,50.4,9.0,,,,,,,,,0.7925925925925926,-10.6,-5.0,https://www.screener.in/company/GSLSU/consolidated/,2026-07-24T13:30:05.610929+00:00
GSPCROP.NS,1285927,consolidated,2026-03-31,19.8256,19.9,19.8256,19.9,19.8256,19.9,8.0,8.0,,67.0,,,-35.33294384419634,-38.005925289916654,,0.3393782383419689,16.6,12.0,https://www.screener.in/company/GSPCROP/consolidated/,2026-07-24T13:30:05.610929+00:00
GTL.NS,1220,consolidated,2021-09-30,10.6859,7.0,7.9483,0.4,7.9483,0.4,-39.0,15.0,,-45.0,-21.0,-5.0,,,,,,1.0,https://www.screener.in/company/GTL/consolidated/,2026-07-24T13:30:05.610929+00:00
GTPL.NS,1274089,consolidated,2026-03-31,25.7898,24.6,19.6364,18.5,17.8416,14.9,12.0,-39.0,8.0,-50.0,-20.0,,-48.298136495377456,-39.11274165105269,6.440443939377238,0.43804537521815,1.39,11.0,https://www.screener.in/company/GTPL/consolidated/,2026-07-24T13:30:05.610929+00:00
GUFICBIO.NS,1223,consolidated,2026-03-31,51.8867,53.2,51.8867,53.2,51.8867,53.2,,,,,16.0,24.0,,,,0.6090225563909775,10.1,16.0,https://www.screener.in/company/GUFICBIO/consolidated/,2026-07-24T13:30:05.610929+00:00
GUJALKALI.NS,1224,consolidated,2026-03-31,48.1655,35.7,21.4586,13.9,15.2541,11.95,-1.0,,,,8.0,10.0,,,,0.1107899807321772,-0.04,11.0,https://www.screener.in/company/GUJALKALI/consolidated/,2026-07-24T13:30:05.610929+00:00
GUJAPOLLO.NS,1226,consolidated,2026-03-31,34.6596,30.1,31.7964,26.25,19.4751,15.4,-10.0,1.0,-10.0,-19.0,9.0,11.0,-24.273846158917223,-33.47196949601569,-10.539658556465705,0.0805964849991123,1.19,-20.31,https://www.screener.in/company/GUJAPOLLO/consolidated/,2026-07-24T13:30:05.610929+00:00
GUJENERGY.NS,1273048,consolidated,2026-03-31,23.2943,22.2,23.187,22.4,26.7242,24.95,12.0,7.0,24.0,5.0,-16.0,11.0,3.1575102181837345,5.723572939888211,24.33535672599421,0.175886755613407,13.2,13.0,https://www.screener.in/company/GUJENERGY/consolidated/,2026-07-24T13:30:05.610929+00:00
GULFOILLUB.NS,1003682,consolidated,2026-03-31,15.4962,15.9,13.911,14.45,13.911,14.45,11.0,,,16.0,9.0,6.0,14.086331158034929,,,0.369140625,24.3,13.0,https://www.screener.in/company/GULFOILLUB/consolidated/,2026-07-24T13:30:05.610929+00:00
GULPOLY.NS,1261,consolidated,2025-09-30,41.1529,41.0,40.5786,40.1,40.5786,40.1,22.0,,,-35.0,-2.0,12.0,-34.97042765743065,,,0.7078125,3.91,6.0,https://www.screener.in/company/GULPOLY/consolidated/,2026-07-24T13:30:05.610929+00:00
GVPIL.NS,149,consolidated,2026-03-31,38.7695,35.15,73.7878,38.15,187.4074,69.85,-11.0,24.0,21.0,38.0,20.0,2.0,,29.097876471443552,,0.0309278350515463,62.2,21.0,https://www.screener.in/company/GVPIL/consolidated/,2026-07-24T13:30:05.610929+00:00
GVPTECH.NS,1273219,consolidated,2018-03-31,3.3197,3.2,4.1658,3.5,5.1979,3.7,-7.0,237.0,,40.0,,,-17.64743131463552,,,0.027027027027027,43.6,13.0,https://www.screener.in/company/GVPTECH/consolidated/,2026-07-24T13:30:05.610929+00:00
GYFTR.NS,1899,consolidated,2026-03-31,11.8433,5.4,9.2732,5.1,13.0159,10.7,138.0,-18.0,11.0,16.0,47.0,29.0,16.201906919861052,-18.503632840105045,11.113880383935504,0.002061855670103,5.24,-8.0,https://www.screener.in/company/GYFTR/consolidated/,2026-07-24T13:30:05.610929+00:00
HAL.NS,1274307,consolidated,2026-03-31,33.7229,34.0,25.9966,28.4,20.1697,14.2,7.0,23.0,16.0,16.0,53.0,,16.080543652266876,22.98675541129782,17.265500899998276,0.0002680246582685,24.0,30.0,https://www.screener.in/company/HAL/consolidated/,2026-07-24T13:30:05.610929+00:00
HALDER.NS,1273338,consolidated,2026-03-31,21.0407,15.05,16.5381,13.4,14.5948,10.4,21.0,9.0,122.0,69.0,12.0,,54.71714826614176,3.561812600461711,116.96016104154845,2.016759776536313,17.3,4.0,https://www.screener.in/company/HALDER/consolidated/,2026-07-24T13:30:05.610929+00:00
HALEOSLABS.NS,1274121,consolidated,2026-03-31,25.9191,22.2,21.3835,17.8,18.6939,16.6,2.0,5.0,,20.0,16.0,,14.73586295501834,5.006885922458348,,0.5186915887850467,8.44,13.0,https://www.screener.in/company/HALEOSLABS/consolidated/,2026-07-24T13:30:05.610929+00:00
HAPPSTMNDS.NS,1274783,consolidated,2026-03-31,45.3573,49.4,60.2927,52.8,57.5461,52.35,17.0,7.0,,-1.0,-23.0,,-3.9009933389364537,4.767373959369436,,0.8845470692717584,13.8,17.0,https://www.screener.in/company/HAPPSTMNDS/consolidated/,2026-07-24T13:30:05.610929+00:00
HAPPYFORGE.NS,1284603,consolidated,2026-03-31,39.3133,39.5,39.3133,39.5,39.3133,39.5,9.0,28.0,,13.0,,,11.089078281682042,-49.42215798249028,,0.1550751879699248,15.0,30.0,https://www.screener.in/company/HAPPYFORGE/consolidated/,2026-07-24T13:30:05.610929+00:00
HARDWYN.NS,1274332,consolidated,2026-03-31,94.5851,90.8,94.5851,90.8,94.5851,90.8,7.0,,,12.0,55.0,,12.426853035294627,,,0.0147783251231527,3.3,11.0,https://www.screener.in/company/HARDWYN/consolidated/,2026-07-24T13:30:05.610929+00:00
HARIOMPIPE.NS,1275206,consolidated,2026-03-31,22.9974,20.5,22.9974,20.5,22.9974,20.5,,,,,,,,,,0.5842349304482226,12.4,13.0,https://www.screener.in/company/HARIOMPIPE/consolidated/,2026-07-24T13:30:05.610929+00:00
HARRMALAYA.NS,1280,consolidated,2026-03-31,55.5561,26.6,35.2148,13.0,30.9353,14.6,4.0,-6.0,10.0,19.0,-1.0,10.0,17.90142571923323,-6.337483230320684,,0.6235955056179775,17.5,5.0,https://www.screener.in/company/HARRMALAYA/consolidated/,2026-07-24T13:30:05.610929+00:00
HARSHA.NS,1275304,consolidated,2026-03-31,32.6873,33.0,32.7375,33.0,32.7375,33.0,6.0,25.0,,4.0,,,7.986278133917413,13.404973130244336,,0.2653352353780314,10.5,15.0,https://www.screener.in/company/HARSHA/consolidated/,2026-07-24T13:30:05.610929+00:00
HATHWAY.NS,1286,consolidated,2026-03-31,36.0369,29.1,30.7506,24.6,30.325,24.35,5.0,-17.0,9.0,9.0,-16.0,-10.0,8.300894742530796,-19.951653749043807,,0.0020156774916013,1.86,14.0,https://www.screener.in/company/HATHWAY/consolidated/,2026-07-24T13:30:05.610929+00:00
HATSUN.NS,1287,consolidated,2025-09-30,76.6102,74.7,76.6102,74.7,76.6102,74.7,,,,,-1.0,14.0,,,,1.099507927829415,16.7,12.0,https://www.screener.in/company/HATSUN/consolidated/,2026-07-24T13:30:05.610929+00:00
HAVELLS.NS,1288,consolidated,2026-03-31,69.449,68.8,69.1268,69.4,63.3113,64.4,10.0,11.0,12.0,16.0,1.0,13.0,16.35085704386039,10.07090687461245,2.6142805198960284,0.0280245346869712,19.0,9.0,https://www.screener.in/company/HAVELLS/consolidated/,2026-07-24T13:30:05.610929+00:00
HBESD.NS,1291,consolidated,2026-03-31,20.6246,17.25,20.6246,17.25,20.6246,17.25,7.0,19.0,9.0,44.0,43.0,24.0,,,,1.3367875647668397,6.36,35.0,https://www.screener.in/company/HBESD/consolidated/,2026-07-24T13:30:05.610929+00:00
HBLENGINE.NS,1295,consolidated,2026-03-31,49.4904,51.7,43.1169,39.3,42.8592,38.85,34.0,118.0,49.0,105.0,67.0,35.0,102.13077639415728,125.87879655169418,47.82555965525972,0.0302483069977426,45.3,34.0,https://www.screener.in/company/HBLENGINE/consolidated/,2026-07-24T13:30:05.610929+00:00
HCC.NS,1337,consolidated,2026-03-31,39.741,41.9,49.0467,28.8,40.9357,8.65,-22.0,19.0,8.0,32.0,17.0,2.0,,,,0.4790785143394452,9.06,14.0,https://www.screener.in/company/HCC/consolidated/,2026-07-24T13:30:05.610929+00:00
HCG.NS,1273301,consolidated,2026-03-31,195.0159,156.3,232.6382,160.8,214.1101,156.2,15.0,18.0,39.0,-1.0,25.0,13.0,-22.67648579654356,,,1.3025525525525523,2.55,18.0,https://www.screener.in/company/HCG/consolidated/,2026-07-24T13:30:05.610929+00:00
HCLTECH.NS,1297,consolidated,2026-03-31,24.8153,25.0,24.1747,24.0,19.9408,19.4,9.0,9.0,12.0,6.0,5.0,13.0,3.8681760839911927,8.350183798552457,8.952341279250353,0.0693806958025676,23.8,20.0,https://www.screener.in/company/HCLTECH/consolidated/,2026-07-24T13:30:05.610929+00:00
HDBFS.NS,1285509,consolidated,2025-03-31,26.5559,26.9,26.5559,26.9,26.5559,26.9,,,,,,,23.0337189191812,,,,14.7,,https://www.screener.in/company/HDBFS/consolidated/,2026-07-24T13:30:05.610929+00:00
HDFCAMC.NS,1274395,consolidated,2026-03-31,40.7178,41.4,39.9271,41.15,39.9271,41.15,23.0,,,26.0,12.0,,25.998401131868956,,,0.0,32.9,79.0,https://www.screener.in/company/HDFCAMC/consolidated/,2026-07-24T13:30:05.610929+00:00
HDFCBANK.NS,1298,consolidated,2026-03-31,18.5446,18.5,19.8513,19.8,23.6983,22.8,27.0,19.0,19.0,18.0,1.0,9.0,6.212837900223667,11.3367265862369,14.58309058410896,,13.6,,https://www.screener.in/company/HDFCBANK/consolidated/,2026-07-24T13:30:05.610929+00:00
HDFCLIFE.NS,1274197,consolidated,2026-03-31,84.7541,85.9,88.6326,87.2,89.0205,87.85,12.0,7.0,9.0,12.0,-4.0,,11.625845949815153,5.653461797091386,8.036633150072126,0.1745915492957746,11.3,1.0,https://www.screener.in/company/HDFCLIFE/consolidated/,2026-07-24T13:30:05.610929+00:00
HEADSUP.NS,1273599,consolidated,2026-03-31,14.6796,15.2,14.6796,15.2,14.6796,15.2,,,,,-19.0,,,,,0.0,-0.2,-8.92,https://www.screener.in/company/HEADSUP/consolidated/,2026-07-24T13:30:05.610929+00:00
HEALTHX.NS,2076,consolidated,2026-03-31,33.0839,25.2,33.0839,25.2,33.0839,25.2,8.0,17.0,7.0,27.0,-2.0,16.0,,,,0.0405616224648986,0.29,-4.0,https://www.screener.in/company/HEALTHX/consolidated/,2026-07-24T13:30:05.610929+00:00
HEG.NS,1301,consolidated,2026-03-31,35.507,34.3,27.8955,25.9,38.9895,16.0,1.0,46.0,63.0,-14.0,8.0,33.0,-13.76993552827469,,55.070974182601454,0.1672971836906263,7.42,10.0,https://www.screener.in/company/HEG/consolidated/,2026-07-24T13:30:05.610929+00:00
HERANBA.NS,1274836,consolidated,2026-03-31,27.599,27.4,27.599,27.4,27.599,27.4,7.0,,,,-26.0,,,,,0.7559055118110236,-9.54,4.0,https://www.screener.in/company/HERANBA/consolidated/,2026-07-24T13:30:05.610929+00:00
HERITGFOOD.NS,1307,consolidated,2026-03-31,28.6025,25.9,25.9904,25.3,25.3106,24.7,12.0,-3.0,9.0,34.0,7.0,7.0,37.3091567290301,0.0247402306383204,10.484261882410006,0.3272892112420671,12.6,5.0,https://www.screener.in/company/HERITGFOOD/consolidated/,2026-07-24T13:30:05.610929+00:00
HEROMOTOCO.NS,1308,consolidated,2026-03-31,21.8204,21.0,21.0226,20.4,20.204,20.3,12.0,16.0,7.0,28.0,12.0,5.0,26.843549099449397,14.46269326234486,6.193570168305884,0.0360464578224052,28.1,15.0,https://www.screener.in/company/HEROMOTOCO/consolidated/,2026-07-24T13:30:05.610929+00:00
HESTERBIO.NS,1309,consolidated,2026-03-31,58.5898,50.6,55.5307,50.6,49.6303,48.1,8.0,8.0,11.0,26.0,0.0,12.0,27.84976591452255,10.078420409580868,11.227265165832012,0.5401662049861495,15.9,26.0,https://www.screener.in/company/HESTERBIO/consolidated/,2026-07-24T13:30:05.610929+00:00
HEXATRADEX.NS,1310,consolidated,2026-03-31,26.1833,19.1,45.189,19.6,34.3074,15.45,72.0,,,18.0,3.0,24.0,,,,0.0018697825375743,-0.19,-104.26,https://www.screener.in/company/HEXATRADEX/consolidated/,2026-07-24T13:30:05.610929+00:00
HEXT.NS,1311,consolidated,2025-12-31,29.248,30.8,29.248,30.8,20.7007,18.25,13.0,18.0,14.0,18.0,,9.0,-8.693572585076748,1.6099583095655845,5.564143045754899,0.1078214059531349,24.9,14.0,https://www.screener.in/company/HEXT/consolidated/,2026-07-24T13:30:05.610929+00:00
HFCL.NS,1319,consolidated,2026-03-31,48.5829,45.3,40.4538,33.4,27.4629,27.8,1.0,5.0,3.0,1.0,22.0,27.0,-2.188205981472713,1.8646376444729773,4.936351973198416,0.3565732978940912,6.95,19.0,https://www.screener.in/company/HFCL/consolidated/,2026-07-24T13:30:05.610929+00:00
HGINFRA.NS,1274291,consolidated,2026-03-31,13.3669,12.5,12.4299,11.7,11.6336,11.1,4.0,5.0,26.0,-16.0,2.0,,-12.505573408742675,6.900370020953828,11.709664627718784,1.5402756508422664,9.56,19.0,https://www.screener.in/company/HGINFRA/consolidated/,2026-07-24T13:30:05.610929+00:00
HGM.NS,1372,consolidated,2026-03-31,37.3057,26.8,31.7257,22.6,55.1309,31.2,70.0,,7.0,,-11.0,-9.0,,,,0.2203162690967569,-9.91,-1.65,https://www.screener.in/company/HGM/consolidated/,2026-07-24T13:30:05.610929+00:00
HGS.NS,1331,consolidated,2026-03-31,37.9936,30.4,26.8947,19.0,19.2857,9.0,-1.0,,,,-22.0,8.0,-52.16447614941369,-38.76766609103194,-11.807406627490325,0.2366237826139232,-1.22,2.0,https://www.screener.in/company/HGS/consolidated/,2026-07-24T13:30:05.610929+00:00
HIKAL.NS,1315,consolidated,2026-03-31,60.9062,56.0,52.66,49.95,39.3898,37.5,-5.0,-23.0,-1.0,-22.0,-16.0,6.0,,,,0.5704753961634695,2.95,13.0,https://www.screener.in/company/HIKAL/consolidated/,2026-07-24T13:30:05.610929+00:00
HIMATSEIDE.NS,1323,consolidated,2026-03-31,18.1426,13.4,17.5801,12.9,15.659,13.6,-2.0,26.0,-7.0,40.0,-20.0,-12.0,,,-9.043030776722071,1.2312003736571695,2.97,14.0,https://www.screener.in/company/HIMATSEIDE/consolidated/,2026-07-24T13:30:05.610929+00:00
HINDALCO.NS,1328,consolidated,2026-03-31,12.2401,12.4,11.1881,10.9,14.3385,11.2,7.0,35.0,78.0,19.0,19.0,22.0,9.869965702353456,30.908647963634863,,0.7260420403710565,13.0,13.0,https://www.screener.in/company/HINDALCO/consolidated/,2026-07-24T13:30:05.610929+00:00
HINDCOMPOS.NS,1336,consolidated,2026-03-31,19.9917,19.1,19.8601,19.0,23.5049,20.65,-40.0,-21.0,-13.0,-45.0,6.0,0.0,4.227376796595195,9.545721533644723,5.262656978597091,0.0017467248908296,0.42,14.0,https://www.screener.in/company/HINDCOMPOS/consolidated/,2026-07-24T13:30:05.610929+00:00
HINDCOPPER.NS,1338,consolidated,2026-03-31,69.8395,64.7,61.0563,55.7,58.4285,53.15,22.0,55.0,,50.0,27.0,22.0,45.88166998471925,51.507917496174514,,0.0332037092431947,32.9,48.0,https://www.screener.in/company/HINDCOPPER/consolidated/,2026-07-24T13:30:05.610929+00:00
HINDOILEXP.NS,1346,consolidated,2026-03-31,18.3013,17.1,26.0831,18.6,45.9779,20.45,-22.0,-1.0,52.0,-46.0,6.0,15.0,-31.331984169051186,3.290992124245684,28.733329354522372,0.0361271676300578,2.34,41.0,https://www.screener.in/company/HINDOILEXP/consolidated/,2026-07-24T13:30:05.610929+00:00
HINDPETRO.NS,1348,consolidated,2026-03-31,8.0677,6.4,7.1471,4.85,7.2891,5.7,0.0,11.0,14.0,66.0,16.0,8.0,,11.67399886155498,15.285682531644662,0.8536823479162853,30.9,1.0,https://www.screener.in/company/HINDPETRO/consolidated/,2026-07-24T13:30:05.610929+00:00
HINDUNILVR.NS,1350,consolidated,2026-03-31,51.8293,52.3,55.3602,54.9,58.1837,59.05,2.0,13.0,14.0,14.0,-1.0,10.0,14.118919707772084,13.468986457967592,12.808005936298294,0.0303247912349453,31.0,23.0,https://www.screener.in/company/HINDUNILVR/consolidated/,2026-07-24T13:30:05.610929+00:00
HINDWAREAP.NS,1274717,consolidated,2026-03-31,78.1685,77.55,55.3015,49.4,60.5539,52.9,-4.0,-52.0,,-71.0,-9.0,,,,,1.1614654002713705,0.18,8.0,https://www.screener.in/company/HINDWAREAP/consolidated/,2026-07-24T13:30:05.610929+00:00
HINDZINC.NS,1351,consolidated,2026-03-31,20.6153,19.1,18.0284,17.2,18.0284,17.2,6.0,12.0,,10.0,10.0,10.0,9.582894181367951,11.627023207768495,,0.3856997657872641,76.6,56.0,https://www.screener.in/company/HINDZINC/consolidated/,2026-07-24T13:30:05.610929+00:00
HIRECT.NS,1326,consolidated,2026-03-31,66.7558,64.0,66.7558,64.0,66.7558,64.0,,,,,75.0,43.0,,,,1.1722488038277512,25.2,9.0,https://www.screener.in/company/HIRECT/consolidated/,2026-07-24T13:30:05.610929+00:00
HITECH.NS,1273262,consolidated,2026-03-31,31.0904,27.4,27.233,24.2,21.5409,21.0,21.0,27.0,28.0,21.0,7.0,,8.326925483766967,13.059496220083844,19.52784011911892,0.2010502625656414,5.88,4.0,https://www.screener.in/company/HITECH/consolidated/,2026-07-24T13:30:05.610929+00:00
HLEGLAS.NS,3323,consolidated,2026-03-31,64.9191,63.3,74.5954,65.3,71.5368,64.4,13.0,1.0,,-8.0,-10.0,34.0,-11.379379477320628,-2.3037258466208965,,0.651685393258427,10.8,10.0,https://www.screener.in/company/HLEGLAS/consolidated/,2026-07-24T13:30:05.610929+00:00
HLVLTD.NS,1368,consolidated,2020-03-31,6.265,5.2,5.3115,4.3,16.8247,4.9,-41.0,22.0,15.0,134.0,-6.0,-9.0,,,10.910123210791143,0.0722100656455142,47.2,-25.0,https://www.screener.in/company/HLVLTD/consolidated/,2026-07-24T13:30:05.610929+00:00
HMAAGRO.NS,1284380,consolidated,2026-03-31,22.4363,21.5,22.4806,21.85,22.4806,21.85,29.0,18.0,,11.0,,,9.150348225957906,-29.845083994573752,,0.9032943676939428,19.0,2.0,https://www.screener.in/company/HMAAGRO/consolidated/,2026-07-24T13:30:05.610929+00:00
HMVL.NS,1344,consolidated,2026-03-31,9.8,5.5,10.0236,8.6,8.6567,8.4,1.0,17.0,-2.0,79.0,1.0,-10.0,,-6.859631176278846,-12.225118990597585,0.0535264483627204,9.95,15.0,https://www.screener.in/company/HMVL/consolidated/,2026-07-24T13:30:05.610929+00:00
HNDFDS.NS,6314,consolidated,2026-03-31,62.6726,64.9,76.7115,72.2,78.3411,71.1,18.0,35.0,,29.0,8.0,39.0,25.49093777924956,30.856897243663383,,0.9339055793991416,14.8,9.0,https://www.screener.in/company/HNDFDS/consolidated/,2026-07-24T13:30:05.610929+00:00
HONASA.NS,1284547,consolidated,2026-03-31,130.938,96.2,130.938,96.2,130.938,96.2,17.0,17.0,,118.0,,,,,,0.0956768249468462,15.7,10.0,https://www.screener.in/company/HONASA/consolidated/,2026-07-24T13:30:05.610929+00:00
HPAL.NS,1275124,consolidated,2026-03-31,30.2902,26.4,30.2902,26.4,30.2902,26.4,,,,,,,,,,0.0213903743315508,4.08,5.0,https://www.screener.in/company/HPAL/consolidated/,2026-07-24T13:30:05.610929+00:00
HPIL.NS,1274727,consolidated,2024-03-31,93.4217,97.6,90.0163,96.8,90.0163,96.8,,,,,19.0,,,,,0.4453965723395776,3.32,3.94,https://www.screener.in/company/HPIL/consolidated/,2026-07-24T13:30:05.610929+00:00
HPL.NS,1273519,consolidated,2026-03-31,43.1312,40.3,40.3249,40.7,30.4038,26.7,13.0,57.0,10.0,47.0,32.0,,44.49778805610409,55.62700094585325,6.015152807663493,0.755,9.92,16.0,https://www.screener.in/company/HPL/consolidated/,2026-07-24T13:30:05.610929+00:00
HSCL.NS,1320,consolidated,2026-03-31,41.4968,40.0,38.6471,37.7,35.1613,33.2,4.0,74.0,44.0,47.0,71.0,37.0,43.96758426518943,67.48011516456029,,0.163620909477263,17.8,20.0,https://www.screener.in/company/HSCL/consolidated/,2026-07-24T13:30:05.610929+00:00
HTMEDIA.NS,1375,consolidated,2026-03-31,19.2451,12.5,22.1088,25.3,13.4593,9.8,2.0,32.0,-3.0,37.0,-5.0,-10.0,,,,0.4731315626930203,8.06,7.0,https://www.screener.in/company/HTMEDIA/consolidated/,2026-07-24T13:30:05.610929+00:00
HUBTOWN.NS,1376,consolidated,2026-03-31,45.4238,32.3,42.9876,28.6,42.9876,28.6,26.0,31.0,23.0,48.0,46.0,7.0,37.72689810133247,,,0.4554794520547945,5.9,24.0,https://www.screener.in/company/HUBTOWN/consolidated/,2026-07-24T13:30:05.610929+00:00
HUDCO.NS,1274074,consolidated,2026-03-31,16.3401,16.2,11.8368,10.3,10.9454,8.5,23.0,21.0,18.0,33.0,31.0,,33.33741817550779,20.62563413162506,17.81750711235588,,20.2,,https://www.screener.in/company/HUDCO/consolidated/,2026-07-24T13:30:05.610929+00:00
HUHTAMAKI.NS,2407,consolidated,2016-12-31,22.4452,21.6,20.8812,19.4,21.5462,21.2,31.0,,,20.0,0.0,0.0,13.74149330322998,,,0.6026587887740029,13.0,11.0,https://www.screener.in/company/HUHTAMAKI/consolidated/,2026-07-24T13:30:05.610929+00:00
HYUNDAI.NS,1285116,consolidated,2026-03-31,30.9206,30.6,30.9206,30.6,30.9206,30.6,5.0,24.0,,5.0,,,,,,0.0548588558581064,29.9,12.0,https://www.screener.in/company/HYUNDAI/consolidated/,2026-07-24T13:30:05.610929+00:00
ICDSLTD.NS,1268143,consolidated,2026-03-31,44.4924,45.2,44.7742,43.95,44.7742,43.95,8.0,17.0,8.0,42.0,9.0,,42.54777057083719,,7.974566201881972,0.0,3.7,11.3,https://www.screener.in/company/ICDSLTD/consolidated/,2026-07-24T13:30:05.610929+00:00
ICEMAKE.NS,1274213,consolidated,2026-03-31,57.5841,51.6,46.4517,40.7,34.0488,29.1,29.0,28.0,,-16.0,58.0,,-16.294365154151713,27.435471923037237,,1.18796992481203,9.49,7.0,https://www.screener.in/company/ICEMAKE/consolidated/,2026-07-24T13:30:05.610929+00:00
ICICIAMC.NS,1285819,consolidated,2025-03-31,2.05,2.1,2.05,2.1,2.05,2.1,,,,,,,,,,,,73.0,https://www.screener.in/company/ICICIAMC/consolidated/,2026-07-24T13:30:05.610929+00:00
ICICIBANK.NS,1384,consolidated,2026-03-31,18.3127,18.2,19.667,19.0,22.6389,19.7,17.0,24.0,18.0,17.0,16.0,20.0,15.812625453792318,23.28767253777184,16.874837023669144,,15.9,,https://www.screener.in/company/ICICIBANK/consolidated/,2026-07-24T13:30:05.610929+00:00
ICICIPRULI.NS,1273517,consolidated,2026-03-31,95.1185,82.4,100.1241,85.0,73.8515,66.6,8.0,11.0,0.0,26.0,-5.0,,25.206737534250824,10.736670979204966,-0.3796859023860399,0.1903748807864426,12.6,2.0,https://www.screener.in/company/ICICIPRULI/consolidated/,2026-07-24T13:30:05.610929+00:00
ICIL.NS,1459,consolidated,2026-03-31,26.0274,22.1,19.9996,18.0,15.1669,12.8,11.0,-13.0,-7.0,-23.0,12.0,9.0,-22.910625360601124,-12.808278858639222,-6.652851796836313,0.5696095076400679,5.47,9.0,https://www.screener.in/company/ICIL/consolidated/,2026-07-24T13:30:05.610929+00:00
ICRA.NS,1385,consolidated,2026-03-31,35.2975,35.6,35.4594,35.4,35.4799,35.0,14.0,18.0,10.0,11.0,5.0,2.0,10.307192538493704,17.323276809541667,9.45005215379182,0.0152413209144792,16.7,36.0,https://www.screener.in/company/ICRA/consolidated/,2026-07-24T13:30:05.610929+00:00
IDBI.NS,1387,consolidated,2026-03-31,13.4975,13.1,15.6429,15.6,17.0467,15.9,12.0,43.0,16.0,35.0,18.0,1.0,35.43177660626713,43.46710731840238,,,14.1,,https://www.screener.in/company/IDBI/consolidated/,2026-07-24T13:30:05.610929+00:00
IDEA.NS,1388,consolidated,2026-03-31,85.2114,38.4,85.2114,38.4,85.2114,38.4,2.0,0.0,,6.0,9.0,-15.0,,,3.3252071644004344,,,42.0,https://www.screener.in/company/IDEA/consolidated/,2026-07-24T13:30:05.610929+00:00
IDFCFIRSTB.NS,1273113,consolidated,2026-03-31,27.2955,21.6,33.1493,21.5,30.8222,20.0,21.0,28.0,,-13.0,10.0,4.0,-20.70056136466797,17.08049129648923,,,3.78,,https://www.screener.in/company/IDFCFIRSTB/consolidated/,2026-07-24T13:30:05.610929+00:00
IEX.NS,1274182,consolidated,2026-03-31,35.2338,37.7,43.9701,40.5,41.1285,38.5,15.0,20.0,,19.0,-3.0,,17.25832075941178,19.28282877367935,,0.0080645161290322,39.4,85.0,https://www.screener.in/company/IEX/consolidated/,2026-07-24T13:30:05.610929+00:00
IFBIND.NS,1393,consolidated,2026-03-31,104.6973,64.6,106.5451,71.05,83.5389,59.0,10.0,18.0,,145.0,5.0,13.0,112.54371246545507,17.49866564367233,,0.1567839195979899,15.7,6.0,https://www.screener.in/company/IFBIND/consolidated/,2026-07-24T13:30:05.610929+00:00
IFCI.NS,1394,consolidated,2026-03-31,85.1282,95.2,92.7374,99.3,51.2442,34.25,7.0,16.0,-5.0,42.0,37.0,9.0,,,-11.1286390434733,,2.09,,https://www.screener.in/company/IFCI/consolidated/,2026-07-24T13:30:05.610929+00:00
IFGLEXPOR.NS,1274196,consolidated,2026-03-31,34.2274,29.4,26.4303,23.3,20.6077,16.3,11.0,-11.0,,-23.0,0.0,,-24.07540895952229,-11.972019857373729,,0.1778723404255319,3.22,7.0,https://www.screener.in/company/IFGLEXPOR/consolidated/,2026-07-24T13:30:05.610929+00:00
IGCL.NS,1285517,consolidated,2026-03-31,9.3958,9.2,9.3958,9.2,9.3958,9.2,9.0,12.0,,21.0,,,-12.749028808835073,-7.760046672956045,,0.3986928104575163,10.9,10.0,https://www.screener.in/company/IGCL/consolidated/,2026-07-24T13:30:05.610929+00:00
IGIL.NS,1285192,consolidated,2025-06-30,29.5545,28.3,29.5545,28.3,29.5545,28.3,,,,,,,,,,0.1067097817299919,54.4,61.0,https://www.screener.in/company/IGIL/consolidated/,2026-07-24T13:30:05.610929+00:00
IGL.NS,1471,consolidated,2026-03-31,16.365,16.4,17.7448,17.1,23.9407,23.8,5.0,6.0,13.0,-1.0,-11.0,9.0,-1.856040458885,5.725736808005943,12.969182713627792,0.0085187760778859,14.0,11.0,https://www.screener.in/company/IGL/consolidated/,2026-07-24T13:30:05.610929+00:00
IGPL.NS,1379,consolidated,2026-03-31,22.1172,15.1,16.7939,12.8,16.8716,12.8,-6.0,-59.0,-28.0,-78.0,-8.0,11.0,-77.70275973313865,-58.85787743807447,-28.11826129288719,0.2715678919729932,0.16,5.0,https://www.screener.in/company/IGPL/consolidated/,2026-07-24T13:30:05.610929+00:00
IIFL.NS,1424,consolidated,2026-03-31,16.4541,14.4,14.8199,13.2,13.0071,12.6,17.0,17.0,12.0,3.0,15.0,18.0,3.237706137311447,16.675765368526797,10.391476567548086,,12.6,,https://www.screener.in/company/IIFL/consolidated/,2026-07-24T13:30:05.610929+00:00
IIFLCAPS.NS,1274694,consolidated,2026-03-31,13.3331,13.3,11.49,10.7,10.0779,9.45,21.0,21.0,,31.0,25.0,,30.06395670026389,19.906872395128406,,0.5941272430668841,20.2,35.0,https://www.screener.in/company/IIFLCAPS/consolidated/,2026-07-24T13:30:05.610929+00:00
IITL.NS,1482,consolidated,2026-03-31,29.0345,16.4,27.5126,14.9,29.0975,15.2,,11.0,-10.0,,12.0,7.0,,,,0.0046403712296983,-2.84,42.0,https://www.screener.in/company/IITL/consolidated/,2026-07-24T13:30:05.610929+00:00
IKIO.NS,1284374,consolidated,2026-03-31,46.7879,39.6,45.8356,39.2,45.8356,39.2,18.0,7.0,,-6.0,,,-11.264544394334097,-75.22339459047276,,0.1162790697674418,7.13,13.0,https://www.screener.in/company/IKIO/consolidated/,2026-07-24T13:30:05.610929+00:00
IKS.NS,1285190,consolidated,2025-09-30,53.8607,48.1,53.8607,48.1,53.8607,48.1,46.0,34.0,,30.0,,,33.01255787062096,-26.808194537027266,,0.3418116912092815,40.3,34.0,https://www.screener.in/company/IKS/consolidated/,2026-07-24T13:30:05.610929+00:00
IMAGICAA.NS,1270791,consolidated,2026-03-31,54.5277,47.6,54.5277,47.6,54.5277,47.6,14.0,15.0,7.0,-88.0,41.0,-7.0,-89.51681077702314,,,0.2735247208931419,0.05,31.0,https://www.screener.in/company/IMAGICAA/consolidated/,2026-07-24T13:30:05.610929+00:00
IMFA.NS,1447,consolidated,2026-03-31,13.0535,11.0,9.8981,9.4,10.8408,8.6,2.0,22.0,32.0,22.0,30.0,35.0,23.498687379083915,20.588481697207666,,0.3524650478292862,16.8,21.0,https://www.screener.in/company/IMFA/consolidated/,2026-07-24T13:30:05.610929+00:00
IMPAL.NS,1427,consolidated,2024-09-30,16.9248,16.7,16.0268,16.3,19.6567,17.1,12.0,12.0,,14.0,7.0,8.0,11.804751349410058,12.369326191887463,,0.0,3.72,8.0,https://www.screener.in/company/IMPAL/consolidated/,2026-07-24T13:30:05.610929+00:00
INA.NS,1275309,consolidated,2026-03-31,67.293,57.2,58.8939,41.6,58.8939,41.6,97.0,,,166.0,,,161.31062704070098,,,1.100371747211896,28.2,13.0,https://www.screener.in/company/INA/consolidated/,2026-07-24T13:30:05.610929+00:00
INDGN.NS,1284767,consolidated,2026-03-31,33.3974,32.5,33.3974,32.5,33.3974,32.5,15.0,23.0,,16.0,,,11.565954379135835,-55.479594890836296,,0.0458744823192099,14.4,18.0,https://www.screener.in/company/INDGN/consolidated/,2026-07-24T13:30:05.610929+00:00
INDHOTEL.NS,1443,consolidated,2026-03-31,63.9057,63.1,75.1203,63.8,76.6099,65.05,19.0,32.0,25.0,22.0,39.0,20.0,27.52014324187564,,,0.2173613239350291,14.2,33.0,https://www.screener.in/company/INDHOTEL/consolidated/,2026-07-24T13:30:05.610929+00:00
INDIACEM.NS,1420,consolidated,2026-03-31,149.9846,152.3,62.9137,48.2,55.4518,41.5,-7.0,-29.0,-11.0,28.0,16.0,13.0,,,,0.1289016199130778,0.37,10.0,https://www.screener.in/company/INDIACEM/consolidated/,2026-07-24T13:30:05.610929+00:00
INDIAGLYCO.NS,1422,consolidated,2026-03-31,20.1478,20.7,17.8448,16.6,17.3269,15.7,17.0,14.0,74.0,39.0,27.0,37.0,29.29213451734276,15.489865057597465,,0.5765427889532901,11.3,15.0,https://www.screener.in/company/INDIAGLYCO/consolidated/,2026-07-24T13:30:05.610929+00:00
INDIAMART.NS,1274674,consolidated,2026-03-31,36.8331,29.7,45.3172,49.1,51.6461,50.9,17.0,11.0,20.0,19.0,-13.0,,19.425971358168283,11.379195502212736,,0.0095833333333333,20.7,30.0,https://www.screener.in/company/INDIAMART/consolidated/,2026-07-24T13:30:05.610929+00:00
INDIANB.NS,1439,consolidated,2026-03-31,8.3261,8.2,7.1946,7.5,9.1659,8.3,14.0,30.0,32.0,28.0,43.0,18.0,24.764569524086298,25.52649589775442,18.70617326629593,,15.4,,https://www.screener.in/company/INDIANB/consolidated/,2026-07-24T13:30:05.610929+00:00
INDIANCARD.NS,1441,consolidated,2026-03-31,13.6344,12.2,22.9594,14.5,22.9594,14.5,-14.0,30.0,17.0,8.0,1.0,-1.0,0.5382234986134771,,-16.861867101143936,0.0092716776488424,1.34,-24.72,https://www.screener.in/company/INDIANCARD/consolidated/,2026-07-24T13:30:05.610929+00:00
INDIASHLTR.NS,1284585,consolidated,2026-03-31,21.7625,21.8,21.7625,21.8,21.7625,21.8,38.0,42.0,,48.0,,,9.318391749343656,17.872813541235267,,,17.0,,https://www.screener.in/company/INDIASHLTR/consolidated/,2026-07-24T13:30:05.610929+00:00
INDIGO.NS,1273121,consolidated,2026-03-31,27.802,26.0,27.802,26.0,30.0305,28.4,16.0,13.0,,-11.0,24.0,18.0,,,,11.153206139721703,-12.2,11.0,https://www.screener.in/company/INDIGO/consolidated/,2026-07-24T13:30:05.610929+00:00
INDIGOPNTS.NS,1274826,consolidated,2026-03-31,42.1671,42.5,42.1671,42.5,42.1671,42.5,9.0,,,4.0,-17.0,,3.145597091305219,,,0.0181975736568457,13.7,18.0,https://www.screener.in/company/INDIGOPNTS/consolidated/,2026-07-24T13:30:05.610929+00:00
INDNIPPON.NS,1428,consolidated,2026-03-31,23.7057,22.5,21.7107,21.3,23.5203,21.7,18.0,18.0,14.0,24.0,25.0,19.0,32.09386591048799,22.90801650403138,14.39907641353384,0.002436053593179,11.9,11.0,https://www.screener.in/company/INDNIPPON/consolidated/,2026-07-24T13:30:05.610929+00:00
INDOBORAX.NS,1458,consolidated,2026-03-31,16.6401,14.9,14.3073,13.2,12.5807,11.4,-1.0,1.0,15.0,-9.0,16.0,27.0,-0.2750172549209062,7.989347089496079,18.458887827078097,0.0025906735751295,10.1,21.0,https://www.screener.in/company/INDOBORAX/consolidated/,2026-07-24T13:30:05.610929+00:00
INDOCO.NS,1274892,consolidated,2026-03-31,34.6051,25.2,41.5397,31.8,41.0769,31.9,3.0,,,,-11.0,-3.0,,,,1.1608093716719914,-9.42,8.0,https://www.screener.in/company/INDOCO/consolidated/,2026-07-24T13:30:05.610929+00:00
INDOFARM.NS,1285209,consolidated,2026-03-31,34.1877,33.9,34.1877,33.9,34.1877,33.9,7.0,23.0,,15.0,,,-14.38305265772788,-10.677897379885891,,0.2697841726618705,4.54,13.0,https://www.screener.in/company/INDOFARM/consolidated/,2026-07-24T13:30:05.610929+00:00
INDORAMA.NS,1462,consolidated,2026-03-31,11.058,8.2,8.641,6.7,8.3647,6.9,6.0,4.0,8.0,107.0,-2.0,3.0,,5.787809146569467,,2.183044315992293,34.5,6.0,https://www.screener.in/company/INDORAMA/consolidated/,2026-07-24T13:30:05.610929+00:00
INDOSTAR.NS,1274348,consolidated,2026-03-31,43.9966,43.25,43.9966,43.25,29.492,16.5,6.0,,,,-6.0,,-19.3246993074606,,-13.584509508902498,,-23.6,,https://www.screener.in/company/INDOSTAR/consolidated/,2026-07-24T13:30:05.610929+00:00
INDOTHAI.NS,1464,consolidated,2026-03-31,106.5444,92.45,122.7371,63.45,96.2534,39.8,139.0,45.0,26.0,130.0,101.0,56.0,,63.94317912338601,34.3608177784914,0.0880281690140845,28.6,83.0,https://www.screener.in/company/INDOTHAI/consolidated/,2026-07-24T13:30:05.610929+00:00
INDOUS.NS,1274344,consolidated,2022-03-31,67.9641,68.55,49.2817,45.5,43.1816,39.7,,,,,25.0,,,,,0.3334198909374188,16.9,13.75,https://www.screener.in/company/INDOUS/consolidated/,2026-07-24T13:30:05.610929+00:00
INDPRUD.NS,1481,consolidated,2026-03-31,17.3419,17.2,17.3419,17.2,17.3419,17.2,-4.0,19.0,12.0,13.0,34.0,18.0,12.53327235615549,19.33805930389849,11.68536391387256,0.0,7.71,84.0,https://www.screener.in/company/INDPRUD/consolidated/,2026-07-24T13:30:05.610929+00:00
INDSWFTLAB.NS,1415,consolidated,2026-03-31,14.6516,17.1,17.1104,17.2,16.3023,15.5,-19.0,78.0,12.0,-7.0,16.0,19.0,-16.04218792742825,,,0.0130057803468208,3.87,7.0,https://www.screener.in/company/INDSWFTLAB/consolidated/,2026-07-24T13:30:05.610929+00:00
INDUSINDBK.NS,1480,consolidated,2026-03-31,24.542,13.5,20.9102,14.1,24.2121,23.35,8.0,-21.0,-9.0,-51.0,0.0,-1.0,-50.82129747186974,-21.3403141081722,-11.43512255498833,,1.36,,https://www.screener.in/company/INDUSINDBK/consolidated/,2026-07-24T13:30:05.610929+00:00
INDUSTOWER.NS,244384,consolidated,2026-03-31,13.2936,13.9,13.0421,12.6,16.4502,15.4,5.0,15.0,14.0,50.0,12.0,1.0,52.93877014867909,14.07228190600276,8.615806417829841,0.532891086112092,19.8,55.0,https://www.screener.in/company/INDUSTOWER/consolidated/,2026-07-24T13:30:05.610929+00:00
INFOBEAN.NS,1272917,consolidated,2026-03-31,38.6643,39.1,33.8617,31.3,23.0478,22.0,10.0,18.0,20.0,34.0,5.0,,34.06678752867145,18.475281417912942,3.286443583749721,0.036231884057971,23.2,22.0,https://www.screener.in/company/INFOBEAN/consolidated/,2026-07-24T13:30:05.610929+00:00
INFY.NS,1489,consolidated,2026-03-31,24.0312,24.2,26.3736,25.8,23.2628,22.8,7.0,9.0,8.0,8.0,-8.0,7.0,7.716788372999983,9.83125175191164,9.47427418925082,0.0988239348640847,31.9,24.0,https://www.screener.in/company/INFY/consolidated/,2026-07-24T13:30:05.610929+00:00
INNOVACAP.NS,1284611,consolidated,2026-03-31,37.0333,37.4,37.0333,37.4,37.0333,37.4,21.0,32.0,,28.0,,,20.26346694521444,-38.82622061025063,,0.3153070577451879,13.7,15.0,https://www.screener.in/company/INNOVACAP/consolidated/,2026-07-24T13:30:05.610929+00:00
INNOVANA.NS,1274215,consolidated,2026-03-31,25.6133,21.9,27.1413,21.1,21.3128,17.8,19.0,20.0,,18.0,29.0,,12.055356221931437,19.453253832419005,,0.2124542124542124,16.0,35.0,https://www.screener.in/company/INNOVANA/consolidated/,2026-07-24T13:30:05.610929+00:00
INNOVISION.NS,1285919,consolidated,2026-03-31,19.8349,19.7,19.8349,19.7,19.8349,19.7,57.0,,,63.0,,,-38.2212225745534,,,0.4251700680272108,19.6,6.0,https://www.screener.in/company/INNOVISION/consolidated/,2026-07-24T13:30:05.610929+00:00
INOXGREEN.NS,1275359,consolidated,2026-03-31,200.7019,161.9,200.7019,161.9,200.7019,161.9,3.0,21.0,,69.0,,,,,,0.0515524311657879,5.62,8.0,https://www.screener.in/company/INOXGREEN/consolidated/,2026-07-24T13:30:05.610929+00:00
INOXINDIA.NS,1284600,consolidated,2026-03-31,53.2243,50.85,53.2243,50.85,53.2243,50.85,18.0,22.0,,19.0,,,18.55383762703684,-23.13595120553977,,0.072515666965085,26.1,22.0,https://www.screener.in/company/INOXINDIA/consolidated/,2026-07-24T13:30:05.610929+00:00
INOXWIND.NS,1270795,consolidated,2026-03-31,86.8087,49.1,86.8087,49.1,52.9246,29.1,81.0,27.0,-1.0,38.0,24.0,3.0,,,-7.086332371762372,0.2486681291131307,7.09,20.0,https://www.screener.in/company/INOXWIND/consolidated/,2026-07-24T13:30:05.610929+00:00
INSECTICID.NS,1502,consolidated,2026-03-31,19.2134,17.4,17.6575,15.8,17.8087,15.4,6.0,6.0,13.0,30.0,4.0,7.0,30.90060109504178,9.60374144019045,14.13623104124584,0.1286885245901639,12.0,11.0,https://www.screener.in/company/INSECTICID/consolidated/,2026-07-24T13:30:05.610929+00:00
INTELLECT.NS,1199533,consolidated,2026-03-31,36.3592,36.5,32.2674,31.9,37.5152,32.8,11.0,7.0,31.0,11.0,-3.0,14.0,7.892883512311988,4.589343079033226,,0.0501577287066246,12.4,19.0,https://www.screener.in/company/INTELLECT/consolidated/,2026-07-24T13:30:05.610929+00:00
INTENTECH.NS,1517,consolidated,2026-03-31,18.2911,16.8,14.5337,13.5,12.5079,9.9,11.0,-3.0,14.0,4.0,-3.0,2.0,,,,0.0,11.5,10.0,https://www.screener.in/company/INTENTECH/consolidated/,2026-07-24T13:30:05.610929+00:00
INTLCONV.NS,1526,consolidated,2026-03-31,8.0955,7.2,13.8502,11.4,22.131,16.25,0.0,33.0,33.0,35.0,3.0,14.0,34.96964285556439,34.23072492828398,,0.1721698113207547,17.4,19.0,https://www.screener.in/company/INTLCONV/consolidated/,2026-07-24T13:30:05.610929+00:00
INVENTURE.NS,1532,consolidated,2026-03-31,26.6056,22.6,24.8371,22.1,26.7012,26.4,7.0,-23.0,11.0,-28.0,-24.0,-6.0,-23.685717163111207,-19.72584382397693,,0.1327703070064156,1.27,8.54,https://www.screener.in/company/INVENTURE/consolidated/,2026-07-24T13:30:05.610929+00:00
INVPRECQ.NS,1533,consolidated,2026-03-31,56.8777,61.2,51.6344,49.65,42.8872,34.85,3.0,102.0,16.0,30.0,46.0,29.0,28.364276318196225,94.72943612303364,15.30870337938792,0.6990291262135923,12.5,16.0,https://www.screener.in/company/INVPRECQ/consolidated/,2026-07-24T13:30:05.610929+00:00
IOB.NS,1449,consolidated,2026-03-31,28.2248,27.0,26.7514,22.85,26.7514,22.85,18.0,48.0,,37.0,6.0,2.0,36.28909688491315,43.61165848743469,,,15.6,,https://www.screener.in/company/IOB/consolidated/,2026-07-24T13:30:05.610929+00:00
IOC.NS,1448,consolidated,2026-03-31,8.9854,7.4,8.5663,5.7,9.1148,8.15,-2.0,14.0,14.0,63.0,14.0,5.0,62.63333972977818,14.240643866716752,13.707942900753656,0.6005065643819641,20.7,10.0,https://www.screener.in/company/IOC/consolidated/,2026-07-24T13:30:05.610929+00:00
IOLCP.NS,1537,consolidated,2026-03-31,20.5981,19.8,18.7848,18.4,18.7848,18.4,2.0,,,2.0,2.0,17.0,-0.3528610851771141,,,0.075041689827682,8.38,12.0,https://www.screener.in/company/IOLCP/consolidated/,2026-07-24T13:30:05.610929+00:00
IONEXCHANG.NS,1539,consolidated,2026-03-31,36.5771,37.6,30.5705,29.7,26.0222,24.25,14.0,1.0,26.0,-8.0,11.0,30.0,-10.141046984434476,-0.1636335217125584,24.93736843217622,0.3599701269604182,12.1,7.0,https://www.screener.in/company/IONEXCHANG/consolidated/,2026-07-24T13:30:05.610929+00:00
IPCALAB.NS,1540,consolidated,2026-03-31,47.6038,46.7,41.2732,38.5,42.2199,37.9,16.0,1.0,30.0,37.0,10.0,22.0,34.27378990729992,0.0177951786338281,28.41013675579598,0.1003348629542354,15.7,21.0,https://www.screener.in/company/IPCALAB/consolidated/,2026-07-24T13:30:05.610929+00:00
IPL.NS,1274881,consolidated,2026-03-31,28.3344,28.2,25.4529,24.6,25.489,24.75,6.0,-2.0,,-6.0,-15.0,,-5.7654596811558605,-2.8512939620868094,,0.1079207920792079,12.6,16.0,https://www.screener.in/company/IPL/consolidated/,2026-07-24T13:30:05.610929+00:00
IRB.NS,1542,consolidated,2026-03-31,44.8115,38.7,37.6199,31.7,24.2672,22.15,6.0,50.0,3.0,8.0,18.0,6.0,5.272659960939663,32.71799855827655,-2.589524174514513,0.9559883526659984,4.31,52.0,https://www.screener.in/company/IRB/consolidated/,2026-07-24T13:30:05.610929+00:00
IRCON.NS,1272265,consolidated,2026-03-31,22.0904,22.5,16.4713,18.4,14.08,10.4,-4.0,9.0,4.0,-8.0,23.0,,-8.041241009575428,8.758216198408398,-10.800109777978529,0.8624792890495556,9.19,8.0,https://www.screener.in/company/IRCON/consolidated/,2026-07-24T13:30:05.610929+00:00
IRCTC.NS,1274700,consolidated,2026-03-31,46.8283,46.5,46.8283,46.5,46.8283,46.5,14.0,,,12.0,1.0,,11.490438693500217,,,0.0187978649338593,34.6,32.0,https://www.screener.in/company/IRCTC/consolidated/,2026-07-24T13:30:05.610929+00:00
IREDA.NS,1284567,consolidated,2026-03-31,30.7429,26.7,30.7429,26.7,30.7429,26.7,,40.0,,,,,14.787804172513663,15.968420690306417,,,15.6,,https://www.screener.in/company/IREDA/consolidated/,2026-07-24T13:30:05.610929+00:00
IRIS.NS,1274171,consolidated,2026-03-31,51.7949,49.6,64.3582,53.4,63.7956,52.0,20.0,97.0,31.0,207.0,20.0,,203.03603901569863,94.84362469027556,,0.0099502487562189,89.5,8.0,https://www.screener.in/company/IRIS/consolidated/,2026-07-24T13:30:05.610929+00:00
IRMENERGY.NS,1284537,consolidated,2026-03-31,24.0868,23.4,24.0868,23.4,24.0868,23.4,3.0,9.0,,-6.0,,,-14.68458306851186,1.5004282998200449,,0.0732196589769308,5.49,11.0,https://www.screener.in/company/IRMENERGY/consolidated/,2026-07-24T13:30:05.610929+00:00
ISFT.NS,1531,consolidated,2026-03-31,16.2554,17.1,18.4065,19.2,28.3956,21.7,5.0,10.0,-1.0,17.0,-8.0,-17.0,12.545836186698487,7.537910751072818,-11.678112509565697,0.0639097744360902,5.37,3.0,https://www.screener.in/company/ISFT/consolidated/,2026-07-24T13:30:05.610929+00:00
ISGEC.NS,1545,consolidated,2026-03-31,30.349,27.7,29.2701,27.5,24.958,24.2,2.0,-14.0,-4.0,-16.0,2.0,5.0,-17.856563409817227,-15.16808689437208,-5.150235485748167,0.3475877192982456,4.19,8.0,https://www.screener.in/company/ISGEC/consolidated/,2026-07-24T13:30:05.610929+00:00
ITC.NS,1552,consolidated,2026-03-31,24.5764,25.6,23.4483,24.6,24.3243,25.2,4.0,10.0,8.0,3.0,7.0,2.0,2.2586195792206,9.082196303157431,7.869983240648626,0.0330864606175955,29.3,35.0,https://www.screener.in/company/ITC/consolidated/,2026-07-24T13:30:05.610929+00:00
ITCHOTELS.NS,1285312,consolidated,2026-03-31,48.3528,42.2,48.3528,42.2,48.3528,42.2,,,,,,,,,,0.0063475724824155,7.89,35.0,https://www.screener.in/company/ITCHOTELS/consolidated/,2026-07-24T13:30:05.610929+00:00
ITDC.NS,1431,consolidated,2026-03-31,72.6185,67.4,123.6401,73.95,183.214,95.2,5.0,34.0,14.0,12.0,13.0,12.0,11.791636659942029,,16.573911752347726,0.0023640661938534,21.1,17.0,https://www.screener.in/company/ITDC/consolidated/,2026-07-24T13:30:05.610929+00:00
ITI.NS,1554,consolidated,2026-03-31,270.0623,137.0,187.1376,93.4,173.6267,88.2,16.0,,,16.0,17.0,25.0,,97.9587563373977,,0.4013641133263378,-8.86,2.0,https://www.screener.in/company/ITI/consolidated/,2026-07-24T13:30:05.610929+00:00
IVALUE.NS,1285661,consolidated,2026-03-31,13.0725,13.0,13.0725,13.0,13.0725,13.0,10.0,25.0,,19.0,,,-49.84024332883668,-25.89042482321693,,0.1214788732394366,19.8,13.0,https://www.screener.in/company/IVALUE/consolidated/,2026-07-24T13:30:05.610929+00:00
IVC.NS,1403,consolidated,2026-03-31,45.6803,37.4,39.541,34.3,37.2812,31.2,-10.0,-13.0,-23.0,-31.0,3.0,-8.0,-31.902283387417853,-13.652802324668912,-23.68097358950073,0.0,1.95,-2.77,https://www.screener.in/company/IVC/consolidated/,2026-07-24T13:30:05.610929+00:00
IWP.NS,1274281,consolidated,2026-03-31,58.1656,53.5,65.1568,55.45,65.1783,46.65,8.0,17.0,2.0,34.0,-7.0,,34.778344303682914,16.559823670043052,-11.089500265105434,0.18732782369146,1.26,7.0,https://www.screener.in/company/IWP/consolidated/,2026-07-24T13:30:05.610929+00:00
IXIGO.NS,1284805,consolidated,2026-03-31,132.3491,120.6,132.3491,120.6,132.3491,120.6,35.0,60.0,,40.0,,,41.69417063993719,-60.63657168179852,,0.0214948705422569,5.54,5.0,https://www.screener.in/company/IXIGO/consolidated/,2026-07-24T13:30:05.610929+00:00
IZMO.NS,1906,consolidated,2026-03-31,19.2732,16.5,14.4245,11.2,12.2989,9.85,23.0,12.0,35.0,33.0,58.0,34.0,28.59273849051129,9.4825345479445,37.14995705171964,0.0122249388753056,12.4,18.0,https://www.screener.in/company/IZMO/consolidated/,2026-07-24T13:30:05.610929+00:00
J&KBANK.NS,1584,consolidated,2026-03-31,6.4529,6.1,5.6774,5.4,6.918,5.8,12.0,41.0,19.0,26.0,36.0,10.0,23.27226682497565,28.95243277410076,9.636819907440808,,15.4,,https://www.screener.in/company/J&KBANK/consolidated/,2026-07-24T13:30:05.610929+00:00
JAGRAN.NS,1567,consolidated,2026-03-31,10.9713,10.3,10.3402,9.8,12.1121,11.6,0.0,20.0,-4.0,12.0,0.0,-10.0,6.086419332258419,23.188900558452307,-1.6883724923807963,0.054563492063492,9.94,13.0,https://www.screener.in/company/JAGRAN/consolidated/,2026-07-24T13:30:05.610929+00:00
JAICORPLTD.NS,1572,consolidated,2026-03-31,79.5427,36.5,66.4517,44.7,172.8509,85.6,-5.0,43.0,39.0,47.0,-9.0,2.0,,13.183191331952248,,0.0,12.8,11.0,https://www.screener.in/company/JAICORPLTD/consolidated/,2026-07-24T13:30:05.610929+00:00
JAINREC.NS,1285688,consolidated,2026-03-31,33.3265,34.65,33.3265,34.65,33.3265,34.65,46.0,,,57.0,,,-24.02234901290924,,,0.8174247277386291,30.8,6.0,https://www.screener.in/company/JAINREC/consolidated/,2026-07-24T13:30:05.610929+00:00
JAIPURKURT.NS,1273525,consolidated,2026-03-31,33.7939,22.3,40.9665,25.4,39.0612,25.4,32.0,4.0,,122.0,-3.0,,145.83578425576138,-1.2943365189212797,,0.5757575757575758,3.34,8.0,https://www.screener.in/company/JAIPURKURT/consolidated/,2026-07-24T13:30:05.610929+00:00
JAMNAAUTO.NS,1585,consolidated,2026-03-31,23.1019,23.4,25.8364,24.6,25.5344,23.5,4.0,27.0,13.0,12.0,9.0,14.0,11.05508848603922,25.862208995229665,12.373920640445755,0.010462074978204,22.4,15.0,https://www.screener.in/company/JAMNAAUTO/consolidated/,2026-07-24T13:30:05.610929+00:00
JARO.NS,1285679,consolidated,2024-03-31,19.8522,19.0,19.8522,19.0,19.8522,19.0,61.0,,,93.0,,,,,,0.3504273504273504,40.6,31.0,https://www.screener.in/company/JARO/consolidated/,2026-07-24T13:30:05.610929+00:00
JASH.NS,1274170,consolidated,2026-03-31,38.658,39.1,32.6249,33.5,27.4332,25.3,22.0,20.0,26.0,14.0,36.0,,11.943262781951546,18.57818144767944,23.002615391998795,0.1984585741811175,16.0,14.0,https://www.screener.in/company/JASH/consolidated/,2026-07-24T13:30:05.610929+00:00
JAYAGROGN.NS,1594,consolidated,2026-03-31,14.3057,14.1,12.1418,12.6,13.6051,13.1,-5.0,1.0,8.0,1.0,-3.0,4.0,0.7042485551037814,0.9805797673485328,7.581123644206378,0.2147540983606557,8.49,4.0,https://www.screener.in/company/JAYAGROGN/consolidated/,2026-07-24T13:30:05.610929+00:00
JAYBARMARU.NS,1589,consolidated,2026-03-31,27.5987,32.0,24.6372,22.0,25.6169,20.5,3.0,40.0,,55.0,14.0,19.0,54.468722675244365,39.75098219337983,,0.7629310344827587,22.2,11.0,https://www.screener.in/company/JAYBARMARU/consolidated/,2026-07-24T13:30:05.610929+00:00
JAYKAY.NS,1599,consolidated,2026-03-31,101.1646,87.8,70.4363,61.05,47.9697,28.75,76.0,48.0,25.0,229.0,48.0,50.0,198.66738942759235,42.95304363579879,33.5365963713536,0.0565217391304347,11.7,16.0,https://www.screener.in/company/JAYKAY/consolidated/,2026-07-24T13:30:05.610929+00:00
JAYSREETEA.NS,1591,consolidated,2026-03-31,21.4352,11.4,24.4294,13.1,23.8648,22.5,5.0,,,2.0,-8.0,-3.0,,,,1.0580808080808082,-7.51,2.0,https://www.screener.in/company/JAYSREETEA/consolidated/,2026-07-24T13:30:05.610929+00:00
JBMA.NS,1604,consolidated,2026-03-31,98.9522,91.8,78.0739,72.1,50.5341,34.65,16.0,35.0,16.0,22.0,46.0,36.0,20.703166341638777,34.77696721890746,13.663457064759577,1.96816114359974,15.6,11.0,https://www.screener.in/company/JBMA/consolidated/,2026-07-24T13:30:05.610929+00:00
JETFREIGHT.NS,1273585,consolidated,2026-03-31,15.5912,15.6,24.4943,19.0,19.2589,15.1,1.0,27.0,,165.0,10.0,,,26.71293901918425,,1.0422535211267605,10.0,4.0,https://www.screener.in/company/JETFREIGHT/consolidated/,2026-07-24T13:30:05.610929+00:00
JGCHEM.NS,1284705,consolidated,2026-03-31,24.6952,23.6,24.6952,23.6,24.6952,23.6,8.0,24.0,,7.0,,,-0.9913189084669648,-38.568020997746935,,0.0113636363636363,13.3,8.0,https://www.screener.in/company/JGCHEM/consolidated/,2026-07-24T13:30:05.610929+00:00
JHS.NS,1616,consolidated,2026-03-31,70.2611,54.9,60.1441,48.5,46.932,41.0,6.0,,4.0,,-22.0,-14.0,,,,0.0862068965517241,-1.11,3.0,https://www.screener.in/company/JHS/consolidated/,2026-07-24T13:30:05.610929+00:00
JINDALPHOT.NS,1622,consolidated,2026-03-31,3.6331,3.0,2.7115,2.3,2.7115,2.3,17.0,,7.0,,71.0,28.0,,,,0.0636630754162585,-2.29,-116.0,https://www.screener.in/company/JINDALPHOT/consolidated/,2026-07-24T13:30:05.610929+00:00
JINDALPOLY.NS,1623,consolidated,2025-09-30,25.793,21.45,15.5986,5.4,11.4768,5.2,-3.0,-28.0,-9.0,-57.0,-10.0,5.0,-54.890060576068265,-25.81276829857987,-4.802299864523196,0.8434974283614989,2.15,0.0,https://www.screener.in/company/JINDALPOLY/consolidated/,2026-07-24T13:30:05.610929+00:00
JINDALSAW.NS,1624,consolidated,2026-03-31,10.6561,10.3,10.1678,10.1,12.9667,10.7,0.0,25.0,42.0,14.0,32.0,26.0,14.7611946703597,24.98641789042486,,0.3730714172101161,8.2,11.0,https://www.screener.in/company/JINDALSAW/consolidated/,2026-07-24T13:30:05.610929+00:00
JINDALSTEL.NS,1627,consolidated,2026-03-31,23.3318,19.4,17.7364,17.1,20.654,17.1,0.0,1.0,13.0,1.0,21.0,29.0,1.9956940951674884,-1.510411745724438,,0.4442130493722863,8.22,18.0,https://www.screener.in/company/JINDALSTEL/consolidated/,2026-07-24T13:30:05.610929+00:00
JINDRILL.NS,1620,consolidated,2026-03-31,17.7427,19.9,15.2942,9.3,12.9671,7.8,25.0,110.0,6.0,31.0,35.0,13.0,29.540706465437204,,5.021931293602133,0.0510989010989011,12.5,35.0,https://www.screener.in/company/JINDRILL/consolidated/,2026-07-24T13:30:05.610929+00:00
JINDWORLD.NS,1628,consolidated,2026-03-31,72.1834,80.3,63.0782,58.8,49.7939,46.5,3.0,19.0,5.0,-16.0,19.0,28.0,-15.251230762522283,9.730933214999515,5.755705033825231,0.6488372093023256,8.46,6.0,https://www.screener.in/company/JINDWORLD/consolidated/,2026-07-24T13:30:05.610929+00:00
JIOFIN.NS,1284422,consolidated,2026-03-31,112.8208,116.6,112.8208,116.6,112.8208,116.6,328.0,,,294.0,,,,,,0.1626261645237686,1.19,66.0,https://www.screener.in/company/JIOFIN/consolidated/,2026-07-24T13:30:05.610929+00:00
JISLJALEQS.NS,1576,consolidated,2026-03-31,81.8821,85.4,79.1534,71.4,44.4079,32.2,4.0,14.0,,,-1.0,-8.0,,,,0.736068376068376,-0.48,13.0,https://www.screener.in/company/JISLJALEQS/consolidated/,2026-07-24T13:30:05.610929+00:00
JITFINFRA.NS,1273645,consolidated,2026-03-31,111.683,120.8,111.683,120.8,111.683,120.8,21.0,10.0,4.0,16.0,74.0,,,,,,,20.0,https://www.screener.in/company/JITFINFRA/consolidated/,2026-07-24T13:30:05.610929+00:00
JKCEMENT.NS,1632,consolidated,2026-03-31,49.9185,47.5,44.0732,42.1,42.6759,37.0,12.0,7.0,33.0,33.0,13.0,23.0,32.82047400478088,6.937737050183568,31.55969558620262,0.8786414665340344,15.6,16.0,https://www.screener.in/company/JKCEMENT/consolidated/,2026-07-24T13:30:05.610929+00:00
JKIL.NS,1562,consolidated,2026-03-31,20.151,14.7,19.0023,16.0,16.1437,13.7,11.0,,15.0,13.0,17.0,8.0,12.107852721072486,32.101100719307986,,0.1843276936776491,12.4,14.0,https://www.screener.in/company/JKIL/consolidated/,2026-07-24T13:30:05.610929+00:00
JKLAKSHMI.NS,1633,consolidated,2026-03-31,24.3987,23.8,20.9762,20.2,42.6656,21.3,2.0,0.0,50.0,5.0,-4.0,3.0,2.8799544382229536,-0.7424376484409856,76.99518695867688,0.6654657745753989,10.7,15.0,https://www.screener.in/company/JKLAKSHMI/consolidated/,2026-07-24T13:30:05.610929+00:00
JKPAPER.NS,1634,consolidated,2026-03-31,12.4968,8.8,10.933,8.8,11.4715,9.8,3.0,4.0,17.0,-39.0,13.0,21.0,-40.78065546317,0.6964461484594286,14.54582433781546,0.4670289855072463,5.08,13.0,https://www.screener.in/company/JKPAPER/consolidated/,2026-07-24T13:30:05.610929+00:00
JKTYRE.NS,1636,consolidated,2026-03-31,16.3503,15.2,15.3107,15.0,14.5594,12.6,4.0,24.0,6.0,44.0,22.0,16.0,36.17768604177487,15.72495375171561,2.711904847381041,0.805477643953143,16.0,12.0,https://www.screener.in/company/JKTYRE/consolidated/,2026-07-24T13:30:05.610929+00:00
JLHL.NS,1284477,consolidated,2026-03-31,53.698,50.4,53.698,50.4,53.698,50.4,19.0,143.0,,37.0,,,31.89672139175823,,,0.3779935275080906,13.1,23.0,https://www.screener.in/company/JLHL/consolidated/,2026-07-24T13:30:05.610929+00:00
JMA.NS,1270760,consolidated,2026-03-31,8.0146,7.9,7.3276,7.0,7.4504,7.4,7.0,6.0,8.0,3.0,7.0,8.0,3.220078252372649,5.403603665143497,11.225174442424946,0.0,11.4,5.0,https://www.screener.in/company/JMA/consolidated/,2026-07-24T13:30:05.610929+00:00
JMFINANCIL.NS,1637,consolidated,2026-03-31,14.1306,13.9,12.3092,11.7,13.6739,13.1,9.0,16.0,12.0,27.0,4.0,6.0,26.159603332139515,15.220279854163389,9.48311780672424,1.0916682304372305,11.9,63.0,https://www.screener.in/company/JMFINANCIL/consolidated/,2026-07-24T13:30:05.610929+00:00
JNKINDIA.NS,1284760,consolidated,2026-03-31,42.9573,44.8,42.9573,44.8,42.9573,44.8,26.0,32.0,,12.0,,,-37.818908940833474,-46.88658835482679,,0.1604938271604938,12.1,11.0,https://www.screener.in/company/JNKINDIA/consolidated/,2026-07-24T13:30:05.610929+00:00
JPOLYINVST.NS,615823,consolidated,2026-03-31,2.707,2.6,2.0616,2.1,2.0616,2.1,-31.0,123.0,46.0,45.0,92.0,27.0,45.0324643732781,,,0.0143302180685358,54.8,97.0,https://www.screener.in/company/JPOLYINVST/consolidated/,2026-07-24T13:30:05.610929+00:00
JPPOWER.NS,1582,consolidated,2026-03-31,26.9381,16.0,29.1123,17.5,29.6513,18.5,-1.0,24.0,15.0,97.0,26.0,10.0,102.06200103110952,14.869835499703507,,0.2663367891925856,3.6,26.0,https://www.screener.in/company/JPPOWER/consolidated/,2026-07-24T13:30:05.610929+00:00
JSL.NS,1626,consolidated,2026-03-31,20.5185,21.3,14.9157,16.8,20.5072,16.8,6.0,55.0,23.0,15.0,36.0,46.0,14.6889382810512,35.12391913574506,,0.3769390126825324,17.8,13.0,https://www.screener.in/company/JSL/consolidated/,2026-07-24T13:30:05.610929+00:00
JSLL.NS,1275199,consolidated,2026-03-31,120.8949,88.0,95.6091,58.3,95.6091,58.3,58.0,,,88.0,,,143.91829165255064,,,0.2719486081370449,61.3,44.0,https://www.screener.in/company/JSLL/consolidated/,2026-07-24T13:30:05.610929+00:00
JSWCEMENT.NS,1285590,consolidated,2026-03-31,39.9226,46.8,39.9226,46.8,39.9226,46.8,4.0,19.0,,68.0,,,,,,0.6815267175572519,14.7,19.0,https://www.screener.in/company/JSWCEMENT/consolidated/,2026-07-24T13:30:05.610929+00:00
JSWDULUX.NS,115,consolidated,2026-03-31,34.8102,35.5,33.8743,33.7,35.7567,35.2,-2.0,12.0,7.0,2.0,5.0,7.0,80.5994353322979,56.89455477971119,25.16997500361167,0.0322185970636215,19.1,14.0,https://www.screener.in/company/JSWDULUX/consolidated/,2026-07-24T13:30:05.610929+00:00
JSWENERGY.NS,1655,consolidated,2026-03-31,48.949,46.2,44.8008,44.9,30.8906,24.1,22.0,23.0,5.0,19.0,18.0,21.0,12.323314941298769,21.356994779008787,3.733939750294968,2.5022275698351275,7.51,54.0,https://www.screener.in/company/JSWENERGY/consolidated/,2026-07-24T13:30:05.610929+00:00
JSWHL.NS,1625,consolidated,2026-03-31,80.6516,81.5,60.1341,44.7,50.2236,39.85,-24.0,15.0,,-23.0,18.0,23.0,-23.80429329743749,14.28420614142427,,0.0,0.46,92.0,https://www.screener.in/company/JSWHL/consolidated/,2026-07-24T13:30:05.610929+00:00
JSWINFRA.NS,1284497,consolidated,2026-03-31,45.1973,43.1,45.1973,43.1,45.1973,43.1,19.0,41.0,,29.0,,,22.23131947036629,-31.4796845247034,,0.6342741564769697,15.4,48.0,https://www.screener.in/company/JSWINFRA/consolidated/,2026-07-24T13:30:05.610929+00:00
JSWSTEEL.NS,1657,consolidated,2026-03-31,40.1567,38.0,32.3215,32.9,26.7949,18.6,4.0,3.0,24.0,35.0,12.0,22.0,74.61835084679393,22.76283009670588,,0.9925739358140184,10.2,16.0,https://www.screener.in/company/JSWSTEEL/consolidated/,2026-07-24T13:30:05.610929+00:00
JTEKTINDIA.NS,3125,consolidated,2023-09-30,50.7535,49.3,49.1031,48.0,46.7424,47.0,11.0,6.0,8.0,40.0,4.0,11.0,39.23245000990032,0.7373452865805818,5.652241925550672,0.0940054495912806,12.4,9.0,https://www.screener.in/company/JTEKTINDIA/consolidated/,2026-07-24T13:30:05.610929+00:00
JTLIND.NS,63890,consolidated,2026-03-31,30.5955,30.9,28.9857,29.3,28.9857,29.3,11.0,37.0,,3.0,21.0,38.0,-1.1364620388432445,22.117869853239448,,0.1641991924629879,7.28,7.0,https://www.screener.in/company/JTLIND/consolidated/,2026-07-24T13:30:05.610929+00:00
JUBLCPL.NS,1285333,consolidated,2026-03-31,25.3396,24.6,25.3396,24.6,25.3396,24.6,,,,,,,,,,0.1108695652173913,33.2,10.0,https://www.screener.in/company/JUBLCPL/consolidated/,2026-07-24T13:30:05.610929+00:00
JUBLFOOD.NS,1658,consolidated,2026-03-31,144.407,147.0,123.5762,126.8,124.9818,106.6,23.0,12.0,16.0,5.0,-10.0,13.0,6.650682314053524,13.080446871596973,16.009281284697387,2.1387434554973823,18.9,20.0,https://www.screener.in/company/JUBLFOOD/consolidated/,2026-07-24T13:30:05.610929+00:00
JUBLINGREA.NS,1274844,consolidated,2026-03-31,43.4217,40.7,48.9567,37.3,51.4071,37.65,-3.0,35.0,,-2.0,3.0,,-3.319760147371986,38.61435564281983,,0.2533589251439539,9.51,13.0,https://www.screener.in/company/JUBLINGREA/consolidated/,2026-07-24T13:30:05.610929+00:00
JUBLPHARMA.NS,1660,consolidated,2026-03-31,46.331,37.9,39.0847,35.5,25.5619,17.1,10.0,-13.0,1.0,47.0,7.0,13.0,,-13.76665192660801,0.1694339984730675,0.5096574087128155,6.55,15.0,https://www.screener.in/company/JUBLPHARMA/consolidated/,2026-07-24T13:30:05.610929+00:00
JUNIPER.NS,1284687,consolidated,2026-03-31,128.4681,90.1,128.4681,90.1,128.4681,90.1,16.0,23.0,,99.0,,,,,,0.4163179916317991,6.2,40.0,https://www.screener.in/company/JUNIPER/consolidated/,2026-07-24T13:30:05.610929+00:00
JUSTDIAL.NS,400458,consolidated,2024-03-31,56.1045,56.6,80.7932,63.3,53.8767,44.5,16.0,-2.0,4.0,1.0,-6.0,3.0,7.236081759601109,5.968771553146968,9.520357661337876,0.0211285110613969,3.63,21.0,https://www.screener.in/company/JUSTDIAL/consolidated/,2026-07-24T13:30:05.610929+00:00
JWL.NS,689,consolidated,2026-03-31,53.9847,53.8,45.8977,45.0,45.8977,45.0,12.0,28.0,,15.0,50.0,32.0,8.634674084667404,-7.696720409912516,,0.3344526527871054,6.39,12.0,https://www.screener.in/company/JWL/consolidated/,2026-07-24T13:30:05.610929+00:00
JYOTHYLAB.NS,1667,consolidated,2025-03-31,38.3274,38.0,36.6406,34.3,36.8762,33.9,9.0,16.0,12.0,32.0,3.0,3.0,31.770297238297008,16.808551149837747,11.656660853020838,0.0297560975609756,19.0,18.0,https://www.screener.in/company/JYOTHYLAB/consolidated/,2026-07-24T13:30:05.610929+00:00
JYOTICNC.NS,1284626,consolidated,2026-03-31,102.1043,73.4,102.1043,73.4,102.1043,73.4,31.0,45.0,,157.0,,,,,,0.4262868565717141,18.2,25.0,https://www.screener.in/company/JYOTICNC/consolidated/,2026-07-24T13:30:05.610929+00:00
JYOTISTRUC.NS,1671,consolidated,2026-03-31,76.4042,62.6,76.4042,62.6,76.4042,62.6,49.0,15.0,8.0,151.0,5.0,0.0,,,,4.387368421052631,10.8,6.0,https://www.screener.in/company/JYOTISTRUC/consolidated/,2026-07-24T13:30:05.610929+00:00
KABRAEXTRU.NS,1679,consolidated,2026-03-31,55.8229,43.1,48.6387,40.9,34.7252,29.7,-12.0,,,,10.0,14.0,,,,0.3287981859410431,-1.91,2.0,https://www.screener.in/company/KABRAEXTRU/consolidated/,2026-07-24T13:30:05.610929+00:00
KAJARIACER.NS,1685,consolidated,2026-03-31,47.0153,47.5,47.1019,47.3,43.5881,42.95,3.0,11.0,8.0,14.0,4.0,7.0,12.094912440886606,9.501967352219689,7.667680917126174,0.0746901500326157,17.9,18.0,https://www.screener.in/company/KAJARIACER/consolidated/,2026-07-24T13:30:05.610929+00:00
KALAMANDIR.NS,1275253,consolidated,2022-03-31,7.4588,7.45,7.4588,7.45,7.4588,7.45,,,,,,,,,,,,12.0,https://www.screener.in/company/KALAMANDIR/consolidated/,2026-07-24T13:30:05.610929+00:00
KALPATARU.NS,1285507,consolidated,2026-03-31,159.8048,68.1,159.8048,68.1,159.8048,68.1,-2.0,29.0,,35.0,,,,,,2.2268642215205245,2.73,3.0,https://www.screener.in/company/KALPATARU/consolidated/,2026-07-24T13:30:05.610929+00:00
KALYANKJIL.NS,1274850,consolidated,2026-03-31,69.0701,69.0,53.8494,45.0,53.0836,44.2,36.0,195.0,,44.0,51.0,,46.03360886192529,,,0.9695672848311936,24.8,7.0,https://www.screener.in/company/KALYANKJIL/consolidated/,2026-07-24T13:30:05.610929+00:00
KAMAHOLD.NS,1700,consolidated,2026-03-31,10.551,10.5,9.4119,9.2,8.782,8.6,2.0,10.0,9.0,-8.0,5.0,21.0,-9.44349106521467,9.103927020289948,7.983504864269197,0.6337993010484274,12.7,22.0,https://www.screener.in/company/KAMAHOLD/consolidated/,2026-07-24T13:30:05.610929+00:00
KAMATHOTEL.NS,1704,consolidated,2026-03-31,19.4898,17.2,21.6338,17.2,18.4709,16.0,9.0,25.0,16.0,-18.0,28.0,17.0,-51.48706903907539,,,0.7373417721518988,14.4,25.0,https://www.screener.in/company/KAMATHOTEL/consolidated/,2026-07-24T13:30:05.610929+00:00
KAMOPAINTS.NS,1275408,consolidated,2026-03-31,66.5633,48.4,66.5633,48.4,66.5633,48.4,-2.0,,,26.0,,,,,,0.1899441340782122,0.12,4.0,https://www.screener.in/company/KAMOPAINTS/consolidated/,2026-07-24T13:30:05.610929+00:00
KANANIIND.NS,1706,consolidated,2026-03-31,82.7408,59.2,91.3609,55.9,91.996,70.0,-14.0,55.0,3.0,6.0,-25.0,-18.0,5.726427034643122,45.40611511009971,2.6583631304232025,0.0,3.84,1.0,https://www.screener.in/company/KANANIIND/consolidated/,2026-07-24T13:30:05.610929+00:00
KANPRPLA.NS,1714,consolidated,2026-03-31,35.9851,22.6,27.5536,15.8,27.8665,16.65,15.0,3.0,,89.0,4.0,12.0,112.1204570738134,2.726632330601775,,0.417910447761194,14.9,9.0,https://www.screener.in/company/KANPRPLA/consolidated/,2026-07-24T13:30:05.610929+00:00
KANSAINER.NS,1715,consolidated,2026-03-31,33.9331,32.4,43.0586,40.8,48.023,50.0,2.0,2.0,2.0,7.0,-14.0,-1.0,7.549890057237274,2.1638488011905377,-4.160339614917441,0.0451295799821269,8.82,12.0,https://www.screener.in/company/KANSAINER/consolidated/,2026-07-24T13:30:05.610929+00:00
KAPSTON.NS,1274320,consolidated,2026-03-31,33.2444,32.3,33.2444,32.3,33.2444,32.3,,,,,72.0,,,,,1.5862068965517242,27.4,5.0,https://www.screener.in/company/KAPSTON/consolidated/,2026-07-24T13:30:05.610929+00:00
KAVDEFENCE.NS,1731,consolidated,2026-03-31,21.5975,19.55,20.2781,17.45,20.2781,17.45,44.0,16.0,7.0,-67.0,95.0,14.0,-76.23697904686502,,,0.0394736842105263,1.25,-16.51,https://www.screener.in/company/KAVDEFENCE/consolidated/,2026-07-24T13:30:05.610929+00:00
KAYA.NS,1272982,consolidated,2026-03-31,8.0667,7.9,8.0667,7.9,102.3727,132.7,-16.0,,,6.0,-11.0,-10.0,,,,,,-10.0,https://www.screener.in/company/KAYA/consolidated/,2026-07-24T13:30:05.610929+00:00
KAYNES.NS,1275358,consolidated,2026-03-31,115.5064,119.9,111.2573,112.75,111.2573,112.75,48.0,108.0,,57.0,,,49.11810861050186,31.527060618778748,,0.1922914911541701,9.64,16.0,https://www.screener.in/company/KAYNES/consolidated/,2026-07-24T13:30:05.610929+00:00
KCP.NS,1737,consolidated,2026-03-31,16.9637,14.7,15.9115,14.0,15.9996,14.1,5.0,4.0,8.0,70.0,1.0,5.0,67.73389233057048,3.8800338065044793,7.762309886252994,0.372615039281706,12.2,13.0,https://www.screener.in/company/KCP/consolidated/,2026-07-24T13:30:05.610929+00:00
KCPSUGIND.NS,1738,consolidated,2026-03-31,17.6305,8.2,18.9509,9.1,20.8947,10.4,-4.0,-13.0,2.0,0.0,1.0,-4.0,-42.407017396017366,-13.723117725517683,-0.6875541707370258,0.2788671023965142,2.45,0.0,https://www.screener.in/company/KCPSUGIND/consolidated/,2026-07-24T13:30:05.610929+00:00
KDDL.NS,1739,consolidated,2026-03-31,36.3,35.9,35.3874,34.6,38.6539,34.25,24.0,74.0,32.0,19.0,55.0,30.0,18.773515400522523,74.31990800113975,30.95279795087749,0.4740740740740741,8.94,14.0,https://www.screener.in/company/KDDL/consolidated/,2026-07-24T13:30:05.610929+00:00
KEC.NS,1741,consolidated,2026-03-31,51.9172,51.2,46.3893,40.1,31.9971,22.7,11.0,3.0,16.0,55.0,2.0,13.0,49.19820900291472,1.1366555971116687,14.744362024196224,0.8731937002760188,11.3,7.0,https://www.screener.in/company/KEC/consolidated/,2026-07-24T13:30:05.610929+00:00
KEI.NS,1744,consolidated,2026-03-31,53.5994,52.5,44.8138,46.5,32.9649,30.2,19.0,27.0,31.0,24.0,47.0,45.0,21.981873379610704,25.93402266066533,28.05905043500421,0.0379594898724681,14.8,10.0,https://www.screener.in/company/KEI/consolidated/,2026-07-24T13:30:05.610929+00:00
KELLTONTEC.NS,3701,consolidated,2026-03-31,15.6178,15.4,13.049,12.2,10.0695,9.4,10.0,5.0,11.0,9.0,3.0,-1.0,,3.051269507716325,12.926489361423243,0.2366790582403965,13.6,11.0,https://www.screener.in/company/KELLTONTEC/consolidated/,2026-07-24T13:30:05.610929+00:00
KENNAMET.NS,1750,consolidated,2022-06-30,48.2701,45.9,46.6755,44.9,45.2981,44.3,2.0,,,8.0,17.0,15.0,8.075020046354098,,,0.0,18.4,18.0,https://www.screener.in/company/KENNAMET/consolidated/,2026-07-24T13:30:05.610929+00:00
KERNEX.NS,1752,consolidated,2026-03-31,68.3861,37.95,79.9318,39.25,52.289,35.1,374.0,116.0,22.0,86.0,97.0,51.0,,100.5677550328798,,0.6532258064516129,43.5,35.0,https://www.screener.in/company/KERNEX/consolidated/,2026-07-24T13:30:05.610929+00:00
KEYFINSERV.NS,1759,consolidated,2026-03-31,10.6413,8.6,9.8676,8.05,8.8833,7.3,19.0,-9.0,4.0,84.0,27.0,21.0,,-5.724872649053969,6.435698595061012,0.0286366466071799,4.88,30.77,https://www.screener.in/company/KEYFINSERV/consolidated/,2026-07-24T13:30:05.610929+00:00
KFINTECH.NS,1275381,consolidated,2026-03-31,51.8471,51.6,48.7968,48.5,48.7968,48.5,22.0,48.0,,19.0,,,19.853850693503404,,,0.0328554360812425,21.6,41.0,https://www.screener.in/company/KFINTECH/consolidated/,2026-07-24T13:30:05.610929+00:00
KHANDSE.NS,1767,consolidated,2026-03-31,110.973,71.5,110.973,71.5,110.973,71.5,7.0,4.0,-15.0,,0.0,1.0,,,,0.1038211968276856,-4.49,-28.26,https://www.screener.in/company/KHANDSE/consolidated/,2026-07-24T13:30:05.610929+00:00
KICL.NS,1697,consolidated,2026-03-31,35.2497,34.0,27.2506,24.7,23.2351,18.15,12.0,1.0,-3.0,-14.0,21.0,15.0,-14.134775990505675,1.2288881440540855,0.0083143790040596,0.0,0.37,63.0,https://www.screener.in/company/KICL/consolidated/,2026-07-24T13:30:05.610929+00:00
KIMS.NS,1274885,consolidated,2026-03-31,70.1357,70.6,57.754,49.1,57.5543,49.0,21.0,4.0,25.0,-9.0,27.0,,-10.49641339833448,3.0457277761090085,23.012819267926865,1.892745883400089,11.3,21.0,https://www.screener.in/company/KIMS/consolidated/,2026-07-24T13:30:05.610929+00:00
KIRANVYPAR.NS,825238,consolidated,2026-03-31,11.7892,8.6,8.8927,7.4,9.3588,7.3,17.0,-59.0,-29.0,-70.0,5.0,7.0,-70.37450551361466,-59.89898403500633,-30.18512834395484,,0.05,,https://www.screener.in/company/KIRANVYPAR/consolidated/,2026-07-24T13:30:05.610929+00:00
KIRIINDUS.NS,1786,consolidated,2026-03-31,14.6832,12.4,10.8073,7.9,8.2698,5.8,-4.0,,,,-7.0,1.0,255.8646370363385,65.32250864745947,28.818235467122037,0.0065257924176507,-2.05,-26.0,https://www.screener.in/company/KIRIINDUS/consolidated/,2026-07-24T13:30:05.610929+00:00
KIRLFER.NS,1790,consolidated,2026-03-31,25.3089,24.9,21.8968,20.7,21.8968,20.7,2.0,,,7.0,11.0,20.0,-0.7577665768622732,,,0.2682547902641118,14.5,12.0,https://www.screener.in/company/KIRLFER/consolidated/,2026-07-24T13:30:05.610929+00:00
KIRLOSBROS.NS,1788,consolidated,2026-03-31,34.2611,33.5,28.7874,28.2,29.8336,26.4,7.0,20.0,34.0,19.0,32.0,29.0,16.71810311854427,18.31927943626692,,0.1014610389610389,17.3,12.0,https://www.screener.in/company/KIRLOSBROS/consolidated/,2026-07-24T13:30:05.610929+00:00
KIRLOSENG.NS,1792,consolidated,2026-03-31,31.9936,31.4,24.9851,21.9,24.7557,22.95,15.0,25.0,16.0,22.0,52.0,23.0,19.833538067049904,23.994787170763377,13.195223294675106,1.4845303867403314,17.5,18.0,https://www.screener.in/company/KIRLOSENG/consolidated/,2026-07-24T13:30:05.610929+00:00
KIRLOSIND.NS,1791,consolidated,2026-03-31,22.0127,21.4,16.7858,17.5,14.8136,14.95,2.0,0.0,9.0,-9.0,17.0,18.0,-11.761831200286675,-2.1651278839116106,7.3417373557507215,0.1800679501698754,2.61,12.0,https://www.screener.in/company/KIRLOSIND/consolidated/,2026-07-24T13:30:05.610929+00:00
KIRLPNU.NS,1270979,consolidated,2026-03-31,142.0892,122.3,122.5065,106.5,78.1983,39.95,,,23.0,,30.0,24.0,141.77284702025256,39.06937865674076,,0.0024019215372297,22.6,19.0,https://www.screener.in/company/KIRLPNU/consolidated/,2026-07-24T13:30:05.610929+00:00
KISSHT.NS,1285971,consolidated,2026-03-31,9.6093,11.6,9.6093,11.6,9.6093,11.6,30.0,47.0,,117.0,,,-25.230967259931404,,,1.4355919583023082,24.0,30.0,https://www.screener.in/company/KISSHT/consolidated/,2026-07-24T13:30:05.610929+00:00
KITEX.NS,1795,consolidated,2026-03-31,44.0713,40.8,32.1257,27.3,22.8288,17.9,6.0,-29.0,-21.0,-44.0,21.0,2.0,-52.948198555948565,-35.65564228114003,-25.23887008793807,1.1640776699029127,0.97,4.0,https://www.screener.in/company/KITEX/consolidated/,2026-07-24T13:30:05.610929+00:00
KKCL.NS,1757,consolidated,2026-03-31,25.2529,23.7,25.405,24.8,26.0994,25.3,16.0,48.0,8.0,8.0,23.0,3.0,6.048343240607945,48.30567883936774,7.639542335725258,0.1363152289669861,16.1,20.0,https://www.screener.in/company/KKCL/consolidated/,2026-07-24T13:30:05.610929+00:00
KLBRENG-B.NS,1775,consolidated,2026-03-31,32.3593,33.4,32.3593,33.4,32.3593,33.4,,,,,60.0,23.0,,,,0.1376146788990825,17.1,23.0,https://www.screener.in/company/KLBRENG-B/consolidated/,2026-07-24T13:30:05.610929+00:00
KMEW.NS,1274846,consolidated,2026-03-31,51.0541,50.95,38.924,34.1,36.4675,33.2,8.0,64.0,,18.0,149.0,,13.603035136234045,58.92549860172911,,0.3894736842105263,20.0,38.0,https://www.screener.in/company/KMEW/consolidated/,2026-07-24T13:30:05.610929+00:00
KMSUGAR.NS,1803,consolidated,2026-03-31,9.3701,8.3,9.0847,8.1,8.1116,6.9,5.0,14.0,16.0,30.0,-2.0,8.0,32.10680740816172,15.309809452886803,16.422585854739282,0.639386189258312,13.8,13.0,https://www.screener.in/company/KMSUGAR/consolidated/,2026-07-24T13:30:05.610929+00:00
KNACK.NS,1286036,consolidated,2026-03-31,20.9538,20.8,20.9538,20.8,20.9538,20.8,17.0,,,61.0,,,-40.65792443896886,,,,43.6,18.0,https://www.screener.in/company/KNACK/consolidated/,2026-07-24T13:30:05.610929+00:00
KNAGRI.NS,1275183,consolidated,2026-03-31,14.7796,14.5,13.1841,12.85,13.1841,12.85,-7.0,4.0,,5.0,,,5.369775015976352,-2.0185665596139324,,0.0883116883116883,8.61,3.0,https://www.screener.in/company/KNAGRI/consolidated/,2026-07-24T13:30:05.610929+00:00
KNRCON.NS,1806,consolidated,2026-03-31,9.5592,8.2,13.567,14.5,16.7471,16.1,-13.0,5.0,15.0,2.0,-15.0,8.0,-1.5588579672686895,1.4090059927290843,14.563905895790596,0.4915526950925181,9.19,26.0,https://www.screener.in/company/KNRCON/consolidated/,2026-07-24T13:30:05.610929+00:00
KOHINOOR.NS,1810,consolidated,2026-03-31,51.8583,48.0,51.8583,48.0,51.8583,48.0,21.0,,,11.0,25.0,-11.0,,27.179240922401448,,,,-5.0,https://www.screener.in/company/KOHINOOR/consolidated/,2026-07-24T13:30:05.610929+00:00
KOKUYOCMLN.NS,1812,consolidated,2019-03-31,82.772,82.7,69.1648,64.1,85.0765,64.8,4.0,32.0,,43.0,3.0,0.0,42.98157656398376,,,0.6947791164658634,6.22,7.0,https://www.screener.in/company/KOKUYOCMLN/consolidated/,2026-07-24T13:30:05.610929+00:00
KOLTEPATIL.NS,1813,consolidated,2026-03-31,55.7735,41.4,55.4431,38.1,35.7131,24.9,-21.0,,,,11.0,11.0,,,,0.980115990057995,-4.36,-8.0,https://www.screener.in/company/KOLTEPATIL/consolidated/,2026-07-24T13:30:05.610929+00:00
KOTAKBANK.NS,1818,consolidated,2026-03-31,20.4866,20.3,24.4594,22.1,31.0508,32.65,18.0,14.0,19.0,9.0,2.0,10.0,8.861156260300596,13.97863599850313,17.794129176895712,,11.4,,https://www.screener.in/company/KOTAKBANK/consolidated/,2026-07-24T13:30:05.610929+00:00
KOTARISUG.NS,1822,consolidated,2018-03-31,47.1834,46.4,45.2448,43.1,32.807,36.1,-6.0,2.0,-1.0,64.0,-9.0,3.0,,-19.72584382397693,-14.555831797652042,0.8571428571428571,5.27,10.0,https://www.screener.in/company/KOTARISUG/consolidated/,2026-07-24T13:30:05.610929+00:00
KOTHARIPET.NS,1820,consolidated,2016-03-31,93.8325,88.7,74.3686,76.2,43.9977,27.8,-4.0,,,27.0,26.0,19.0,22.097939788043156,,,0.2647058823529412,14.2,7.0,https://www.screener.in/company/KOTHARIPET/consolidated/,2026-07-24T13:30:05.610929+00:00
KOTHARIPRO.NS,1821,consolidated,2026-03-31,20.0086,19.4,22.9594,19.8,14.5134,8.8,-10.0,17.0,-11.0,38.0,4.0,-2.0,85.57459139828731,,-6.788498573695456,0.0854922279792746,1.9,-5.0,https://www.screener.in/company/KOTHARIPRO/consolidated/,2026-07-24T13:30:05.610929+00:00
KOTIC.NS,1268109,consolidated,2026-03-31,2.6423,1.65,2.6423,1.65,2.6423,1.65,165.0,,,,,,,,,0.2510822510822511,-35.0,-34.0,https://www.screener.in/company/KOTIC/consolidated/,2026-07-24T13:30:05.610929+00:00
KOVAI.NS,1825,consolidated,2018-03-31,93.3745,101.7,69.151,63.0,44.3285,29.1,14.0,23.0,30.0,15.0,33.0,24.0,14.597716749920163,23.199776599040558,29.979038196061893,0.698961937716263,22.2,22.0,https://www.screener.in/company/KOVAI/consolidated/,2026-07-24T13:30:05.610929+00:00
KPEL.NS,1273264,consolidated,2026-03-31,31.2771,27.3,25.0096,19.3,32.2928,18.3,51.0,97.0,43.0,62.0,84.0,50.0,59.77869607103708,96.76516942058764,42.452078671829966,0.8435114503816794,43.4,21.0,https://www.screener.in/company/KPEL/consolidated/,2026-07-24T13:30:05.610929+00:00
KPIGREEN.NS,1274614,consolidated,2026-03-31,35.3911,29.2,29.2973,25.1,27.3319,23.1,61.0,85.0,,63.0,102.0,,52.97923158317768,78.01012726581536,,1.7129202373104813,17.4,36.0,https://www.screener.in/company/KPIGREEN/consolidated/,2026-07-24T13:30:05.610929+00:00
KPIL.NS,1692,consolidated,2026-03-31,30.9605,29.7,24.7586,23.4,24.5069,22.95,18.0,13.0,24.0,36.0,22.0,17.0,30.935024242312718,6.209954074486634,23.85393627107284,0.4556327160493827,13.7,9.0,https://www.screener.in/company/KPIL/consolidated/,2026-07-24T13:30:05.610929+00:00
KPITTECH.NS,1274654,consolidated,2026-03-31,54.9465,50.0,57.4011,57.9,47.3071,48.5,24.0,37.0,,21.0,15.0,,18.705102034038458,34.2576835313221,,0.2366563117763343,21.0,19.0,https://www.screener.in/company/KPITTECH/consolidated/,2026-07-24T13:30:05.610929+00:00
KPL.NS,1273436,consolidated,2026-03-31,22.4815,22.4,17.5253,17.8,16.2196,14.7,26.0,35.0,44.0,29.0,69.0,62.0,51.49178996315711,34.769541442248794,45.27737736323252,0.3927492447129909,22.8,24.0,https://www.screener.in/company/KPL/consolidated/,2026-07-24T13:30:05.610929+00:00
KPRMILL.NS,1827,consolidated,2026-03-31,38.6236,37.7,32.8548,33.9,24.2071,20.6,2.0,10.0,15.0,2.0,24.0,26.0,2.096785553343916,11.10951008523542,16.32059515162778,0.1046164648060382,15.7,19.0,https://www.screener.in/company/KPRMILL/consolidated/,2026-07-24T13:30:05.610929+00:00
KRBL.NS,1828,consolidated,2026-03-31,13.9108,13.5,13.4314,12.9,15.3688,13.5,4.0,3.0,8.0,-3.0,5.0,3.0,-1.6732407901163815,3.583798035502417,8.561804074057422,0.0292750129154468,11.7,15.0,https://www.screener.in/company/KRBL/consolidated/,2026-07-24T13:30:05.610929+00:00
KRISHIVAL.NS,1275193,consolidated,2026-03-31,67.2085,66.9,96.133,80.5,96.133,80.5,61.0,100.0,,48.0,,,42.1086091936095,83.75400159833393,,0.1875,13.1,9.0,https://www.screener.in/company/KRISHIVAL/consolidated/,2026-07-24T13:30:05.610929+00:00
KRISHNADEF.NS,1275194,consolidated,2026-03-31,63.6493,56.6,62.3528,55.7,62.3528,55.7,57.0,,,98.0,,,81.47190128954914,,,0.0103092783505154,25.4,22.0,https://www.screener.in/company/KRISHNADEF/consolidated/,2026-07-24T13:30:05.610929+00:00
KRSNAA.NS,1274906,consolidated,2026-03-31,32.6248,33.1,30.3747,30.1,30.3747,30.1,17.0,,37.0,18.0,,,16.493188219779363,,,0.5448979591836735,10.9,27.0,https://www.screener.in/company/KRSNAA/consolidated/,2026-07-24T13:30:05.610929+00:00
KRYSTAL.NS,1284715,consolidated,2026-03-31,15.8618,14.8,15.8618,14.8,15.8618,14.8,22.0,30.0,,19.0,,,-11.61518355566058,9.551409024939051,,0.2404809619238476,13.7,7.0,https://www.screener.in/company/KRYSTAL/consolidated/,2026-07-24T13:30:05.610929+00:00
KSB.NS,1838,consolidated,2025-12-31,58.0529,55.7,48.9299,49.2,40.2429,37.7,14.0,25.0,16.0,17.0,33.0,20.0,13.960384306101291,23.586903168800436,14.679394671883884,0.0029779630732578,18.4,13.0,https://www.screener.in/company/KSB/consolidated/,2026-07-24T13:30:05.610929+00:00
KSCL.NS,1730,consolidated,2026-03-31,16.1166,15.8,15.0234,15.0,16.5011,15.1,9.0,1.0,6.0,11.0,4.0,8.0,5.778845536024924,2.2440019329947214,8.992305906927612,0.0,18.2,24.0,https://www.screener.in/company/KSCL/consolidated/,2026-07-24T13:30:05.610929+00:00
KSL.NS,1698,consolidated,2026-03-31,13.3057,13.6,10.3272,10.5,9.8952,9.15,,7.0,9.0,,15.0,14.0,1.837418989646622,13.551344685706267,53.37525996491186,0.2256532066508313,13.2,20.0,https://www.screener.in/company/KSL/consolidated/,2026-07-24T13:30:05.610929+00:00
KSOLVES.NS,1274762,consolidated,2026-03-31,32.1567,30.9,31.8755,28.9,31.712,28.9,28.0,31.0,,12.0,16.0,,11.53078036236408,31.21549352896038,,0.2,137.0,31.0,https://www.screener.in/company/KSOLVES/consolidated/,2026-07-24T13:30:05.610929+00:00
KTKBANK.NS,1722,consolidated,2026-03-31,5.9414,5.7,5.5027,5.4,5.3235,5.3,7.0,22.0,,4.0,36.0,10.0,-2.823663014638289,17.432246283303286,,,10.4,,https://www.screener.in/company/KTKBANK/consolidated/,2026-07-24T13:30:05.610929+00:00
KUSUMGAR.NS,1286043,consolidated,2026-03-31,60.5125,60.15,60.5125,60.15,60.5125,60.15,32.0,,,38.0,,,-82.70246740012308,,,0.5788423153692615,25.9,27.0,https://www.screener.in/company/KUSUMGAR/consolidated/,2026-07-24T13:30:05.610929+00:00
LAHOTIOV.NS,1855,consolidated,2026-03-31,10.5605,9.6,8.4686,8.3,9.7841,8.1,6.0,12.0,17.0,-3.0,11.0,16.0,-3.0553647468183787,11.77461918086371,17.040587495110437,0.1481481481481481,6.9,1.0,https://www.screener.in/company/LAHOTIOV/consolidated/,2026-07-24T13:30:05.610929+00:00
LALPATHLAB.NS,1273172,consolidated,2026-03-31,58.186,55.1,62.7824,62.6,60.0161,55.3,11.0,12.0,15.0,30.0,0.0,14.0,28.11037833763164,11.491527203930564,14.194512605156028,0.0793144679155041,22.3,29.0,https://www.screener.in/company/LALPATHLAB/consolidated/,2026-07-24T13:30:05.610929+00:00
LANCORHOL.NS,1867,consolidated,2026-03-31,49.3632,32.9,49.3632,32.9,34.3277,17.9,5.0,41.0,14.0,395.0,29.0,2.0,,,11.755372755188851,0.4458333333333333,18.7,1.0,https://www.screener.in/company/LANCORHOL/consolidated/,2026-07-24T13:30:05.610929+00:00
LANDMARK.NS,1275377,consolidated,2026-03-31,69.565,60.2,62.8234,47.85,62.8234,47.85,13.0,24.0,,-24.0,,,-24.984368486416894,7.773099241124082,,1.4974358974358974,6.86,5.0,https://www.screener.in/company/LANDMARK/consolidated/,2026-07-24T13:30:05.610929+00:00
LANDSMILL.NS,980,consolidated,2026-03-31,64.1774,70.0,64.1774,70.0,32.9712,14.5,4.0,3.0,9.0,33.0,26.0,-1.0,,0.0,,0.004448246364414,0.54,-50.55,https://www.screener.in/company/LANDSMILL/consolidated/,2026-07-24T13:30:05.610929+00:00
LASERPOWER.NS,1286044,consolidated,2026-03-31,29.7143,29.5,29.7143,29.5,29.7143,29.5,21.0,,,72.0,,,-66.14094584849425,,,1.199724517906336,16.8,13.0,https://www.screener.in/company/LASERPOWER/consolidated/,2026-07-24T13:30:05.610929+00:00
LATENTVIEW.NS,1275098,consolidated,2026-03-31,52.3287,53.2,46.2627,49.8,46.2627,49.8,25.0,17.0,,8.0,,,8.033070725628866,-38.90496113377749,,0.0187927107061503,11.9,22.0,https://www.screener.in/company/LATENTVIEW/consolidated/,2026-07-24T13:30:05.610929+00:00
LAURUSLABS.NS,1273603,consolidated,2026-03-31,112.1197,93.2,78.8636,62.6,54.9713,33.3,4.0,-2.0,21.0,4.0,20.0,,3.912207815318447,-2.1291245264413505,-0.3046737645759689,0.4750943396226415,18.3,28.0,https://www.screener.in/company/LAURUSLABS/consolidated/,2026-07-24T13:30:05.610929+00:00
LAXMICOT.NS,1273692,consolidated,2026-03-31,94.0519,59.7,77.0896,14.7,77.0896,14.7,2.0,,,19.0,-13.0,,,,,0.7049180327868853,-3.09,1.0,https://www.screener.in/company/LAXMICOT/consolidated/,2026-07-24T13:30:05.610929+00:00
LAXMIDENTL.NS,1285230,consolidated,2026-03-31,38.2152,40.8,38.2152,40.8,38.2152,40.8,20.0,103.0,,124.0,,,,,,0.0534979423868312,14.8,16.0,https://www.screener.in/company/LAXMIDENTL/consolidated/,2026-07-24T13:30:05.610929+00:00
LCCINFOTEC.NS,1874,consolidated,2024-09-30,73.2214,70.85,73.2214,70.85,73.2214,70.85,345.0,,,17.0,19.0,31.0,,,,2.0,-1.89,-5580.0,https://www.screener.in/company/LCCINFOTEC/consolidated/,2026-07-24T13:30:05.610929+00:00
LEMERITE.NS,1275215,consolidated,2026-03-31,122.1452,104.8,90.3438,40.9,90.3438,40.9,-2.0,11.0,,39.0,,,35.96498365934346,-35.27980615697411,,0.6666666666666666,9.33,4.0,https://www.screener.in/company/LEMERITE/consolidated/,2026-07-24T13:30:05.610929+00:00
LEMONTREE.NS,1274323,consolidated,2026-03-31,63.858,63.7,70.7481,65.1,112.2745,76.85,18.0,32.0,27.0,29.0,22.0,,25.556142662775883,,,1.4396551724137931,19.4,48.0,https://www.screener.in/company/LEMONTREE/consolidated/,2026-07-24T13:30:05.610929+00:00
LENSKART.NS,1285752,consolidated,2026-03-31,155.5663,156.2,155.5663,156.2,155.5663,156.2,33.0,77.0,,115.0,,,,-5.607861356340593,,0.3544289311055161,6.86,20.0,https://www.screener.in/company/LENSKART/consolidated/,2026-07-24T13:30:05.610929+00:00
LGBBROSLTD.NS,1881,consolidated,2026-03-31,15.5363,15.2,13.0682,14.1,14.0577,14.2,12.0,21.0,17.0,10.0,26.0,21.0,7.591819616310702,18.64743087818126,17.32759397214716,0.0882079851439183,15.6,16.0,https://www.screener.in/company/LGBBROSLTD/consolidated/,2026-07-24T13:30:05.610929+00:00
LGHL.NS,1274746,consolidated,2025-03-31,113.8062,116.9,113.8062,116.9,113.8062,116.9,,,,,101.0,,,,,1.5692307692307692,19.1,26.0,https://www.screener.in/company/LGHL/consolidated/,2026-07-24T13:30:05.610929+00:00
LIBAS.NS,1273611,consolidated,2026-03-31,12.0484,8.9,10.9207,7.9,12.4635,8.75,-1.0,-5.0,,-32.0,-29.0,,-69.78443893020952,,,0.1553101503759398,2.91,2.65,https://www.screener.in/company/LIBAS/consolidated/,2026-07-24T13:30:05.610929+00:00
LIBERTSHOE.NS,1885,consolidated,2017-03-31,86.2006,80.0,72.4004,69.4,54.7797,45.3,1.0,0.0,-5.0,-21.0,7.0,3.0,-21.62733707618216,7.849870727612407,-5.694475003474331,0.8827160493827161,4.23,8.0,https://www.screener.in/company/LIBERTSHOE/consolidated/,2026-07-24T13:30:05.610929+00:00
LICHSGFIN.NS,1888,consolidated,2026-03-31,6.5108,6.3,7.5812,7.1,9.783,7.9,8.0,15.0,13.0,25.0,3.0,1.0,24.68796259109829,13.40528665040852,11.914790028288058,,14.4,,https://www.screener.in/company/LICHSGFIN/consolidated/,2026-07-24T13:30:05.610929+00:00
LICI.NS,1275221,consolidated,2026-03-31,12.2847,11.6,12.3249,11.7,12.3249,11.7,8.0,81.0,,17.0,,,16.861308473207192,,,0.0,37.8,5.0,https://www.screener.in/company/LICI/consolidated/,2026-07-24T13:30:05.610929+00:00
LIKHITHA.NS,1274798,consolidated,2026-03-31,17.9274,17.4,17.2959,16.75,17.2959,16.75,8.0,6.0,,-13.0,2.0,,-12.990691955318034,6.252232738856622,,0.0,9.99,12.0,https://www.screener.in/company/LIKHITHA/consolidated/,2026-07-24T13:30:05.610929+00:00
LINC.NS,1892,consolidated,2026-03-31,21.7214,20.9,21.7214,20.9,21.7214,20.9,,,,,15.0,4.0,,,,0.1046511627906976,13.3,11.0,https://www.screener.in/company/LINC/consolidated/,2026-07-24T13:30:05.610929+00:00
LINCOLN.NS,1893,consolidated,2026-03-31,13.7809,13.5,12.2261,12.4,11.3121,11.2,10.0,7.0,14.0,7.0,9.0,13.0,6.4277984320035175,7.113794913571336,11.694040127814231,0.0052770448548812,12.3,15.0,https://www.screener.in/company/LINCOLN/consolidated/,2026-07-24T13:30:05.610929+00:00
LINDEINDIA.NS,523,consolidated,2026-03-31,123.9758,120.5,107.5475,106.3,173.917,122.2,-7.0,30.0,,1.0,32.0,35.0,2.6743251119967004,-5.468304096461063,,0.0185185185185185,13.6,36.0,https://www.screener.in/company/LINDEINDIA/consolidated/,2026-07-24T13:30:05.610929+00:00
LLOYDSENGG.NS,1273435,consolidated,2026-03-31,65.9625,59.7,65.9625,59.7,65.9625,59.7,,,,,97.0,49.0,,,,0.0652304009575104,16.4,15.0,https://www.screener.in/company/LLOYDSENGG/consolidated/,2026-07-24T13:30:05.610929+00:00
LLOYDSENT.NS,3003,consolidated,2026-03-31,101.0299,59.5,126.3347,47.15,154.9779,73.4,67.0,162.0,17.0,-40.0,63.0,42.0,81.0789110860435,185.5950791414727,,0.1926140477914554,0.33,7.0,https://www.screener.in/company/LLOYDSENT/consolidated/,2026-07-24T13:30:05.610929+00:00
LLOYDSME.NS,1902,consolidated,2026-03-31,34.0318,30.5,39.0903,28.85,36.4877,27.75,72.0,679.0,,60.0,108.0,63.0,,479.58288143748337,55.32765157820359,1.49347559656838,36.6,36.0,https://www.screener.in/company/LLOYDSME/consolidated/,2026-07-24T13:30:05.610929+00:00
LMW.NS,1860,consolidated,2026-03-31,103.1159,93.5,85.6808,68.7,69.6608,43.2,-12.0,16.0,-7.0,-32.0,15.0,16.0,-30.17609996727363,23.99486384325076,-4.878282278300161,0.0,4.05,6.0,https://www.screener.in/company/LMW/consolidated/,2026-07-24T13:30:05.610929+00:00
LODHA.NS,1274865,consolidated,2026-03-31,50.3446,49.7,50.4226,46.9,49.7575,45.9,21.0,58.0,17.0,56.0,22.0,,89.41686032024994,132.0573992358648,7.762930084923636,0.424976380657906,15.5,30.0,https://www.screener.in/company/LODHA/consolidated/,2026-07-24T13:30:05.610929+00:00
LOTUSDEV.NS,1285575,consolidated,2026-03-31,31.7832,32.25,31.7832,32.25,31.7832,32.25,66.0,,,124.0,,,,,,0.0685504971219257,16.7,36.0,https://www.screener.in/company/LOTUSDEV/consolidated/,2026-07-24T13:30:05.610929+00:00
LOYALTEX.NS,1917,consolidated,2026-03-31,9.8987,6.7,9.0759,7.6,10.0104,9.5,-33.0,,,,-24.0,-10.0,,,,1.0588235294117647,-19.2,-5.0,https://www.screener.in/company/LOYALTEX/consolidated/,2026-07-24T13:30:05.610929+00:00
LT.NS,1870,consolidated,2026-03-31,35.258,34.6,32.4582,32.5,27.0967,27.9,16.0,3.0,15.0,17.0,19.0,14.0,16.210181098607723,7.230557129451998,14.329947633588237,1.1482935309726416,15.9,12.0,https://www.screener.in/company/LT/consolidated/,2026-07-24T13:30:05.610929+00:00
LTF.NS,1850,consolidated,2026-03-31,19.6223,18.9,20.088,19.6,19.8829,19.7,12.0,32.0,13.0,256.0,28.0,15.0,22.021179990495355,24.80468319539102,11.602942549423778,,11.2,,https://www.screener.in/company/LTF/consolidated/,2026-07-24T13:30:05.610929+00:00
LTFOODS.NS,1919,consolidated,2026-03-31,19.3166,21.0,15.4414,13.0,12.5075,10.7,16.0,18.0,20.0,16.0,36.0,29.0,15.793782618766716,16.012978828917433,20.89685264946659,0.356115903561159,14.9,11.0,https://www.screener.in/company/LTFOODS/consolidated/,2026-07-24T13:30:05.610929+00:00
LTM.NS,1273442,consolidated,2026-03-31,33.1809,34.1,34.4464,33.7,28.0661,27.2,8.0,23.0,20.0,7.0,-1.0,19.0,4.33452409698154,8.844283038947909,13.138976143129044,0.096149843912591,23.1,18.0,https://www.screener.in/company/LTM/consolidated/,2026-07-24T13:30:05.610929+00:00
LTTS.NS,1273505,consolidated,2026-03-31,37.6146,37.7,40.4881,37.9,32.5942,33.2,11.0,16.0,12.0,6.0,0.0,,2.8973954352388587,13.832466140365351,8.003515117443506,0.0892939904217518,21.5,18.0,https://www.screener.in/company/LTTS/consolidated/,2026-07-24T13:30:05.610929+00:00
LUMAXIND.NS,1922,consolidated,2026-03-31,23.614,22.6,22.9119,21.9,23.6744,21.5,22.0,62.0,14.0,21.0,28.0,21.0,18.71916811170276,56.87514370386677,12.732119070800715,1.0610687022900764,22.0,10.0,https://www.screener.in/company/LUMAXIND/consolidated/,2026-07-24T13:30:05.610929+00:00
LUMAXTECH.NS,1920,consolidated,2026-03-31,32.6726,29.1,27.0406,25.2,23.1134,22.0,38.0,44.0,25.0,44.0,54.0,36.0,44.24846749770399,42.71521838761472,24.26372160954282,1.0165152766308836,26.8,14.0,https://www.screener.in/company/LUMAXTECH/consolidated/,2026-07-24T13:30:05.610929+00:00
LUPIN.NS,1924,consolidated,2026-03-31,34.5656,35.7,37.5436,36.0,39.5093,28.0,19.0,37.0,10.0,140.0,15.0,3.0,131.1094185249072,34.18920682124149,8.803800185260613,0.2947255880256593,28.7,29.0,https://www.screener.in/company/LUPIN/consolidated/,2026-07-24T13:30:05.610929+00:00
LUXIND.NS,1273134,consolidated,2026-03-31,33.1497,33.8,29.2065,28.8,29.3291,29.0,7.0,-17.0,,-9.0,-21.0,7.0,-9.922232542157904,-20.318645573173043,,0.336968375136314,6.08,6.0,https://www.screener.in/company/LUXIND/consolidated/,2026-07-24T13:30:05.610929+00:00
LXCHEM.NS,1274848,consolidated,2026-03-31,57.5955,56.8,54.5697,53.9,52.671,53.1,1.0,-9.0,12.0,-14.0,-8.0,,-15.259818134071343,-9.912652689950695,-19.977190241911316,0.2735516372795969,4.11,6.0,https://www.screener.in/company/LXCHEM/consolidated/,2026-07-24T13:30:05.610929+00:00
M&M.NS,1973,consolidated,2026-03-31,26.6191,28.5,26.6077,24.9,25.4936,24.45,18.0,51.0,19.0,23.0,33.0,16.0,18.477007642878007,56.64229405833143,18.422022345642496,1.4708959472378271,20.3,19.0,https://www.screener.in/company/M&M/consolidated/,2026-07-24T13:30:05.610929+00:00
M&MFIN.NS,98567,consolidated,2026-03-31,18.4146,18.3,18.3436,18.15,25.8818,19.9,18.0,35.0,14.0,12.0,19.0,7.0,11.269020575327549,29.86889028035442,13.039001520727789,,12.3,,https://www.screener.in/company/M&MFIN/consolidated/,2026-07-24T13:30:05.610929+00:00
MADHAV.NS,1941,consolidated,2026-03-31,62.1125,51.5,65.2519,51.9,23.9984,11.55,-13.0,24.0,,28.0,-13.0,-6.0,,,,0.0642320433061323,0.31,-7.07,https://www.screener.in/company/MADHAV/consolidated/,2026-07-24T13:30:05.610929+00:00
MADHAVIPL.NS,1273364,consolidated,2026-03-31,13.3261,12.1,12.814,12.1,16.1723,14.8,-1.0,33.0,11.0,20.0,6.0,,-6.801295495152604,,10.37778064835604,0.6875,12.1,13.0,https://www.screener.in/company/MADHAVIPL/consolidated/,2026-07-24T13:30:05.610929+00:00
MAFATIND.NS,1950,consolidated,2026-03-31,11.9815,10.8,15.2471,10.45,17.5932,11.5,41.0,26.0,21.0,65.0,31.0,7.0,33.33993418947516,,17.623239056048213,0.0830090791180285,12.1,2.0,https://www.screener.in/company/MAFATIND/consolidated/,2026-07-24T13:30:05.610929+00:00
MAGNUM.NS,1956,consolidated,2026-03-31,13.4571,13.55,13.4571,13.55,13.4571,13.55,,,,,14.0,21.0,,,,0.3889695210449927,-1.64,15.0,https://www.screener.in/company/MAGNUM/consolidated/,2026-07-24T13:30:05.610929+00:00
MAHABANK.NS,397,consolidated,2026-03-31,8.6701,8.3,9.8506,8.8,14.3455,10.5,23.0,65.0,50.0,39.0,28.0,9.0,33.074433005555015,59.99083946835968,24.61414626194836,,22.6,,https://www.screener.in/company/MAHABANK/consolidated/,2026-07-24T13:30:05.610929+00:00
MAHAPEXLTD.NS,1957,consolidated,2026-03-31,50.6444,7.0,73.2443,49.0,45.4447,10.0,-37.0,,,22.0,-8.0,29.0,,,,0.0,-1.61,-436.92,https://www.screener.in/company/MAHAPEXLTD/consolidated/,2026-07-24T13:30:05.610929+00:00
MAHASTEEL.NS,1961,consolidated,2026-03-31,81.0713,79.9,60.3138,31.1,60.3043,35.3,11.0,61.0,10.0,23.0,48.0,13.0,20.83561342086171,57.63487958639711,,0.3670886075949367,5.91,3.0,https://www.screener.in/company/MAHASTEEL/consolidated/,2026-07-24T13:30:05.610929+00:00
MAHEPC.NS,944,consolidated,2026-03-31,72.2535,40.4,65.2448,40.4,43.5252,24.55,14.0,-6.0,,47.0,-7.0,-5.0,,-7.7892088518272224,,0.2432432432432432,7.93,6.0,https://www.screener.in/company/MAHEPC/consolidated/,2026-07-24T13:30:05.610929+00:00
MAHLIFE.NS,1977,consolidated,2026-03-31,114.2785,82.35,114.4318,83.6,70.4158,37.3,25.0,42.0,12.0,107.0,11.0,11.0,43.07354643441255,,12.401127495018136,0.1825199889716018,9.91,1.0,https://www.screener.in/company/MAHLIFE/consolidated/,2026-07-24T13:30:05.610929+00:00
MAHLOG.NS,1274191,consolidated,2026-03-31,742.1833,793.05,213.2931,150.6,132.7274,118.5,11.0,-40.0,-23.0,-54.0,-5.0,,-55.724787525233474,-40.36714540079467,-25.556374451778357,0.5531914893617021,0.32,6.0,https://www.screener.in/company/MAHLOG/consolidated/,2026-07-24T13:30:05.610929+00:00
MAHSEAMLES.NS,1968,consolidated,2026-03-31,10.4503,10.2,9.3352,9.7,12.1221,10.0,-6.0,29.0,40.0,-3.0,30.0,18.0,-2.84273475267004,48.205570490954,,0.0018906340895869,10.6,14.0,https://www.screener.in/company/MAHSEAMLES/consolidated/,2026-07-24T13:30:05.610929+00:00
MAITHANALL.NS,1979,consolidated,2026-03-31,6.7382,6.3,6.1525,5.5,7.5684,6.7,-9.0,15.0,19.0,-5.0,-2.0,9.0,-4.575268602555738,13.441053006374148,18.58399187933335,0.057163531114327,11.0,12.0,https://www.screener.in/company/MAITHANALL/consolidated/,2026-07-24T13:30:05.610929+00:00
MAJESAUT.NS,1980,consolidated,2026-03-31,22.1803,18.0,20.5084,17.1,18.081,14.85,-11.0,2.0,13.0,81.0,22.0,16.0,189.31679427657664,35.681313972425734,23.236613800699768,0.0224550898203592,3.51,13.0,https://www.screener.in/company/MAJESAUT/consolidated/,2026-07-24T13:30:05.610929+00:00
MALLCOM.NS,1273081,consolidated,2026-03-31,20.7758,20.4,18.0245,18.0,16.0281,16.1,10.0,1.0,12.0,-7.0,10.0,20.0,-6.661361918228293,1.2235529021019875,12.34524884320376,0.3773584905660377,9.74,11.0,https://www.screener.in/company/MALLCOM/consolidated/,2026-07-24T13:30:05.610929+00:00
MAMATA.NS,1285198,consolidated,2026-03-31,22.6241,23.9,22.6241,23.9,22.6241,23.9,5.0,4.0,,-9.0,,,-56.76766355744607,-58.47965493527213,,0.0432432432432432,9.64,10.0,https://www.screener.in/company/MAMATA/consolidated/,2026-07-24T13:30:05.610929+00:00
MANAKCOAT.NS,1270786,consolidated,2026-03-31,37.7898,33.9,30.7816,29.1,32.7878,23.2,11.0,47.0,30.0,93.0,56.0,32.0,38.994749647529005,33.96404225485061,24.190351072598283,0.329512893982808,14.1,9.0,https://www.screener.in/company/MANAKCOAT/consolidated/,2026-07-24T13:30:05.610929+00:00
MANAKSIA.NS,1987,consolidated,2026-03-31,7.5879,7.3,6.5383,6.8,5.2977,5.0,-12.0,0.0,-6.0,-10.0,-5.0,0.0,-21.168896480165916,-2.589520653319366,-5.614848120554283,0.0414937759336099,8.08,5.0,https://www.screener.in/company/MANAKSIA/consolidated/,2026-07-24T13:30:05.610929+00:00
MANALIPETC.NS,1988,consolidated,2026-03-31,46.3522,49.2,30.8226,21.8,20.9114,12.2,-5.0,-20.0,4.0,12.0,-4.0,7.0,36.84636309279978,-8.363775666134499,10.4820589601365,0.1069476971116315,5.97,8.0,https://www.screener.in/company/MANALIPETC/consolidated/,2026-07-24T13:30:05.610929+00:00
MANAPPURAM.NS,1989,consolidated,2026-03-31,12.5492,8.0,10.2632,7.7,10.6412,9.0,12.0,-10.0,11.0,-13.0,13.0,16.0,-15.450397972222774,-12.11473942217972,9.78226738557122,,6.97,,https://www.screener.in/company/MANAPPURAM/consolidated/,2026-07-24T13:30:05.610929+00:00
MANCREDIT.NS,3342,consolidated,2019-09-30,41.2822,43.6,36.4433,32.8,37.7789,28.25,-11.0,20.0,,133.0,29.0,16.0,61.54632366366586,-5.10018314889189,,,7.68,,https://www.screener.in/company/MANCREDIT/consolidated/,2026-07-24T13:30:05.610929+00:00
MANGALAM.NS,1992,consolidated,2026-03-31,16.9368,18.25,16.9368,18.25,16.9368,18.25,,,,,-31.0,-17.0,,,,1.019417475728155,-35.2,-6.0,https://www.screener.in/company/MANGALAM/consolidated/,2026-07-24T13:30:05.610929+00:00
MANINDS.NS,1985,consolidated,2026-03-31,18.1955,17.7,13.6161,14.6,10.2868,6.25,17.0,11.0,7.0,43.0,33.0,26.0,26.79676968068019,5.177234471788861,4.147141878536531,0.3009103977000479,9.23,12.0,https://www.screener.in/company/MANINDS/consolidated/,2026-07-24T13:30:05.610929+00:00
MANINFRA.NS,1986,consolidated,2026-03-31,22.2567,22.6,21.254,20.9,28.4732,22.8,-31.0,43.0,27.0,-11.0,17.0,13.0,-10.618209605014805,42.02722036711442,26.59771093022547,0.0282311424790472,9.16,20.0,https://www.screener.in/company/MANINFRA/consolidated/,2026-07-24T13:30:05.610929+00:00
MANKIND.NS,1284353,consolidated,2026-03-31,50.7076,50.8,50.4292,50.55,50.4292,50.55,18.0,11.0,,17.0,,,13.136311862948546,7.964575298843979,,0.3872392638036809,13.1,25.0,https://www.screener.in/company/MANKIND/consolidated/,2026-07-24T13:30:05.610929+00:00
MANORAMA.NS,1274568,consolidated,2026-03-31,51.3877,45.5,51.3877,45.5,51.3877,45.5,,,,,36.0,,,,,0.5219941348973607,39.4,26.0,https://www.screener.in/company/MANORAMA/consolidated/,2026-07-24T13:30:05.610929+00:00
MANYAVAR.NS,1275168,consolidated,2024-09-30,54.5465,54.7,64.2078,69.6,64.2078,69.6,34.0,18.0,,46.0,,,16.72839999509017,3.2220020012396766,,0.3032089063523248,26.7,48.0,https://www.screener.in/company/MANYAVAR/consolidated/,2026-07-24T13:30:05.610929+00:00
MAPMYINDIA.NS,1275122,consolidated,2026-03-31,70.2924,70.3,61.1725,65.4,61.1725,65.4,19.0,16.0,,2.0,,,7.0165871278715874,-30.949102017414056,,0.0077348066298342,12.0,36.0,https://www.screener.in/company/MAPMYINDIA/consolidated/,2026-07-24T13:30:05.610929+00:00
MARATHON.NS,2006,consolidated,2026-03-31,14.7427,14.3,20.5044,15.6,16.4978,13.7,-12.0,68.0,9.0,18.0,37.0,13.0,4.840988643948352,55.60032907883144,7.466446107991653,0.0435164835164835,11.8,24.0,https://www.screener.in/company/MARATHON/consolidated/,2026-07-24T13:30:05.610929+00:00
MARICO.NS,2014,consolidated,2026-03-31,54.3904,55.2,54.3651,54.5,50.7274,51.95,12.0,9.0,10.0,11.0,10.0,12.0,10.454511440137717,8.367436462101718,9.43161909732384,0.1323040380047506,42.8,17.0,https://www.screener.in/company/MARICO/consolidated/,2026-07-24T13:30:05.610929+00:00
MARINE.NS,1274579,consolidated,2026-03-31,70.1873,64.7,53.5467,53.3,46.0572,38.6,26.0,36.0,20.0,52.0,36.0,,45.63555957220207,31.76174905274056,14.571138237551429,0.1805273833671399,13.2,11.0,https://www.screener.in/company/MARINE/consolidated/,2026-07-24T13:30:05.610929+00:00
MARKOLINES.NS,1274925,consolidated,2026-03-31,19.2408,18.6,19.0843,18.45,19.0843,18.45,4.0,,,18.0,,,18.31871814934973,,,0.4257425742574257,13.9,12.0,https://www.screener.in/company/MARKOLINES/consolidated/,2026-07-24T13:30:05.610929+00:00
MARKSANS.NS,2017,consolidated,2026-03-31,26.1,24.1,20.2874,21.4,26.946,20.3,17.0,12.0,18.0,16.0,23.0,18.0,16.176386700536447,9.86558879129442,16.98844522276175,0.1134634469070459,15.2,20.0,https://www.screener.in/company/MARKSANS/consolidated/,2026-07-24T13:30:05.610929+00:00
MARSONS.NS,2019,consolidated,2026-03-31,85.9361,84.3,85.9361,84.3,64.6774,75.15,,,31.0,,61.0,23.0,,,,0.0046082949308755,27.2,17.0,https://www.screener.in/company/MARSONS/consolidated/,2026-07-24T13:30:05.610929+00:00
MARUTI.NS,2023,consolidated,2026-03-31,28.8452,28.1,37.5337,32.1,38.5126,35.2,16.0,27.0,12.0,30.0,13.0,12.0,19.760652976407567,26.29659789157905,9.88034676708709,0.0009518832356564,14.4,12.0,https://www.screener.in/company/MARUTI/consolidated/,2026-07-24T13:30:05.610929+00:00
MASFIN.NS,1274181,consolidated,2026-03-31,18.086,17.4,20.0973,19.6,23.3736,21.95,27.0,21.0,21.0,23.0,3.0,,18.19835734388429,18.381705220942514,6.1258468376615305,,13.4,,https://www.screener.in/company/MASFIN/consolidated/,2026-07-24T13:30:05.610929+00:00
MASTEK.NS,2026,consolidated,2026-03-31,22.0268,22.0,22.4004,21.3,18.5354,17.8,13.0,16.0,42.0,16.0,-9.0,29.0,10.73191258203925,9.452241755147316,36.11531934506815,0.1463903743315508,15.6,16.0,https://www.screener.in/company/MASTEK/consolidated/,2026-07-24T13:30:05.610929+00:00
MASTERTR.NS,2028,consolidated,2026-03-31,12.3401,12.0,9.7261,9.3,7.7798,7.0,19.0,30.0,43.0,24.0,24.0,37.0,19.147174305199343,26.534034775031245,41.00061033681512,0.2790697674418604,17.3,41.0,https://www.screener.in/company/MASTERTR/consolidated/,2026-07-24T13:30:05.610929+00:00
MATRIMONY.NS,1274140,consolidated,2026-03-31,27.6605,27.0,30.3421,28.2,32.2478,29.45,0.0,-3.0,44.0,-7.0,-17.0,,-7.624215207047591,-1.5027053833864712,,0.2378640776699029,15.2,11.0,https://www.screener.in/company/MATRIMONY/consolidated/,2026-07-24T13:30:05.610929+00:00
MAXESTATES.NS,1284558,consolidated,2026-03-31,241.5221,186.6,241.5221,186.6,241.5221,186.6,23.0,,,-12.0,,,,,,0.9971062422488632,0.53,12.0,https://www.screener.in/company/MAXESTATES/consolidated/,2026-07-24T13:30:05.610929+00:00
MAXHEALTH.NS,1274774,consolidated,2026-03-31,80.0758,78.7,75.1736,71.8,89.62,76.9,22.0,60.0,,10.0,31.0,,9.235192826729689,,,0.3236251977295989,14.7,27.0,https://www.screener.in/company/MAXHEALTH/consolidated/,2026-07-24T13:30:05.610929+00:00
MAXIND.NS,1274778,consolidated,2026-03-31,0.1,0.1,0.1,0.1,0.1,0.1,-3.0,,,,21.0,,,,,0.2371638141809291,-33.0,-58.0,https://www.screener.in/company/MAXIND/consolidated/,2026-07-24T13:30:05.610929+00:00
MAYURUNIQ.NS,2040,consolidated,2026-03-31,18.0274,18.5,18.5598,19.2,19.0672,19.3,8.0,17.0,10.0,23.0,10.0,6.0,23.008217291572784,16.99789026522702,10.218320278525985,0.0070609002647837,18.4,24.0,https://www.screener.in/company/MAYURUNIQ/consolidated/,2026-07-24T13:30:05.610929+00:00
MAZDOCK.NS,1274794,consolidated,2026-03-31,39.4567,38.0,28.7352,31.8,26.0311,27.65,18.0,34.0,16.0,32.0,77.0,,32.16454205989243,38.11993937406237,-8.13644146907303,0.0458226550486929,29.2,17.0,https://www.screener.in/company/MAZDOCK/consolidated/,2026-07-24T13:30:05.610929+00:00
MBEL.NS,1285577,consolidated,2026-03-31,20.9303,20.1,20.9303,20.1,20.9303,20.1,13.0,74.0,,42.0,,,-0.5491263832538396,40.60222707815022,,0.1278538812785388,19.4,11.0,https://www.screener.in/company/MBEL/consolidated/,2026-07-24T13:30:05.610929+00:00
MCCHRLS-B.NS,1937,consolidated,2026-03-31,8.8505,8.8,14.8234,11.0,16.7325,16.6,114.0,,,,7.0,6.0,,,,,-143.0,72.0,https://www.screener.in/company/MCCHRLS-B/consolidated/,2026-07-24T13:30:05.610929+00:00
MCLOUD.NS,1236192,consolidated,2026-03-31,45.2299,44.5,38.2396,34.2,32.4589,26.15,18.0,130.0,,16.0,54.0,36.0,15.472099347777911,117.34434639618958,,0.4250363901018922,19.2,31.0,https://www.screener.in/company/MCLOUD/consolidated/,2026-07-24T13:30:05.610929+00:00
MCX.NS,2156,consolidated,2026-03-31,94.9571,72.3,72.2578,54.7,54.5187,42.85,65.0,49.0,31.0,108.0,53.0,29.0,107.5588903108592,42.68398585406408,27.77986806253689,0.001755617977528,56.3,71.0,https://www.screener.in/company/MCX/consolidated/,2026-07-24T13:30:05.610929+00:00
MEDANTA.NS,1275351,consolidated,2026-03-31,65.872,63.3,64.8259,62.9,64.8259,62.9,18.0,81.0,13.0,20.0,,,19.402180217023336,28.931442792384576,,0.3003533568904594,15.2,21.0,https://www.screener.in/company/MEDANTA/consolidated/,2026-07-24T13:30:05.610929+00:00
MEDIASSIST.NS,1284633,consolidated,2026-03-31,43.1405,41.7,43.1405,41.7,43.1405,41.7,21.0,32.0,,11.0,,,3.064952246582675,-72.17645092407822,,0.0643623361144219,13.9,19.0,https://www.screener.in/company/MEDIASSIST/consolidated/,2026-07-24T13:30:05.610929+00:00
MEDICAMEQ.NS,2050,consolidated,2026-03-31,60.2459,57.2,61.4881,59.2,55.1286,55.2,12.0,-4.0,,-13.0,-17.0,9.0,-15.37009314745058,-6.462863510971828,,0.1739130434782608,3.95,10.0,https://www.screener.in/company/MEDICAMEQ/consolidated/,2026-07-24T13:30:05.610929+00:00
MEDPLUS.NS,1275123,consolidated,2026-03-31,98.1102,85.8,101.2058,81.45,101.2058,81.45,15.0,29.0,37.0,67.0,,,63.72123484247367,-57.9570543825215,-28.286968530516887,0.7210126582278481,11.8,8.0,https://www.screener.in/company/MEDPLUS/consolidated/,2026-07-24T13:30:05.610929+00:00
MEGASTAR.NS,1274354,consolidated,2026-03-31,49.1325,45.3,41.6681,37.65,34.8669,31.55,21.0,18.0,,-3.0,58.0,,-6.535554369891772,14.730767494339236,,1.2718446601941749,9.46,7.0,https://www.screener.in/company/MEGASTAR/consolidated/,2026-07-24T13:30:05.610929+00:00
MENNPIS.NS,2062,consolidated,2026-03-31,14.5229,14.1,13.839,13.3,13.839,13.3,7.0,,,7.0,21.0,18.0,3.104925564579464,,,0.0280898876404494,15.4,15.0,https://www.screener.in/company/MENNPIS/consolidated/,2026-07-24T13:30:05.610929+00:00
MERCANTILE.NS,1270580,consolidated,2026-03-31,57.4825,36.85,39.8717,21.6,45.6562,22.5,26.0,-9.0,4.0,-23.0,7.0,8.0,-24.136225197806915,-9.298584841505564,5.017290551533926,0.0,2.29,0.47,https://www.screener.in/company/MERCANTILE/consolidated/,2026-07-24T13:30:05.610929+00:00
METROBRAND.NS,1275121,consolidated,2026-03-31,83.8758,84.3,97.8954,82.8,97.8954,82.8,10.0,44.0,17.0,5.0,,,4.298773074032392,42.479119730106206,-12.547157737975612,0.7877571500250878,22.2,30.0,https://www.screener.in/company/METROBRAND/consolidated/,2026-07-24T13:30:05.610929+00:00
METROGLOBL.NS,64390,consolidated,2026-03-31,8.349,7.8,8.7165,7.9,8.7002,8.6,0.0,24.0,1.0,18.0,9.0,7.0,-2.989855418716214,19.626413656601272,3.930662725613399,0.0073529411764705,3.99,8.0,https://www.screener.in/company/METROGLOBL/consolidated/,2026-07-24T13:30:05.610929+00:00
METROPOLIS.NS,1274652,consolidated,2026-03-31,66.7758,67.7,60.0506,58.6,59.6789,58.35,13.0,1.0,11.0,11.0,-4.0,,9.522825087232146,0.4868563927205471,-7.547783459228285,0.1533377395902181,13.8,24.0,https://www.screener.in/company/METROPOLIS/consolidated/,2026-07-24T13:30:05.610929+00:00
MFML.NS,1284949,consolidated,2026-03-31,18.3649,13.0,18.3649,13.0,18.3649,13.0,-3.0,,,65.0,,,,,,0.7857142857142857,5.37,7.0,https://www.screener.in/company/MFML/consolidated/,2026-07-24T13:30:05.610929+00:00
MFSL.NS,2035,consolidated,2026-03-31,156.7516,110.8,132.8138,105.2,93.1587,70.3,15.0,-28.0,-11.0,-40.0,7.0,10.0,-39.49379952291623,-27.73489477322898,-12.717811035648127,0.3519500189322226,1.57,0.0,https://www.screener.in/company/MFSL/consolidated/,2026-07-24T13:30:05.610929+00:00
MGL.NS,1273407,consolidated,2026-03-31,12.0223,12.0,12.094,12.15,12.094,12.15,9.0,,,2.0,-1.0,8.0,2.109876479376238,,,0.0346919726197884,13.7,18.0,https://www.screener.in/company/MGL/consolidated/,2026-07-24T13:30:05.610929+00:00
MHLXMIRU.NS,1959,consolidated,2023-09-30,22.7025,23.9,20.0598,20.6,15.9769,15.7,14.0,16.0,,17.0,25.0,21.0,32.011669359420104,19.18374144818817,,0.5652173913043478,8.49,7.0,https://www.screener.in/company/MHLXMIRU/consolidated/,2026-07-24T13:30:05.610929+00:00
MHRIL.NS,1976,consolidated,2026-03-31,70.6554,65.3,74.7703,65.9,56.7224,49.8,6.0,42.0,-2.0,-14.0,0.0,1.0,-15.591249540934228,,-2.297231214415452,4.92159383033419,9.9,20.0,https://www.screener.in/company/MHRIL/consolidated/,2026-07-24T13:30:05.610929+00:00
MIDHANI.NS,1274316,consolidated,2026-03-31,65.9834,62.2,48.3276,51.2,43.883,36.7,12.0,-5.0,,-6.0,14.0,,-5.581516553145116,-4.5919918126509085,,0.2656657963446475,8.92,20.0,https://www.screener.in/company/MIDHANI/consolidated/,2026-07-24T13:30:05.610929+00:00
MIDWESTLTD.NS,1285740,consolidated,2026-03-31,43.6811,43.3,43.6811,43.3,43.6811,43.3,9.0,13.0,,25.0,,,-84.14680816505484,-67.2038424682728,,0.1995841995841996,13.3,27.0,https://www.screener.in/company/MIDWESTLTD/consolidated/,2026-07-24T13:30:05.610929+00:00
MINDACORP.NS,2089,consolidated,2026-03-31,45.3478,48.1,39.6812,41.3,31.5918,29.3,13.0,31.0,14.0,8.0,38.0,19.0,8.190409261428178,46.806131850940005,11.399778966311036,0.5563540090771558,14.9,12.0,https://www.screener.in/company/MINDACORP/consolidated/,2026-07-24T13:30:05.610929+00:00
MINDTECK.NS,2091,consolidated,2026-03-31,24.1994,23.2,22.6943,21.5,24.0552,22.8,7.0,26.0,3.0,18.0,19.0,11.0,14.490780262508874,23.804218579409664,1.823426596592692,0.0131578947368421,12.1,9.0,https://www.screener.in/company/MINDTECK/consolidated/,2026-07-24T13:30:05.610929+00:00
MIRZAINT.NS,2098,consolidated,2026-03-31,27.7541,28.8,18.8637,7.7,13.5147,3.7,-7.0,,,,34.0,11.0,,,,0.0266429840142095,-3.58,3.0,https://www.screener.in/company/MIRZAINT/consolidated/,2026-07-24T13:30:05.610929+00:00
MITTAL.NS,1274313,consolidated,2026-03-31,20.3917,19.5,20.3917,19.5,20.3917,19.5,,,,,-19.0,,,,,0.2949774529622142,3.76,7.83,https://www.screener.in/company/MITTAL/consolidated/,2026-07-24T13:30:05.610929+00:00
MMFL.NS,1932,consolidated,2026-03-31,18.4089,17.5,19.5877,19.1,19.8889,19.1,3.0,17.0,,-8.0,9.0,18.0,-8.27952164695186,16.462605886193682,25.49309884447799,1.2666666666666666,10.5,18.0,https://www.screener.in/company/MMFL/consolidated/,2026-07-24T13:30:05.610929+00:00
MMP.NS,1274325,consolidated,2026-03-31,20.2401,19.6,18.741,18.0,16.4963,15.9,15.0,17.0,16.0,22.0,16.0,,13.322957717826366,12.189389666619444,5.482463537163951,0.5346820809248555,11.5,8.0,https://www.screener.in/company/MMP/consolidated/,2026-07-24T13:30:05.610929+00:00
MMTC.NS,2099,consolidated,2026-03-31,83.2344,81.3,74.386,70.8,80.6804,78.3,-93.0,3.0,10.0,-31.0,5.0,7.0,-37.20611851211261,,,0.0,5.23,-13025.0,https://www.screener.in/company/MMTC/consolidated/,2026-07-24T13:30:05.610929+00:00
MOBIKWIK.NS,1285186,consolidated,2026-03-31,1021.4667,1072.0,1021.4667,1072.0,1021.4667,1072.0,28.0,10.0,,13.0,,,,,,0.5120593692022264,-8.26,-4.0,https://www.screener.in/company/MOBIKWIK/consolidated/,2026-07-24T13:30:05.610929+00:00
MODIRUBBER.NS,2107,consolidated,2026-03-31,16.3694,16.6,14.0672,13.15,15.2504,13.5,86.0,-37.0,-27.0,-71.0,12.0,12.0,-71.34478376833637,-32.46011389805636,-27.409575284966703,0.0336481525343439,0.09,-75.8,https://www.screener.in/company/MODIRUBBER/consolidated/,2026-07-24T13:30:05.610929+00:00
MODIS.NS,1275242,consolidated,2026-03-31,83.9299,50.9,79.934,50.6,79.934,50.6,65.0,138.0,,72.0,,,63.60827294485241,,,0.0382165605095541,20.5,19.0,https://www.screener.in/company/MODIS/consolidated/,2026-07-24T13:30:05.610929+00:00
MOHITIND.NS,2110,consolidated,2026-03-31,45.1919,13.55,40.3753,26.05,37.4203,25.75,-6.0,,,14.0,10.0,-10.0,,,,0.6086956521739131,-0.56,2.0,https://www.screener.in/company/MOHITIND/consolidated/,2026-07-24T13:30:05.610929+00:00
MOIL.NS,2112,consolidated,2020-09-30,76.7777,74.4,61.1222,64.2,40.6224,35.55,2.0,-11.0,,-8.0,8.0,8.0,-3.222301032455788,-3.851911138518904,,0.0,8.31,14.0,https://www.screener.in/company/MOIL/consolidated/,2026-07-24T13:30:05.610929+00:00
MOL.NS,1274917,consolidated,2026-03-31,51.0507,39.4,25.338,9.8,25.338,9.8,-5.0,-31.0,,-50.0,,,-50.55880670275439,-87.51802703890372,,0.4702072538860103,1.88,8.0,https://www.screener.in/company/MOL/consolidated/,2026-07-24T13:30:05.610929+00:00
MOLDTECH.NS,2114,consolidated,2026-03-31,32.3667,25.25,28.146,22.8,23.0255,20.5,7.0,0.0,8.0,-30.0,7.0,9.0,-30.352944067633693,-0.3952692922012168,4.896459756087412,0.0390625,8.21,6.0,https://www.screener.in/company/MOLDTECH/consolidated/,2026-07-24T13:30:05.610929+00:00
MOLDTKPAC.NS,2113,consolidated,2022-03-31,35.4834,36.1,36.8812,36.4,31.768,31.45,16.0,21.0,,26.0,7.0,14.0,21.632098806069667,18.90552681650761,,0.0962800875273523,17.8,19.0,https://www.screener.in/company/MOLDTKPAC/consolidated/,2026-07-24T13:30:05.610929+00:00
MONARCH.NS,2243,consolidated,2026-03-31,17.7382,16.8,16.7169,16.1,15.1342,14.7,32.0,46.0,81.0,62.0,41.0,38.0,53.26188647871062,42.28464406947896,76.03483758170253,0.0381050463439752,20.5,69.0,https://www.screener.in/company/MONARCH/consolidated/,2026-07-24T13:30:05.610929+00:00
MONTECARLO.NS,1176414,consolidated,2026-03-31,17.0236,15.2,15.7378,13.7,15.7378,13.7,5.0,11.0,,-5.0,9.0,2.0,-5.437347882046051,11.066592440770972,,0.6401766004415012,12.9,18.0,https://www.screener.in/company/MONTECARLO/consolidated/,2026-07-24T13:30:05.610929+00:00
MOREPENLAB.NS,516,consolidated,2026-03-31,32.0013,30.8,28.6326,28.9,33.2075,30.1,8.0,-5.0,16.0,24.0,-4.0,8.0,31.545956641222595,-4.342622473514279,19.974460914668988,0.1668003207698476,6.2,7.0,https://www.screener.in/company/MOREPENLAB/consolidated/,2026-07-24T13:30:05.610929+00:00
MOSCHIP.NS,2130,consolidated,2026-03-31,203.0968,159.1,221.3889,176.65,235.9004,179.6,43.0,45.0,18.0,87.0,36.0,28.0,70.06824156374283,,,0.2151589242053789,11.0,10.0,https://www.screener.in/company/MOSCHIP/consolidated/,2026-07-24T13:30:05.610929+00:00
MOTHERSON.NS,2132,consolidated,2026-03-31,37.4554,37.5,42.672,39.3,37.8788,32.95,17.0,32.0,13.0,40.0,11.0,11.0,35.53597476858981,20.178186427889575,6.608633745672332,0.4678005807852802,11.2,10.0,https://www.screener.in/company/MOTHERSON/consolidated/,2026-07-24T13:30:05.610929+00:00
MOTILALOFS.NS,2133,consolidated,2026-03-31,17.4268,16.1,14.1685,11.7,21.8021,19.6,31.0,7.0,27.0,26.0,27.0,22.0,25.429273786894942,7.6447880997368545,26.45747333524724,1.6492085661080074,15.5,41.0,https://www.screener.in/company/MOTILALOFS/consolidated/,2026-07-24T13:30:05.610929+00:00
MPHASIS.NS,2138,consolidated,2026-03-31,29.3631,29.4,30.6038,29.4,24.7082,24.0,5.0,9.0,11.0,5.0,-2.0,16.0,3.934139710981688,8.451621767302964,12.503228004780787,0.2438570364854802,18.5,19.0,https://www.screener.in/company/MPHASIS/consolidated/,2026-07-24T13:30:05.610929+00:00
MPSLTD.NS,2140,consolidated,2026-03-31,25.3159,24.3,21.669,20.4,17.8439,16.3,15.0,24.0,10.0,15.0,34.0,15.0,16.628411243107323,25.56581374757261,10.219375522078522,0.1023489932885906,31.2,33.0,https://www.screener.in/company/MPSLTD/consolidated/,2026-07-24T13:30:05.610929+00:00
MRF.NS,2141,consolidated,2026-03-31,29.8102,28.2,36.3291,31.6,28.2272,25.3,11.0,14.0,0.0,52.0,10.0,14.0,46.66970886870598,13.69444789064136,10.323187489266616,0.1529035949270525,12.5,16.0,https://www.screener.in/company/MRF/consolidated/,2026-07-24T13:30:05.610929+00:00
MRPL.NS,1996,consolidated,2026-03-31,16.8143,14.7,14.428,12.0,13.9258,9.95,-7.0,36.0,9.0,-10.0,30.0,7.0,-10.175135842498296,,8.855517859999118,1.0805804043107698,14.5,7.0,https://www.screener.in/company/MRPL/consolidated/,2026-07-24T13:30:05.610929+00:00
MSPL.NS,2143,consolidated,2026-03-31,75.2636,71.45,63.6258,59.4,64.9098,59.8,4.0,94.0,11.0,67.0,27.0,11.0,,35.78180562350257,,0.3116504854368932,13.7,6.0,https://www.screener.in/company/MSPL/consolidated/,2026-07-24T13:30:05.610929+00:00
MSTCLTD.NS,1274642,consolidated,2026-03-31,20.5771,18.4,16.854,15.4,16.8412,14.8,-20.0,14.0,11.0,-3.0,15.0,,-3.3502471466270944,14.09361684229278,,0.1603982300884955,26.6,59.0,https://www.screener.in/company/MSTCLTD/consolidated/,2026-07-24T13:30:05.610929+00:00
MUFIN.NS,1274696,consolidated,2026-03-31,89.2018,90.1,89.2018,90.1,89.2018,90.1,,,,,76.0,,,,,,6.69,,https://www.screener.in/company/MUFIN/consolidated/,2026-07-24T13:30:05.610929+00:00
MUFTI.NS,1284607,consolidated,2025-03-31,11.7111,11.0,11.7111,11.0,11.7111,11.0,22.0,,,24.0,,,-54.61123829539417,,,0.5780487804878048,18.4,29.0,https://www.screener.in/company/MUFTI/consolidated/,2026-07-24T13:30:05.610929+00:00
MUKANDLTD.NS,2149,consolidated,2026-03-31,19.7613,21.6,18.6537,18.5,18.6537,18.5,-4.0,16.0,22.0,30.0,0.0,11.0,52.06622714817999,,,1.11424819435325,5.57,4.0,https://www.screener.in/company/MUKANDLTD/consolidated/,2026-07-24T13:30:05.610929+00:00
MUKKA.NS,1284695,consolidated,2026-03-31,16.6288,16.2,16.6288,16.2,16.6288,16.2,7.0,53.0,,6.0,,,-4.535972906399599,,,1.561122244488978,11.1,8.0,https://www.screener.in/company/MUKKA/consolidated/,2026-07-24T13:30:05.610929+00:00
MUNJALAU.NS,2160,consolidated,2026-03-31,23.0127,23.1,20.418,17.9,20.0092,17.6,5.0,11.0,,11.0,9.0,9.0,-10.514143903275752,14.306720940803274,,0.9441964285714286,8.19,6.0,https://www.screener.in/company/MUNJALAU/consolidated/,2026-07-24T13:30:05.610929+00:00
MURUDCERA.NS,2166,consolidated,2026-03-31,35.0325,33.3,40.3627,39.7,40.3627,39.7,6.0,24.0,,18.0,1.0,2.0,16.012570694068717,,,0.3727034120734908,2.87,15.0,https://www.screener.in/company/MURUDCERA/consolidated/,2026-07-24T13:30:05.610929+00:00
MUTHOOTFIN.NS,2168,consolidated,2026-03-31,16.5892,16.5,15.0165,14.9,14.6498,14.1,38.0,23.0,29.0,43.0,14.0,26.0,43.12124748748691,22.70507224110552,29.1640137896696,,30.9,,https://www.screener.in/company/MUTHOOTFIN/consolidated/,2026-07-24T13:30:05.610929+00:00
MWL.NS,1275243,consolidated,2026-03-31,18.1622,18.8,19.2608,19.1,19.2608,19.1,23.0,79.0,,54.0,,,34.151712669241704,-54.84260934042416,,0.7866666666666666,18.0,8.0,https://www.screener.in/company/MWL/consolidated/,2026-07-24T13:30:05.610929+00:00
NACLIND.NS,2181,consolidated,2026-03-31,73.7852,95.5,33.9824,24.3,37.021,35.2,-9.0,-24.0,3.0,-48.0,23.0,26.0,-63.491326140578906,-38.31829137416396,-9.455177106412036,0.4568081991215227,2.37,7.0,https://www.screener.in/company/NACLIND/consolidated/,2026-07-24T13:30:05.610929+00:00
NAHARCAP.NS,2187,consolidated,2026-03-31,15.6675,10.8,10.7973,6.8,11.966,6.8,-6.0,1.0,5.0,-16.0,0.0,11.0,-16.054166824197114,0.6987626781934431,4.676427723688126,0.0062227753578095,3.98,53.0,https://www.screener.in/company/NAHARCAP/consolidated/,2026-07-24T13:30:05.610929+00:00
NAHARINDUS.NS,2188,consolidated,2026-03-31,28.0248,23.0,18.732,10.8,15.1478,10.4,-7.0,48.0,3.0,-4.0,0.0,1.0,-13.365149340694373,,1.8296564632029444,0.6538830297219559,5.11,4.0,https://www.screener.in/company/NAHARINDUS/consolidated/,2026-07-24T13:30:05.610929+00:00
NAHARPOLY.NS,2189,consolidated,2026-03-31,22.7328,16.0,17.1199,12.2,11.7821,8.4,-1.0,5.0,18.0,22.0,6.0,17.0,22.197949612574558,4.717923967195414,18.049286986856597,0.091118800461361,9.45,15.0,https://www.screener.in/company/NAHARPOLY/consolidated/,2026-07-24T13:30:05.610929+00:00
NAM-INDIA.NS,1274188,consolidated,2026-03-31,35.2675,35.8,31.7207,32.0,29.7769,31.4,25.0,18.0,14.0,28.0,23.0,,27.33426078540111,16.772288646694,-23.388174290800023,0.0160978750804893,34.5,67.0,https://www.screener.in/company/NAM-INDIA/consolidated/,2026-07-24T13:30:05.610929+00:00
NATCAPSUQ.NS,2214,consolidated,2026-03-31,55.2178,31.8,45.733,31.1,41.5087,28.1,3.0,,,,2.0,6.0,,,,0.9257142857142856,-9.45,-0.0,https://www.screener.in/company/NATCAPSUQ/consolidated/,2026-07-24T13:30:05.610929+00:00
NATCOPHARM.NS,2200,consolidated,2026-03-31,12.5803,12.6,23.8709,15.8,26.6199,22.15,15.0,28.0,25.0,26.0,-3.0,5.0,26.4407073168639,26.780884402465645,24.26586991103881,0.0774319488124932,16.9,35.0,https://www.screener.in/company/NATCOPHARM/consolidated/,2026-07-24T13:30:05.610929+00:00
NATHBIOGEN.NS,728818,consolidated,2026-03-31,9.2497,9.4,9.31,9.4,9.31,9.4,24.0,,,1.0,-15.0,3.0,5.934888572722774,24.44838457116587,,0.2029411764705882,5.47,12.0,https://www.screener.in/company/NATHBIOGEN/consolidated/,2026-07-24T13:30:05.610929+00:00
NATIONALUM.NS,2203,consolidated,2026-03-31,13.5076,13.1,11.0904,10.0,17.2,14.9,8.0,35.0,23.0,59.0,33.0,22.0,59.28027135083536,34.87874494047731,26.323373619797263,0.0027773920288848,29.4,44.0,https://www.screener.in/company/NATIONALUM/consolidated/,2026-07-24T13:30:05.610929+00:00
NAUKRI.NS,1485,consolidated,2026-03-31,140.2256,142.3,130.132,95.6,122.3888,78.7,12.0,62.0,25.0,91.0,3.0,22.0,,0.3251513725637034,25.870042283097398,0.0068312496703064,3.91,36.0,https://www.screener.in/company/NAUKRI/consolidated/,2026-07-24T13:30:05.610929+00:00
NAVA.NS,2215,consolidated,2026-03-31,13.3758,13.5,9.8985,7.6,12.32,6.8,7.0,13.0,10.0,-14.0,58.0,25.0,-12.919502804479444,15.491334559782622,13.350236173847277,0.2545454545454545,9.33,40.0,https://www.screener.in/company/NAVA/consolidated/,2026-07-24T13:30:05.610929+00:00
NAVINFLUOR.NS,2217,consolidated,2026-03-31,66.4376,67.0,69.2805,71.5,49.0851,50.65,17.0,21.0,23.0,21.0,14.0,32.0,19.596414517043996,20.00326186338155,22.451687258208185,0.3200805234021137,19.6,33.0,https://www.screener.in/company/NAVINFLUOR/consolidated/,2026-07-24T13:30:05.610929+00:00
NAVKARCORP.NS,1273002,consolidated,2017-09-30,17.1236,17.0,13.6195,14.7,14.8059,11.15,2.0,13.0,,-1.0,15.0,-7.0,-50.41992970210287,-29.702348874895947,,0.2762541806020067,6.18,37.0,https://www.screener.in/company/NAVKARCORP/consolidated/,2026-07-24T13:30:05.610929+00:00
NAVNETEDUL.NS,2219,consolidated,2026-03-31,19.1732,18.1,23.1593,17.9,23.3907,20.0,1.0,40.0,4.0,-1.0,8.0,4.0,20.735202926264872,45.49768074636913,13.435597715860602,0.0528893241919686,8.03,16.0,https://www.screener.in/company/NAVNETEDUL/consolidated/,2026-07-24T13:30:05.610929+00:00
NAZARA.NS,1274852,consolidated,2026-03-31,78.8664,77.2,105.3473,93.65,105.3473,93.65,19.0,155.0,31.0,194.0,5.0,,20.236916981084363,46.792285892387774,-24.0062415555487,0.0619061330262021,30.5,-2.0,https://www.screener.in/company/NAZARA/consolidated/,2026-07-24T13:30:05.610929+00:00
NBCC.NS,2204,consolidated,2026-03-31,44.7172,45.1,36.2471,35.8,38.9197,38.5,13.0,24.0,9.0,20.0,23.0,6.0,39.19555135643231,26.022007941246027,9.575320187060864,0.0,24.1,5.0,https://www.screener.in/company/NBCC/consolidated/,2026-07-24T13:30:05.610929+00:00
NBIFIN.NS,1273575,consolidated,2025-09-30,111.3471,112.3,114.7303,112.5,105.3495,102.7,,,,,0.0,,,,,,0.26,,https://www.screener.in/company/NBIFIN/consolidated/,2026-07-24T13:30:05.610929+00:00
NCC.NS,2221,consolidated,2026-03-31,18.0344,16.7,15.8705,14.3,16.4888,13.9,10.0,22.0,18.0,6.0,9.0,5.0,3.5174373917311152,19.5836813625069,17.364094864114588,0.4393188461049688,9.2,9.0,https://www.screener.in/company/NCC/consolidated/,2026-07-24T13:30:05.610929+00:00
NCLIND.NS,2222,consolidated,2026-03-31,15.286,13.9,13.6943,13.2,12.6505,11.8,-11.0,-2.0,,44.0,-7.0,3.0,29.15105633452484,-8.092255567428197,,0.2542553191489362,14.6,13.0,https://www.screener.in/company/NCLIND/consolidated/,2026-07-24T13:30:05.610929+00:00
NDGL.NS,1273468,consolidated,2026-03-31,9.9064,8.9,6.7743,5.7,5.4097,3.3,248.0,,2.0,,12.0,,,,,,-1.06,,https://www.screener.in/company/NDGL/consolidated/,2026-07-24T13:30:05.610929+00:00
NDLVENTURE.NS,1332,consolidated,2022-09-30,1.828,1.8,1.828,1.8,1.828,1.8,18.0,10.0,,24.0,14.0,8.0,,,,5.012096774193548,-10.2,14.0,https://www.screener.in/company/NDLVENTURE/consolidated/,2026-07-24T13:30:05.610929+00:00
NDRAUTO.NS,1274767,consolidated,2026-03-31,33.1592,31.6,26.364,25.7,25.5405,24.0,28.0,49.0,,29.0,56.0,,30.15585040755113,48.7139094399562,,0.1731843575418994,18.9,11.0,https://www.screener.in/company/NDRAUTO/consolidated/,2026-07-24T13:30:05.610929+00:00
NDTV.NS,2245,consolidated,2026-03-31,21.1758,18.0,18.4821,13.6,18.4821,13.6,11.0,,,,6.0,1.0,,,,2.015625,-340.0,-51.0,https://www.screener.in/company/NDTV/consolidated/,2026-07-24T13:30:05.610929+00:00
NEAGI.NS,2226,consolidated,2026-03-31,9.9197,9.8,8.8613,8.4,8.2601,7.8,1.0,5.0,13.0,2.0,3.0,11.0,1.171278317705804,4.3818471839550455,12.63010725307645,0.0,9.29,-7.0,https://www.screener.in/company/NEAGI/consolidated/,2026-07-24T13:30:05.610929+00:00
NELCAST.NS,2230,consolidated,2026-03-31,32.0796,31.5,33.6096,32.7,26.7722,24.85,2.0,40.0,4.0,17.0,9.0,7.0,17.65481258379056,39.88281748435452,4.28873773441254,0.4312080536912752,8.43,8.0,https://www.screener.in/company/NELCAST/consolidated/,2026-07-24T13:30:05.610929+00:00
NELCO.NS,2231,consolidated,2026-03-31,132.0079,107.7,116.1773,97.8,75.068,56.8,-1.0,-45.0,-5.0,-69.0,21.0,26.0,-44.96787918508956,-23.18009900044228,5.486020241964673,0.5658914728682171,0.46,9.0,https://www.screener.in/company/NELCO/consolidated/,2026-07-24T13:30:05.610929+00:00
NEOGEN.NS,1274657,consolidated,2026-03-31,110.2904,102.3,98.3345,92.7,82.9493,79.6,8.0,-2.0,19.0,-17.0,18.0,,-18.37129119699482,-4.088629437436997,15.45498079822636,1.7095588235294117,3.58,16.0,https://www.screener.in/company/NEOGEN/consolidated/,2026-07-24T13:30:05.610929+00:00
NEPHROPLUS.NS,1285811,consolidated,2026-03-31,1.7752,1.7,1.7752,1.7,1.7752,1.7,32.0,162.0,,103.0,,,,17.638633352104293,,0.07168458781362,8.83,23.0,https://www.screener.in/company/NEPHROPLUS/consolidated/,2026-07-24T13:30:05.610929+00:00
NESCO.NS,2235,consolidated,2026-03-31,19.7338,19.4,20.0123,19.8,20.0,19.95,20.0,19.0,11.0,11.0,12.0,12.0,12.402284523407593,19.065952555157462,11.097837485497752,0.0907877169559412,14.8,53.0,https://www.screener.in/company/NESCO/consolidated/,2026-07-24T13:30:05.610929+00:00
NESTLEIND.NS,2236,consolidated,2026-03-31,79.2722,79.75,79.2722,79.75,79.2722,79.75,,,,,10.0,15.0,,,,0.0860965677719604,74.2,23.0,https://www.screener.in/company/NESTLEIND/consolidated/,2026-07-24T13:30:05.610929+00:00
NETWORK18.NS,2241,consolidated,2026-03-31,349.3821,164.0,175.3847,58.7,172.8797,62.3,-30.0,3.0,-9.0,35.0,-11.0,-4.0,,26.140544154309087,0.736008053013748,0.6685644570963807,0.76,2.0,https://www.screener.in/company/NETWORK18/consolidated/,2026-07-24T13:30:05.610929+00:00
NEULANDLAB.NS,2244,consolidated,2026-03-31,65.3064,63.0,49.5008,29.3,42.5031,33.4,19.0,39.0,29.0,30.0,53.0,35.0,30.570460154640287,35.180445181962284,24.882893418852014,0.1605333333333333,21.2,29.0,https://www.screener.in/company/NEULANDLAB/consolidated/,2026-07-24T13:30:05.610929+00:00
NEWGEN.NS,1274251,consolidated,2026-03-31,43.6535,43.9,35.0161,30.5,29.0106,22.9,17.0,21.0,28.0,22.0,11.0,,18.66307909260292,18.5226171359268,23.39780109418732,0.0219471018570624,19.6,26.0,https://www.screener.in/company/NEWGEN/consolidated/,2026-07-24T13:30:05.610929+00:00
NFL.NS,2205,consolidated,2026-03-31,25.7,21.75,26.4324,20.1,17.2892,14.4,-10.0,-2.0,1.0,-23.0,3.0,7.0,-22.72420803577241,-2.2524168962640867,0.6989916367418525,1.3952833509327702,7.61,4.0,https://www.screener.in/company/NFL/consolidated/,2026-07-24T13:30:05.610929+00:00
NGLFINE.NS,2252,consolidated,2026-03-31,35.742,37.3,34.851,35.4,30.6731,30.3,22.0,-3.0,,33.0,1.0,29.0,32.9144731721772,-3.2300217604088965,,0.3282674772036474,15.7,15.0,https://www.screener.in/company/NGLFINE/consolidated/,2026-07-24T13:30:05.610929+00:00
NH.NS,1273196,consolidated,2026-03-31,39.3682,36.6,39.6215,38.25,63.4581,46.45,20.0,155.0,42.0,12.0,31.0,21.0,9.93425168410258,,43.83624210278501,1.2909411505400044,20.9,20.0,https://www.screener.in/company/NH/consolidated/,2026-07-24T13:30:05.610929+00:00
NHPC.NS,2254,consolidated,2026-03-31,24.3885,25.6,18.6008,20.0,14.3881,10.7,3.0,2.0,6.0,-1.0,25.0,12.0,-1.2143438606023071,2.8401576035667286,7.321307221354445,1.2628086010087602,9.29,45.0,https://www.screener.in/company/NHPC/consolidated/,2026-07-24T13:30:05.610929+00:00
NIACL.NS,1274192,consolidated,2026-03-31,28.4261,25.9,37.4084,26.1,40.8652,26.0,7.0,-3.0,21.0,99.0,2.0,,10.452250390999083,-2.941952992663943,-9.796642043547587,0.0,4.92,1.0,https://www.screener.in/company/NIACL/consolidated/,2026-07-24T13:30:05.610929+00:00
NIBE.NS,327304,consolidated,2026-03-31,172.3338,121.8,171.1053,127.4,171.1053,127.4,65.0,,,25.0,86.0,69.0,41.17100851140278,,,0.3448275862068966,1.94,9.0,https://www.screener.in/company/NIBE/consolidated/,2026-07-24T13:30:05.610929+00:00
NIITLTD.NS,2261,consolidated,2026-03-31,62.1363,42.0,48.0151,36.0,26.8129,8.6,5.0,-38.0,-18.0,43.0,6.0,16.0,17.566734386037886,-47.786872334514,-20.885906299069923,0.0065420560747663,0.9,-2.0,https://www.screener.in/company/NIITLTD/consolidated/,2026-07-24T13:30:05.610929+00:00
NIITMTS.NS,1284451,consolidated,2026-03-31,22.8114,22.8,22.8114,22.8,22.8114,22.8,13.0,,,3.0,,,,,,0.2060920285158781,16.6,18.0,https://www.screener.in/company/NIITMTS/consolidated/,2026-07-24T13:30:05.610929+00:00
NILAINFRA.NS,2265,consolidated,2026-03-31,37.0218,23.05,43.739,29.6,33.5781,27.9,41.0,105.0,5.0,302.0,2.0,-4.0,,,4.497726418354375,0.1283422459893048,12.9,10.0,https://www.screener.in/company/NILAINFRA/consolidated/,2026-07-24T13:30:05.610929+00:00
NILASPACES.NS,1274609,consolidated,2026-03-31,29.2775,29.1,29.2775,29.1,24.0912,25.1,468.0,70.0,,106.0,41.0,,,,,0.4647058823529412,18.2,31.0,https://www.screener.in/company/NILASPACES/consolidated/,2026-07-24T13:30:05.610929+00:00
NILE.NS,2268,consolidated,2026-03-31,12.921,12.3,10.9222,9.9,10.3632,9.8,9.0,32.0,,35.0,26.0,23.0,34.776913651835414,32.03697716718399,,0.0379746835443038,19.0,7.0,https://www.screener.in/company/NILE/consolidated/,2026-07-24T13:30:05.610929+00:00
NILKAMAL.NS,2269,consolidated,2026-03-31,22.272,22.8,24.9513,24.9,22.3245,22.65,6.0,2.0,1.0,-2.0,-8.0,3.0,-4.79797356199655,0.463443435019184,0.1326606926324913,0.2650602409638554,8.22,9.0,https://www.screener.in/company/NILKAMAL/consolidated/,2026-07-24T13:30:05.610929+00:00
NIPPOBATRY.NS,2273,consolidated,2026-03-31,38.3239,3.0,25.1735,11.1,20.3423,12.1,-8.0,,,,-10.0,-3.0,,,,0.1122112211221122,-7.11,-4.0,https://www.screener.in/company/NIPPOBATRY/consolidated/,2026-07-24T13:30:05.610929+00:00
NITCO.NS,2278,consolidated,2026-03-31,62.1125,60.05,62.1125,60.05,62.1125,60.05,12.0,18.0,10.0,31.0,32.0,5.0,,,,0.8602739726027397,10.8,5.0,https://www.screener.in/company/NITCO/consolidated/,2026-07-24T13:30:05.610929+00:00
NITIRAJ.NS,1273657,consolidated,2023-03-31,20.2925,16.65,17.8194,14.25,17.8194,14.25,-1.0,,,,34.0,,,,,0.0473512873631251,-0.35,7.57,https://www.screener.in/company/NITIRAJ/consolidated/,2026-07-24T13:30:05.610929+00:00
NITTAGELA.NS,2283,consolidated,2026-03-31,9.9898,9.6,10.5103,10.0,13.682,11.4,1.0,41.0,25.0,13.0,48.0,26.0,11.414412749158398,41.099065849799054,24.65715169551792,0.0078277886497064,21.0,23.0,https://www.screener.in/company/NITTAGELA/consolidated/,2026-07-24T13:30:05.610929+00:00
NLCINDIA.NS,2251,consolidated,2026-03-31,14.7452,13.8,12.0989,12.5,9.0603,7.05,3.0,24.0,62.0,16.0,38.0,14.0,36.12401452658067,21.81387187052872,47.8176705762156,1.295795586527294,17.5,32.0,https://www.screener.in/company/NLCINDIA/consolidated/,2026-07-24T13:30:05.610929+00:00
NMDC.NS,2287,consolidated,2026-03-31,10.3427,10.1,7.9755,9.1,8.5862,8.8,22.0,4.0,11.0,17.0,13.0,13.0,9.963357758781257,3.475382321770093,14.748485884939356,0.1880981739181492,23.4,29.0,https://www.screener.in/company/NMDC/consolidated/,2026-07-24T13:30:05.610929+00:00
NOCIL.NS,2289,consolidated,2026-03-31,36.3,35.7,31.9494,32.2,26.2632,25.3,-7.0,-12.0,-5.0,-32.0,-8.0,11.0,-28.0760165002822,-8.944429395856691,-3.729876881373362,0.0045121263395375,2.6,8.0,https://www.screener.in/company/NOCIL/consolidated/,2026-07-24T13:30:05.610929+00:00
NORTHARC.NS,1284990,consolidated,2026-03-31,10.5563,11.3,10.5563,11.3,10.5563,11.3,27.0,43.0,,21.0,,,-0.911627764497247,26.75533684454234,,,11.1,,https://www.screener.in/company/NORTHARC/consolidated/,2026-07-24T13:30:05.610929+00:00
NPST.NS,1274899,consolidated,2026-03-31,98.7554,96.4,83.9315,82.7,83.9315,82.7,68.0,107.0,,84.0,,,79.95246638259432,89.55905723933624,,0.0317460317460317,15.0,26.0,https://www.screener.in/company/NPST/consolidated/,2026-07-24T13:30:05.610929+00:00
NRBBEARING.NS,2300,consolidated,2026-03-31,24.5236,24.4,21.5797,20.0,24.3358,21.15,8.0,22.0,13.0,13.0,23.0,13.0,14.941538048893088,21.42656500500681,13.02421127513167,0.1600831600831601,15.6,17.0,https://www.screener.in/company/NRBBEARING/consolidated/,2026-07-24T13:30:05.610929+00:00
NSIL.NS,2194,consolidated,2026-03-31,59.5822,47.2,41.4138,31.4,33.5883,24.35,-9.0,5.0,11.0,-16.0,25.0,22.0,-15.678444539725412,4.853043638018217,11.2548235305868,0.0001977196335596,0.34,75.0,https://www.screener.in/company/NSIL/consolidated/,2026-07-24T13:30:05.610929+00:00
NTPC.NS,2303,consolidated,2026-03-31,15.0439,14.6,12.6429,13.2,11.5197,12.0,2.0,12.0,10.0,17.0,24.0,10.0,16.955120542529723,13.079269095332148,9.834342987996347,1.3338435642004962,14.0,28.0,https://www.screener.in/company/NTPC/consolidated/,2026-07-24T13:30:05.610929+00:00
NTPCGREEN.NS,1285166,consolidated,2026-03-31,165.5598,158.6,165.5598,158.6,165.5598,158.6,156.0,,,45.0,,,19.866105802463508,,,1.672343791194305,2.79,86.0,https://www.screener.in/company/NTPCGREEN/consolidated/,2026-07-24T13:30:05.610929+00:00
NUCLEUS.NS,2308,consolidated,2026-03-31,17.9898,18.1,20.5054,19.7,17.6136,16.9,11.0,2.0,13.0,0.0,1.0,14.0,-2.4185209186724066,1.77256985774783,16.027054999514068,0.0099228224917309,13.1,14.0,https://www.screener.in/company/NUCLEUS/consolidated/,2026-07-24T13:30:05.610929+00:00
NURECA.NS,1274833,consolidated,2026-03-31,251.9506,311.3,168.2635,69.15,147.4888,37.25,10.0,-46.0,,30.0,-28.0,,,-45.74448633317749,,0.011049723756906,1.12,3.0,https://www.screener.in/company/NURECA/consolidated/,2026-07-24T13:30:05.610929+00:00
NUVAMA.NS,1284522,consolidated,2026-03-31,26.281,25.9,26.281,25.9,26.281,25.9,28.0,59.0,,51.0,,,,,,2.8012618296529967,27.4,53.0,https://www.screener.in/company/NUVAMA/consolidated/,2026-07-24T13:30:05.610929+00:00
NUVOCO.NS,1274910,consolidated,2026-03-31,109.1469,46.5,120.8269,80.8,120.8269,80.8,2.0,102.0,,-2.0,,,183.8235545353598,,,0.480594388503275,4.05,16.0,https://www.screener.in/company/NUVOCO/consolidated/,2026-07-24T13:30:05.610929+00:00
NYKAA.NS,1274992,consolidated,2026-03-31,1269.5465,1118.3,1140.0598,1104.65,1140.0598,1104.65,25.0,28.0,,122.0,,,115.44346900318834,-36.57467035760492,,0.8609179415855355,15.3,8.0,https://www.screener.in/company/NYKAA/consolidated/,2026-07-24T13:30:05.610929+00:00
OAL.NS,576,consolidated,2026-03-31,95.6277,63.25,67.6389,42.0,48.6665,33.4,6.0,-50.0,,-45.0,-17.0,10.0,-44.936646419693005,-49.65163633067717,,0.606015037593985,0.5,7.0,https://www.screener.in/company/OAL/consolidated/,2026-07-24T13:30:05.610929+00:00
OBCL.NS,1274321,consolidated,2026-03-31,53.4138,36.8,53.4138,36.8,53.4138,36.8,,,,,5.0,,,,,0.8571428571428571,-8.91,0.0,https://www.screener.in/company/OBCL/consolidated/,2026-07-24T13:30:05.610929+00:00
OBEROIRLTY.NS,2313,consolidated,2026-03-31,27.9108,27.9,27.5467,27.4,28.5952,28.05,13.0,27.0,19.0,9.0,21.0,20.0,9.600008099381864,27.67091615029562,18.305033513372937,0.157627496931146,14.6,56.0,https://www.screener.in/company/OBEROIRLTY/consolidated/,2026-07-24T13:30:05.610929+00:00
OFSS.NS,2344,consolidated,2026-03-31,30.865,30.8,25.2659,23.4,23.5741,23.25,10.0,8.0,9.0,13.0,22.0,12.0,13.200986756573684,8.175299761093036,9.389269041926209,0.0040884119074996,32.6,50.0,https://www.screener.in/company/OFSS/consolidated/,2026-07-24T13:30:05.610929+00:00
OIL.NS,2322,consolidated,2026-03-31,9.642,10.0,7.3858,6.6,7.9029,8.6,-2.0,12.0,12.0,-9.0,33.0,14.0,-8.80285408443564,13.414079281679726,13.442688448802564,0.6461835548888774,12.3,31.0,https://www.screener.in/company/OIL/consolidated/,2026-07-24T13:30:05.610929+00:00
OLECTRA.NS,1178,consolidated,2026-03-31,112.9949,98.9,131.7824,107.7,111.317,90.0,28.0,85.0,40.0,39.0,41.0,50.0,39.34871559900617,85.66323903813637,29.659093623069065,0.3094462540716612,15.6,14.0,https://www.screener.in/company/OLECTRA/consolidated/,2026-07-24T13:30:05.610929+00:00
OMAXE.NS,2329,consolidated,2026-03-31,58.8783,57.7,51.8335,56.2,51.8335,56.2,17.0,,,-87.0,0.0,-6.0,,,,,,-56.0,https://www.screener.in/company/OMAXE/consolidated/,2026-07-24T13:30:05.610929+00:00
OMINFRAL.NS,2327,consolidated,2026-03-31,37.3803,36.1,37.154,33.55,29.9715,26.6,-14.0,18.0,-3.0,48.0,21.0,6.0,16.705574730528006,18.28191718481882,-3.463022448655084,0.1127129750982962,2.73,6.0,https://www.screener.in/company/OMINFRAL/consolidated/,2026-07-24T13:30:05.610929+00:00
OMNI.NS,1285908,consolidated,2026-03-31,79.16,79.1,79.16,79.1,79.16,79.1,42.0,,,35.0,,,-53.675330545889935,,,0.6397058823529411,18.0,33.0,https://www.screener.in/company/OMNI/consolidated/,2026-07-24T13:30:05.610929+00:00
ONEPOINT.NS,1274224,consolidated,2026-03-31,48.8459,45.7,54.9303,46.8,36.86,36.75,31.0,37.0,,65.0,56.0,,45.57608917221623,,,0.4921700223713646,9.22,23.0,https://www.screener.in/company/ONEPOINT/consolidated/,2026-07-24T13:30:05.610929+00:00
ONESOURCE.NS,1285268,consolidated,2026-03-31,387.5038,462.55,387.5038,462.55,387.5038,462.55,232.0,8.0,,24.0,,,,,,0.2579317441262219,-1.09,21.0,https://www.screener.in/company/ONESOURCE/consolidated/,2026-07-24T13:30:05.610929+00:00
ONGC.NS,2320,consolidated,2026-03-31,7.5408,7.7,6.5188,7.1,7.9971,8.05,2.0,21.0,9.0,1.0,17.0,5.0,5.342016588518073,20.50285758898289,12.623515556086629,0.4688838200167846,11.7,16.0,https://www.screener.in/company/ONGC/consolidated/,2026-07-24T13:30:05.610929+00:00
ONWARDTEC.NS,2341,consolidated,2026-03-31,28.379,27.2,36.269,28.8,37.8874,26.85,7.0,45.0,31.0,61.0,3.0,15.0,55.80949064834615,34.112272722055216,24.71466311548367,0.1581027667984189,19.5,13.0,https://www.screener.in/company/ONWARDTEC/consolidated/,2026-07-24T13:30:05.610929+00:00
OPTIEMUS.NS,2342,consolidated,2026-03-31,66.7949,62.2,77.01,59.9,85.1874,57.9,15.0,9.0,18.0,16.0,30.0,31.0,15.093563778777842,-7.556098061676197,17.289625289132783,0.4800514800514801,9.16,6.0,https://www.screener.in/company/OPTIEMUS/consolidated/,2026-07-24T13:30:05.610929+00:00
ORCHASP.NS,750,consolidated,2026-03-31,80.9222,55.8,102.1638,60.2,50.4367,9.2,-3.0,38.0,8.0,44.0,-16.0,6.0,0.0,8.447177119769854,,0.0,0.9,-13.41,https://www.screener.in/company/ORCHASP/consolidated/,2026-07-24T13:30:05.610929+00:00
ORCHPHARMA.NS,2347,consolidated,2026-03-31,68.9161,59.9,72.837,61.3,72.837,61.3,7.0,17.0,8.0,63.0,15.0,37.0,-29.071672284759643,,,0.2818322981366459,2.12,5.0,https://www.screener.in/company/ORCHPHARMA/consolidated/,2026-07-24T13:30:05.610929+00:00
ORICONENT.NS,2350,consolidated,2026-03-31,59.6562,45.1,45.1968,36.85,32.9472,28.5,-34.0,37.0,0.0,9.0,15.0,-1.0,19.96100097222913,,3.2594217464302355,0.0026064291920069,1.28,-117.0,https://www.screener.in/company/ORICONENT/consolidated/,2026-07-24T13:30:05.610929+00:00
ORIENTBELL.NS,2352,consolidated,2026-03-31,94.5117,66.7,63.0286,36.65,54.5537,32.25,-1.0,14.0,,-16.0,-2.0,6.0,-18.34395695979991,9.57225143056817,18.871172102213208,0.094224924012158,4.14,6.0,https://www.screener.in/company/ORIENTBELL/consolidated/,2026-07-24T13:30:05.610929+00:00
ORIENTCER.NS,2351,consolidated,2026-03-31,35.6401,37.7,35.9826,37.7,35.9826,37.7,10.0,,,18.0,3.0,1.0,15.425396774696877,-14.08779484160806,,0.1324503311258278,7.99,11.0,https://www.screener.in/company/ORIENTCER/consolidated/,2026-07-24T13:30:05.610929+00:00
ORIENTHOT.NS,2360,consolidated,2026-03-31,50.1089,47.6,51.578,47.0,76.1033,53.9,8.0,24.0,30.0,8.0,30.0,18.0,7.721734501594191,,,0.1719160104986876,9.49,26.0,https://www.screener.in/company/ORIENTHOT/consolidated/,2026-07-24T13:30:05.610929+00:00
ORIENTTECH.NS,1284927,consolidated,2026-03-31,47.4111,47.2,47.4111,47.2,47.4111,47.2,,,,,,,,,,0.1839762611275964,7.46,5.0,https://www.screener.in/company/ORIENTTECH/consolidated/,2026-07-24T13:30:05.610929+00:00
ORKLAINDIA.NS,1285750,consolidated,2026-03-31,9.809,3.4,9.809,3.4,9.809,3.4,5.0,20.0,,-3.0,,,-57.67762152201756,-26.920568857780196,,0.0229090909090909,11.4,17.0,https://www.screener.in/company/ORKLAINDIA/consolidated/,2026-07-24T13:30:05.610929+00:00
OSWALGREEN.NS,2370,consolidated,2018-03-31,21.879,21.5,19.1234,16.9,15.082,14.65,21.0,36.0,-16.0,36.0,-7.0,-2.0,12.887623975499697,,-16.310090007950063,0.0,1.87,69.0,https://www.screener.in/company/OSWALGREEN/consolidated/,2026-07-24T13:30:05.610929+00:00
OSWALPUMPS.NS,1285485,consolidated,2026-03-31,12.7517,12.2,12.7517,12.2,12.7517,12.2,75.0,,,123.0,,,-17.336883943174342,,,0.1408199643493761,35.2,25.0,https://www.screener.in/company/OSWALPUMPS/consolidated/,2026-07-24T13:30:05.610929+00:00
OSWALSEEDS.NS,1274368,consolidated,2026-03-31,23.3123,16.3,29.9395,20.4,24.9519,20.6,-3.0,15.0,,8.0,6.0,,8.412277297626325,14.581214173830029,,0.1176470588235294,15.2,6.0,https://www.screener.in/company/OSWALSEEDS/consolidated/,2026-07-24T13:30:05.610929+00:00
PACEDIGITK.NS,1285694,consolidated,2026-03-31,11.252,13.2,11.252,13.2,11.252,13.2,74.0,,,174.0,,,-21.56666520069165,,,0.4444947893067512,17.6,17.0,https://www.screener.in/company/PACEDIGITK/consolidated/,2026-07-24T13:30:05.610929+00:00
PAISALO.NS,2929,consolidated,2026-03-31,23.7643,22.6,30.9483,29.5,27.8117,23.45,26.0,33.0,18.0,35.0,15.0,24.0,35.89465935608778,30.48430698368292,16.639392235624516,,14.3,,https://www.screener.in/company/PAISALO/consolidated/,2026-07-24T13:30:05.610929+00:00
PAKKA.NS,3779,consolidated,2025-09-30,30.8662,23.8,25.023,21.4,25.023,21.4,12.0,,,2.0,-4.0,13.0,-6.2382560140164856,,,0.6644444444444444,11.1,8.0,https://www.screener.in/company/PAKKA/consolidated/,2026-07-24T13:30:05.610929+00:00
PALASHSECU.NS,1274109,consolidated,2026-03-31,6.6333,6.5,6.6333,6.5,11.4053,8.1,-3.0,27.0,88.0,45.0,3.0,,,,,0.0,3.0,-19.0,https://www.screener.in/company/PALASHSECU/consolidated/,2026-07-24T13:30:05.610929+00:00
PANAMAPET.NS,2395,consolidated,2026-03-31,10.5962,10.7,9.4843,9.2,11.459,10.8,11.0,9.0,24.0,-3.0,15.0,29.0,-3.015675843940202,9.446639955660242,23.78228114745562,0.0755616065350578,15.6,9.0,https://www.screener.in/company/PANAMAPET/consolidated/,2026-07-24T13:30:05.610929+00:00
PANSARI.NS,1273548,consolidated,2026-03-31,52.879,51.4,56.006,56.1,47.4994,44.9,62.0,40.0,22.0,118.0,45.0,,114.817176315626,39.473024908143486,-0.8052612266683967,0.6493506493506493,13.8,15.0,https://www.screener.in/company/PANSARI/consolidated/,2026-07-24T13:30:05.610929+00:00
PARACABLES.NS,2412,consolidated,2026-03-31,22.4115,21.8,26.951,22.6,23.6805,20.4,34.0,81.0,10.0,8.0,28.0,33.0,-7.2941824738615875,65.05444239489884,,0.1580976863753213,7.99,3.0,https://www.screener.in/company/PARACABLES/consolidated/,2026-07-24T13:30:05.610929+00:00
PARADEEP.NS,1275228,consolidated,2026-03-31,29.5917,22.5,24.1459,16.9,24.1459,16.9,18.0,35.0,,48.0,,,37.042140615081664,-52.28113117802242,,1.0181335692171605,18.9,10.0,https://www.screener.in/company/PARADEEP/consolidated/,2026-07-24T13:30:05.610929+00:00
PARAGMILK.NS,1273362,consolidated,2026-03-31,25.2344,23.7,25.2954,23.9,30.6438,23.5,10.0,45.0,11.0,38.0,9.0,-4.0,33.45100967003671,34.40557015733137,4.849223181145024,0.4821286735504368,12.3,7.0,https://www.screener.in/company/PARAGMILK/consolidated/,2026-07-24T13:30:05.610929+00:00
PARAS.NS,1274969,consolidated,2026-03-31,91.1726,86.0,88.1806,82.9,88.1806,82.9,29.0,41.0,,34.0,,,33.24760000794746,32.9636359846057,,0.0372413793103448,12.6,25.0,https://www.screener.in/company/PARAS/consolidated/,2026-07-24T13:30:05.610929+00:00
PARKHOSPS.NS,1285817,consolidated,2026-03-31,38.5149,38.15,38.5149,38.15,38.5149,38.15,10.0,11.0,,5.0,,,-25.20205749421146,-40.551909184742165,,0.1800197823936696,16.7,26.0,https://www.screener.in/company/PARKHOSPS/consolidated/,2026-07-24T13:30:05.610929+00:00
PARKHOTELS.NS,1284660,consolidated,2026-03-31,45.7969,41.2,45.7969,41.2,45.7969,41.2,11.0,25.0,,11.0,,,3.849882037022079,,,0.2779433681073025,5.09,31.0,https://www.screener.in/company/PARKHOTELS/consolidated/,2026-07-24T13:30:05.610929+00:00
PASHUPATI.NS,1274132,consolidated,2026-03-31,80.638,78.6,80.638,78.6,80.638,78.6,16.0,,,39.0,63.0,,38.20846460022369,,,0.6036585365853658,6.53,4.0,https://www.screener.in/company/PASHUPATI/consolidated/,2026-07-24T13:30:05.610929+00:00
PATANJALI.NS,2803,consolidated,2026-03-31,39.7762,42.0,39.7762,42.0,38.6358,41.7,,,14.0,,-1.0,46.0,,,22.12617655666997,0.2129495304268153,16.5,4.0,https://www.screener.in/company/PATANJALI/consolidated/,2026-07-24T13:30:05.610929+00:00
PATELENG.NS,2433,consolidated,2026-03-31,17.0497,16.3,18.5093,15.9,15.9118,12.0,9.0,49.0,21.0,30.0,13.0,-2.0,9.194674912068448,,,0.2738738738738738,9.68,13.0,https://www.screener.in/company/PATELENG/consolidated/,2026-07-24T13:30:05.610929+00:00
PAYTM.NS,1275094,consolidated,2026-03-31,321.9816,131.0,321.9816,131.0,321.9816,131.0,2.0,20.0,9.0,34.0,,,,,,0.0121053288406339,4.7,7.0,https://www.screener.in/company/PAYTM/consolidated/,2026-07-24T13:30:05.610929+00:00
PCBL.NS,2468,consolidated,2026-03-31,30.1484,29.7,22.1755,20.6,27.8688,16.6,12.0,-7.0,31.0,-21.0,22.0,33.0,-24.52657807786132,-11.18111466251971,27.02260507663265,1.245381927109336,5.58,13.0,https://www.screener.in/company/PCBL/consolidated/,2026-07-24T13:30:05.610929+00:00
PCJEWELLER.NS,247383,consolidated,2026-03-31,12.7701,11.6,13.6717,12.85,15.5647,14.9,11.0,63.0,6.0,77.0,29.0,-8.0,,44.88617527649639,-2.865052147321268,0.1427697577685343,9.96,20.0,https://www.screener.in/company/PCJEWELLER/consolidated/,2026-07-24T13:30:05.610929+00:00
PDSL.NS,1131309,consolidated,2026-03-31,39.4758,39.2,31.2291,33.2,32.1328,27.9,7.0,6.0,15.0,-23.0,8.0,26.0,-26.918823926555348,4.04241325965462,13.951837269440848,0.7169597277368123,6.48,3.0,https://www.screener.in/company/PDSL/consolidated/,2026-07-24T13:30:05.610929+00:00
PENIND.NS,2451,consolidated,2026-03-31,20.9885,20.9,18.1537,17.1,14.3838,14.5,8.0,70.0,12.0,23.0,33.0,13.0,22.555984292053143,124.609734211275,10.95104553439814,0.999140154772141,12.8,10.0,https://www.screener.in/company/PENIND/consolidated/,2026-07-24T13:30:05.610929+00:00
PERSISTENT.NS,2458,consolidated,2026-03-31,56.4618,56.8,51.6602,52.2,35.5151,36.7,21.0,36.0,22.0,28.0,28.0,31.0,25.202857862409456,32.02009534992738,21.16938753074773,0.0608573615718295,27.2,19.0,https://www.screener.in/company/PERSISTENT/consolidated/,2026-07-24T13:30:05.610929+00:00
PETRONET.NS,2461,consolidated,2026-03-31,11.607,11.5,10.9418,11.0,15.3737,12.8,-10.0,6.0,16.0,6.0,5.0,6.0,5.563544640776508,5.889922442605777,15.468013362728472,0.1050482387256001,18.6,12.0,https://www.screener.in/company/PETRONET/consolidated/,2026-07-24T13:30:05.610929+00:00
PFC.NS,2522,consolidated,2026-03-31,6.2535,5.9,4.7816,5.1,5.1605,4.55,14.0,17.0,15.0,18.0,32.0,17.0,17.68994120170424,17.131273791278634,15.399645381761374,,20.7,,https://www.screener.in/company/PFC/consolidated/,2026-07-24T13:30:05.610929+00:00
PFOCUS.NS,2564,consolidated,2026-03-31,43.2062,37.55,51.892,39.7,79.4085,54.6,0.0,54.0,12.0,10.0,36.0,15.0,-16.933100256952006,,,2.736716132120632,16.5,30.0,https://www.screener.in/company/PFOCUS/consolidated/,2026-07-24T13:30:05.610929+00:00
PFS.NS,2588,consolidated,2026-03-31,12.1223,11.9,13.5724,12.9,12.0398,10.3,-14.0,66.0,-2.0,22.0,6.0,-3.0,21.955654695975536,65.52335461911791,-3.3115240091116105,,11.0,,https://www.screener.in/company/PFS/consolidated/,2026-07-24T13:30:05.610929+00:00
PGEL.NS,2464,consolidated,2026-03-31,68.0777,61.6,62.5797,57.5,62.6507,58.7,35.0,75.0,,36.0,72.0,44.0,26.42169659146516,63.48331748648004,,0.195801902263037,6.69,7.0,https://www.screener.in/company/PGEL/consolidated/,2026-07-24T13:30:05.610929+00:00
PGIL.NS,2445,consolidated,2026-03-31,23.7955,24.6,20.2783,20.65,16.3134,12.7,17.0,101.0,23.0,25.0,66.0,34.0,20.405477042055686,72.06059609619,21.66051768293775,0.6458904109589041,21.0,10.0,https://www.screener.in/company/PGIL/consolidated/,2026-07-24T13:30:05.610929+00:00
PHOENIXLTD.NS,2470,consolidated,2026-03-31,53.3274,54.7,58.1464,54.45,52.7295,50.2,19.0,83.0,24.0,14.0,36.0,27.0,-2.892605325610753,82.72339031521491,23.310423963028693,0.4843934843934844,11.6,60.0,https://www.screener.in/company/PHOENIXLTD/consolidated/,2026-07-24T13:30:05.610929+00:00
PICCADIL.NS,2475,consolidated,2026-03-31,61.621,58.2,43.2119,43.0,32.4343,21.35,20.0,50.0,57.0,83.0,106.0,53.0,80.55462622657126,48.99240185851992,56.33111394908352,0.5893451720310766,17.4,22.0,https://www.screener.in/company/PICCADIL/consolidated/,2026-07-24T13:30:05.610929+00:00
PIDILITIND.NS,2478,consolidated,2026-03-31,77.0924,75.5,85.105,88.6,73.6879,71.25,7.0,17.0,12.0,25.0,6.0,16.0,24.32651631989888,16.67024013092433,11.880239167106607,0.0384970457902511,23.9,24.0,https://www.screener.in/company/PIDILITIND/consolidated/,2026-07-24T13:30:05.610929+00:00
PIGL.NS,1274329,consolidated,2026-03-31,21.7446,18.6,20.3977,17.8,20.3977,17.8,32.0,,,59.0,14.0,,33.53456405356099,,,0.0921052631578947,11.0,10.0,https://www.screener.in/company/PIGL/consolidated/,2026-07-24T13:30:05.610929+00:00
PIIND.NS,2474,consolidated,2026-03-31,35.0943,34.6,41.3333,38.6,40.2705,38.4,1.0,10.0,14.0,-1.0,-2.0,14.0,2.4172420729018373,12.3386787363134,14.377614255734716,0.0304541406945681,11.2,26.0,https://www.screener.in/company/PIIND/consolidated/,2026-07-24T13:30:05.610929+00:00
PILANIINVS.NS,2479,consolidated,2026-03-31,57.3225,32.85,37.7577,17.2,41.7171,17.1,1.0,-20.0,12.0,-50.0,17.0,17.0,-49.82875042041572,-20.31368857323155,12.303786401048413,0.1506521328208682,0.2,89.0,https://www.screener.in/company/PILANIINVS/consolidated/,2026-07-24T13:30:05.610929+00:00
PINELABS.NS,1285758,consolidated,2026-03-31,149.9814,150.1,149.9814,150.1,149.9814,150.1,19.0,32.0,,36.0,,,,,,0.0747964721845318,2.46,13.0,https://www.screener.in/company/PINELABS/consolidated/,2026-07-24T13:30:05.610929+00:00
PIONEEREMB.NS,2482,consolidated,2026-03-31,46.2522,48.0,31.9605,25.3,22.9715,12.25,4.0,,,,-18.0,-8.0,-60.314973700795015,-51.21814781584788,-31.89044677544092,0.5833333333333334,-2.32,4.0,https://www.screener.in/company/PIONEEREMB/consolidated/,2026-07-24T13:30:05.610929+00:00
PIONRINV.NS,2483,consolidated,2026-03-31,16.1469,10.9,18.3567,11.3,23.1676,12.0,13.0,78.0,35.0,98.0,20.0,16.0,97.48843346143244,78.20519320864298,,0.6337209302325582,9.71,42.0,https://www.screener.in/company/PIONRINV/consolidated/,2026-07-24T13:30:05.610929+00:00
PIRAMALFIN.NS,799,consolidated,2026-03-31,50.9267,49.2,50.9267,49.2,13.2944,11.3,21.0,15.0,-11.0,-56.0,163.0,25.0,,,9.959089682434886,2.841729430154896,0.86,59.0,https://www.screener.in/company/PIRAMALFIN/consolidated/,2026-07-24T13:30:05.610929+00:00
PITTIENG.NS,2489,consolidated,2026-03-31,30.7541,29.6,25.3762,26.1,25.1867,25.1,20.0,32.0,,26.0,42.0,35.0,19.447655185163537,28.387465055262084,,0.8216818642350557,12.5,16.0,https://www.screener.in/company/PITTIENG/consolidated/,2026-07-24T13:30:05.610929+00:00
PIXTRANS.NS,2490,consolidated,2026-03-31,22.0121,21.7,19.987,18.8,16.1582,16.55,6.0,10.0,32.0,18.0,14.0,42.0,18.1462474501982,10.494961083234443,32.2315750730924,0.0344332855093256,16.4,26.0,https://www.screener.in/company/PIXTRANS/consolidated/,2026-07-24T13:30:05.610929+00:00
PKTEA.NS,2456,consolidated,2024-03-31,224.6823,264.9,176.008,229.4,107.2432,29.9,-10.0,-22.0,-3.0,-58.0,16.0,16.0,-22.049142178166147,13.013693532220838,13.818238081273403,0.1125928250183035,0.45,11.21,https://www.screener.in/company/PKTEA/consolidated/,2026-07-24T13:30:05.610929+00:00
PLATIND.NS,1284697,consolidated,2026-03-31,30.2392,29.8,30.2392,29.8,30.2392,29.8,25.0,61.0,,11.0,,,0.1413429442988611,-27.05020117406504,,0.0225733634311512,12.7,13.0,https://www.screener.in/company/PLATIND/consolidated/,2026-07-24T13:30:05.610929+00:00
PML.NS,1270815,consolidated,2026-03-31,13.8178,7.3,8.3041,4.4,11.0531,4.6,-33.0,-23.0,-8.0,-41.0,-4.0,-8.0,83.09380820776731,51.85854070634524,29.49667242705092,0.0111482720178372,1.2,-1.0,https://www.screener.in/company/PML/consolidated/,2026-07-24T13:30:05.610929+00:00
PNB.NS,2600,consolidated,2026-03-31,10.7045,8.2,12.8973,10.9,17.5347,14.5,15.0,48.0,21.0,76.0,22.0,-2.0,73.94640854894952,45.54281806092766,,,13.0,,https://www.screener.in/company/PNB/consolidated/,2026-07-24T13:30:05.610929+00:00
PNBHOUSING.NS,1273561,consolidated,2026-03-31,13.1739,13.4,12.6927,12.7,13.4335,13.2,9.0,20.0,,30.0,13.0,,29.69539446160494,19.5840769541066,,,12.7,,https://www.screener.in/company/PNBHOUSING/consolidated/,2026-07-24T13:30:05.610929+00:00
PNC.NS,2575,consolidated,2026-03-31,35.7584,36.3,35.7584,36.3,21.5421,14.0,27.0,25.0,20.0,48.0,-13.0,1.0,,,,0.0166666666666666,7.39,-1.0,https://www.screener.in/company/PNC/consolidated/,2026-07-24T13:30:05.610929+00:00
PNCINFRA.NS,1270850,consolidated,2026-03-31,12.5764,13.6,12.4632,12.9,15.5669,13.6,-12.0,-1.0,8.0,-11.0,-6.0,8.0,8.092537950727309,10.827373317027655,14.83446369820307,0.758843387641274,7.0,21.0,https://www.screener.in/company/PNCINFRA/consolidated/,2026-07-24T13:30:05.610929+00:00
PNGJL.NS,1284976,consolidated,2026-03-31,33.4567,32.1,33.4567,32.1,33.4567,32.1,34.0,273.0,,77.0,,,30.91436223617079,175.5818862586379,,0.8848700967906266,23.4,6.0,https://www.screener.in/company/PNGJL/consolidated/,2026-07-24T13:30:05.610929+00:00
POCL.NS,2517,consolidated,2026-03-31,33.735,32.8,32.537,32.5,32.537,32.5,26.0,,,36.0,73.0,44.0,10.234619984810257,126.47963062499927,42.80215646877712,0.1928934010152284,19.2,7.0,https://www.screener.in/company/POCL/consolidated/,2026-07-24T13:30:05.610929+00:00
POKARNA.NS,2501,consolidated,2026-03-31,23.4191,23.6,24.2077,22.7,17.9059,15.0,-8.0,23.0,2.0,7.0,20.0,19.0,6.989490151748057,23.309262965101585,4.639662565013247,0.5344224037339557,9.85,29.0,https://www.screener.in/company/POKARNA/consolidated/,2026-07-24T13:30:05.610929+00:00
POLICYBZR.NS,1275091,consolidated,2026-03-31,377.8759,259.2,377.8759,259.2,377.8759,259.2,38.0,42.0,22.0,50.0,,,,,,0.049234135667396,9.75,7.0,https://www.screener.in/company/POLICYBZR/consolidated/,2026-07-24T13:30:05.610929+00:00
POLYCAB.NS,1274653,consolidated,2026-03-31,49.5338,48.7,46.0322,45.5,38.1026,41.2,27.0,24.0,30.0,28.0,36.0,,27.913934011134916,24.577305784733472,29.78394685850936,0.019651927720876,23.0,14.0,https://www.screener.in/company/POLYCAB/consolidated/,2026-07-24T13:30:05.610929+00:00
POLYMED.NS,2507,consolidated,2026-03-31,63.1841,61.9,60.89,60.0,49.0452,48.2,19.0,19.0,21.0,24.0,11.0,23.0,19.357083205042525,17.532184588554166,19.238541899947027,0.1139729555698647,11.2,24.0,https://www.screener.in/company/POLYMED/consolidated/,2026-07-24T13:30:05.610929+00:00
POLYPLEX.NS,2514,consolidated,2026-03-31,26.2515,19.3,19.4732,13.3,12.9747,9.2,-3.0,-39.0,1.0,-49.0,-6.0,15.0,-49.46652733994631,-38.520578786637394,4.6612017063164535,0.2205188679245283,1.12,5.0,https://www.screener.in/company/POLYPLEX/consolidated/,2026-07-24T13:30:05.610929+00:00
POONAWALLA.NS,1951,consolidated,2026-03-31,71.0364,50.9,65.5559,52.7,56.8674,37.55,46.0,24.0,10.0,5.0,25.0,16.0,-9.200656191451916,,-2.875803822191525,,5.86,,https://www.screener.in/company/POONAWALLA/consolidated/,2026-07-24T13:30:05.610929+00:00
POWERGRID.NS,2523,consolidated,2026-03-31,16.907,17.3,14.3471,14.9,14.1167,14.35,1.0,4.0,10.0,1.0,17.0,12.0,1.0937435363128634,5.77051460411584,10.32906389322321,1.4734312496268434,16.5,75.0,https://www.screener.in/company/POWERGRID/consolidated/,2026-07-24T13:30:05.610929+00:00
POWERICA.NS,1285934,consolidated,2026-03-31,17.5896,21.7,17.5896,21.7,17.5896,21.7,8.0,80.0,,36.0,,,-11.836851141963932,,,0.287292817679558,17.4,12.0,https://www.screener.in/company/POWERICA/consolidated/,2026-07-24T13:30:05.610929+00:00
POWERMECH.NS,1272995,consolidated,2026-03-31,28.2389,28.6,26.2521,24.5,19.3462,16.9,19.0,58.0,17.0,20.0,45.0,25.0,17.941442397805417,,16.250007290979074,0.2635966653433902,15.6,12.0,https://www.screener.in/company/POWERMECH/consolidated/,2026-07-24T13:30:05.610929+00:00
PPLPHARMA.NS,1275345,consolidated,2026-03-31,528.1423,553.25,528.1423,553.25,528.1423,553.25,8.0,,,-31.0,,,,,,0.6952952707669688,-3.83,10.0,https://www.screener.in/company/PPLPHARMA/consolidated/,2026-07-24T13:30:05.610929+00:00
PRABHA.NS,1285423,consolidated,2026-03-31,5125.3,5164.85,5125.3,5164.85,5125.3,5164.85,-43.0,,,-39.0,,,,,,0.3762572211098068,0.13,-10.97,https://www.screener.in/company/PRABHA/consolidated/,2026-07-24T13:30:05.610929+00:00
PRAENG.NS,2530,consolidated,2026-03-31,341.0643,72.0,341.0643,72.0,341.0643,72.0,9.0,,3.0,,1.0,11.0,,,,0.3410041841004184,-3.86,-58.0,https://www.screener.in/company/PRAENG/consolidated/,2026-07-24T13:30:05.610929+00:00
PRAJIND.NS,2529,consolidated,2026-03-31,53.1127,46.3,49.2762,45.3,42.3557,41.0,-4.0,-24.0,-13.0,-56.0,-2.0,14.0,-53.64346708454988,-21.71037432364947,-11.92832904897828,0.1321619556913674,1.48,5.0,https://www.screener.in/company/PRAJIND/consolidated/,2026-07-24T13:30:05.610929+00:00
PRAKASH.NS,2532,consolidated,2018-03-31,6.4382,6.5,4.8667,5.5,3.9995,3.1,,,,,10.0,13.0,,,,0.2989766081871345,14.1,20.0,https://www.screener.in/company/PRAKASH/consolidated/,2026-07-24T13:30:05.610929+00:00
PRAKASHSTL.NS,2533,consolidated,2016-03-31,1.4429,1.4,1.4429,1.4,1.4429,1.4,,,,,22.0,9.0,,,,1.8288288288288288,-45.1,-7.0,https://www.screener.in/company/PRAKASHSTL/consolidated/,2026-07-24T13:30:05.610929+00:00
PRAVEG.NS,1269913,consolidated,2026-03-31,89.4726,99.2,60.6579,32.9,49.7735,24.4,42.0,,,,17.0,,,,,0.3786191536748329,-2.51,24.0,https://www.screener.in/company/PRAVEG/consolidated/,2026-07-24T13:30:05.610929+00:00
PRECAM.NS,1273237,consolidated,2026-03-31,64.5166,56.4,65.8822,54.9,48.7354,36.7,-11.0,63.0,-9.0,-19.0,6.0,0.0,3.5034754615193453,86.39596365956758,-2.903052857457289,0.0645933014354067,3.03,9.0,https://www.screener.in/company/PRECAM/consolidated/,2026-07-24T13:30:05.610929+00:00
PRECOT.NS,2546,consolidated,2026-03-31,17.814,15.75,13.0766,12.0,15.2373,12.4,-2.0,2.0,11.0,48.0,25.0,31.0,,1.7035265003552569,,0.7214137214137214,7.72,13.0,https://www.screener.in/company/PRECOT/consolidated/,2026-07-24T13:30:05.610929+00:00
PRECWIRE.NS,2545,consolidated,2016-03-31,196.3325,175.2,141.9372,130.7,83.5954,39.7,,,,,66.0,38.0,,,,0.1435897435897435,8.88,6.0,https://www.screener.in/company/PRECWIRE/consolidated/,2026-07-24T13:30:05.610929+00:00
PREMCO.NS,2547,consolidated,2026-03-31,14.7089,14.4,12.8724,13.9,13.0782,13.9,0.0,-13.0,-6.0,-4.0,-5.0,-6.0,-14.026354137122189,-15.502516370687358,-7.179305283511683,0.1779990044798407,6.52,9.97,https://www.screener.in/company/PREMCO/consolidated/,2026-07-24T13:30:05.610929+00:00
PREMEXPLN.NS,2550,consolidated,2026-03-31,82.958,77.9,89.0651,83.6,65.2984,61.6,24.0,95.0,22.0,90.0,69.0,25.0,88.10913009102752,,20.87123583047599,0.1107266435986159,18.6,10.0,https://www.screener.in/company/PREMEXPLN/consolidated/,2026-07-24T13:30:05.610929+00:00
PREMIERENE.NS,1284943,consolidated,2026-03-31,50.8061,44.3,50.8061,44.3,50.8061,44.3,76.0,133.0,,370.0,,,,104.14629010355476,,0.8606918969120038,42.4,30.0,https://www.screener.in/company/PREMIERENE/consolidated/,2026-07-24T13:30:05.610929+00:00
PRESTIGE.NS,2558,consolidated,2026-03-31,70.349,59.3,57.051,43.2,44.1153,33.9,15.0,21.0,9.0,18.0,35.0,24.0,5.725272941999937,-16.74707834118543,5.494517964052537,1.085171756897929,7.54,29.0,https://www.screener.in/company/PRESTIGE/consolidated/,2026-07-24T13:30:05.610929+00:00
PRICOLLTD.NS,1273637,consolidated,2026-03-31,35.0771,34.7,32.4287,33.2,42.9569,33.8,27.0,40.0,,28.0,46.0,,26.237943866499823,43.34854549448679,,0.3019920318725099,21.8,12.0,https://www.screener.in/company/PRICOLLTD/consolidated/,2026-07-24T13:30:05.610929+00:00
PRIMESECU.NS,2567,consolidated,2026-03-31,35.0312,31.0,32.0126,29.8,22.4305,20.95,43.0,3.0,-6.0,-1.0,21.0,37.0,3.892742083999856,4.590925589065509,-3.179639893626396,0.0078125,4.09,10.0,https://www.screener.in/company/PRIMESECU/consolidated/,2026-07-24T13:30:05.610929+00:00
PRIMO.NS,2597,consolidated,2026-03-31,56.2327,42.9,42.019,33.0,42.019,33.0,-7.0,15.0,,-52.0,2.0,22.0,-51.92501432308638,3.517300006217261,,0.3226600985221675,3.89,12.0,https://www.screener.in/company/PRIMO/consolidated/,2026-07-24T13:30:05.610929+00:00
PRIVISCL.NS,64,consolidated,2026-03-31,61.9119,48.2,66.4818,55.0,45.0163,41.0,17.0,27.0,,144.0,22.0,28.0,145.23364875155457,22.88064022398373,,0.7230878186968839,26.0,25.0,https://www.screener.in/company/PRIVISCL/consolidated/,2026-07-24T13:30:05.610929+00:00
PROSTARM.NS,1285466,consolidated,2026-03-31,29.3032,27.5,29.3032,27.5,29.3032,27.5,19.0,,,18.0,,,6.379753958195522,,,0.3240418118466899,16.9,12.0,https://www.screener.in/company/PROSTARM/consolidated/,2026-07-24T13:30:05.610929+00:00
PROTEAN.NS,1284559,consolidated,2026-03-31,49.4064,42.8,49.4064,42.8,49.4064,42.8,10.0,3.0,,-1.0,,,-2.188326739606572,1.5026561325790055,,0.0807050092764378,10.0,12.0,https://www.screener.in/company/PROTEAN/consolidated/,2026-07-24T13:30:05.610929+00:00
PROZONER.NS,124090,consolidated,2026-03-31,46.0625,38.25,56.1389,28.6,264.4751,83.0,4.0,19.0,4.0,-24.0,7.0,5.0,-25.01115739379748,,3.845021423655592,1.4398249452954048,2.31,39.0,https://www.screener.in/company/PROZONER/consolidated/,2026-07-24T13:30:05.610929+00:00
PRSMJOHNSN.NS,2569,consolidated,2026-03-31,121.1135,106.1,71.4676,67.9,73.414,67.25,0.0,,,5.0,-5.0,0.0,,-15.670831712024937,37.5060083588689,1.0975130890052356,-5.41,9.0,https://www.screener.in/company/PRSMJOHNSN/consolidated/,2026-07-24T13:30:05.610929+00:00
PRUDENT.NS,1275224,consolidated,2026-03-31,51.6745,51.3,44.4817,44.8,44.4817,44.8,30.0,37.0,,24.0,,,23.924051265583746,-34.30486481723823,,0.0385050962627406,28.6,25.0,https://www.screener.in/company/PRUDENT/consolidated/,2026-07-24T13:30:05.610929+00:00
PSPPROJECT.NS,1274075,consolidated,2026-03-31,44.1436,27.4,32.1024,19.2,27.2449,20.0,18.0,-7.0,9.0,-25.0,17.0,,-27.424831619794286,-9.16065673133717,-15.021217810485188,0.2610759493670886,4.55,6.0,https://www.screener.in/company/PSPPROJECT/consolidated/,2026-07-24T13:30:05.610929+00:00
PTC.NS,2589,consolidated,2026-03-31,10.1,9.3,8.4567,8.0,7.6305,7.2,2.0,6.0,7.0,11.0,11.0,7.0,10.778728602886623,6.179649064469128,6.499584434344174,0.2957699381374352,10.3,5.0,https://www.screener.in/company/PTC/consolidated/,2026-07-24T13:30:05.610929+00:00
PTCIL.NS,1270757,consolidated,2026-03-31,359.8567,361.2,296.349,273.9,193.1939,168.9,40.0,101.0,32.0,58.0,82.0,71.0,51.99792348632064,82.78536559228473,28.496296729993677,0.1731917717319177,7.02,22.0,https://www.screener.in/company/PTCIL/consolidated/,2026-07-24T13:30:05.610929+00:00
PTL.NS,2590,consolidated,2016-03-31,11.9331,11.7,10.7241,11.3,8.5544,8.2,20.0,23.0,22.0,41.0,8.0,4.0,38.672254870126935,23.445550092271294,22.556004211568027,0.0874035989717223,9.74,19.0,https://www.screener.in/company/PTL/consolidated/,2026-07-24T13:30:05.610929+00:00
PUNJABCHEM.NS,2598,consolidated,2026-03-31,27.307,26.8,24.8234,23.7,30.5849,28.95,1.0,6.0,24.0,2.0,-5.0,19.0,1.534951378396876,5.436358603559777,17.022915155296236,0.3640661938534279,16.6,11.0,https://www.screener.in/company/PUNJABCHEM/consolidated/,2026-07-24T13:30:05.610929+00:00
PURVA.NS,2602,consolidated,2026-03-31,150.2495,136.9,96.348,83.3,52.4643,18.4,45.0,78.0,-2.0,3.0,15.0,16.0,-1.327056702700835,,-2.570003868868964,3.129194630872483,3.62,18.0,https://www.screener.in/company/PURVA/consolidated/,2026-07-24T13:30:05.610929+00:00
PVP.NS,2603,consolidated,2026-03-31,2.3745,2.4,3.7534,2.45,10.751,13.3,-20.0,14.0,5.0,,38.0,20.0,,,,1.1750446776336894,-2.35,20.69,https://www.screener.in/company/PVP/consolidated/,2026-07-24T13:30:05.610929+00:00
PVRINOX.NS,2604,consolidated,2026-03-31,93.232,126.6,93.232,126.6,66.5059,56.2,21.0,18.0,9.0,39.0,-4.0,0.0,,,5.679843674091245,0.9188126863648686,3.28,32.0,https://www.screener.in/company/PVRINOX/consolidated/,2026-07-24T13:30:05.610929+00:00
PVSL.NS,1284714,consolidated,2026-03-31,17.9968,20.2,17.9968,20.2,17.9968,20.2,9.0,,,,,,,,,2.238853503184713,-0.61,3.0,https://www.screener.in/company/PVSL/consolidated/,2026-07-24T13:30:05.610929+00:00
QMSMEDI.NS,1275311,consolidated,2026-03-31,18.5535,18.15,18.5535,18.15,18.5535,18.15,,,,,,,,,,0.6538461538461539,10.4,15.0,https://www.screener.in/company/QMSMEDI/consolidated/,2026-07-24T13:30:05.610929+00:00
QUESS.NS,1273420,consolidated,2026-03-31,18.7535,18.3,27.4031,18.2,26.4771,19.45,-4.0,38.0,11.0,7.0,-5.0,2.0,-0.6649132793771995,30.505725945274342,7.545309694821234,0.1063464837049742,20.4,2.0,https://www.screener.in/company/QUESS/consolidated/,2026-07-24T13:30:05.610929+00:00
QUINT.NS,1273160,consolidated,2026-03-31,776.5125,779.9,776.5125,779.9,776.5125,779.9,3.0,13.0,,20.0,-26.0,,,,,0.4092307692307692,-2.47,-12.0,https://www.screener.in/company/QUINT/consolidated/,2026-07-24T13:30:05.610929+00:00
RACE.NS,762687,consolidated,2026-03-31,292.9127,294.75,292.9127,294.75,292.9127,294.75,32.0,,,73.0,-12.0,27.0,70.56358875406026,,,1.2162162162162162,9.28,2.0,https://www.screener.in/company/RACE/consolidated/,2026-07-24T13:30:05.610929+00:00
RACLGEAR.NS,2695,consolidated,2026-03-31,34.1764,33.0,30.6663,30.7,25.2366,28.15,11.0,16.0,,10.0,18.0,45.0,6.14328950047669,13.762734585893032,,0.6704545454545454,17.0,22.0,https://www.screener.in/company/RACLGEAR/consolidated/,2026-07-24T13:30:05.610929+00:00
RADAAN.NS,2617,consolidated,2026-03-31,9.925,9.15,9.925,9.15,11.5949,10.4,-23.0,6.0,,,25.0,4.0,,,,,,-77.04,https://www.screener.in/company/RADAAN/consolidated/,2026-07-24T13:30:05.610929+00:00
RADIANTCMS.NS,1275390,consolidated,2026-03-31,15.2883,14.5,15.2883,14.5,15.2883,14.5,7.0,,,-18.0,,,-19.916470465098868,,,0.697841726618705,12.5,11.0,https://www.screener.in/company/RADIANTCMS/consolidated/,2026-07-24T13:30:05.610929+00:00
RADICO.NS,2620,consolidated,2026-03-31,90.7962,91.6,75.8582,77.9,58.1841,52.55,24.0,17.0,23.0,41.0,37.0,46.0,39.91623679686147,16.817710621276348,22.628762420494983,0.1501809408926417,20.3,17.0,https://www.screener.in/company/RADICO/consolidated/,2026-07-24T13:30:05.610929+00:00
RAILTEL.NS,1274834,consolidated,2023-09-30,60.9108,60.7,45.0287,49.1,43.5152,44.55,20.0,4.0,,3.0,15.0,,10.209967105743845,3.664495485284736,,0.0278583865351131,12.0,16.0,https://www.screener.in/company/RAILTEL/consolidated/,2026-07-24T13:30:05.610929+00:00
RAIN.NS,2625,consolidated,2025-12-31,15.5143,18.0,9.2418,7.4,10.2693,8.6,-7.0,-40.0,-18.0,-69.0,-2.0,21.0,-69.11527313291235,-40.28925478174688,-18.38599021407997,1.3188347429185123,0.6,14.0,https://www.screener.in/company/RAIN/consolidated/,2026-07-24T13:30:05.610929+00:00
RAINBOW.NS,1275218,consolidated,2026-03-31,56.9452,57.1,54.4768,53.45,54.4768,53.45,13.0,44.0,31.0,6.0,,,9.67425393152994,24.6642228768698,4.164616440589852,0.5403274711946634,15.9,32.0,https://www.screener.in/company/RAINBOW/consolidated/,2026-07-24T13:30:05.610929+00:00
RAJPALAYAM.NS,2634,consolidated,2026-03-31,23.0208,19.85,15.6987,9.4,11.3793,7.1,3.0,2.0,1.0,14.0,-6.0,6.0,11.77764563978212,2.433639985315184,1.0770274370705213,0.471993410214168,4.79,13.0,https://www.screener.in/company/RAJPALAYAM/consolidated/,2026-07-24T13:30:05.610929+00:00
RAJRATAN.NS,2647,consolidated,2026-03-31,37.9701,37.1,35.7636,35.0,24.9527,22.95,9.0,6.0,16.0,-11.0,6.0,31.0,-11.196737244048428,5.713973921250481,15.60187198508758,0.4984615384615384,11.5,12.0,https://www.screener.in/company/RAJRATAN/consolidated/,2026-07-24T13:30:05.610929+00:00
RAJSREESUG.NS,2648,consolidated,2018-03-31,5.4841,5.2,4.8241,4.4,3.8413,3.6,-8.0,38.0,15.0,34.0,1.0,-9.0,,32.34653749096032,,3.49618320610687,22.3,6.0,https://www.screener.in/company/RAJSREESUG/consolidated/,2026-07-24T13:30:05.610929+00:00
RALLIS.NS,2650,consolidated,2022-03-31,33.7669,32.5,30.8567,29.0,27.3554,26.9,9.0,-2.0,4.0,1.0,-7.0,0.0,1.843165373757083,-11.216920823235975,5.166453132559878,0.0548349056603773,9.61,11.0,https://www.screener.in/company/RALLIS/consolidated/,2026-07-24T13:30:05.610929+00:00
RAMCOCEM.NS,1947,consolidated,2026-03-31,102.4721,82.75,75.3012,63.3,51.7512,30.8,3.0,-48.0,-25.0,-54.0,-4.0,5.0,30.484148655082333,-2.300950335470764,2.5891860766245944,0.4782554978996787,0.38,16.0,https://www.screener.in/company/RAMCOCEM/consolidated/,2026-07-24T13:30:05.610929+00:00
RAMCOIND.NS,2659,consolidated,2026-03-31,15.1089,15.2,12.3073,11.3,11.1172,10.3,7.0,2.0,5.0,35.0,-1.0,10.0,35.17376718693897,1.863333374053888,4.733517608532245,0.0373728438743918,6.87,13.0,https://www.screener.in/company/RAMCOIND/consolidated/,2026-07-24T13:30:05.610929+00:00
RAMCOSYS.NS,2660,consolidated,2026-03-31,103.6079,43.0,158.4567,46.9,84.3079,51.1,13.0,1.0,9.0,32.0,3.0,1.0,,-9.262362862984086,3.3298334246199657,0.1228571428571428,18.0,22.0,https://www.screener.in/company/RAMCOSYS/consolidated/,2026-07-24T13:30:05.610929+00:00
RAMKY.NS,2663,consolidated,2026-03-31,17.6771,17.0,18.1539,16.2,20.3042,18.4,3.0,68.0,22.0,45.0,15.0,15.0,-38.0598236304802,69.13497642015307,,0.2733580018501387,11.1,12.0,https://www.screener.in/company/RAMKY/consolidated/,2026-07-24T13:30:05.610929+00:00
RAMRAT.NS,2652,consolidated,2026-03-31,35.5917,34.7,26.9364,27.9,22.6404,18.9,25.0,49.0,28.0,35.0,59.0,43.0,31.018034691334726,46.66799080646648,26.53588065344288,1.1637931034482758,20.6,5.0,https://www.screener.in/company/RAMRAT/consolidated/,2026-07-24T13:30:05.610929+00:00
RANEHOLDIN.NS,2673,consolidated,2026-03-31,27.6448,24.4,32.6488,26.8,25.6525,20.3,19.0,26.0,3.0,4.0,19.0,10.0,16.271638026258174,,4.092509156633128,0.8847487001733102,7.0,7.0,https://www.screener.in/company/RANEHOLDIN/consolidated/,2026-07-24T13:30:05.610929+00:00
RATEGAIN.NS,1275119,consolidated,2026-03-31,48.1408,44.8,64.2962,56.9,64.2962,56.9,48.0,55.0,,49.0,,,37.629705639482495,,,0.4730807577268195,12.0,19.0,https://www.screener.in/company/RATEGAIN/consolidated/,2026-07-24T13:30:05.610929+00:00
RATNAMANI.NS,2693,consolidated,2026-03-31,35.0688,35.4,35.0291,35.5,29.7672,31.2,0.0,12.0,11.0,-1.0,12.0,21.0,-1.8558213413266245,11.827265677181376,11.310469449746297,0.0773534419849185,12.6,17.0,https://www.screener.in/company/RATNAMANI/consolidated/,2026-07-24T13:30:05.610929+00:00
RATNAVEER.NS,1284470,consolidated,2026-03-31,17.4,17.4,17.4,17.4,17.4,17.4,,,,,,,,,,0.5007473841554559,9.61,10.0,https://www.screener.in/company/RATNAVEER/consolidated/,2026-07-24T13:30:05.610929+00:00
RAYMOND.NS,2701,consolidated,2026-03-31,27.5134,16.4,21.2488,10.65,16.1379,6.95,-35.0,85.0,49.0,109.0,44.0,20.0,116.14557890454762,,50.10581866462434,0.3709563994374121,168.0,10.0,https://www.screener.in/company/RAYMOND/consolidated/,2026-07-24T13:30:05.610929+00:00
RAYMONDLSL.NS,1284974,consolidated,2026-03-31,70.3222,74.5,70.3222,74.5,70.3222,74.5,,,,,,,,,,0.2268576172685761,1.14,10.0,https://www.screener.in/company/RAYMONDLSL/consolidated/,2026-07-24T13:30:05.610929+00:00
RAYMONDREL.NS,1285527,consolidated,2026-03-31,13.7842,13.5,13.7842,13.5,13.7842,13.5,,,,,,,,,,0.6466836734693877,36.3,15.0,https://www.screener.in/company/RAYMONDREL/consolidated/,2026-07-24T13:30:05.610929+00:00
RBLBANK.NS,1273471,consolidated,2026-03-31,17.9318,13.6,16.5839,13.3,23.3265,20.6,14.0,11.0,,-2.0,12.0,,-2.495480692626295,9.948995287908556,,,5.46,,https://www.screener.in/company/RBLBANK/consolidated/,2026-07-24T13:30:05.610929+00:00
RCF.NS,2684,consolidated,2026-03-31,32.6796,29.0,22.7195,18.5,23.1789,21.85,-5.0,1.0,9.0,-24.0,9.0,9.0,-23.80569122277204,2.1735522254036743,9.73824934242822,0.8059351815696993,8.02,5.0,https://www.screener.in/company/RCF/consolidated/,2026-07-24T13:30:05.610929+00:00
RECLTD.NS,2809,consolidated,2026-03-31,7.3758,6.7,5.6008,5.5,5.1636,4.8,15.0,14.0,11.0,13.0,26.0,16.0,13.451681180742758,14.245783638349252,11.1027046275032,,20.0,,https://www.screener.in/company/RECLTD/consolidated/,2026-07-24T13:30:05.610929+00:00
REDINGTON.NS,2708,consolidated,2026-03-31,13.5987,13.5,12.192,12.2,10.8623,10.2,15.0,16.0,14.0,5.0,10.0,18.0,2.267678827806785,14.370175593458123,13.653994123995972,0.2797244094488189,16.9,2.0,https://www.screener.in/company/REDINGTON/consolidated/,2026-07-24T13:30:05.610929+00:00
REDTAPE.NS,1284457,consolidated,2026-03-31,48.6812,46.3,48.6812,46.3,48.6812,46.3,18.0,,,19.0,,,19.17505962267434,,,0.7045009784735812,26.6,14.0,https://www.screener.in/company/REDTAPE/consolidated/,2026-07-24T13:30:05.610929+00:00
REFEX.NS,2709,consolidated,2026-03-31,26.0382,24.2,21.0261,17.3,29.1463,15.0,12.0,43.0,46.0,28.0,64.0,56.0,12.172474785303544,36.21728633783741,48.198913803656126,0.1496010638297872,17.8,16.0,https://www.screener.in/company/REFEX/consolidated/,2026-07-24T13:30:05.610929+00:00
RELIABLE.NS,1274172,consolidated,2026-03-31,13.8164,13.7,14.6478,14.6,11.6594,11.3,36.0,33.0,19.0,20.0,40.0,,20.103326108839735,32.880113860839245,-4.660748726220321,0.352112676056338,10.8,9.0,https://www.screener.in/company/RELIABLE/consolidated/,2026-07-24T13:30:05.610929+00:00
RELIANCE.NS,2726,consolidated,2026-03-31,26.1248,25.7,25.908,25.4,23.0044,24.1,6.0,12.0,10.0,5.0,6.0,19.0,6.589457931694653,9.024969640412303,10.7455072906665,0.4457396325343185,8.91,16.0,https://www.screener.in/company/RELIANCE/consolidated/,2026-07-24T13:30:05.610929+00:00
RELIGARE.NS,2731,consolidated,2026-03-31,90.5958,72.8,90.5958,72.8,89.7566,72.3,22.0,17.0,12.0,71.0,10.0,-1.0,-69.96690385457482,,,0.1695323246217331,3.17,2.0,https://www.screener.in/company/RELIGARE/consolidated/,2026-07-24T13:30:05.610929+00:00
RELTD.NS,2699,consolidated,2026-03-31,71.6868,53.2,54.6361,42.4,47.6682,39.0,29.0,72.0,31.0,73.0,26.0,19.0,58.61030946830119,59.04018915363023,,1.1867612293144207,21.2,24.0,https://www.screener.in/company/RELTD/consolidated/,2026-07-24T13:30:05.610929+00:00
REMSONSIND.NS,2739,consolidated,2026-03-31,33.6828,33.2,31.1613,31.8,31.5472,31.9,14.0,47.0,,30.0,10.0,23.0,20.917004505005355,26.965586001323015,,0.6577181208053692,13.5,11.0,https://www.screener.in/company/REMSONSIND/consolidated/,2026-07-24T13:30:05.610929+00:00
RENUKA.NS,3018,consolidated,2026-03-31,0.7788,0.8,0.7788,0.8,0.7788,0.8,1.0,,5.0,,-8.0,3.0,,,,,,0.0,https://www.screener.in/company/RENUKA/consolidated/,2026-07-24T13:30:05.610929+00:00
REPCOHOME.NS,353946,consolidated,2026-03-31,6.2611,5.8,6.1096,6.1,10.3079,7.0,12.0,10.0,12.0,15.0,2.0,-7.0,14.546843584211189,9.627911093040332,11.925541261205574,,12.7,,https://www.screener.in/company/REPCOHOME/consolidated/,2026-07-24T13:30:05.610929+00:00
REPRO.NS,2741,consolidated,2026-03-31,116.7674,86.55,92.0919,81.7,66.9512,41.0,5.0,10.0,-11.0,,1.0,-2.0,,,,0.5329512893982808,-4.42,7.0,https://www.screener.in/company/REPRO/consolidated/,2026-07-24T13:30:05.610929+00:00
RESPONIND.NS,2743,consolidated,2026-03-31,46.2567,35.6,70.1151,41.45,105.426,101.4,13.0,13.0,23.0,82.0,5.0,9.0,82.92424348866778,29.83017711919245,23.40553189819414,0.1250801796023091,10.3,17.0,https://www.screener.in/company/RESPONIND/consolidated/,2026-07-24T13:30:05.610929+00:00
RGL.NS,2740,consolidated,2026-03-31,15.5796,14.9,14.6644,14.1,11.7764,10.35,8.0,19.0,8.0,4.0,2.0,16.0,-3.0955591590766,13.26869304346172,5.3757205254306495,0.4250663129973475,6.88,7.0,https://www.screener.in/company/RGL/consolidated/,2026-07-24T13:30:05.610929+00:00
RHIM.NS,2357,consolidated,2026-03-31,64.0675,59.1,52.5356,49.8,44.2791,37.7,14.0,-4.0,,-26.0,4.0,16.0,,,,0.1258073574838528,2.91,11.0,https://www.screener.in/company/RHIM/consolidated/,2026-07-24T13:30:05.610929+00:00
RICOAUTO.NS,2754,consolidated,2026-03-31,33.5363,32.2,30.2556,29.1,24.2432,22.4,2.0,49.0,6.0,5.0,20.0,12.0,1.002801619226923,,5.517679985175428,0.9333333333333332,7.49,9.0,https://www.screener.in/company/RICOAUTO/consolidated/,2026-07-24T13:30:05.610929+00:00
RIIL.NS,2725,consolidated,2026-03-31,120.3255,119.7,134.7456,127.5,96.7659,88.8,-13.0,5.0,-1.0,4.0,0.0,5.0,-10.984959808091189,5.1401179263274255,-2.8387924322166302,0.0,2.65,-21.0,https://www.screener.in/company/RIIL/consolidated/,2026-07-24T13:30:05.610929+00:00
RIR.NS,2812,consolidated,2026-03-31,193.665,181.2,153.6573,152.8,153.6573,152.8,17.0,40.0,,6.0,87.0,51.0,5.155949599222054,39.39566877351219,,0.0994407800401491,5.61,11.22,https://www.screener.in/company/RIR/consolidated/,2026-07-24T13:30:05.610929+00:00
RISHABH.NS,1284471,consolidated,2026-03-31,38.3493,35.95,38.3493,35.95,38.3493,35.95,11.0,19.0,,20.0,,,9.725191277360224,-2.2921737268520537,,0.1087248322147651,12.0,16.0,https://www.screener.in/company/RISHABH/consolidated/,2026-07-24T13:30:05.610929+00:00
RITCO.NS,1274624,consolidated,2026-03-31,20.7841,20.4,20.7054,20.2,20.7054,20.2,26.0,,,14.0,58.0,,8.030579676347372,,,1.2986301369863014,10.5,7.0,https://www.screener.in/company/RITCO/consolidated/,2026-07-24T13:30:05.610929+00:00
RITES.NS,1274374,consolidated,2026-03-31,30.3471,30.6,23.9172,24.1,19.9207,15.6,-3.0,-1.0,2.0,-9.0,9.0,,-8.85848213610052,-1.043785741671377,-4.511327103783569,0.0026099925428784,15.4,23.0,https://www.screener.in/company/RITES/consolidated/,2026-07-24T13:30:05.610929+00:00
RKEC.NS,1274165,consolidated,2025-09-30,10.6669,9.9,12.5733,11.2,10.3306,9.0,26.0,-12.0,,41.0,-23.0,,41.13779951726326,-6.902840634594387,,0.9090909090909092,11.2,12.0,https://www.screener.in/company/RKEC/consolidated/,2026-07-24T13:30:05.610929+00:00
RKFORGE.NS,2662,consolidated,2026-03-31,53.1229,43.1,40.536,37.4,50.6895,31.6,10.0,31.0,4.0,-31.0,30.0,22.0,-36.62736096232092,25.083918255703463,0.3615157954262704,0.7443768996960486,2.56,16.0,https://www.screener.in/company/RKFORGE/consolidated/,2026-07-24T13:30:05.610929+00:00
RKSWAMY.NS,1284701,consolidated,2026-03-31,29.8274,29.7,29.8274,29.7,29.8274,29.7,5.0,53.0,,-8.0,,,-60.360173086488345,,,0.1628787878787878,9.5,13.0,https://www.screener.in/company/RKSWAMY/consolidated/,2026-07-24T13:30:05.610929+00:00
RMC.NS,1273659,consolidated,2026-03-31,58.3936,42.3,44.5822,35.5,35.8579,16.05,47.0,,,24.0,76.0,,23.127650029855552,50.34824774236277,,0.8015267175572519,19.0,12.0,https://www.screener.in/company/RMC/consolidated/,2026-07-24T13:30:05.610929+00:00
RMDRIP.NS,1274154,consolidated,2026-03-31,64.083,69.0,64.083,69.0,64.083,69.0,,,,,71.0,,,,,0.4864864864864865,36.6,27.0,https://www.screener.in/company/RMDRIP/consolidated/,2026-07-24T13:30:05.610929+00:00
RML.NS,2670,consolidated,2026-03-31,24.028,24.5,25.1265,25.6,35.9221,28.4,18.0,30.0,22.0,47.0,23.0,13.0,28.194309909346728,,12.430745306508118,1.0013315579227695,15.4,9.0,https://www.screener.in/company/RML/consolidated/,2026-07-24T13:30:05.610929+00:00
RNBDENIMS.NS,814192,consolidated,2026-03-31,26.6191,27.1,22.2866,23.2,21.4813,21.0,21.0,18.0,,13.0,9.0,25.0,9.020915883178194,18.725674091213417,,0.37,9.9,9.0,https://www.screener.in/company/RNBDENIMS/consolidated/,2026-07-24T13:30:05.610929+00:00
ROHLTD.NS,2788,consolidated,2026-03-31,22.407,21.6,24.6535,22.2,31.0083,22.1,13.0,26.0,35.0,-13.0,30.0,15.0,-11.892821078973515,,,2.484496124031008,12.7,23.0,https://www.screener.in/company/ROHLTD/consolidated/,2026-07-24T13:30:05.610929+00:00
ROSSARI.NS,1274766,consolidated,2026-03-31,29.6051,29.3,39.5157,35.5,42.8688,37.0,13.0,11.0,,8.0,-17.0,,11.470340715168792,11.761911622765297,,0.3270817704426106,10.8,12.0,https://www.screener.in/company/ROSSARI/consolidated/,2026-07-24T13:30:05.610929+00:00
ROSSELLIND.NS,2783,consolidated,2024-03-31,23.8924,19.0,32.7077,15.3,221.6834,20.0,4.0,,-3.0,-28.0,2.0,5.0,-27.771584824375594,,-3.992469530833409,0.6531986531986532,4.5,10.0,https://www.screener.in/company/ROSSELLIND/consolidated/,2026-07-24T13:30:05.610929+00:00
ROSSTECH.NS,1285189,consolidated,2026-03-31,99.2811,123.05,99.2811,123.05,99.2811,123.05,,,,,,,,,,2.638709677419355,15.7,13.0,https://www.screener.in/company/ROSSTECH/consolidated/,2026-07-24T13:30:05.610929+00:00
ROTO.NS,2785,consolidated,2026-03-31,41.0395,40.2,34.7943,33.2,36.7596,28.4,8.0,6.0,44.0,-9.0,33.0,31.0,-9.201693391492082,5.761407093071713,45.886466055611685,0.1333333333333333,10.7,18.0,https://www.screener.in/company/ROTO/consolidated/,2026-07-24T13:30:05.610929+00:00
ROUTE.NS,1274784,consolidated,2026-03-31,20.9841,22.0,32.523,27.5,40.357,28.6,7.0,19.0,18.0,0.0,-23.0,,-10.192912780162676,10.432542053304106,1.9197338255319665,0.0151624548736462,12.5,12.0,https://www.screener.in/company/ROUTE/consolidated/,2026-07-24T13:30:05.610929+00:00
RPEL.NS,1273330,consolidated,2026-03-31,81.9592,82.4,70.0103,68.6,68.9307,65.7,23.0,42.0,,28.0,58.0,63.0,29.64066678987678,41.56536284140451,,0.0204081632653061,24.3,30.0,https://www.screener.in/company/RPEL/consolidated/,2026-07-24T13:30:05.610929+00:00
RPGLIFE.NS,2790,consolidated,2026-03-31,31.5154,30.1,31.5154,30.1,31.5154,30.1,,,,,45.0,26.0,,,,0.0330578512396694,19.3,21.0,https://www.screener.in/company/RPGLIFE/consolidated/,2026-07-24T13:30:05.610929+00:00
RPOWER.NS,2729,consolidated,2026-03-31,41.9074,41.2,29.66,32.35,15.9365,12.2,0.0,,,24.0,15.0,-8.0,,,,0.923441396508728,-0.91,31.0,https://www.screener.in/company/RPOWER/consolidated/,2026-07-24T13:30:05.610929+00:00
RPPINFRA.NS,2791,consolidated,2026-03-31,10.9414,9.6,14.3637,10.05,18.7678,13.1,13.0,-10.0,-6.0,-30.0,-2.0,-7.0,-42.27921633678402,-18.217293206394068,-11.858276376426137,0.1962616822429906,1.74,1.0,https://www.screener.in/company/RPPINFRA/consolidated/,2026-07-24T13:30:05.610929+00:00
RPPL.NS,1274559,consolidated,2026-03-31,23.8885,27.6,22.8587,24.1,22.8587,24.1,10.0,,,17.0,-3.0,,14.389306993108498,,,0.6833333333333333,10.1,13.0,https://www.screener.in/company/RPPL/consolidated/,2026-07-24T13:30:05.610929+00:00
RPSGVENT.NS,1274616,consolidated,2026-03-31,26.1447,29.9,25.5257,24.7,25.5257,24.7,16.0,-20.0,,3.0,4.0,,,,,3.2893056664006384,-5.35,14.0,https://www.screener.in/company/RPSGVENT/consolidated/,2026-07-24T13:30:05.610929+00:00
RPTECH.NS,1284661,consolidated,2026-03-31,11.9747,10.4,11.9747,10.4,11.9747,10.4,19.0,16.0,,31.0,,,,,,0.4893827160493827,14.7,3.0,https://www.screener.in/company/RPTECH/consolidated/,2026-07-24T13:30:05.610929+00:00
RRIL.NS,3173,consolidated,2026-03-31,33.5471,31.8,39.8649,31.3,42.0431,31.4,-8.0,57.0,,-14.0,6.0,4.0,-14.20225339003196,43.096908110525554,,0.1578947368421052,7.91,9.0,https://www.screener.in/company/RRIL/consolidated/,2026-07-24T13:30:05.610929+00:00
RRKABEL.NS,1284488,consolidated,2026-03-31,49.5879,49.6,49.5879,49.6,49.5879,49.6,20.0,31.0,,39.0,,,29.931885166802896,-5.120040399289493,,0.1308737864077669,21.3,8.0,https://www.screener.in/company/RRKABEL/consolidated/,2026-07-24T13:30:05.610929+00:00
RSDFIN.NS,1273353,consolidated,2026-03-31,7.7133,8.05,7.7133,8.05,7.7133,8.05,-27.0,13.0,3.0,5.0,20.0,,5.073168320340771,12.624723559913974,2.536142638579242,,5.96,,https://www.screener.in/company/RSDFIN/consolidated/,2026-07-24T13:30:05.610929+00:00
RSYSTEMS.NS,2612,consolidated,2025-12-31,33.6605,37.4,29.1969,26.4,22.4868,19.6,9.0,16.0,13.0,7.0,5.0,17.0,10.025396337673186,18.123015193169746,13.769037161970754,0.5176767676767676,24.4,16.0,https://www.screener.in/company/RSYSTEMS/consolidated/,2026-07-24T13:30:05.610929+00:00
RTNINDIA.NS,55705,consolidated,2026-03-31,30.5524,19.9,27.1427,17.6,27.1427,17.6,22.0,,0.0,,-13.0,24.0,,,,1.43359375,-19.6,-1.0,https://www.screener.in/company/RTNINDIA/consolidated/,2026-07-24T13:30:05.610929+00:00
RTNPOWER.NS,1433,consolidated,2026-03-31,51.7911,47.0,51.7911,47.0,51.7911,47.0,-3.0,16.0,8.0,27.0,4.0,-2.0,,,,0.8001293661060802,1.14,15.0,https://www.screener.in/company/RTNPOWER/consolidated/,2026-07-24T13:30:05.610929+00:00
RUBFILA.NS,2799,consolidated,2026-03-31,16.2268,15.9,14.3808,13.9,13.4992,13.1,10.0,-5.0,,1.0,-6.0,7.0,0.8299134664579322,-4.473674278672779,,0.0032258064516129,8.8,7.0,https://www.screener.in/company/RUBFILA/consolidated/,2026-07-24T13:30:05.610929+00:00
RUBICON.NS,1285734,consolidated,2026-03-31,69.3168,62.35,69.3168,62.35,69.3168,62.35,65.0,52.0,,155.0,,,,-24.39785740597341,,0.2412723041117145,27.0,23.0,https://www.screener.in/company/RUBICON/consolidated/,2026-07-24T13:30:05.610929+00:00
RUCHINFRA.NS,2802,consolidated,2026-03-31,61.1681,50.8,49.5168,22.05,49.5168,22.05,-2.0,31.0,14.0,96.0,-6.0,0.0,91.29311827723888,,,0.4066985645933014,4.91,36.0,https://www.screener.in/company/RUCHINFRA/consolidated/,2026-07-24T13:30:05.610929+00:00
RUPA.NS,2808,consolidated,2026-03-31,26.8682,24.0,24.1418,20.2,27.708,23.4,3.0,-15.0,2.0,13.0,-19.0,-6.0,10.496718534726735,-16.17826428344662,0.9587653363202886,0.2420262664165103,7.36,9.0,https://www.screener.in/company/RUPA/consolidated/,2026-07-24T13:30:05.610929+00:00
RUSHIL.NS,2810,consolidated,2026-03-31,45.5937,45.5,45.5937,45.5,45.5937,45.5,,,,,-6.0,-6.0,,,,0.3993855606758832,1.05,8.0,https://www.screener.in/company/RUSHIL/consolidated/,2026-07-24T13:30:05.610929+00:00
RUSTOMJEE.NS,1275360,consolidated,2026-03-31,57.8529,54.0,55.6448,52.15,55.6448,52.15,57.0,-24.0,,-1.0,,,-4.60714645388901,-27.42422854077341,,0.5183374083129584,2.8,5.0,https://www.screener.in/company/RUSTOMJEE/consolidated/,2026-07-24T13:30:05.610929+00:00
RVHL.NS,1274821,consolidated,2026-03-31,27.5148,28.7,27.3966,26.5,27.3966,26.5,84.0,64.0,,102.0,16.0,,99.08825920036168,,,0.0,16.2,83.0,https://www.screener.in/company/RVHL/consolidated/,2026-07-24T13:30:05.610929+00:00
RVNL.NS,1274649,consolidated,2026-03-31,52.4924,56.4,34.949,35.2,26.1058,9.9,0.0,-2.0,7.0,-13.0,49.0,,-13.279626234163976,-2.472191044052729,7.383661209548964,0.4905314599877825,9.02,4.0,https://www.screener.in/company/RVNL/consolidated/,2026-07-24T13:30:05.610929+00:00
RVTH.NS,1284989,consolidated,2026-03-31,19.4887,20.5,19.4887,20.5,19.4887,20.5,,22.0,,,,,,,,0.4857142857142857,10.5,13.0,https://www.screener.in/company/RVTH/consolidated/,2026-07-24T13:30:05.610929+00:00
S&SPOWER.NS,1268651,consolidated,2026-03-31,98.7942,58.8,98.7942,58.8,98.7942,58.8,24.0,52.0,14.0,75.0,77.0,,27.515291699564017,,2.707376525573779,0.4382022471910112,12.8,4.0,https://www.screener.in/company/S&SPOWER/consolidated/,2026-07-24T13:30:05.610929+00:00
SAATVIKGL.NS,1285664,consolidated,2026-03-31,15.4591,14.1,15.4591,14.1,15.4591,14.1,96.0,,,324.0,,,26.007048899601305,,,0.6899338721528288,42.4,12.0,https://www.screener.in/company/SAATVIKGL/consolidated/,2026-07-24T13:30:05.610929+00:00
SADBHAV.NS,2829,consolidated,2026-03-31,14.25,14.55,14.25,14.55,28.95,38.1,-18.0,16.0,8.0,27.0,-36.0,-30.0,,,,,,55.0,https://www.screener.in/company/SADBHAV/consolidated/,2026-07-24T13:30:05.610929+00:00
SAFARI.NS,2832,consolidated,2026-03-31,62.4631,63.8,64.6737,64.3,66.5729,65.2,19.0,59.0,36.0,10.0,33.0,33.0,9.0681939939228,,33.74243160293724,0.1049327354260089,15.9,13.0,https://www.screener.in/company/SAFARI/consolidated/,2026-07-24T13:30:05.610929+00:00
SAGARDEEP.NS,1273358,consolidated,2026-03-31,59.5274,48.5,62.1271,54.55,78.1028,62.0,27.0,77.0,19.0,39.0,-19.0,,70.28211519222698,81.59898632803207,16.26765258603551,0.2571428571428571,7.54,2.0,https://www.screener.in/company/SAGARDEEP/consolidated/,2026-07-24T13:30:05.610929+00:00
SAGCEM.NS,2834,consolidated,2026-03-31,91.1276,34.7,61.9548,23.8,81.5099,31.55,6.0,,,,-6.0,3.0,,,,1.008860011813349,-1.05,11.0,https://www.screener.in/company/SAGCEM/consolidated/,2026-07-24T13:30:05.610929+00:00
SAGILITY.NS,1285143,consolidated,2026-03-31,43.7652,31.3,43.7652,31.3,43.7652,31.3,19.0,,,86.0,,,38.20846460022369,,,0.1150222590330262,10.5,24.0,https://www.screener.in/company/SAGILITY/consolidated/,2026-07-24T13:30:05.610929+00:00
SAIL.NS,3192,consolidated,2026-03-31,18.2159,17.5,13.4812,15.0,12.695,13.7,2.0,-2.0,11.0,25.0,5.0,13.0,15.736536179165329,-4.038358404162956,,0.5289946318510172,6.43,11.0,https://www.screener.in/company/SAIL/consolidated/,2026-07-24T13:30:05.610929+00:00
SAILIFE.NS,1285187,consolidated,2026-03-31,65.1895,64.3,65.1895,64.3,65.1895,64.3,22.0,42.0,,226.0,,,,,,0.1159420289855072,15.4,29.0,https://www.screener.in/company/SAILIFE/consolidated/,2026-07-24T13:30:05.610929+00:00
SAIPARENT.NS,1285933,consolidated,2026-03-31,135.5688,154.7,135.5688,154.7,135.5688,154.7,58.0,,,48.0,,,-19.23050839471592,,,0.6782077393075356,4.88,10.0,https://www.screener.in/company/SAIPARENT/consolidated/,2026-07-24T13:30:05.610929+00:00
SAKAR.NS,1273532,consolidated,2026-03-31,49.9115,51.3,40.3571,39.7,39.8506,39.3,24.0,23.0,,34.0,36.0,,26.92541385660534,14.90340354620141,,0.1697530864197531,9.99,28.0,https://www.screener.in/company/SAKAR/consolidated/,2026-07-24T13:30:05.610929+00:00
SAKSOFT.NS,2845,consolidated,2026-03-31,26.9433,27.6,24.1536,21.3,17.1155,14.4,15.0,25.0,22.0,19.0,25.0,24.0,17.40632311285688,23.699321470116463,21.61517574471004,0.0564826700898587,19.6,19.0,https://www.screener.in/company/SAKSOFT/consolidated/,2026-07-24T13:30:05.610929+00:00
SALASAR.NS,1274104,consolidated,2026-03-31,54.2701,56.2,44.095,41.1,30.1183,24.05,14.0,-10.0,5.0,-25.0,-2.0,,-26.319370027192267,-13.790298560197856,-7.581751849824303,0.5059952038369304,2.13,7.0,https://www.screener.in/company/SALASAR/consolidated/,2026-07-24T13:30:05.610929+00:00
SALZERELEC.NS,2852,consolidated,2026-03-31,24.5439,22.9,20.0548,17.6,17.9144,15.7,19.0,21.0,,11.0,27.0,9.0,7.7697495445031795,18.450624414283133,,0.9021922428330524,9.32,8.0,https://www.screener.in/company/SALZERELEC/consolidated/,2026-07-24T13:30:05.610929+00:00
SAMBHAAV.NS,2856,consolidated,2026-03-31,107.6253,54.9,91.1267,53.9,54.5737,36.7,2.0,16.0,-22.0,28.0,10.0,0.0,,,-30.49410493759438,0.0605770381898718,0.29,12.67,https://www.screener.in/company/SAMBHAAV/consolidated/,2026-07-24T13:30:05.610929+00:00
SAMBHV.NS,1285511,consolidated,2026-03-31,33.5844,29.1,33.5844,29.1,33.5844,29.1,37.0,,,34.0,,,-45.66652017239959,,,0.3538899430740038,18.7,11.0,https://www.screener.in/company/SAMBHV/consolidated/,2026-07-24T13:30:05.610929+00:00
SAMHI.NS,1284485,consolidated,2026-03-31,52.77,37.3,52.77,37.3,52.77,37.3,19.0,23.0,,47.0,,,,,,0.84967919340055,24.8,35.0,https://www.screener.in/company/SAMHI/consolidated/,2026-07-24T13:30:05.610929+00:00
SAMMAANCAP.NS,496506,consolidated,2026-03-31,9.685,9.6,9.2668,9.5,11.1703,10.0,-2.0,,,,-9.0,-13.0,,,,,-3.18,,https://www.screener.in/company/SAMMAANCAP/consolidated/,2026-07-24T13:30:05.610929+00:00
SAMPANN.NS,57205,consolidated,2026-03-31,52.266,21.0,52.266,21.0,52.266,21.0,35.0,25.0,17.0,82.0,24.0,13.0,,,,2.0869565217391304,21.3,11.0,https://www.screener.in/company/SAMPANN/consolidated/,2026-07-24T13:30:05.610929+00:00
SANATHAN.NS,1285202,consolidated,2026-03-31,29.2036,27.0,29.2036,27.0,29.2036,27.0,5.0,,,-23.0,,,-24.43596163737335,,,0.8076923076923077,3.78,8.0,https://www.screener.in/company/SANATHAN/consolidated/,2026-07-24T13:30:05.610929+00:00
SANDESH.NS,2870,consolidated,2026-03-31,8.3089,7.0,7.5651,6.6,7.6043,6.8,9.0,-5.0,-2.0,-12.0,1.0,1.0,-13.409426643405553,-6.0559177462892855,-1.9173926700206343,0.0,4.83,20.0,https://www.screener.in/company/SANDESH/consolidated/,2026-07-24T13:30:05.610929+00:00
SANDHAR.NS,1274309,consolidated,2026-03-31,24.3478,23.4,22.9824,21.4,27.1329,22.9,19.0,29.0,19.0,41.0,15.0,,39.65215276857474,28.045813439950585,17.572777406320593,0.8612153038259565,16.2,9.0,https://www.screener.in/company/SANDHAR/consolidated/,2026-07-24T13:30:05.610929+00:00
SANDUMA.NS,2872,consolidated,2026-03-31,20.221,17.4,17.3019,16.3,13.7122,14.1,34.0,,80.0,37.0,40.0,34.0,34.358986112736666,34.319595083742094,33.00135778975273,0.3070067609096497,23.2,24.0,https://www.screener.in/company/SANDUMA/consolidated/,2026-07-24T13:30:05.610929+00:00
SANGAMIND.NS,2874,consolidated,2026-03-31,38.4172,38.5,26.9613,22.3,22.3874,14.4,6.0,62.0,,-15.0,37.0,9.0,-14.144725045981444,80.02197393403891,,1.187732342007435,8.38,11.0,https://www.screener.in/company/SANGAMIND/consolidated/,2026-07-24T13:30:05.610929+00:00
SANGHVIMOV.NS,2879,consolidated,2026-03-31,22.8834,22.0,23.667,21.55,23.667,21.55,33.0,60.0,,25.0,34.0,13.0,84.49813809908161,,,0.5141113653699466,15.5,37.0,https://www.screener.in/company/SANGHVIMOV/consolidated/,2026-07-24T13:30:05.610929+00:00
SANOFI.NS,342,consolidated,2024-12-31,30.7039,31.6,30.7039,31.6,30.7039,31.6,,,,,-7.0,2.0,,,,0.0220673635307781,47.1,24.0,https://www.screener.in/company/SANOFI/consolidated/,2026-07-24T13:30:05.610929+00:00
SANSERA.NS,1274923,consolidated,2026-03-31,38.828,36.7,35.1285,33.2,35.1285,33.2,14.0,26.0,,32.0,,,23.471118134558026,17.706552469767423,,0.1914480077745383,11.5,18.0,https://www.screener.in/company/SANSERA/consolidated/,2026-07-24T13:30:05.610929+00:00
SANSTAR.NS,1284857,consolidated,2024-03-31,21.7733,20.3,21.7733,20.3,21.7733,20.3,,,,,,,,,,0.5039370078740157,29.9,9.0,https://www.screener.in/company/SANSTAR/consolidated/,2026-07-24T13:30:05.610929+00:00
SAPPHIRE.NS,1275097,consolidated,2026-03-31,317.5639,294.4,236.5282,85.6,236.5282,85.6,11.0,13.0,,,,,,,,1.019424460431655,-1.03,15.0,https://www.screener.in/company/SAPPHIRE/consolidated/,2026-07-24T13:30:05.610929+00:00
SAPPL.NS,2995,consolidated,2026-03-31,21.6057,23.1,16.3812,13.6,13.6954,9.4,24.0,5.0,10.0,13.0,6.0,11.0,13.244376490564536,4.605793871077868,9.818919401164884,0.920863309352518,11.4,13.0,https://www.screener.in/company/SAPPL/consolidated/,2026-07-24T13:30:05.610929+00:00
SARDAEN.NS,2895,consolidated,2026-03-31,19.2624,17.7,13.6119,14.5,17.2174,9.6,11.0,24.0,59.0,22.0,48.0,42.0,22.45324325149223,24.71650158697505,56.7683868587966,0.3571234735413839,16.1,31.0,https://www.screener.in/company/SARDAEN/consolidated/,2026-07-24T13:30:05.610929+00:00
SAREGAMA.NS,2899,consolidated,2026-03-31,43.9306,43.9,44.2828,43.8,44.7611,37.9,10.0,14.0,35.0,5.0,10.0,34.0,3.775212470725897,10.667474741381476,39.31374514389974,0.043144208037825,13.0,34.0,https://www.screener.in/company/SAREGAMA/consolidated/,2026-07-24T13:30:05.610929+00:00
SARLAPOLY.NS,2900,consolidated,2026-03-31,17.1,14.9,14.7268,12.5,13.6506,12.7,1.0,21.0,4.0,46.0,20.0,5.0,,,,0.6330275229357798,14.4,10.0,https://www.screener.in/company/SARLAPOLY/consolidated/,2026-07-24T13:30:05.610929+00:00
SASKEN.NS,2905,consolidated,2026-03-31,38.8395,41.7,28.3552,27.1,20.7609,13.85,36.0,-13.0,4.0,-15.0,7.0,18.0,-18.703539026450887,-14.141797878687834,-11.196045070632932,0.0327485380116959,7.0,8.0,https://www.screener.in/company/SASKEN/consolidated/,2026-07-24T13:30:05.610929+00:00
SATIN.NS,1272993,consolidated,2026-03-31,7.435,6.4,9.9965,6.65,11.8059,7.5,27.0,91.0,,313.0,25.0,-7.0,277.2666945965632,,,,12.3,,https://www.screener.in/company/SATIN/consolidated/,2026-07-24T13:30:05.610929+00:00
SAURASHCEM.NS,2911,consolidated,2026-03-31,56.8496,30.5,44.7123,23.1,27.509,13.05,0.0,-21.0,-5.0,44.0,-11.0,-2.0,,-33.96098293948187,-14.6400869113111,0.1113423517169615,2.28,3.0,https://www.screener.in/company/SAURASHCEM/consolidated/,2026-07-24T13:30:05.610929+00:00
SBC.NS,1274676,consolidated,2026-03-31,55.6924,53.5,51.2567,51.3,50.6311,51.0,22.0,69.0,,54.0,114.0,,52.3099247351156,67.66529432781054,,2.802469135802469,37.2,8.0,https://www.screener.in/company/SBC/consolidated/,2026-07-24T13:30:05.610929+00:00
SBCL.NS,2992,consolidated,2026-03-31,37.7968,39.0,36.4602,36.9,31.1168,32.8,7.0,31.0,40.0,7.0,53.0,58.0,6.617279070768456,30.301651188283785,39.88544631653455,0.1265560165975103,21.8,23.0,https://www.screener.in/company/SBCL/consolidated/,2026-07-24T13:30:05.610929+00:00
SBFC.NS,1284438,consolidated,2025-03-31,36.9903,33.6,36.9903,33.6,36.9903,33.6,35.0,,,75.0,,,60.43980726810083,,,,11.6,,https://www.screener.in/company/SBFC/consolidated/,2026-07-24T13:30:05.610929+00:00
SBGLP.NS,1274772,consolidated,2026-03-31,57.0459,55.2,49.7923,29.7,49.7923,29.7,32.0,,,22.0,30.0,,21.533151937602145,,,0.7980769230769231,43.8,37.0,https://www.screener.in/company/SBGLP/consolidated/,2026-07-24T13:30:05.610929+00:00
SBIN.NS,3188,consolidated,2026-03-31,9.8172,9.7,10.7923,10.5,14.9845,11.5,14.0,30.0,21.0,14.0,19.0,16.0,13.115176181267408,29.15477726449356,19.072604419542305,,15.4,,https://www.screener.in/company/SBIN/consolidated/,2026-07-24T13:30:05.610929+00:00
SCANSTL.NS,672,consolidated,2026-03-31,13.5338,11.2,13.4743,12.2,13.4743,12.2,-8.0,,,22.0,2.0,7.0,8.669267969208994,,,0.1603563474387528,5.05,6.0,https://www.screener.in/company/SCANSTL/consolidated/,2026-07-24T13:30:05.610929+00:00
SCHAEFFLER.NS,990,consolidated,2026-06-30,59.1758,57.6,58.4172,56.9,58.4172,56.9,12.0,,,10.0,26.0,17.0,9.375091458729257,,,0.0078086871644704,20.2,18.0,https://www.screener.in/company/SCHAEFFLER/consolidated/,2026-07-24T13:30:05.610929+00:00
SCHAND.NS,1274068,consolidated,2026-03-31,15.8083,14.2,15.6367,13.1,14.8957,13.1,9.0,76.0,6.0,15.0,2.0,,4.660502115517118,,-37.3437418828357,0.1290322580645161,7.66,18.0,https://www.screener.in/company/SCHAND/consolidated/,2026-07-24T13:30:05.610929+00:00
SCI.NS,2984,consolidated,2026-03-31,11.3643,11.0,9.351,8.5,8.3091,7.0,0.0,14.0,6.0,16.0,26.0,17.0,15.8572159738827,14.224458489960789,5.6417089293947065,0.2945250659630606,15.5,38.0,https://www.screener.in/company/SCI/consolidated/,2026-07-24T13:30:05.610929+00:00
SDBL.NS,3121,consolidated,2026-03-31,26.3599,25.6,25.604,25.0,24.3065,24.1,15.0,19.0,,-38.0,26.0,9.0,-47.55718768558066,,,0.2721437740693196,1.87,7.0,https://www.screener.in/company/SDBL/consolidated/,2026-07-24T13:30:05.610929+00:00
SEAMECLTD.NS,2931,consolidated,2026-03-31,28.1923,26.2,32.0474,28.9,28.8468,27.4,30.0,47.0,47.0,106.0,23.0,29.0,96.76352233829483,20.59934189149939,46.85111883179842,0.2713297463489623,21.8,42.0,https://www.screener.in/company/SEAMECLTD/consolidated/,2026-07-24T13:30:05.610929+00:00
SECMARK.NS,1274789,consolidated,2026-03-31,43.8674,41.4,43.8674,41.4,43.8674,41.4,29.0,10.0,,36.0,29.0,,,10.107855395181195,,0.548910721913712,11.7,18.7,https://www.screener.in/company/SECMARK/consolidated/,2026-07-24T13:30:05.610929+00:00
SECURKLOUD.NS,15,consolidated,2026-03-31,59.633,2.9,38.3406,13.2,38.357,13.6,-57.0,,,20.0,-28.0,-31.0,,,,,,-13.0,https://www.screener.in/company/SECURKLOUD/consolidated/,2026-07-24T13:30:05.610929+00:00
SEIL.NS,1273386,consolidated,2026-03-31,398.7643,333.9,398.1192,344.1,398.1192,344.1,72.0,,,20.0,70.0,36.0,20.779754665705475,,,0.0775355697689596,7.99,11.1,https://www.screener.in/company/SEIL/consolidated/,2026-07-24T13:30:05.610929+00:00
SENCO.NS,1284410,consolidated,2026-03-31,29.3975,29.5,29.2006,29.1,29.2006,29.1,27.0,56.0,,54.0,,,35.18956546202605,43.409134467150025,,1.073587907716786,25.6,11.0,https://www.screener.in/company/SENCO/consolidated/,2026-07-24T13:30:05.610929+00:00
SENORES.NS,1285204,consolidated,2026-03-31,44.6927,43.5,44.6927,43.5,44.6927,43.5,162.0,,,139.0,,,42.86906048367258,,,0.3661670235546038,13.4,27.0,https://www.screener.in/company/SENORES/consolidated/,2026-07-24T13:30:05.610929+00:00
SEPC.NS,3045,consolidated,2026-03-31,87.1053,70.3,87.1053,70.3,91.9184,46.8,41.0,18.0,9.0,36.0,6.0,-12.0,,,,0.184471078686816,3.18,7.0,https://www.screener.in/company/SEPC/consolidated/,2026-07-24T13:30:05.610929+00:00
SERVOTECH.NS,1274127,consolidated,2026-03-31,120.872,98.7,110.7207,95.2,110.7207,95.2,34.0,98.0,,45.0,123.0,,42.03465092657659,97.17109703961778,,0.7326388888888888,12.8,10.0,https://www.screener.in/company/SERVOTECH/consolidated/,2026-07-24T13:30:05.610929+00:00
SESHAPAPER.NS,2945,consolidated,2026-03-31,12.372,12.0,10.8506,9.8,10.9052,9.4,-6.0,-5.0,9.0,-41.0,1.0,10.0,-40.69578377805219,-4.947200382072536,8.650155903196532,0.0,4.1,6.0,https://www.screener.in/company/SESHAPAPER/consolidated/,2026-07-24T13:30:05.610929+00:00
SETL.NS,1285221,consolidated,2026-03-31,36.33,39.1,36.33,39.1,36.33,39.1,16.0,,,14.0,,,-50.88230182341895,,,0.1053299492385786,10.7,15.0,https://www.screener.in/company/SETL/consolidated/,2026-07-24T13:30:05.610929+00:00
SFL.NS,1273592,consolidated,2026-03-31,79.8695,74.0,71.5384,62.8,59.5787,55.2,10.0,-8.0,4.0,-7.0,-8.0,,-10.495806771369198,-9.707013521758013,-7.59782718866272,0.2792127921279212,4.8,10.0,https://www.screener.in/company/SFL/consolidated/,2026-07-24T13:30:05.610929+00:00
SGIL.NS,1274558,consolidated,2026-03-31,48.4481,48.8,48.4481,48.8,48.4481,48.8,,,,,34.0,,,,,2.232142857142857,4.55,11.0,https://www.screener.in/company/SGIL/consolidated/,2026-07-24T13:30:05.610929+00:00
SGMART.NS,1587,consolidated,2026-03-31,47.0568,41.1,90.9753,71.25,72.4374,44.6,,,96.0,,140.0,,171.54454158663918,28.040449059826894,,0.1678146524733876,7.92,2.0,https://www.screener.in/company/SGMART/consolidated/,2026-07-24T13:30:05.610929+00:00
SHADOWFAX.NS,1285868,consolidated,2026-03-31,225.105,266.1,225.105,266.1,225.105,266.1,44.0,,,41.0,,,,,,0.1415472779369627,10.4,5.0,https://www.screener.in/company/SHADOWFAX/consolidated/,2026-07-24T13:30:05.610929+00:00
SHAH.NS,1266,consolidated,2026-03-31,33.2044,34.15,33.2044,34.15,33.2044,34.15,73.0,17.0,11.0,95.0,16.0,-2.0,44.22495703074083,,,0.7810457516339869,5.17,1.0,https://www.screener.in/company/SHAH/consolidated/,2026-07-24T13:30:05.610929+00:00
SHAHALLOYS.NS,2950,consolidated,2026-03-31,2.797,2.8,7.1106,3.4,7.1106,3.4,-60.0,14.0,7.0,2.0,36.0,22.0,,,-1.1495066343849336,0.5575221238938053,-5.79,18.0,https://www.screener.in/company/SHAHALLOYS/consolidated/,2026-07-24T13:30:05.610929+00:00
SHAILY.NS,2953,consolidated,2026-03-31,80.4433,80.3,69.5134,64.2,69.5134,64.2,18.0,,,69.0,55.0,38.0,68.9948851454348,,,0.2472067039106145,26.9,28.0,https://www.screener.in/company/SHAILY/consolidated/,2026-07-24T13:30:05.610929+00:00
SHAKTIPUMP.NS,2955,consolidated,2026-03-31,40.614,28.5,31.6651,24.7,30.8112,24.1,41.0,28.0,73.0,120.0,35.0,36.0,112.0115127046868,24.958664642052497,68.97131206448013,0.2961876832844575,18.0,16.0,https://www.screener.in/company/SHAKTIPUMP/consolidated/,2026-07-24T13:30:05.610929+00:00
SHALBY.NS,1274219,consolidated,2026-03-31,63.6183,42.75,45.6344,33.75,47.1377,36.8,12.0,-3.0,0.0,-17.0,-4.0,,-17.97689869689172,-2.515243847566384,-2.1500147965805905,0.5914512922465208,3.74,13.0,https://www.screener.in/company/SHALBY/consolidated/,2026-07-24T13:30:05.610929+00:00
SHALPAINTS.NS,2957,consolidated,2026-03-31,150.5019,150.5,150.5019,150.5,150.5019,150.5,6.0,-5.0,,-31.0,-9.0,-3.0,,,,0.6573705179282868,-21.3,-4.0,https://www.screener.in/company/SHALPAINTS/consolidated/,2026-07-24T13:30:05.610929+00:00
SHANKARA.NS,1273698,consolidated,2026-03-31,7.0414,6.1,8.1543,6.6,10.1691,7.7,-30.0,-20.0,-19.0,-58.0,1.0,,-61.40177534280957,-23.50347857574673,-21.80330137883936,0.4295302013422818,0.71,2.0,https://www.screener.in/company/SHANKARA/consolidated/,2026-07-24T13:30:05.610929+00:00
SHANTI.NS,1274112,consolidated,2026-03-31,3.8187,3.85,3.8187,3.85,3.9131,3.9,-55.0,,,-19.0,-20.0,,,,,4.040000000000001,-96.8,-52.23,https://www.screener.in/company/SHANTI/consolidated/,2026-07-24T13:30:05.610929+00:00
SHARDACROP.NS,1059828,consolidated,2026-03-31,22.9767,20.05,19.2664,17.2,18.2683,17.2,9.0,24.0,14.0,26.0,20.0,9.0,25.809000866387933,24.333490673143675,14.544668967073871,0.0,23.2,20.0,https://www.screener.in/company/SHARDACROP/consolidated/,2026-07-24T13:30:05.610929+00:00
SHARDAMOTR.NS,413316,consolidated,2026-03-31,16.7611,16.3,16.067,15.7,15.9682,15.8,8.0,39.0,27.0,18.0,21.0,25.0,19.78321540633774,39.96917337346277,26.07603200974058,0.0373191165270373,27.9,12.0,https://www.screener.in/company/SHARDAMOTR/consolidated/,2026-07-24T13:30:05.610929+00:00
SHAREINDIA.NS,1274160,consolidated,2026-03-31,11.8516,12.0,14.2375,12.9,12.4076,12.3,11.0,32.0,48.0,0.0,12.0,,-9.904581521793896,24.40520508446451,18.70780640136089,0.2637571157495256,13.0,39.0,https://www.screener.in/company/SHAREINDIA/consolidated/,2026-07-24T13:30:05.610929+00:00
SHBAJRG.NS,3031,consolidated,2026-03-31,5.5631,5.4,4.6774,4.3,7.7991,5.4,-20.0,8.0,39.0,9.0,-13.0,21.0,9.01311304690786,7.533739737907674,,0.2708333333333333,12.3,1.0,https://www.screener.in/company/SHBAJRG/consolidated/,2026-07-24T13:30:05.610929+00:00
SHILPAMED.NS,2981,consolidated,2026-03-31,92.9263,73.6,95.3582,78.6,59.4897,42.7,14.0,18.0,8.0,109.0,14.0,8.0,,6.546315660030633,6.336051911264407,0.2546296296296296,9.4,28.0,https://www.screener.in/company/SHILPAMED/consolidated/,2026-07-24T13:30:05.610929+00:00
SHINDL.NS,1268805,consolidated,2026-03-31,47.5357,31.35,47.5357,31.35,47.5357,31.35,17.0,,,35.0,49.0,,34.89329390678275,,,0.8181818181818182,10.9,7.0,https://www.screener.in/company/SHINDL/consolidated/,2026-07-24T13:30:05.610929+00:00
SHIVATEX.NS,2990,consolidated,2026-03-31,18.6348,19.05,20.8974,20.35,25.757,20.7,-6.0,,,53.0,-4.0,-2.0,,,,0.503448275862069,7.27,10.0,https://www.screener.in/company/SHIVATEX/consolidated/,2026-07-24T13:30:05.610929+00:00
SHIVAUM.NS,1274697,consolidated,2026-03-31,60.1071,65.55,59.2306,61.55,59.2306,61.55,5.0,,,-20.0,49.0,,-20.504520434722227,,,0.8016528925619835,6.08,3.0,https://www.screener.in/company/SHIVAUM/consolidated/,2026-07-24T13:30:05.610929+00:00
SHK.NS,1273122,consolidated,2026-03-31,27.6529,27.0,23.2291,23.1,25.7996,23.65,12.0,-18.0,-4.0,-11.0,-3.0,-5.0,4.195567646862419,-13.356894605606708,-0.0994538204051043,0.7560617193240264,3.71,10.0,https://www.screener.in/company/SHK/consolidated/,2026-07-24T13:30:05.610929+00:00
SHOPERSTOP.NS,2994,consolidated,2026-03-31,192.5643,149.8,181.3758,114.65,149.9708,96.05,8.0,14.0,,,9.0,1.0,,,,11.398625429553263,-6.37,15.0,https://www.screener.in/company/SHOPERSTOP/consolidated/,2026-07-24T13:30:05.610929+00:00
SHRADHA.NS,1274214,consolidated,2026-03-31,17.4904,17.1,26.9421,20.4,25.139,19.45,9.0,75.0,12.0,36.0,29.0,,23.79411849273856,73.69357651553862,-0.8064214601179343,0.3434343434343434,11.9,22.0,https://www.screener.in/company/SHRADHA/consolidated/,2026-07-24T13:30:05.610929+00:00
SHREDIGCEM.NS,2999,consolidated,2026-03-31,28.8675,25.2,24.5916,20.5,24.4285,20.6,1.0,-14.0,,-25.0,-4.0,12.0,-24.96298123781924,-14.915686536794148,,1.4043715846994536,6.84,9.0,https://www.screener.in/company/SHREDIGCEM/consolidated/,2026-07-24T13:30:05.610929+00:00
SHREECEM.NS,2998,consolidated,2026-03-31,58.7955,54.6,53.7881,52.3,51.4174,49.8,5.0,-6.0,4.0,10.0,-1.0,5.0,11.12183270781848,-5.272131095843946,14.72254995591511,0.0802853827309064,7.51,22.0,https://www.screener.in/company/SHREECEM/consolidated/,2026-07-24T13:30:05.610929+00:00
SHREEJISPG.NS,1285602,consolidated,2026-03-31,39.1391,37.8,39.1391,37.8,39.1391,37.8,-5.0,,,10.0,,,,,,0.3615084525357607,27.5,30.0,https://www.screener.in/company/SHREEJISPG/consolidated/,2026-07-24T13:30:05.610929+00:00
SHREEPUSHK.NS,1273007,consolidated,2026-03-31,17.9548,18.0,16.5521,16.4,14.8489,14.95,13.0,20.0,,24.0,17.0,12.0,22.5822546383839,18.54675166298969,,0.2131147540983606,12.2,10.0,https://www.screener.in/company/SHREEPUSHK/consolidated/,2026-07-24T13:30:05.610929+00:00
SHRIKRISH.NS,3037,consolidated,2026-03-31,22.2822,20.8,26.3713,21.7,25.0973,21.2,-12.0,5.0,7.0,-2.0,20.0,11.0,-1.775524335960954,5.2842509955568495,6.602874477018861,0.5017555409260478,5.13,39.88,https://www.screener.in/company/SHRIKRISH/consolidated/,2026-07-24T13:30:05.610929+00:00
SHRIPISTON.NS,1273371,consolidated,2026-03-31,20.4025,20.4,16.5667,16.9,18.6762,18.1,20.0,45.0,20.0,25.0,55.0,,23.43126959976498,44.58664559844219,19.85737338644853,0.6783867631851086,21.4,20.0,https://www.screener.in/company/SHRIPISTON/consolidated/,2026-07-24T13:30:05.610929+00:00
SHRIRAMFIN.NS,3046,consolidated,2026-03-31,15.0605,14.6,13.487,13.6,14.7021,13.8,16.0,32.0,24.0,19.0,29.0,16.0,18.38807806540874,24.64335519854899,19.007754431837355,,16.4,,https://www.screener.in/company/SHRIRAMFIN/consolidated/,2026-07-24T13:30:05.610929+00:00
SHRIRAMPPS.NS,1275120,consolidated,2026-03-31,23.2025,23.5,21.1947,21.1,21.1947,21.1,23.0,28.0,,16.0,,,15.058467466298664,,,0.421917808219178,7.16,7.0,https://www.screener.in/company/SHRIRAMPPS/consolidated/,2026-07-24T13:30:05.610929+00:00
SHYAMMETL.NS,1274880,consolidated,2026-03-31,21.8611,23.1,16.0877,16.8,16.309,17.0,14.0,5.0,,9.0,19.0,,4.673941372442925,1.2112949136191764,,0.0872168706066128,9.7,13.0,https://www.screener.in/company/SHYAMMETL/consolidated/,2026-07-24T13:30:05.610929+00:00
SICAGEN.NS,3056,consolidated,2026-03-31,18.0299,17.2,19.3417,17.4,21.0413,18.4,3.0,47.0,32.0,16.0,16.0,9.0,0.5158529006794144,,32.69520923681495,0.3212121212121212,3.74,4.0,https://www.screener.in/company/SICAGEN/consolidated/,2026-07-24T13:30:05.610929+00:00
SICALLOG.NS,3057,consolidated,2026-03-31,87.4331,91.9,89.0117,93.2,89.0117,93.2,-1.0,15.0,-23.0,26.0,50.0,-3.0,,,18.52443471987648,3.674242424242424,2.05,20.0,https://www.screener.in/company/SICALLOG/consolidated/,2026-07-24T13:30:05.610929+00:00
SIEMENS.NS,3061,consolidated,2026-03-31,61.6643,65.9,55.464,49.8,43.9989,42.5,15.0,30.0,16.0,23.0,27.0,17.0,35.64091956958491,19.835694482218138,16.239951715528235,0.0221820809248554,19.2,12.0,https://www.screener.in/company/SIEMENS/consolidated/,2026-07-24T13:30:05.610929+00:00
SIGMA.NS,1274800,consolidated,2026-03-31,25.2369,23.2,32.3729,26.3,30.5607,25.7,20.0,51.0,,27.0,35.0,,26.72463368759066,50.54742999209685,,0.0259740259740259,37.8,30.0,https://www.screener.in/company/SIGMA/consolidated/,2026-07-24T13:30:05.610929+00:00
SIGNATURE.NS,1275340,consolidated,2026-03-31,795.0974,313.2,795.0974,313.2,795.0974,313.2,19.0,20.0,,37.0,,,,,,1.6102702702702705,2.79,-2.0,https://www.screener.in/company/SIGNATURE/consolidated/,2026-07-24T13:30:05.610929+00:00
SIGNPOST.NS,1284684,consolidated,2026-03-31,29.9363,29.6,29.9363,29.6,29.9363,29.6,20.0,,,26.0,,,,,,0.7048611111111112,27.6,25.0,https://www.screener.in/company/SIGNPOST/consolidated/,2026-07-24T13:30:05.610929+00:00
SIKA.NS,3064,consolidated,2026-03-31,59.2675,54.6,44.3421,46.2,38.2339,37.85,52.0,25.0,35.0,60.0,64.0,46.0,60.59890998893158,25.101524789048213,35.56457049072952,0.0,25.1,21.0,https://www.screener.in/company/SIKA/consolidated/,2026-07-24T13:30:05.610929+00:00
SIKKO.NS,1274060,consolidated,2026-03-31,37.8452,35.7,37.8452,35.7,37.8452,35.7,,,,,39.0,,,,,0.1359527121001391,6.08,9.77,https://www.screener.in/company/SIKKO/consolidated/,2026-07-24T13:30:05.610929+00:00
SIL.NS,3181,consolidated,2026-03-31,11.8958,9.0,11.9081,7.8,11.1134,8.7,18.0,,-5.0,,-2.0,-3.0,,,,0.0347826086956521,-16.6,-39.0,https://www.screener.in/company/SIL/consolidated/,2026-07-24T13:30:05.610929+00:00
SILGO.NS,1274578,consolidated,2026-03-31,35.7065,37.05,35.7065,37.05,35.7065,37.05,,,,,18.0,,,,,0.14644412191582,5.81,18.63,https://www.screener.in/company/SILGO/consolidated/,2026-07-24T13:30:05.610929+00:00
SILINV.NS,3066,consolidated,2026-03-31,16.1185,15.6,15.018,13.7,12.1161,11.8,13.0,13.0,11.0,10.0,5.0,15.0,10.433344397316224,13.24791334457851,10.964266353546414,0.0,1.32,83.0,https://www.screener.in/company/SILINV/consolidated/,2026-07-24T13:30:05.610929+00:00
SILLYMONKS.NS,1274253,consolidated,2026-03-31,17.5353,16.7,17.5353,16.7,17.5353,16.7,6.0,10.0,,16.0,-6.0,,,,,0.0,-20.3,-6.63,https://www.screener.in/company/SILLYMONKS/consolidated/,2026-07-24T13:30:05.610929+00:00
SILVERTUC.NS,1274204,consolidated,2026-03-31,55.607,53.0,67.3196,60.05,55.2584,49.05,28.0,105.0,28.0,54.0,84.0,,54.81457279159197,103.9068540626754,17.757517595680984,0.1952662721893491,23.6,18.0,https://www.screener.in/company/SILVERTUC/consolidated/,2026-07-24T13:30:05.610929+00:00
SIMPLEXINF.NS,3075,consolidated,2026-03-31,22.2803,18.3,22.2803,18.3,14.3137,12.8,-18.0,16.0,-11.0,28.0,37.0,-3.0,,,-13.569082039380175,1.6823770491803278,5.26,5.0,https://www.screener.in/company/SIMPLEXINF/consolidated/,2026-07-24T13:30:05.610929+00:00
SINDHUTRAD.NS,3083,consolidated,2026-03-31,53.5272,38.0,53.5272,38.0,39.3193,29.1,-24.0,27.0,3.0,140.0,49.0,,,,,0.2641186537364517,3.42,4.0,https://www.screener.in/company/SINDHUTRAD/consolidated/,2026-07-24T13:30:05.610929+00:00
SINGERIND.NS,3085,consolidated,2020-03-31,54.6879,53.4,50.431,49.2,41.871,44.8,,,,,1.0,6.0,,,,0.3076923076923077,13.0,3.0,https://www.screener.in/company/SINGERIND/consolidated/,2026-07-24T13:30:05.610929+00:00
SIRCA.NS,1274355,consolidated,2026-03-31,40.5325,39.9,41.2287,41.1,41.0366,40.8,23.0,32.0,,12.0,18.0,,10.833189238872489,30.45855734423764,,0.0673684210526315,15.8,20.0,https://www.screener.in/company/SIRCA/consolidated/,2026-07-24T13:30:05.610929+00:00
SIS.NS,1274119,consolidated,2026-03-31,21.8987,18.75,19.4335,17.6,25.0625,22.3,12.0,-10.0,17.0,0.0,-2.0,,-25.69948716896103,-16.924534694266057,-16.76276033912256,0.7026708562450903,13.9,4.0,https://www.screener.in/company/SIS/consolidated/,2026-07-24T13:30:05.610929+00:00
SIYSIL.NS,3093,consolidated,2026-03-31,13.7096,12.6,13.073,12.1,16.1872,13.55,5.0,118.0,9.0,-6.0,9.0,11.0,-1.6839718544774174,131.82687003834803,,0.2410958904109589,14.9,13.0,https://www.screener.in/company/SIYSIL/consolidated/,2026-07-24T13:30:05.610929+00:00
SJS.NS,1275092,consolidated,2026-03-31,31.8395,31.0,29.1688,28.6,29.1688,28.6,30.0,,,38.0,,,34.16716280288015,,,0.0264976958525345,22.0,28.0,https://www.screener.in/company/SJS/consolidated/,2026-07-24T13:30:05.610929+00:00
SJVN.NS,3095,consolidated,2026-03-31,46.493,47.2,31.4739,36.5,19.6412,9.3,16.0,-19.0,-7.0,-23.0,20.0,9.0,-22.18968588488831,-17.206790913432634,-7.11548397630577,2.266872673642812,4.52,73.0,https://www.screener.in/company/SJVN/consolidated/,2026-07-24T13:30:05.610929+00:00
SKFINDIA.NS,3096,consolidated,2026-03-31,20.4357,20.8,20.8169,20.9,20.7699,20.9,-4.0,0.0,,-18.0,3.0,9.0,-20.28039337208584,-2.231477856230724,,0.0022573363431151,14.8,12.0,https://www.screener.in/company/SKFINDIA/consolidated/,2026-07-24T13:30:05.610929+00:00
SKIPPER.NS,988079,consolidated,2026-03-31,39.7146,38.4,40.4759,38.0,33.7411,34.6,41.0,60.0,,84.0,42.0,13.0,81.61586442178393,58.271843109911536,,0.635814889336016,16.5,10.0,https://www.screener.in/company/SKIPPER/consolidated/,2026-07-24T13:30:05.610929+00:00
SKMEGGPROD.NS,3097,consolidated,2026-03-31,12.9637,11.8,13.9789,13.3,19.2849,13.45,5.0,45.0,15.0,11.0,49.0,25.0,10.985799559534115,44.84434672195192,15.531743488820272,0.3594936708860759,29.7,21.0,https://www.screener.in/company/SKMEGGPROD/consolidated/,2026-07-24T13:30:05.610929+00:00
SKYGOLD.NS,1274565,consolidated,2026-03-31,38.8178,35.0,36.1845,33.8,36.1845,33.8,76.0,,,145.0,,,117.41786054067413,,,0.7247706422018348,29.2,7.0,https://www.screener.in/company/SKYGOLD/consolidated/,2026-07-24T13:30:05.610929+00:00
SMARTWORKS.NS,1285540,consolidated,2026-03-31,498.9054,496.75,498.9054,496.75,498.9054,496.75,36.0,17.0,,28.0,,,,,,9.015094339622642,3.3,64.0,https://www.screener.in/company/SMARTWORKS/consolidated/,2026-07-24T13:30:05.610929+00:00
SMCGLOBAL.NS,1274832,consolidated,2026-03-31,10.3274,9.1,8.6307,7.2,10.7693,7.3,16.0,-1.0,12.0,-5.0,10.0,,-5.276417908395303,1.0158666237117808,12.348825676793474,1.5613496932515338,8.07,20.0,https://www.screener.in/company/SMCGLOBAL/consolidated/,2026-07-24T13:30:05.610929+00:00
SMSPHARMA.NS,3107,consolidated,2026-03-31,38.1723,34.8,31.4601,32.4,24.7899,23.3,19.0,10.0,10.0,155.0,15.0,17.0,,8.092186923483036,8.469609060073013,0.464968152866242,14.3,19.0,https://www.screener.in/company/SMSPHARMA/consolidated/,2026-07-24T13:30:05.610929+00:00
SOBHA.NS,3110,consolidated,2026-03-31,192.358,161.9,142.6904,99.9,83.3985,48.4,16.0,25.0,3.0,23.0,18.0,15.0,22.9211279162342,25.45937406308669,3.7820865900125344,0.2239406779661017,4.16,6.0,https://www.screener.in/company/SOBHA/consolidated/,2026-07-24T13:30:05.610929+00:00
SOLARA.NS,1274371,consolidated,2026-03-31,91.8533,90.1,40.3309,30.9,29.3234,24.25,-2.0,,,25.0,-21.0,,,,,0.5482841181165203,-0.13,13.0,https://www.screener.in/company/SOLARA/consolidated/,2026-07-24T13:30:05.610929+00:00
SOLARINDS.NS,3115,consolidated,2026-03-31,91.1115,94.4,77.6138,75.0,58.8753,48.95,12.0,45.0,27.0,30.0,63.0,39.0,30.36081554284835,43.42959398085405,26.207872302348463,0.2427911422654134,32.6,28.0,https://www.screener.in/company/SOLARINDS/consolidated/,2026-07-24T13:30:05.610929+00:00
SOLARWORLD.NS,1285684,consolidated,2026-03-31,22.0303,21.8,22.0303,21.8,22.0303,21.8,81.0,,,101.0,,,-68.93698360640477,,,0.3010625737898465,20.8,11.0,https://www.screener.in/company/SOLARWORLD/consolidated/,2026-07-24T13:30:05.610929+00:00
SOLEX.NS,1274264,consolidated,2026-03-31,101.4605,52.5,103.8934,70.7,103.8934,70.7,115.0,,,228.0,86.0,,220.09452926850167,,,1.3399209486166008,46.3,11.0,https://www.screener.in/company/SOLEX/consolidated/,2026-07-24T13:30:05.610929+00:00
SOMANYCERA.NS,3123,consolidated,2026-03-31,31.6968,31.7,31.1138,31.3,32.7032,31.3,4.0,4.0,2.0,6.0,-7.0,-2.0,5.566719197800096,8.040996500105436,2.631958217294561,0.4441805225653206,10.4,9.0,https://www.screener.in/company/SOMANYCERA/consolidated/,2026-07-24T13:30:05.610929+00:00
SOMATEX.NS,3122,consolidated,2026-03-31,135.5206,63.55,135.5206,63.55,135.5206,63.55,150.0,13.0,6.0,-17.0,68.0,29.0,-61.00563918699744,,,0.0016699469195443,-2.06,-1.81,https://www.screener.in/company/SOMATEX/consolidated/,2026-07-24T13:30:05.610929+00:00
SONACOMS.NS,1274879,consolidated,2026-03-31,62.9497,63.9,79.8349,72.5,80.2368,72.75,19.0,24.0,,18.0,11.0,,15.08989680208861,22.30536441380373,,0.073875981948855,11.3,24.0,https://www.screener.in/company/SONACOMS/consolidated/,2026-07-24T13:30:05.610929+00:00
SONAL.NS,1253824,consolidated,2026-03-31,5.7363,5.5,5.5215,5.3,5.1628,5.0,16.0,13.0,,13.0,32.0,27.0,12.575571983887368,12.539289109308903,,,6.91,,https://www.screener.in/company/SONAL/consolidated/,2026-07-24T13:30:05.610929+00:00
SONATSOFTW.NS,3127,consolidated,2026-03-31,31.6108,31.4,28.6831,26.7,21.7981,18.8,13.0,16.0,13.0,4.0,0.0,17.0,0.90168799592254,13.738688445319893,11.333122618911665,0.3795275590551181,28.2,7.0,https://www.screener.in/company/SONATSOFTW/consolidated/,2026-07-24T13:30:05.610929+00:00
SOTL.NS,2916,consolidated,2026-03-31,18.821,19.6,14.3096,14.2,14.2249,13.8,6.0,-5.0,,-6.0,17.0,18.0,-6.706272280367842,-4.673312558662868,,0.0011019283746556,10.5,6.0,https://www.screener.in/company/SOTL/consolidated/,2026-07-24T13:30:05.610929+00:00
SOUTHBANK.NS,3131,consolidated,2026-03-31,6.4898,6.6,12.7579,6.9,13.9214,7.0,11.0,88.0,,23.0,35.0,10.0,23.38461970291359,87.48766916013714,,,13.5,,https://www.screener.in/company/SOUTHBANK/consolidated/,2026-07-24T13:30:05.610929+00:00
SOUTHWEST.NS,1274247,consolidated,2026-03-31,36.2274,34.3,38.851,36.4,27.1959,24.2,25.0,29.0,,54.0,33.0,,51.08251167602782,24.77664585472774,,0.392156862745098,17.7,25.0,https://www.screener.in/company/SOUTHWEST/consolidated/,2026-07-24T13:30:05.610929+00:00
SPAL.NS,1273461,consolidated,2026-03-31,20.265,19.5,17.1655,17.4,15.2188,15.8,13.0,18.0,14.0,7.0,27.0,,6.84977640816018,19.011430683540944,13.832174517652994,0.4429175475687104,11.2,13.0,https://www.screener.in/company/SPAL/consolidated/,2026-07-24T13:30:05.610929+00:00
SPANDANA.NS,1274685,consolidated,2026-03-31,22.4941,19.6,22.0546,19.7,22.3389,20.85,-10.0,,,,-16.0,,,,,,-29.4,,https://www.screener.in/company/SPANDANA/consolidated/,2026-07-24T13:30:05.610929+00:00
SPARC.NS,3244,consolidated,2026-03-31,4.72,4.65,4.72,4.65,4.72,4.65,99.0,,,108.0,-4.0,-5.0,,,,0.4177877428998505,279.0,85.0,https://www.screener.in/company/SPARC/consolidated/,2026-07-24T13:30:05.610929+00:00
SPCENET.NS,627811,consolidated,2026-03-31,107.9134,51.1,145.9877,41.15,94.3525,12.65,10.0,,13.0,81.0,12.0,,77.58080034852016,-22.630938020958325,,0.1412429378531073,9.8,9.0,https://www.screener.in/company/SPCENET/consolidated/,2026-07-24T13:30:05.610929+00:00
SPECIALITY.NS,3142,consolidated,2026-03-31,22.8592,25.7,26.9302,26.55,26.9302,26.55,8.0,22.0,,-33.0,14.0,4.0,-39.69497789217436,,,0.4046242774566474,7.24,17.0,https://www.screener.in/company/SPECIALITY/consolidated/,2026-07-24T13:30:05.610929+00:00
SPECTRUM.NS,1274564,consolidated,2026-03-31,118.949,125.5,98.2986,97.6,89.4762,86.25,28.0,50.0,,74.0,114.0,,71.64770464241019,48.53534531781816,,1.0163265306122449,20.4,15.0,https://www.screener.in/company/SPECTRUM/consolidated/,2026-07-24T13:30:05.610929+00:00
SPENCERS.NS,1274620,consolidated,2026-03-31,452.1143,452.7,452.1143,452.7,452.1143,452.7,-10.0,-11.0,,-7.0,-18.0,,,,,,,-1.0,https://www.screener.in/company/SPENCERS/consolidated/,2026-07-24T13:30:05.610929+00:00
SPIC.NS,3136,consolidated,2026-03-31,9.0357,9.6,8.09,7.4,13.1155,9.9,1.0,23.0,33.0,-11.0,1.0,11.0,-11.092386526951536,23.31593324327601,21.181235649580167,0.5131386861313869,16.5,10.0,https://www.screener.in/company/SPIC/consolidated/,2026-07-24T13:30:05.610929+00:00
SPLPETRO.NS,3281,consolidated,2026-03-31,40.8571,41.35,40.8571,41.35,40.8571,41.35,,,,,15.0,23.0,147.13981597267397,82.7079896110873,,0.055952881783761,13.7,10.0,https://www.screener.in/company/SPLPETRO/consolidated/,2026-07-24T13:30:05.610929+00:00
SPMLINFRA.NS,3154,consolidated,2026-03-31,40.8342,36.2,51.9908,38.8,33.9008,24.7,-1.0,56.0,23.0,476.0,76.0,10.0,372.1019814326291,,,0.3772391991570074,8.69,8.0,https://www.screener.in/company/SPMLINFRA/consolidated/,2026-07-24T13:30:05.610929+00:00
SRF.NS,3108,consolidated,2026-03-31,58.2312,59.5,49.9402,46.5,36.6636,31.85,2.0,10.0,16.0,-4.0,11.0,25.0,-5.322851510701787,8.890484812668253,15.253440957820509,0.3619854721549637,14.3,22.0,https://www.screener.in/company/SRF/consolidated/,2026-07-24T13:30:05.610929+00:00
SRHHYPOLTD.NS,3158,consolidated,2026-03-31,9.8376,9.5,9.2774,8.8,14.2508,9.6,-26.0,11.0,14.0,-11.0,7.0,16.0,-16.391050322541233,8.276600450251937,,0.0123583934088568,10.6,13.0,https://www.screener.in/company/SRHHYPOLTD/consolidated/,2026-07-24T13:30:05.610929+00:00
SRM.NS,1284734,consolidated,2026-03-31,18.1851,17.9,18.1851,17.9,18.1851,17.9,51.0,68.0,,81.0,,,62.87178890398113,-38.34992751175188,,0.3638814016172507,34.3,16.0,https://www.screener.in/company/SRM/consolidated/,2026-07-24T13:30:05.610929+00:00
SSDL.NS,1284902,consolidated,2024-03-31,10.4901,10.0,10.4901,10.0,10.4901,10.0,,,,,,,,,,0.6615384615384615,58.9,7.0,https://www.screener.in/company/SSDL/consolidated/,2026-07-24T13:30:05.610929+00:00
SSWL.NS,3196,consolidated,2026-03-31,17.449,17.0,17.3217,16.9,17.3217,16.9,9.0,,,-1.0,18.0,19.0,-0.7596603723609596,,,0.4587257617728532,11.1,10.0,https://www.screener.in/company/SSWL/consolidated/,2026-07-24T13:30:05.610929+00:00
STANLEY.NS,1284815,consolidated,2026-03-31,55.8147,57.4,55.8147,57.4,55.8147,57.4,0.0,58.0,,-24.0,,,-63.78379069981504,8.652960720047997,,0.6630901287553648,3.08,18.0,https://www.screener.in/company/STANLEY/consolidated/,2026-07-24T13:30:05.610929+00:00
STAR.NS,3217,consolidated,2026-03-31,31.4939,21.4,33.6457,22.1,18.9754,14.85,10.0,20.0,16.0,71.0,23.0,7.0,,15.053469026090038,17.382377820363494,0.5658191181203733,20.0,19.0,https://www.screener.in/company/STAR/consolidated/,2026-07-24T13:30:05.610929+00:00
STARCEMENT.NS,1274083,consolidated,2026-03-31,35.5669,30.0,28.7808,23.5,22.8807,19.25,12.0,10.0,12.0,18.0,13.0,,16.64983314441626,16.46928181354006,11.762545885878373,0.1889689752428705,13.2,25.0,https://www.screener.in/company/STARCEMENT/consolidated/,2026-07-24T13:30:05.610929+00:00
STARTECK.NS,2284,consolidated,2026-03-31,18.6128,17.3,15.6531,15.1,14.8192,14.4,8.0,-9.0,15.0,28.0,13.0,19.0,2.653748853367821,-8.899007026519467,15.232927259772078,,9.5,,https://www.screener.in/company/STARTECK/consolidated/,2026-07-24T13:30:05.610929+00:00
STCINDIA.NS,3191,consolidated,2025-09-30,18.1178,17.1,19.3682,16.2,19.3682,16.2,,26.0,8.0,-7.0,1.0,1.0,,,,,,-37.0,https://www.screener.in/company/STCINDIA/consolidated/,2026-07-24T13:30:05.610929+00:00
STEELCITY.NS,1273643,consolidated,2026-03-31,9.8115,9.3,8.8188,8.6,9.7615,8.3,4.0,6.0,13.0,8.0,-1.0,,8.433233915018823,6.208339574306843,10.87308290226181,0.072463768115942,10.7,32.0,https://www.screener.in/company/STEELCITY/consolidated/,2026-07-24T13:30:05.610929+00:00
STEELXIND.NS,3194,consolidated,2026-03-31,52.6,52.6,52.6,52.6,52.6,52.6,,,,,9.0,8.0,,,,,,12.0,https://www.screener.in/company/STEELXIND/consolidated/,2026-07-24T13:30:05.610929+00:00
STEL.NS,100066,consolidated,2026-03-31,47.1242,46.8,42.3067,44.8,34.1765,33.9,17.0,18.0,21.0,17.0,38.0,35.0,17.45767427299212,18.06682532033928,,0.0,1.18,97.0,https://www.screener.in/company/STEL/consolidated/,2026-07-24T13:30:05.610929+00:00
STOVEKRAFT.NS,1274828,consolidated,2021-03-31,24.6732,23.5,25.2792,23.75,25.2792,23.75,18.0,31.0,,104.0,1.0,,,,,0.1721854304635761,67.5,13.0,https://www.screener.in/company/STOVEKRAFT/consolidated/,2026-07-24T13:30:05.610929+00:00
STUDDS.NS,1285751,consolidated,2026-03-31,25.4295,24.35,25.4295,24.35,25.4295,24.35,8.0,2.0,,36.0,,,7.615079249182299,-10.996662996231542,,0.0152963671128107,17.0,19.0,https://www.screener.in/company/STUDDS/consolidated/,2026-07-24T13:30:05.610929+00:00
STYL.NS,1285680,consolidated,2026-03-31,20.2597,19.3,20.2597,19.3,20.2597,19.3,,,,,,,,,,0.0589060308555399,23.3,26.0,https://www.screener.in/company/STYL/consolidated/,2026-07-24T13:30:05.610929+00:00
STYLAMIND.NS,3219,consolidated,2026-03-31,26.3592,26.4,26.1621,26.4,26.0334,26.2,6.0,22.0,,16.0,27.0,30.0,16.015946576132922,22.081474272524314,,0.0359801488833746,20.5,20.0,https://www.screener.in/company/STYLAMIND/consolidated/,2026-07-24T13:30:05.610929+00:00
STYRENIX.NS,3220,consolidated,2026-03-31,59.7382,22.5,73.8659,75.5,72.0466,70.1,,,,,12.0,15.0,,,,0.2384784198975859,14.6,10.0,https://www.screener.in/company/STYRENIX/consolidated/,2026-07-24T13:30:05.610929+00:00
SUBROS.NS,3225,consolidated,2026-03-31,38.8382,37.3,42.0716,41.9,41.8948,41.15,10.0,29.0,22.0,54.0,20.0,23.0,51.16750805233868,28.453285254571448,20.32863233933906,0.0241157556270096,14.7,9.0,https://www.screener.in/company/SUBROS/consolidated/,2026-07-24T13:30:05.610929+00:00
SUDARSCHEM.NS,3229,consolidated,2026-03-31,59.5376,55.6,47.4736,47.9,38.6753,31.5,62.0,-35.0,-13.0,-28.0,7.0,14.0,-24.001558471292427,-32.57470859944283,-11.915458794673784,0.7168115942028985,0.49,6.0,https://www.screener.in/company/SUDARSCHEM/consolidated/,2026-07-24T13:30:05.610929+00:00
SUDEEPPHRM.NS,1285775,consolidated,2026-03-31,43.0894,41.5,43.0894,41.5,43.0894,41.5,14.0,39.0,,40.0,,,-67.4091338138798,-42.16482019846768,,0.1698754246885617,25.2,35.0,https://www.screener.in/company/SUDEEPPHRM/consolidated/,2026-07-24T13:30:05.610929+00:00
SUKHJITS.NS,3236,consolidated,2026-03-31,17.472,15.1,14.6222,13.4,14.1268,13.65,0.0,8.0,2.0,-24.0,5.0,8.0,-24.76232011459414,4.057640591732792,1.315859522054419,0.6073943661971831,4.87,6.0,https://www.screener.in/company/SUKHJITS/consolidated/,2026-07-24T13:30:05.610929+00:00
SULA.NS,1275376,consolidated,2026-03-31,42.7892,43.3,44.5521,44.9,44.5521,44.9,2.0,32.0,,-32.0,,,-32.71560566368337,8.953623599959037,,0.5663265306122449,4.61,19.0,https://www.screener.in/company/SULA/consolidated/,2026-07-24T13:30:05.610929+00:00
SUMEETINDS.NS,3239,consolidated,2026-03-31,91.6466,64.65,54.9658,50.5,33.8889,8.2,1.0,42.0,3.0,35.0,76.0,31.0,,,3.3690815619549674,0.7594339622641509,14.7,5.0,https://www.screener.in/company/SUMEETINDS/consolidated/,2026-07-24T13:30:05.610929+00:00
SUMICHEM.NS,1274728,consolidated,2026-03-31,51.6777,51.7,50.8613,51.4,51.8586,51.8,-3.0,8.0,,2.0,4.0,,2.6463800885048627,9.472380038459429,,0.0185840707964601,16.2,21.0,https://www.screener.in/company/SUMICHEM/consolidated/,2026-07-24T13:30:05.610929+00:00
SUMMITSEC.NS,3241,consolidated,2026-03-31,24.3987,24.3,22.6161,21.8,24.1678,15.15,42.0,42.0,8.0,41.0,18.0,15.0,41.33881421408863,41.71537154273368,7.647489266012619,0.0,1.14,97.0,https://www.screener.in/company/SUMMITSEC/consolidated/,2026-07-24T13:30:05.610929+00:00
SUNDARAM.NS,3254,consolidated,2020-03-31,188.1347,212.5,188.1347,212.5,188.1347,212.5,-1.0,13.0,,,-11.0,-12.0,,,,0.4042702485966319,-3.08,6.79,https://www.screener.in/company/SUNDARAM/consolidated/,2026-07-24T13:30:05.610929+00:00
SUNDARMFIN.NS,3253,consolidated,2026-03-31,28.5503,28.3,25.6421,24.4,24.269,23.6,21.0,13.0,14.0,17.0,12.0,13.0,15.746006297836889,12.060925439159307,13.44479427226366,,15.0,,https://www.screener.in/company/SUNDARMFIN/consolidated/,2026-07-24T13:30:05.610929+00:00
SUNDRMFAST.NS,3256,consolidated,2026-03-31,42.7854,40.6,41.5284,40.0,37.4533,36.45,4.0,11.0,12.0,7.0,4.0,17.0,6.117682747426989,10.480475281773916,16.708328245235183,0.1461988304093567,14.9,16.0,https://www.screener.in/company/SUNDRMFAST/consolidated/,2026-07-24T13:30:05.610929+00:00
SUNDROP.NS,93,consolidated,2026-03-31,160.5887,114.1,140.589,111.05,94.1349,65.8,22.0,-8.0,-1.0,9.0,-7.0,3.0,-4.804401348146737,-16.080493719296427,-5.617727292163144,0.0087897227856659,1.38,4.0,https://www.screener.in/company/SUNDROP/consolidated/,2026-07-24T13:30:05.610929+00:00
SUNFLAG.NS,3257,consolidated,2026-03-31,25.6089,26.1,18.7602,21.4,15.5738,12.2,4.0,8.0,14.0,-2.0,33.0,28.0,-43.38653221394135,7.561544744615145,13.663890286028945,0.0590622182146077,2.36,12.0,https://www.screener.in/company/SUNFLAG/consolidated/,2026-07-24T13:30:05.610929+00:00
SUNPHARMA.NS,3245,consolidated,2026-03-31,35.9752,35.5,32.9682,33.1,31.0381,30.45,10.0,17.0,10.0,13.0,23.0,9.0,10.642885152692315,31.64402736636669,9.737717121198376,0.0553667584061266,16.0,28.0,https://www.screener.in/company/SUNPHARMA/consolidated/,2026-07-24T13:30:05.610929+00:00
SUNTECK.NS,3267,consolidated,2026-03-31,47.7292,36.4,99.6505,101.5,70.3533,34.8,46.0,35.0,24.0,425.0,-4.0,9.0,418.2584737879247,37.2317622807502,22.56226681443736,0.2143450567709775,5.95,29.0,https://www.screener.in/company/SUNTECK/consolidated/,2026-07-24T13:30:05.610929+00:00
SUNTV.NS,3248,consolidated,2026-03-31,14.0834,13.8,12.913,13.0,18.1713,14.2,5.0,0.0,7.0,-4.0,-2.0,1.0,-5.509693304508545,-1.14748082252909,4.559126163656146,0.0083840860555247,12.3,50.0,https://www.screener.in/company/SUNTV/consolidated/,2026-07-24T13:30:05.610929+00:00
SUPERHOUSE.NS,1271340,consolidated,2026-03-31,25.7866,23.4,18.2111,12.2,13.5475,8.6,-4.0,-32.0,-18.0,-48.0,-1.0,-1.0,-48.20704764453669,-31.49015095761676,-18.3364459922567,0.3892473118279569,0.8,6.0,https://www.screener.in/company/SUPERHOUSE/consolidated/,2026-07-24T13:30:05.610929+00:00
SUPRAJIT.NS,3277,consolidated,2026-03-31,42.8516,40.6,37.5536,36.8,32.0011,30.7,12.0,6.0,10.0,7.0,9.0,10.0,6.619222404593206,5.482596260493655,9.28797189311219,0.6910229645093946,13.8,10.0,https://www.screener.in/company/SUPRAJIT/consolidated/,2026-07-24T13:30:05.610929+00:00
SUPREME.NS,3278,consolidated,2026-03-31,33.549,26.9,29.0946,25.8,27.1201,25.0,-63.0,-21.0,14.0,-68.0,18.0,1.0,-69.04077838197995,-23.023235077916127,,0.0106066735853371,0.07,-77.17,https://www.screener.in/company/SUPREME/consolidated/,2026-07-24T13:30:05.610929+00:00
SUPREMEIND.NS,3279,consolidated,2026-03-31,55.2242,55.6,45.2801,47.9,39.8667,37.6,7.0,-1.0,15.0,3.0,10.0,14.0,3.305100823854623,-0.4984508518614094,11.45892034739131,0.0147511752309936,15.8,14.0,https://www.screener.in/company/SUPREMEIND/consolidated/,2026-07-24T13:30:05.610929+00:00
SURAJEST.NS,1284586,consolidated,2026-03-31,21.2807,15.3,21.2807,15.3,21.2807,15.3,22.0,70.0,,41.0,,,25.02929337594486,14.894162023592129,,0.649546827794562,9.52,39.0,https://www.screener.in/company/SURAJEST/consolidated/,2026-07-24T13:30:05.610929+00:00
SURAJLTD.NS,3283,consolidated,2026-03-31,36.6617,29.2,57.1531,55.4,64.7751,51.4,-18.0,,,-31.0,31.0,16.0,-28.122226085467062,84.57299595055024,,0.437956204379562,4.98,8.0,https://www.screener.in/company/SURAJLTD/consolidated/,2026-07-24T13:30:05.610929+00:00
SURAKSHA.NS,1285177,consolidated,2026-03-31,32.4616,43.95,32.4616,43.95,32.4616,43.95,18.0,32.0,,61.0,,,-59.70966528232249,-41.89768429070176,,0.5327868852459017,14.1,31.0,https://www.screener.in/company/SURAKSHA/consolidated/,2026-07-24T13:30:05.610929+00:00
SURANAT&P.NS,3287,consolidated,2026-03-31,20.256,12.1,21.4109,20.25,25.2121,26.6,30.0,50.0,32.0,288.0,22.0,11.0,67.41543446194709,48.90257776314668,31.318823858703617,0.3681318681318681,14.7,-5.0,https://www.screener.in/company/SURANAT&P/consolidated/,2026-07-24T13:30:05.610929+00:00
SURYALA.NS,3298,consolidated,2026-03-31,7.9006,7.9,8.2188,8.0,8.2188,8.0,0.0,,,2.0,2.0,11.0,1.6494223683381382,,,0.285234899328859,12.6,11.0,https://www.screener.in/company/SURYALA/consolidated/,2026-07-24T13:30:05.610929+00:00
SURYAROSNI.NS,3292,consolidated,2026-03-31,18.1936,18.2,16.4648,16.4,15.5399,15.3,-2.0,13.0,16.0,-5.0,12.0,19.0,-5.217800177257049,12.519208715745522,12.099860026203002,0.0303720577069096,11.2,6.0,https://www.screener.in/company/SURYAROSNI/consolidated/,2026-07-24T13:30:05.610929+00:00
SUVEN.NS,3303,consolidated,2026-03-31,3.1769,3.2,3.1769,3.2,3.1769,3.2,-19.0,,,,31.0,38.0,,,,0.0287648054145516,-78.8,-4001.0,https://www.screener.in/company/SUVEN/consolidated/,2026-07-24T13:30:05.610929+00:00
SUYOG.NS,694435,consolidated,2026-03-31,20.8129,21.1,20.8129,21.1,20.8129,21.1,,,,,15.0,12.0,,,,0.7571428571428571,14.2,74.0,https://www.screener.in/company/SUYOG/consolidated/,2026-07-24T13:30:05.610929+00:00
SUZLON.NS,3305,consolidated,2026-03-31,72.5688,72.0,73.4727,77.9,58.9563,50.5,41.0,46.0,23.0,165.0,51.0,12.0,0.7257147922375751,87.70298717728902,9.502190444699664,0.0587489433643279,40.6,18.0,https://www.screener.in/company/SUZLON/consolidated/,2026-07-24T13:30:05.610929+00:00
SWANCORP.NS,3315,consolidated,2026-03-31,49.3232,47.2,49.3232,47.2,4502.8813,61.4,45.0,43.0,88.0,86.0,17.0,17.0,,,,0.2790605095541401,3.68,-5.0,https://www.screener.in/company/SWANCORP/consolidated/,2026-07-24T13:30:05.610929+00:00
SWELECTES.NS,2309,consolidated,2026-03-31,55.4068,51.6,39.7562,26.9,31.4557,22.05,39.0,19.0,13.0,206.0,19.0,9.0,115.2268239938247,16.169125942954476,12.822421723557763,0.8664495114006515,5.34,23.0,https://www.screener.in/company/SWELECTES/consolidated/,2026-07-24T13:30:05.610929+00:00
SWSOLAR.NS,1274686,consolidated,2026-03-31,39.6152,25.1,39.6152,25.1,23.3429,17.4,55.0,26.0,,32.0,-6.0,,,,,1.835130970724191,40.1,4.0,https://www.screener.in/company/SWSOLAR/consolidated/,2026-07-24T13:30:05.610929+00:00
SYMPHONY.NS,3327,consolidated,2026-03-31,45.2351,38.9,48.2329,49.2,57.354,54.7,-2.0,-30.0,-16.0,-45.0,-9.0,-6.0,,,,0.3174311926605505,2.96,11.0,https://www.screener.in/company/SYMPHONY/consolidated/,2026-07-24T13:30:05.610929+00:00
SYNCOMF.NS,3328,consolidated,2026-03-31,40.3134,40.2,48.2908,46.6,30.9232,22.0,30.0,,22.0,57.0,9.0,15.0,56.82738757241306,44.18109958630752,,0.0024096385542168,20.2,16.0,https://www.screener.in/company/SYNCOMF/consolidated/,2026-07-24T13:30:05.610929+00:00
SYNGENE.NS,1272977,consolidated,2026-03-31,57.7815,55.9,57.7805,56.3,53.3432,55.0,5.0,0.0,,-8.0,-8.0,7.0,-12.091730883665598,-4.928924549384261,,0.0946476544740649,7.78,25.0,https://www.screener.in/company/SYNGENE/consolidated/,2026-07-24T13:30:05.610929+00:00
SYRMA.NS,1275268,consolidated,2026-03-31,71.3261,72.8,66.9824,66.0,66.9824,66.0,33.0,36.0,,39.0,,,34.65355120666147,-55.23697076060179,,0.13971358714635,13.9,11.0,https://www.screener.in/company/SYRMA/consolidated/,2026-07-24T13:30:05.610929+00:00
TAALTECH.NS,1273408,consolidated,2026-03-31,21.0561,21.0,18.7927,18.5,13.9019,15.8,7.0,12.0,87.0,23.0,41.0,26.0,22.00980392010812,12.270319856242317,,0.0040816326530612,25.1,30.0,https://www.screener.in/company/TAALTECH/consolidated/,2026-07-24T13:30:05.610929+00:00
TAJGVK.NS,3341,consolidated,2026-03-31,20.8796,20.8,43.3059,20.6,75.8487,29.1,10.0,42.0,46.0,18.0,22.0,10.0,63.82920722551506,,60.690501616784864,0.1248780487804878,18.4,30.0,https://www.screener.in/company/TAJGVK/consolidated/,2026-07-24T13:30:05.610929+00:00
TALBROAUTO.NS,3345,consolidated,2026-03-31,20.9936,20.7,17.4314,17.7,16.3892,17.3,10.0,33.0,26.0,24.0,44.0,33.0,23.252791403094665,21.620046448860972,26.80066845392195,0.1130551816958277,15.1,16.0,https://www.screener.in/company/TALBROAUTO/consolidated/,2026-07-24T13:30:05.610929+00:00
TANLA.NS,3355,consolidated,2026-03-31,19.2669,17.7,23.4004,20.6,27.0583,22.95,10.0,8.0,50.0,4.0,-9.0,33.0,4.845024731375003,7.956723198631588,49.03764391839802,0.0213022508038585,21.4,17.0,https://www.screener.in/company/TANLA/consolidated/,2026-07-24T13:30:05.610929+00:00
TARACHAND.NS,1274302,consolidated,2026-03-31,16.1833,16.0,16.1833,16.0,16.1833,16.0,,,,,47.0,,,,,0.9261744966442952,20.5,36.0,https://www.screener.in/company/TARACHAND/consolidated/,2026-07-24T13:30:05.610929+00:00
TARC.NS,1274820,consolidated,2026-03-31,240.3811,192.8,175.0434,134.95,176.4363,140.5,-4.0,25.0,,-5.0,24.0,,-1.970958714277116,25.354177711631976,,1.7843691148775895,1.81,-80.0,https://www.screener.in/company/TARC/consolidated/,2026-07-24T13:30:05.610929+00:00
TARIL.NS,3458,consolidated,2026-03-31,113.274,77.6,79.5624,38.55,64.1779,32.9,22.0,106.0,44.0,87.0,76.0,33.0,78.84840134877362,100.78091489853529,,0.3016501650165016,19.1,15.0,https://www.screener.in/company/TARIL/consolidated/,2026-07-24T13:30:05.610929+00:00
TARMAT.NS,2777,consolidated,2026-03-31,78.3172,65.7,54.5613,34.7,46.0503,32.8,-7.0,4.0,24.0,8.0,-11.0,2.0,-10.558302220863135,-8.39431881857805,14.374339491922372,0.0802139037433155,3.47,6.0,https://www.screener.in/company/TARMAT/consolidated/,2026-07-24T13:30:05.610929+00:00
TARSONS.NS,1275103,consolidated,2026-03-31,48.3675,53.7,40.1754,37.0,40.1754,37.0,,-26.0,,,,,-47.80722566263606,,,0.6188976377952756,2.38,28.0,https://www.screener.in/company/TARSONS/consolidated/,2026-07-24T13:30:05.610929+00:00
TATACAP.NS,1285728,consolidated,2026-03-31,29.9202,30.0,29.9202,30.0,29.9202,30.0,32.0,34.0,,17.0,,,10.300847137713752,28.974313563577205,,,12.3,,https://www.screener.in/company/TATACAP/consolidated/,2026-07-24T13:30:05.610929+00:00
TATACHEM.NS,3362,consolidated,2026-03-31,44.1303,47.6,35.5133,34.2,23.3466,12.1,-5.0,3.0,-10.0,-51.0,-2.0,13.0,,,,0.3772988776761294,1.27,12.0,https://www.screener.in/company/TATACHEM/consolidated/,2026-07-24T13:30:05.610929+00:00
TATACOMM.NS,3364,consolidated,2026-03-31,43.4344,39.5,35.4295,34.2,41.6395,33.15,12.0,-4.0,49.0,-15.0,5.0,20.0,-17.692176153238204,-4.345142810595792,61.01563542281427,3.553524804177546,32.6,19.0,https://www.screener.in/company/TATACOMM/consolidated/,2026-07-24T13:30:05.610929+00:00
TATACONSUM.NS,3367,consolidated,2026-03-31,79.3268,79.1,79.3211,77.8,59.6483,67.75,14.0,12.0,68.0,13.0,7.0,24.0,7.698712116943152,11.738957706843012,,0.1294290435101891,7.35,14.0,https://www.screener.in/company/TATACONSUM/consolidated/,2026-07-24T13:30:05.610929+00:00
TATAELXSI.NS,3366,consolidated,2015-03-31,386.0242,390.3,403.1609,407.2,238.0994,239.55,16.0,16.0,,43.0,-4.0,16.0,43.44111026528934,15.877620069349495,,0.0,39.3,21.0,https://www.screener.in/company/TATAELXSI/consolidated/,2026-07-24T13:30:05.610929+00:00
TATAINVEST.NS,3368,consolidated,2026-03-31,88.0013,89.2,68.764,70.5,49.8496,39.1,13.0,23.0,8.0,20.0,40.0,29.0,19.835040333713817,23.03295292205958,9.274948794311012,3.422079255355554e-05,1.44,90.0,https://www.screener.in/company/TATAINVEST/consolidated/,2026-07-24T13:30:05.610929+00:00
TATAPOWER.NS,3371,consolidated,2026-03-31,32.572,31.8,32.3962,31.5,26.6628,25.05,4.0,27.0,118.0,6.0,25.0,18.0,3.959896346917224,27.146573666963224,16.95349180123531,1.9291831357048748,10.2,21.0,https://www.screener.in/company/TATAPOWER/consolidated/,2026-07-24T13:30:05.610929+00:00
TATASTEEL.NS,3373,consolidated,2026-03-31,59.3517,55.1,37.2096,26.8,26.421,11.5,-2.0,8.0,24.0,10.0,7.0,18.0,6.454898596741354,6.681313648606846,,0.9042254348272926,11.7,15.0,https://www.screener.in/company/TATASTEEL/consolidated/,2026-07-24T13:30:05.610929+00:00
TATATECH.NS,1284568,consolidated,2026-03-31,50.9281,47.3,50.9281,47.3,50.9281,47.3,8.0,21.0,,-1.0,,,-4.347518473802648,,,0.2391027275044608,16.3,16.0,https://www.screener.in/company/TATATECH/consolidated/,2026-07-24T13:30:05.610929+00:00
TATVA.NS,1274895,consolidated,2026-03-31,121.0817,87.2,96.0068,78.2,96.0068,78.2,6.0,-4.0,,-5.0,,,-4.309069654821718,-7.125502067705513,,0.1536491677336747,5.53,19.0,https://www.screener.in/company/TATVA/consolidated/,2026-07-24T13:30:05.610929+00:00
TBOTEK.NS,1284773,consolidated,2026-03-31,76.5278,75.0,76.5278,75.0,76.5278,75.0,36.0,91.0,,20.0,,,17.58415684248529,,,0.4874274661508704,17.6,14.0,https://www.screener.in/company/TBOTEK/consolidated/,2026-07-24T13:30:05.610929+00:00
TBZ.NS,3469,consolidated,2026-03-31,16.014,16.0,15.695,15.8,20.2435,16.4,10.0,36.0,25.0,71.0,25.0,14.0,71.41318921903957,36.15413588460357,,1.0572792362768495,27.1,11.0,https://www.screener.in/company/TBZ/consolidated/,2026-07-24T13:30:05.610929+00:00
TCC.NS,25,consolidated,2026-03-31,41.3805,39.2,41.3805,39.2,41.3805,39.2,431.0,,,325.0,,,,,,0.1771150334753499,5.35,54.0,https://www.screener.in/company/TCC/consolidated/,2026-07-24T13:30:05.610929+00:00
TCI.NS,3461,consolidated,2026-03-31,19.8217,19.9,19.1096,19.1,19.4015,18.8,9.0,24.0,22.0,12.0,17.0,16.0,13.26805938141906,25.520510740242685,17.895363040539024,0.1215900233826968,19.2,11.0,https://www.screener.in/company/TCI/consolidated/,2026-07-24T13:30:05.610929+00:00
TCIEXP.NS,1273600,consolidated,2026-03-31,31.0312,30.8,31.694,31.4,31.694,31.4,0.0,,,-16.0,-19.0,,-16.45050768896017,,,0.0769230769230769,10.4,10.0,https://www.screener.in/company/TCIEXP/consolidated/,2026-07-24T13:30:05.610929+00:00
TCPLPACK.NS,3384,consolidated,2026-03-31,22.7911,22.6,19.8517,19.8,18.1069,18.4,7.0,26.0,,3.0,42.0,17.0,-4.151977956057373,23.91820240657505,,0.8817802503477051,15.7,16.0,https://www.screener.in/company/TCPLPACK/consolidated/,2026-07-24T13:30:05.610929+00:00
TCS.NS,3365,consolidated,2026-03-31,26.365,28.1,28.8402,29.9,26.8466,26.75,6.0,9.0,8.0,8.0,-7.0,6.0,5.69441047959276,9.180220435004284,8.246313728126275,0.1052126072361059,51.8,27.0,https://www.screener.in/company/TCS/consolidated/,2026-07-24T13:30:05.610929+00:00
TDPOWERSYS.NS,3385,consolidated,2026-03-31,48.9223,45.7,39.0345,38.5,37.6608,34.6,29.0,43.0,40.0,36.0,94.0,36.0,35.075698360321475,39.23489785762153,,0.0167910447761194,24.7,18.0,https://www.screener.in/company/TDPOWERSYS/consolidated/,2026-07-24T13:30:05.610929+00:00
TEAMLEASE.NS,1273242,consolidated,2026-03-31,34.7841,34.8,43.141,39.7,55.6998,48.2,14.0,13.0,19.0,10.0,-20.0,2.0,8.55342648801438,12.941059222628915,19.096160022376687,0.1111111111111111,14.8,1.0,https://www.screener.in/company/TEAMLEASE/consolidated/,2026-07-24T13:30:05.610929+00:00
TECHM.NS,100068,consolidated,2026-03-31,39.4306,34.6,33.0,30.3,25.0216,20.45,2.0,2.0,5.0,1.0,7.0,12.0,-0.3371569760996507,1.4322497450161231,4.733158422822559,0.0738114532685035,17.5,17.0,https://www.screener.in/company/TECHM/consolidated/,2026-07-24T13:30:05.610929+00:00
TECHNOE.NS,1274597,consolidated,2026-03-31,44.4548,44.4,34.1184,31.8,36.0954,27.45,58.0,25.0,,34.0,26.0,,32.900300853218,19.77631618951716,,0.017320182824152,11.4,14.0,https://www.screener.in/company/TECHNOE/consolidated/,2026-07-24T13:30:05.610929+00:00
TECHNVISN.NS,3119,consolidated,2026-03-31,537.2515,178.6,317.9444,122.0,351.2012,128.1,21.0,-44.0,-6.0,0.0,90.0,49.0,0.0,-44.28603208843885,-6.562352546884254,1.3333333333333333,1.93,2.0,https://www.screener.in/company/TECHNVISN/consolidated/,2026-07-24T13:30:05.610929+00:00
TEGA.NS,1275116,consolidated,2026-03-31,55.4764,56.5,45.2793,45.8,45.2793,45.8,12.0,0.0,37.0,-8.0,,,-11.856214454981371,-4.3183505824273,,0.1168183152333431,5.94,14.0,https://www.screener.in/company/TEGA/consolidated/,2026-07-24T13:30:05.610929+00:00
TEJASNET.NS,1274086,consolidated,2026-03-31,81.4236,50.35,84.9234,56.6,48.9275,22.2,6.0,,,,20.0,,,,,1.4251108836574549,-26.8,-62.0,https://www.screener.in/company/TEJASNET/consolidated/,2026-07-24T13:30:05.610929+00:00
TEMBO.NS,1274396,consolidated,2026-03-31,20.3153,17.5,46.8862,27.1,52.7836,31.6,63.0,105.0,,136.0,22.0,,111.44114593242084,93.40467574806256,,0.8520971302428256,27.5,13.0,https://www.screener.in/company/TEMBO/consolidated/,2026-07-24T13:30:05.610929+00:00
TENNIND.NS,1285764,consolidated,2026-03-31,35.6107,36.55,35.6107,36.55,35.6107,36.55,4.0,,,18.0,,,-5.650327549317947,,,0.0425709515859766,44.4,17.0,https://www.screener.in/company/TENNIND/consolidated/,2026-07-24T13:30:05.610929+00:00
TERASOFT.NS,3399,consolidated,2026-03-31,26.7166,22.4,26.2776,21.9,26.2776,21.9,22.0,,,93.0,39.0,16.0,92.69685518773429,,,0.2671232876712329,18.5,15.0,https://www.screener.in/company/TERASOFT/consolidated/,2026-07-24T13:30:05.610929+00:00
TEXINFRA.NS,3401,consolidated,2026-03-31,307.3154,310.4,326.203,272.6,180.0097,71.2,2.0,11.0,-6.0,52.0,12.0,12.0,53.02500528744412,-0.2309493486911895,-7.119917045604119,0.0262417994376757,0.91,-26.0,https://www.screener.in/company/TEXINFRA/consolidated/,2026-07-24T13:30:05.610929+00:00
TEXMOPIPES.NS,3403,consolidated,2026-03-31,18.1726,9.7,17.8531,14.2,15.9562,14.1,-16.0,5.0,17.0,31.0,-4.0,3.0,,5.330521241467823,13.217360994503814,0.2391304347826087,6.29,8.0,https://www.screener.in/company/TEXMOPIPES/consolidated/,2026-07-24T13:30:05.610929+00:00
TEXRAIL.NS,3402,consolidated,2026-03-31,44.7943,34.5,97.654,40.7,126.1984,64.75,25.0,69.0,39.0,97.0,27.0,2.0,80.96117443966043,61.27153223232356,23.32153521650715,0.3770008424599831,7.63,9.0,https://www.screener.in/company/TEXRAIL/consolidated/,2026-07-24T13:30:05.610929+00:00
TFCILTD.NS,3448,consolidated,2022-09-30,23.9611,19.8,17.1808,14.7,16.8926,13.6,,,,,42.0,27.0,,,,,9.87,,https://www.screener.in/company/TFCILTD/consolidated/,2026-07-24T13:30:05.610929+00:00
TFL.NS,3462,consolidated,2026-03-31,103.6115,108.4,103.6115,108.4,83.7755,58.1,7.0,-4.0,,17.0,15.0,2.0,,,,,-12.5,,https://www.screener.in/company/TFL/consolidated/,2026-07-24T13:30:05.610929+00:00
TGBHOTELS.NS,448,consolidated,2020-03-31,17.6833,15.95,17.6833,15.95,17.6833,15.95,-37.0,16.0,-21.0,29.0,1.0,-19.0,,,-20.809573685399094,0.1301424050632911,0.86,-64.97,https://www.screener.in/company/TGBHOTELS/consolidated/,2026-07-24T13:30:05.610929+00:00
THAKDEV.NS,3406,consolidated,2026-03-31,19.8438,20.6,11.8902,7.3,12.2211,7.8,-16.0,-15.0,8.0,-32.0,12.0,8.0,-31.843287811341327,-14.86484658921504,8.55275066467831,0.1093480069102309,3.33,10.53,https://www.screener.in/company/THAKDEV/consolidated/,2026-07-24T13:30:05.610929+00:00
THEINVEST.NS,1042,consolidated,2026-03-31,24.0796,21.7,47.7829,27.65,63.8475,32.25,-3.0,14.0,18.0,37.0,-2.0,-10.0,37.8266713165379,14.47508445747645,17.898953569413933,0.0761904761904762,4.08,20.0,https://www.screener.in/company/THEINVEST/consolidated/,2026-07-24T13:30:05.610929+00:00
THEJO.NS,1272810,consolidated,2026-03-31,46.514,44.2,42.0448,39.5,32.8534,33.4,10.0,14.0,80.0,16.0,19.0,,14.437832756300706,12.508327028586953,72.0331536026199,0.1154929577464788,15.7,13.0,https://www.screener.in/company/THEJO/consolidated/,2026-07-24T13:30:05.610929+00:00
THELEELA.NS,1285468,consolidated,2026-03-31,37.1867,37.75,37.1867,37.75,37.1867,37.75,21.0,,,106.0,,,,,,0.2827920049968769,8.2,48.0,https://www.screener.in/company/THELEELA/consolidated/,2026-07-24T13:30:05.610929+00:00
THEMISMED.NS,3411,consolidated,2026-03-31,32.5287,30.2,24.5785,20.1,29.4122,26.6,-1.0,-46.0,-20.0,-69.0,4.0,7.0,-73.12196034667846,-50.10352055715072,-24.174586404768483,0.2512562814070351,0.41,0.0,https://www.screener.in/company/THEMISMED/consolidated/,2026-07-24T13:30:05.610929+00:00
THERMAX.NS,3412,consolidated,2026-03-31,75.5019,69.8,72.9261,69.2,63.2705,62.65,10.0,18.0,7.0,7.0,26.0,18.0,16.96457817236785,28.380237591931,9.824058994623286,0.4239639639639639,10.6,10.0,https://www.screener.in/company/THERMAX/consolidated/,2026-07-24T13:30:05.610929+00:00
THOMASCOOK.NS,3416,consolidated,2026-03-31,35.5039,31.8,35.5039,31.8,51.4773,43.5,18.0,24.0,7.0,222.0,11.0,1.0,221.446207145244,,,0.2117046347211311,9.27,5.0,https://www.screener.in/company/THOMASCOOK/consolidated/,2026-07-24T13:30:05.610929+00:00
THYROCARE.NS,1273341,consolidated,2026-03-31,52.3803,51.2,44.0441,45.8,46.6998,45.85,16.0,8.0,12.0,36.0,5.0,11.0,36.12084644506353,7.508322483811369,12.29993177671933,0.0871794871794871,28.4,32.0,https://www.screener.in/company/THYROCARE/consolidated/,2026-07-24T13:30:05.610929+00:00
TI.NS,3421,consolidated,2026-03-31,35.1108,34.0,40.2159,36.9,40.2159,36.9,26.0,54.0,11.0,53.0,61.0,39.0,-52.99865837182204,,,0.7716297786720322,13.1,18.0,https://www.screener.in/company/TI/consolidated/,2026-07-24T13:30:05.610929+00:00
TICL.NS,3356,consolidated,2026-03-31,10.2933,4.7,10.4706,9.8,10.4706,9.8,-10.0,16.0,8.0,102.0,1.0,-6.0,,-38.30029262332404,,1.1368978805394991,2.25,11.92,https://www.screener.in/company/TICL/consolidated/,2026-07-24T13:30:05.610929+00:00
TIIL.NS,3388,consolidated,2026-03-31,21.693,21.0,17.2299,18.0,13.4994,11.8,12.0,19.0,11.0,2.0,33.0,24.0,2.656890528138512,18.79488565826368,12.670352996936728,0.4048442906574394,15.0,17.0,https://www.screener.in/company/TIIL/consolidated/,2026-07-24T13:30:05.610929+00:00
TIINDIA.NS,1274187,consolidated,2026-03-31,81.4656,82.8,71.6077,69.3,61.742,63.9,15.0,17.0,,-11.0,20.0,,-12.718526595355018,18.1662730371392,,0.0972777706102438,9.95,10.0,https://www.screener.in/company/TIINDIA/consolidated/,2026-07-24T13:30:05.610929+00:00
TIL.NS,3420,consolidated,2026-03-31,60.525,59.35,48.319,55.2,23.8369,10.3,95.0,10.0,4.0,20.0,34.0,11.0,,,,3.4414414414414414,-26.0,2.0,https://www.screener.in/company/TIL/consolidated/,2026-07-24T13:30:05.610929+00:00
TIMETECHNO.NS,3423,consolidated,2026-03-31,21.5019,21.5,17.3088,16.8,15.8617,14.8,12.0,35.0,13.0,29.0,37.0,23.0,25.20627100121136,32.9161106462063,11.18668210163838,0.1793052837573385,13.4,15.0,https://www.screener.in/company/TIMETECHNO/consolidated/,2026-07-24T13:30:05.610929+00:00
TIMKEN.NS,3426,consolidated,2026-03-31,58.2,57.0,58.2,57.0,58.2,57.0,,,,,15.0,18.0,,,,0.0051475634866163,14.3,18.0,https://www.screener.in/company/TIMKEN/consolidated/,2026-07-24T13:30:05.610929+00:00
TINNARUBR.NS,3427,consolidated,2026-03-31,38.4624,33.7,30.472,29.4,28.6686,26.6,23.0,238.0,34.0,36.0,96.0,48.0,32.02311484149658,,33.67907240743009,0.43,22.1,19.0,https://www.screener.in/company/TINNARUBR/consolidated/,2026-07-24T13:30:05.610929+00:00
TIRUMALCHM.NS,3415,consolidated,2026-03-31,16.95,10.2,14.4447,10.0,13.9246,11.0,-7.0,,,,-1.0,17.0,,,,1.3906649616368287,-11.8,-2.0,https://www.screener.in/company/TIRUMALCHM/consolidated/,2026-07-24T13:30:05.610929+00:00
TITAGARH.NS,3435,consolidated,2026-03-31,57.9312,56.6,47.2429,48.9,65.7611,52.9,5.0,65.0,27.0,7.0,62.0,23.0,-5.706671592463042,,,0.2536644951140065,6.47,10.0,https://www.screener.in/company/TITAGARH/consolidated/,2026-07-24T13:30:05.610929+00:00
TITAN.NS,3437,consolidated,2026-03-31,87.665,88.1,90.4881,87.2,86.7144,80.2,29.0,40.0,22.0,17.0,22.0,27.0,15.997020938459736,39.13165025727099,22.352448376519156,1.9500095523148444,37.7,10.0,https://www.screener.in/company/TITAN/consolidated/,2026-07-24T13:30:05.610929+00:00
TMCV.NS,1285768,consolidated,2026-03-31,32.8431,37.7,32.8431,37.7,32.8431,37.7,,,,,,,,,,0.4409455002355897,34.0,9.0,https://www.screener.in/company/TMCV/consolidated/,2026-07-24T13:30:05.610929+00:00
TMPV.NS,3370,consolidated,2026-03-31,10.9389,8.6,12.7277,9.1,12.7555,9.3,-1.0,101.0,21.0,232.0,13.0,1.0,213.37889218368989,,18.75423249607216,0.7059017739229754,75.7,6.0,https://www.screener.in/company/TMPV/consolidated/,2026-07-24T13:30:05.610929+00:00
TNPETRO.NS,3352,consolidated,2026-03-31,12.814,13.0,10.1877,9.2,8.7255,6.9,-12.0,-4.0,18.0,0.0,-7.0,16.0,1.1332409432130763,-5.045804816027388,10.200727101948123,0.4567779960707269,9.55,9.0,https://www.screener.in/company/TNPETRO/consolidated/,2026-07-24T13:30:05.610929+00:00
TOLINS.NS,1284968,consolidated,2026-03-31,15.601,14.3,15.601,14.3,15.601,14.3,,,,,,,,,,0.0304709141274238,10.4,15.0,https://www.screener.in/company/TOLINS/consolidated/,2026-07-24T13:30:05.610929+00:00
TORNTPHARM.NS,3445,consolidated,2026-03-31,60.7019,60.5,53.4406,55.6,44.0234,41.65,13.0,12.0,2.0,22.0,27.0,21.0,20.217860001764087,11.56050897709826,2.2397359581316945,1.7913686218407248,27.4,33.0,https://www.screener.in/company/TORNTPHARM/consolidated/,2026-07-24T13:30:05.610929+00:00
TORNTPOWER.NS,3446,consolidated,2026-03-31,27.6248,26.0,22.9111,21.8,18.3718,15.85,4.0,12.0,10.0,4.0,25.0,24.0,2.860359903628296,12.288820674911328,9.856329260913643,0.7324246395806029,12.5,19.0,https://www.screener.in/company/TORNTPOWER/consolidated/,2026-07-24T13:30:05.610929+00:00
TOTAL.NS,1274115,consolidated,2026-03-31,54.6017,15.1,38.0606,18.8,24.8959,10.1,2.0,62.0,10.0,14.0,-4.0,,14.19681731644291,,,0.4444444444444444,8.97,2.0,https://www.screener.in/company/TOTAL/consolidated/,2026-07-24T13:30:05.610929+00:00
TOUCHWOOD.NS,1274221,consolidated,2026-03-31,41.707,45.0,58.5203,52.2,59.206,52.5,27.0,33.0,,24.0,-9.0,,14.523742098199977,30.618389979509743,,0.0802539106778508,9.63,8.7,https://www.screener.in/company/TOUCHWOOD/consolidated/,2026-07-24T13:30:05.610929+00:00
TPLPLASTEH.NS,3451,consolidated,2026-03-31,41.7541,33.6,37.9762,32.2,28.4501,25.3,16.0,29.0,,24.0,23.0,5.0,21.88414181546488,22.00171876667025,,0.1124260355029585,18.4,11.0,https://www.screener.in/company/TPLPLASTEH/consolidated/,2026-07-24T13:30:05.610929+00:00
TRANSPEK.NS,3460,consolidated,2026-03-31,17.6357,16.6,18.1203,15.3,19.1232,16.2,-9.0,15.0,7.0,-19.0,-11.0,9.0,-18.225322445908144,14.389621465290547,8.472420423470496,0.078125,6.04,15.0,https://www.screener.in/company/TRANSPEK/consolidated/,2026-07-24T13:30:05.610929+00:00
TRANSRAILL.NS,1285196,consolidated,2026-03-31,22.6566,24.7,22.6566,24.7,22.6566,24.7,30.0,33.0,,56.0,,,-13.95142554019426,-25.353439747706474,,0.2972380534853134,20.0,12.0,https://www.screener.in/company/TRANSRAILL/consolidated/,2026-07-24T13:30:05.610929+00:00
TRAVELFOOD.NS,1285532,consolidated,2026-03-31,41.7698,40.4,41.7698,40.4,41.7698,40.4,16.0,54.0,28.0,23.0,,,-62.39072399962326,,,0.1697851697851697,35.3,39.0,https://www.screener.in/company/TRAVELFOOD/consolidated/,2026-07-24T13:30:05.610929+00:00
TREEHOUSE.NS,3464,consolidated,2026-03-31,14.6536,13.4,14.6536,13.4,14.6536,13.4,-26.0,11.0,,20.0,-10.0,-16.0,,,,0.033202368435615,-5.36,-293.98,https://www.screener.in/company/TREEHOUSE/consolidated/,2026-07-24T13:30:05.610929+00:00
TREJHARA.NS,1274610,consolidated,2026-03-31,84.1693,61.25,52.65,30.45,38.3644,8.0,85.0,-4.0,,28.0,17.0,,,-17.725067634646873,,0.0774410774410774,3.31,6.0,https://www.screener.in/company/TREJHARA/consolidated/,2026-07-24T13:30:05.610929+00:00
TREL.NS,1284455,consolidated,2026-03-31,24.493,25.0,24.493,25.0,24.493,25.0,-15.0,,,2.0,,,,,,0.0,2.94,54.0,https://www.screener.in/company/TREL/consolidated/,2026-07-24T13:30:05.610929+00:00
TRENT.NS,3467,consolidated,2026-03-31,141.2701,143.4,177.5236,148.55,162.5243,140.3,35.0,69.0,43.0,71.0,37.0,38.0,56.95960223164751,,40.06211303847864,0.3666428060128847,27.7,19.0,https://www.screener.in/company/TRENT/consolidated/,2026-07-24T13:30:05.610929+00:00
TRF.NS,3468,consolidated,2026-03-31,15.2694,15.0,12.683,14.4,12.683,14.4,-22.0,15.0,8.0,-62.0,14.0,-3.0,,,,,,7.82,https://www.screener.in/company/TRF/consolidated/,2026-07-24T13:30:05.610929+00:00
TRIDENT.NS,3473,consolidated,2026-03-31,43.4478,44.2,38.6406,36.1,26.3109,25.7,2.0,3.0,4.0,-6.0,7.0,18.0,-4.886005123890358,4.28361890406388,4.423693007594887,0.3832774518021793,7.91,13.0,https://www.screener.in/company/TRIDENT/consolidated/,2026-07-24T13:30:05.610929+00:00
TRIGYN.NS,3475,consolidated,2026-03-31,19.0905,19.35,14.0868,9.75,9.741,8.2,-8.0,-49.0,-25.0,-61.0,-19.0,-7.0,-61.35218116331266,-49.70145670719862,-25.89794752022664,0.0125470514429109,0.27,0.0,https://www.screener.in/company/TRIGYN/consolidated/,2026-07-24T13:30:05.610929+00:00
TRITURBINE.NS,3486,consolidated,2026-03-31,59.058,56.5,56.8847,55.2,44.3042,41.6,20.0,27.0,13.0,28.0,37.0,18.0,21.9850720369571,28.252749570841807,12.39232566878159,0.0248962655601659,27.1,21.0,https://www.screener.in/company/TRITURBINE/consolidated/,2026-07-24T13:30:05.610929+00:00
TRIVENI.NS,1272591,consolidated,2026-03-31,16.4172,16.9,13.7211,11.2,10.2743,8.7,4.0,-1.0,43.0,-19.0,17.0,21.0,-46.86562920066408,0.1636669972163051,,0.6464253664373317,8.65,9.0,https://www.screener.in/company/TRIVENI/consolidated/,2026-07-24T13:30:05.610929+00:00
TRU.NS,1273628,consolidated,2026-03-31,216.8168,133.3,384.9484,185.45,384.9484,185.45,-12.0,,,,-49.0,,,,,,-106.0,,https://www.screener.in/company/TRU/consolidated/,2026-07-24T13:30:05.610929+00:00
TRUALT.NS,1285696,consolidated,2026-03-31,24.7995,20.4,24.7995,20.4,24.7995,20.4,31.0,,,39.0,,,24.418411256478056,,,1.0861275476660093,8.38,17.0,https://www.screener.in/company/TRUALT/consolidated/,2026-07-24T13:30:05.610929+00:00
TSFINV.NS,1274315,consolidated,2026-03-31,15.4605,13.3,14.0699,12.6,14.6148,13.2,124.0,45.0,,26.0,41.0,,29.966995621636737,47.80453404289497,,0.0389524283109564,8.23,24.0,https://www.screener.in/company/TSFINV/consolidated/,2026-07-24T13:30:05.610929+00:00
TTKPRESTIG.NS,3488,consolidated,2026-03-31,49.0204,48.1,45.8165,44.8,46.6733,46.5,2.0,-5.0,4.0,-12.0,-7.0,5.0,-13.84121613243786,-7.239724645079148,3.5444361566979943,0.0878787878787878,8.97,9.0,https://www.screener.in/company/TTKPRESTIG/consolidated/,2026-07-24T13:30:05.610929+00:00
TVSELECT.NS,1272519,consolidated,2019-03-31,74.9567,71.8,64.8119,66.7,62.2234,61.15,67.0,64.0,14.0,59.0,22.0,17.0,25.912814782900615,74.17601355344775,,0.0,11.6,1.0,https://www.screener.in/company/TVSELECT/consolidated/,2026-07-24T13:30:05.610929+00:00
TVSHLTD.NS,3252,consolidated,2026-03-31,20.8968,19.9,18.831,18.1,19.1682,18.4,20.0,39.0,20.0,40.0,35.0,24.0,37.685570938675525,39.26589657408475,19.238280407752907,5.591710485617074,30.6,16.0,https://www.screener.in/company/TVSHLTD/consolidated/,2026-07-24T13:30:05.610929+00:00
TVSMOTOR.NS,3502,consolidated,2026-03-31,61.5376,61.3,53.2862,55.2,50.6839,50.7,21.0,38.0,23.0,33.0,46.0,30.0,31.450465881585487,38.40261923986385,21.542764588283458,3.4282279142707788,33.6,15.0,https://www.screener.in/company/TVSMOTOR/consolidated/,2026-07-24T13:30:05.610929+00:00
TVSSCS.NS,1284449,consolidated,2026-03-31,155.408,48.1,155.408,48.1,155.408,48.1,3.0,29.0,,71.0,,,33.441553321958104,,,1.355140186915888,9.7,7.0,https://www.screener.in/company/TVSSCS/consolidated/,2026-07-24T13:30:05.610929+00:00
TVSSRICHAK.NS,3503,consolidated,2026-03-31,56.3669,41.5,44.6433,33.7,31.8682,21.15,7.0,-1.0,-9.0,-5.0,13.0,5.0,-2.9776549776856065,-0.7401057573526382,-9.15920545390466,0.6439966414777498,5.89,8.0,https://www.screener.in/company/TVSSRICHAK/consolidated/,2026-07-24T13:30:05.610929+00:00
TVTODAY.NS,3499,consolidated,2026-03-31,20.6968,22.8,16.9004,13.1,17.1356,14.4,-3.0,-28.0,-10.0,-35.0,-17.0,-9.0,-45.4559114130391,-35.819967850932365,-13.819566862160473,0.0168350168350168,2.91,4.0,https://www.screener.in/company/TVTODAY/consolidated/,2026-07-24T13:30:05.610929+00:00
TVVISION.NS,1273485,consolidated,2026-03-31,72.8106,10.9,72.8106,10.9,72.8106,10.9,-42.0,6.0,,-35.0,21.0,,,,,,,-138.0,https://www.screener.in/company/TVVISION/consolidated/,2026-07-24T13:30:05.610929+00:00
UBL.NS,3548,consolidated,2026-03-31,121.2408,118.5,116.3693,116.4,110.8722,106.5,7.0,24.0,2.0,2.0,-1.0,6.0,10.769546894097592,29.56957725463409,3.3153824840859603,0.2912428129146395,7.69,9.0,https://www.screener.in/company/UBL/consolidated/,2026-07-24T13:30:05.610929+00:00
UCAL.NS,3520,consolidated,2026-03-31,10.8493,11.6,8.92,8.65,12.5095,11.7,1.0,,,,-6.0,0.0,,,,0.5705521472392638,-5.43,6.0,https://www.screener.in/company/UCAL/consolidated/,2026-07-24T13:30:05.610929+00:00
UCOBANK.NS,3521,consolidated,2025-03-31,22.5981,19.3,21.6268,18.2,21.6268,18.2,19.0,,,37.0,14.0,-5.0,34.48083668017652,,,,8.5,,https://www.screener.in/company/UCOBANK/consolidated/,2026-07-24T13:30:05.610929+00:00
UDS.NS,1284513,consolidated,2026-03-31,18.1755,16.25,18.1755,16.25,18.1755,16.25,12.0,13.0,,36.0,,,,,,0.0427756653992395,8.88,5.0,https://www.screener.in/company/UDS/consolidated/,2026-07-24T13:30:05.610929+00:00
UEL.NS,1928,consolidated,2018-03-31,670.6575,762.95,365.7978,21.8,193.9555,28.0,44.0,,,12.0,139.0,24.0,13.040381433805573,,,0.641860465116279,8.03,12.0,https://www.screener.in/company/UEL/consolidated/,2026-07-24T13:30:05.610929+00:00
UFBL.NS,1274859,consolidated,2026-03-31,127.7321,121.6,127.7321,121.6,127.7321,121.6,3.0,6.0,,,-5.0,,,,,2.8456591639871385,-17.6,14.0,https://www.screener.in/company/UFBL/consolidated/,2026-07-24T13:30:05.610929+00:00
UFLEX.NS,3522,consolidated,2026-03-31,19.7837,17.0,12.7459,11.6,9.1581,5.8,2.0,-17.0,1.0,-17.0,-2.0,7.0,-12.95143288103745,-17.761308751761273,0.1030641721071035,1.2499384388081751,4.27,12.0,https://www.screener.in/company/UFLEX/consolidated/,2026-07-24T13:30:05.610929+00:00
UFO.NS,1270842,consolidated,2026-03-31,34.0279,27.55,34.0279,27.55,22.1731,16.8,7.0,17.0,-9.0,57.0,-8.0,-19.0,,,-12.01068790869022,0.2892307692307692,8.0,16.0,https://www.screener.in/company/UFO/consolidated/,2026-07-24T13:30:05.610929+00:00
UGARSUGAR.NS,3523,consolidated,2023-09-30,10.0828,8.6,12.9609,13.1,12.722,12.2,27.0,,,96.0,3.0,-5.0,95.81466516090538,,,1.308139534883721,60.2,10.0,https://www.screener.in/company/UGARSUGAR/consolidated/,2026-07-24T13:30:05.610929+00:00
UGROCAP.NS,645,consolidated,2026-03-31,8.8286,8.7,8.8286,8.7,8.8286,8.7,,,,,-4.0,14.0,,,,,6.02,,https://www.screener.in/company/UGROCAP/consolidated/,2026-07-24T13:30:05.610929+00:00
ULTRACEMCO.NS,3525,consolidated,2026-03-31,48.0796,47.5,41.877,44.0,39.9812,41.1,12.0,8.0,13.0,18.0,10.0,13.0,16.464632084834086,7.923379918073459,11.865167574751425,0.3100203591564001,11.2,19.0,https://www.screener.in/company/ULTRACEMCO/consolidated/,2026-07-24T13:30:05.610929+00:00
ULTRAMAR.NS,3524,consolidated,2026-03-31,19.258,18.2,18.2245,17.2,17.415,17.0,12.0,7.0,,5.0,1.0,10.0,5.285349529524575,7.6758472596625715,,0.0988505747126436,8.59,16.0,https://www.screener.in/company/ULTRAMAR/consolidated/,2026-07-24T13:30:05.610929+00:00
UMESLTD.NS,3573,consolidated,2026-03-31,96.6854,84.2,181.2083,133.75,168.8643,125.3,10.0,69.0,8.0,80.0,6.0,8.0,95.74338205844316,71.87719275874788,,0.0938775510204081,4.81,50.0,https://www.screener.in/company/UMESLTD/consolidated/,2026-07-24T13:30:05.610929+00:00
UMIYA-MRO.NS,2142,consolidated,2026-03-31,26.1047,26.25,23.5133,22.5,23.5133,22.5,29.0,,,3.0,21.0,7.0,,,,1.1043478260869566,-3.61,39.0,https://www.screener.in/company/UMIYA-MRO/consolidated/,2026-07-24T13:30:05.610929+00:00
UNICHEMLAB.NS,3531,consolidated,2026-03-31,57.0876,30.4,67.5031,51.2,48.4248,25.35,18.0,25.0,-3.0,35.0,10.0,7.0,,49.12047856852831,11.67779856164708,0.1840264998159735,3.17,9.0,https://www.screener.in/company/UNICHEMLAB/consolidated/,2026-07-24T13:30:05.610929+00:00
UNIECOM.NS,1284886,consolidated,2026-03-31,62.3705,60.45,62.3705,60.45,62.3705,60.45,,,,,,,,,,0.0466321243523316,15.6,17.0,https://www.screener.in/company/UNIECOM/consolidated/,2026-07-24T13:30:05.610929+00:00
UNIMECH.NS,1285207,consolidated,2026-03-31,69.3915,65.4,69.3915,65.4,69.3915,65.4,37.0,,,41.0,,,-82.15482114743918,,,0.1723202170963365,9.0,31.0,https://www.screener.in/company/UNIMECH/consolidated/,2026-07-24T13:30:05.610929+00:00
UNIONBANK.NS,3536,consolidated,2026-03-31,6.5312,6.4,6.4126,6.3,8.6727,6.9,10.0,47.0,30.0,32.0,36.0,3.0,26.91301019638539,41.60417324043564,2.57843528976458,,15.7,,https://www.screener.in/company/UNIONBANK/consolidated/,2026-07-24T13:30:05.610929+00:00
UNIPARTS.NS,1275368,consolidated,2026-03-31,17.4057,17.6,16.8635,17.1,16.8635,17.1,-5.0,12.0,,-8.0,,,-8.245655343031345,11.653898243978931,,0.1781609195402299,18.3,21.0,https://www.screener.in/company/UNIPARTS/consolidated/,2026-07-24T13:30:05.610929+00:00
UNITDSPR.NS,3555,consolidated,2026-03-31,63.7471,62.4,63.2314,61.9,98.0153,71.1,6.0,35.0,29.0,23.0,17.0,12.0,17.367743411100744,36.7710760874816,29.53441380589512,0.0461297888975762,21.4,18.0,https://www.screener.in/company/UNITDSPR/consolidated/,2026-07-24T13:30:05.610929+00:00
UNITEDTEA.NS,3553,consolidated,2018-03-31,17.9917,18.5,16.3341,15.8,15.7511,14.7,,,,,4.0,0.0,,,,0.0,10.8,21.0,https://www.screener.in/company/UNITEDTEA/consolidated/,2026-07-24T13:30:05.610929+00:00
UNIVCABLES.NS,3560,consolidated,2026-03-31,20.7197,20.9,15.9778,15.7,12.4652,10.6,11.0,19.0,,11.0,46.0,30.0,11.350211167853775,19.389819523703068,,0.6224219989423585,8.9,9.0,https://www.screener.in/company/UNIVCABLES/consolidated/,2026-07-24T13:30:05.610929+00:00
UNOMINDA.NS,2090,consolidated,2026-03-31,59.4783,58.2,61.4103,59.7,54.3192,50.4,20.0,43.0,28.0,23.0,25.0,40.0,22.02192888165369,40.39871763991514,24.865275118999985,0.401230048323327,19.3,11.0,https://www.screener.in/company/UNOMINDA/consolidated/,2026-07-24T13:30:05.610929+00:00
UPL.NS,3554,consolidated,2026-03-31,30.71,27.55,22.9954,19.0,23.509,20.4,-1.0,-10.0,6.0,-21.0,-5.0,5.0,-18.628389106081933,-7.367912621546013,5.769642572453293,0.6795019598801014,5.64,18.0,https://www.screener.in/company/UPL/consolidated/,2026-07-24T13:30:05.610929+00:00
URBANCO.NS,1285641,consolidated,2026-03-31,33.4194,33.5,33.4194,33.5,33.4194,33.5,35.0,1.0,,8.0,,,,,,0.0634624358376108,-12.0,-16.0,https://www.screener.in/company/URBANCO/consolidated/,2026-07-24T13:30:05.610929+00:00
URJA.NS,3571,consolidated,2026-03-31,421.2057,414.6,399.5885,402.8,296.1377,301.4,19.0,-5.0,2.0,-4.0,4.0,25.0,0.0,0.0,4.137974399241062,0.053319748683987,0.76,3.19,https://www.screener.in/company/URJA/consolidated/,2026-07-24T13:30:05.610929+00:00
USHAMART.NS,3574,consolidated,2026-03-31,27.0924,27.3,22.428,23.9,21.2472,19.7,4.0,28.0,12.0,13.0,49.0,42.0,9.992351183743551,25.50620525531881,,0.0693519079345851,16.6,19.0,https://www.screener.in/company/USHAMART/consolidated/,2026-07-24T13:30:05.610929+00:00
UTIAMC.NS,1274795,consolidated,2026-03-31,19.9019,19.4,20.1655,20.0,20.6868,20.3,10.0,-1.0,,2.0,-1.0,,-2.992242585092197,-4.203327013635838,10.36171800168093,0.0312985571587125,10.3,45.0,https://www.screener.in/company/UTIAMC/consolidated/,2026-07-24T13:30:05.610929+00:00
UTTAMSUGAR.NS,3579,consolidated,2026-03-31,9.8888,9.35,9.8888,9.35,9.8888,9.35,,,,,1.0,12.0,,,,0.8242009132420092,12.2,10.0,https://www.screener.in/company/UTTAMSUGAR/consolidated/,2026-07-24T13:30:05.610929+00:00
UYFINCORP.NS,1174,consolidated,2022-09-30,26.7346,18.6,17.3038,11.5,16.1596,12.05,62.0,-13.0,17.0,-6.0,21.0,17.0,23.191347739112,-6.754533912888416,13.61318135140226,,2.35,,https://www.screener.in/company/UYFINCORP/consolidated/,2026-07-24T13:30:05.610929+00:00
V2RETAIL.NS,3584,consolidated,2026-03-31,105.1882,87.4,105.1882,87.4,75.0994,69.15,54.0,67.0,,135.0,78.0,43.0,,,,1.1031042128603104,22.9,15.0,https://www.screener.in/company/V2RETAIL/consolidated/,2026-07-24T13:30:05.610929+00:00
VADILALIND.NS,3588,consolidated,2026-03-31,22.1242,21.7,22.2714,21.3,22.6028,21.2,12.0,103.0,27.0,16.0,45.0,27.0,17.22277998406032,101.84828522906685,26.520885827804875,0.2705882352941176,20.1,17.0,https://www.screener.in/company/VADILALIND/consolidated/,2026-07-24T13:30:05.610929+00:00
VAIBHAVGBL.NS,3590,consolidated,2026-03-31,35.0936,34.3,35.8042,35.7,29.9063,26.1,11.0,0.0,21.0,37.0,-20.0,15.0,35.80618624556149,-0.939649353938654,20.588243475835032,0.2524271844660194,17.9,10.0,https://www.screener.in/company/VAIBHAVGBL/consolidated/,2026-07-24T13:30:05.610929+00:00
VAKRANGEE.NS,3592,consolidated,2026-03-31,315.6818,199.2,226.1482,119.7,139.3648,61.9,9.0,-29.0,-30.0,117.0,-30.0,-24.0,115.44346900318838,-29.881987470452263,-30.36475357396843,0.0187793427230046,5.4,11.0,https://www.screener.in/company/VAKRANGEE/consolidated/,2026-07-24T13:30:05.610929+00:00
VARROC.NS,1274377,consolidated,2026-03-31,38.3854,38.7,43.8259,39.75,31.7944,17.9,9.0,19.0,-4.0,32.0,13.0,,,,-27.22226486942816,0.5196629213483146,15.2,9.0,https://www.screener.in/company/VARROC/consolidated/,2026-07-24T13:30:05.610929+00:00
VASWANI.NS,3618,consolidated,2024-03-31,20.6495,20.8,20.6495,20.8,20.6495,20.8,,,,,31.0,22.0,,,,,,5.0,https://www.screener.in/company/VASWANI/consolidated/,2026-07-24T13:30:05.610929+00:00
VBL.NS,1273562,consolidated,2025-12-31,67.8522,63.5,64.4644,59.9,65.6523,58.4,18.0,50.0,40.0,24.0,36.0,,24.889272877751555,54.80714188204079,33.48443673434189,0.1281029727244866,16.2,23.0,https://www.screener.in/company/VBL/consolidated/,2026-07-24T13:30:05.610929+00:00
VEDL.NS,2943,consolidated,2026-03-31,8.8414,8.5,6.3264,5.7,4.5676,3.2,-19.0,8.0,13.0,17.0,22.0,16.0,16.054402392020585,7.338289967994038,,0.6635583662289535,38.2,30.0,https://www.screener.in/company/VEDL/consolidated/,2026-07-24T13:30:05.610929+00:00
VEEDOL.NS,3418,consolidated,2026-03-31,18.4248,17.6,17.6923,16.7,18.0761,17.2,5.0,6.0,8.0,19.0,-14.0,2.0,18.696379851298328,6.369124078584409,8.333685959285809,0.0154589371980676,19.7,10.0,https://www.screener.in/company/VEEDOL/consolidated/,2026-07-24T13:30:05.610929+00:00
VENTIVE.NS,1285201,consolidated,2026-03-31,75.6526,62.95,75.6526,62.95,75.6526,62.95,,,,,,,,,,0.467490010897203,8.35,44.0,https://www.screener.in/company/VENTIVE/consolidated/,2026-07-24T13:30:05.610929+00:00
VERANDA.NS,1275198,consolidated,2026-03-31,69.696,70.9,69.696,70.9,69.696,70.9,44.0,37.0,,30.0,,,,,,0.3987473903966597,3.84,34.0,https://www.screener.in/company/VERANDA/consolidated/,2026-07-24T13:30:05.610929+00:00
VGL.NS,22,consolidated,2020-03-31,9.8729,9.9,9.8729,9.9,9.8729,9.9,,,,,38.0,5.0,,,,1.8138528138528136,-15.9,6.0,https://www.screener.in/company/VGL/consolidated/,2026-07-24T13:30:05.610929+00:00
VGUARD.NS,3583,consolidated,2026-03-31,56.9669,57.2,52.7414,50.2,54.1074,54.3,13.0,10.0,,20.0,3.0,10.0,17.249283335089636,8.616940146690123,,0.0695322376738306,14.4,9.0,https://www.screener.in/company/VGUARD/consolidated/,2026-07-24T13:30:05.610929+00:00
VHL.NS,3609,consolidated,2026-03-31,5.1242,5.0,4.3146,4.6,4.0763,4.1,28.0,11.0,3.0,-2.0,1.0,10.0,-1.845977180080094,10.77289641760597,3.1389743701356387,0.0,5.91,83.0,https://www.screener.in/company/VHL/consolidated/,2026-07-24T13:30:05.610929+00:00
VIDHIING.NS,3649,consolidated,2026-03-31,51.5535,56.7,46.2337,41.5,41.7909,38.2,-2.0,6.0,,9.0,2.0,19.0,9.08366174789843,6.009063749653909,,0.1768292682926829,15.6,21.0,https://www.screener.in/company/VIDHIING/consolidated/,2026-07-24T13:30:05.610929+00:00
VIDYAWIRES.NS,1285797,consolidated,2026-03-31,25.5137,20.6,25.5137,20.6,25.5137,20.6,22.0,,,39.0,,,-63.05716041730051,,,0.1770833333333333,17.8,5.0,https://www.screener.in/company/VIDYAWIRES/consolidated/,2026-07-24T13:30:05.610929+00:00
VIJAYA.NS,1274919,consolidated,2026-03-31,68.5815,67.6,57.2437,60.7,57.2437,60.7,21.0,15.0,,27.0,,,26.572024791272185,-2.04550700586178,,0.4420062695924764,19.7,41.0,https://www.screener.in/company/VIJAYA/consolidated/,2026-07-24T13:30:05.610929+00:00
VIKASECO.NS,3655,consolidated,2026-03-31,45.2248,40.4,44.388,40.0,44.388,40.0,-4.0,,,-31.0,-9.0,-19.0,-41.51964523574267,-12.944943670387588,,0.0759493670886076,0.8,2.0,https://www.screener.in/company/VIKASECO/consolidated/,2026-07-24T13:30:05.610929+00:00
VIKASLIFE.NS,1274660,consolidated,2026-03-31,10.1939,3.3,13.365,13.5,13.365,13.5,2.0,50.0,,47.0,-21.0,,,,,0.1902173913043478,3.4,-23.0,https://www.screener.in/company/VIKASLIFE/consolidated/,2026-07-24T13:30:05.610929+00:00
VIKRAMSOLR.NS,1285605,consolidated,2026-03-31,38.0511,16.7,38.0511,16.7,38.0511,16.7,32.0,65.0,,214.0,,,184.90096076525325,-4.414888802949424,,0.194453198865427,21.4,19.0,https://www.screener.in/company/VIKRAMSOLR/consolidated/,2026-07-24T13:30:05.610929+00:00
VIKRAN.NS,1285612,consolidated,2026-03-31,20.4218,20.75,20.4218,20.75,20.4218,20.75,,,,,,,,,,0.2431340872374798,10.9,14.0,https://www.screener.in/company/VIKRAN/consolidated/,2026-07-24T13:30:05.610929+00:00
VIMTALABS.NS,3661,consolidated,2024-09-30,32.9624,31.9,27.6387,24.1,29.1075,26.1,15.0,,,24.0,29.0,29.0,24.142896755342317,,,0.0350877192982456,13.5,34.0,https://www.screener.in/company/VIMTALABS/consolidated/,2026-07-24T13:30:05.610929+00:00
VINATIORGA.NS,3663,consolidated,2026-03-31,46.1096,47.3,51.2299,49.9,51.993,50.2,3.0,11.0,,2.0,-8.0,17.0,1.6245999980729176,10.313457210493349,,0.0,14.9,29.0,https://www.screener.in/company/VINATIORGA/consolidated/,2026-07-24T13:30:05.610929+00:00
VINCOFE.NS,1270733,consolidated,2026-03-31,51.0076,46.2,51.3575,52.4,51.3575,52.4,106.0,,,165.0,21.0,,137.5527072259851,,,0.2175438596491228,16.6,18.0,https://www.screener.in/company/VINCOFE/consolidated/,2026-07-24T13:30:05.610929+00:00
VINDHYATEL.NS,3664,consolidated,2026-03-31,9.5828,9.9,9.19,9.4,8.1546,7.9,7.0,-4.0,9.0,6.0,6.0,12.0,5.914714411803046,-4.003455170440217,8.78019350395245,0.3412604042806183,5.31,6.0,https://www.screener.in/company/VINDHYATEL/consolidated/,2026-07-24T13:30:05.610929+00:00
VIPIND.NS,3670,consolidated,2026-03-31,94.945,67.9,83.3707,62.45,63.4763,46.7,-4.0,,,,-7.0,9.0,,,,2.55363321799308,-91.8,-13.0,https://www.screener.in/company/VIPIND/consolidated/,2026-07-24T13:30:05.610929+00:00
VIRINCHI.NS,3678,consolidated,2026-03-31,35.7701,29.4,28.69,25.5,19.1685,11.3,-3.0,,,,-16.0,-6.0,,,,0.5537525354969574,-5.39,23.0,https://www.screener.in/company/VIRINCHI/consolidated/,2026-07-24T13:30:05.610929+00:00
VISAKAIND.NS,3683,consolidated,2026-03-31,38.55,32.35,21.7043,11.25,19.0949,9.9,0.0,-35.0,,-39.0,-14.0,10.0,16.803292501773992,-5.954897010300186,,0.366384522370012,1.68,8.0,https://www.screener.in/company/VISAKAIND/consolidated/,2026-07-24T13:30:05.610929+00:00
VISHNU.NS,3686,consolidated,2026-03-31,23.4363,25.0,22.3912,24.0,21.1069,16.9,5.0,33.0,21.0,2.0,37.0,28.0,-2.589054895119558,29.596816007993954,19.493683790433455,0.4929840972871843,14.3,16.0,https://www.screener.in/company/VISHNU/consolidated/,2026-07-24T13:30:05.610929+00:00
VIYASH.NS,2938,consolidated,2026-03-31,105.4388,66.2,99.6877,66.8,72.182,58.5,34.0,15.0,28.0,73.0,-3.0,8.0,,1.1204426024345793,,0.1683270353830299,7.39,19.0,https://www.screener.in/company/VIYASH/consolidated/,2026-07-24T13:30:05.610929+00:00
VLSFINANCE.NS,3700,consolidated,2026-03-31,9.0497,4.3,7.3115,4.3,8.9841,5.3,-22.0,-37.0,14.0,-27.0,1.0,18.0,-21.77932531761366,-34.44715441720276,11.709414414240737,0.0,0.95,43.0,https://www.screener.in/company/VLSFINANCE/consolidated/,2026-07-24T13:30:05.610929+00:00
VMM.NS,1285185,consolidated,2026-03-31,93.5988,97.65,93.5988,97.65,93.5988,97.65,19.0,48.0,,39.0,,,36.35509976436755,47.25153524094148,,0.2681775259678942,12.2,15.0,https://www.screener.in/company/VMM/consolidated/,2026-07-24T13:30:05.610929+00:00
VOEPL.NS,1275291,consolidated,2026-03-31,110.5221,104.6,110.5221,104.6,110.5221,104.6,,,,,,,,,,0.837378640776699,4.33,10.0,https://www.screener.in/company/VOEPL/consolidated/,2026-07-24T13:30:05.610929+00:00
VOLTAS.NS,3708,consolidated,2026-03-31,100.8478,91.6,89.2682,81.3,64.2784,61.15,14.0,-6.0,2.0,17.0,5.0,15.0,40.68227715981549,-6.467987091845884,-0.2944698695617864,0.1555834378920953,6.1,4.0,https://www.screener.in/company/VOLTAS/consolidated/,2026-07-24T13:30:05.610929+00:00
VRAJ.NS,1284832,consolidated,2026-03-31,11.2676,12.1,11.2676,12.1,11.2676,12.1,4.0,24.0,,-16.0,,,-55.3673910007122,-15.266342411384038,,0.1036144578313253,7.89,10.0,https://www.screener.in/company/VRAJ/consolidated/,2026-07-24T13:30:05.610929+00:00
VSSL.NS,5313,consolidated,2025-03-31,23.1573,23.6,23.1573,23.6,23.1573,23.6,,,,,18.0,27.0,,,,0.150375939849624,12.1,8.0,https://www.screener.in/company/VSSL/consolidated/,2026-07-24T13:30:05.610929+00:00
VSTTILLERS.NS,3712,consolidated,2026-03-31,35.0045,34.9,34.4131,34.55,34.4131,34.55,7.0,,,5.0,17.0,8.0,4.2220987577825,,,0.0018281535648994,9.99,13.0,https://www.screener.in/company/VSTTILLERS/consolidated/,2026-07-24T13:30:05.610929+00:00
VTL.NS,3612,consolidated,2026-03-31,18.5414,18.5,15.1337,15.5,12.945,12.0,-1.0,12.0,2.0,-2.0,11.0,11.0,-2.15520636208244,12.33540963588393,2.9239294632612545,0.1764314247669773,7.3,13.0,https://www.screener.in/company/VTL/consolidated/,2026-07-24T13:30:05.610929+00:00
WAAREEENER.NS,1285121,consolidated,2026-03-31,37.0659,38.1,37.0659,38.1,37.0659,38.1,58.0,143.0,,100.0,,,74.00273880827555,120.06116398675076,,0.2225377476104723,32.8,22.0,https://www.screener.in/company/WAAREEENER/consolidated/,2026-07-24T13:30:05.610929+00:00
WAAREERTL.NS,49530,consolidated,2026-03-31,65.3949,47.9,105.9789,46.1,119.5705,50.9,112.0,190.0,,105.0,96.0,70.0,105.0708472189835,,,0.1563169164882226,68.9,19.0,https://www.screener.in/company/WAAREERTL/consolidated/,2026-07-24T13:30:05.610929+00:00
WABAG.NS,3585,consolidated,2026-03-31,26.8223,28.6,21.4433,17.4,19.9665,16.25,10.0,28.0,15.0,93.0,43.0,13.0,205.2761478768868,27.40934080145689,13.830082452849757,0.0887850467289719,15.9,12.0,https://www.screener.in/company/WABAG/consolidated/,2026-07-24T13:30:05.610929+00:00
WANBURY.NS,3726,consolidated,2025-03-31,30.2852,23.1,30.7932,25.35,23.5735,20.8,5.0,31.0,26.0,80.0,30.0,23.0,-27.971148876394917,-18.41826935498292,,3.0338983050847457,76.5,14.0,https://www.screener.in/company/WANBURY/consolidated/,2026-07-24T13:30:05.610929+00:00
WCIL.NS,1284983,consolidated,2026-03-31,18.5854,19.85,18.5854,19.85,18.5854,19.85,4.0,-3.0,,-18.0,,,-25.162311654752823,-19.570436866839003,,0.2606689734717416,4.58,5.0,https://www.screener.in/company/WCIL/consolidated/,2026-07-24T13:30:05.610929+00:00
WEALTH.NS,1273302,consolidated,2026-03-31,26.9643,26.8,24.3367,22.0,22.6103,20.3,32.0,25.0,31.0,41.0,38.0,,40.86319304989389,24.60058140773236,31.04066865594706,0.0,27.7,72.0,https://www.screener.in/company/WEALTH/consolidated/,2026-07-24T13:30:05.610929+00:00
WEBELSOLAR.NS,3730,consolidated,2026-03-31,17.3615,15.7,17.3615,15.7,17.3615,15.7,,,,,71.0,37.0,,,,0.2079365079365079,66.9,41.0,https://www.screener.in/company/WEBELSOLAR/consolidated/,2026-07-24T13:30:05.610929+00:00
WEIZMANIND.NS,3732,consolidated,2026-03-31,25.2352,24.6,25.6629,25.05,22.4778,22.25,-2.0,5.0,5.0,12.0,6.0,12.0,12.30288121534102,4.896438776776591,5.408163248146436,0.0909090909090909,9.55,11.0,https://www.screener.in/company/WEIZMANIND/consolidated/,2026-07-24T13:30:05.610929+00:00
WEL.NS,1274682,consolidated,2026-03-31,115.8607,112.7,115.8607,112.7,115.8607,112.7,,,,,79.0,,,,,1.0865384615384617,8.95,4.0,https://www.screener.in/company/WEL/consolidated/,2026-07-24T13:30:05.610929+00:00
WELCORP.NS,3738,consolidated,2026-03-31,18.3892,17.4,17.8617,17.1,20.432,17.9,20.0,21.0,29.0,119.0,61.0,34.0,97.81374118561196,15.757931741136687,26.73601380666051,0.2572083879423329,19.4,14.0,https://www.screener.in/company/WELCORP/consolidated/,2026-07-24T13:30:05.610929+00:00
WELENT.NS,3742,consolidated,2026-03-31,18.9389,19.5,17.472,18.0,16.5354,15.5,9.0,25.0,90.0,13.0,41.0,24.0,-19.34956494914896,23.89444527788811,90.57753609910696,0.6527595269382391,14.1,21.0,https://www.screener.in/company/WELENT/consolidated/,2026-07-24T13:30:05.610929+00:00
WELSPUNLIV.NS,3740,consolidated,2026-03-31,30.2771,23.2,28.9398,22.4,20.6444,17.3,5.0,-17.0,-11.0,4.0,5.0,5.0,2.464038965577986,-16.884683394349498,-11.62537929110885,0.4708155379296319,4.47,8.0,https://www.screener.in/company/WELSPUNLIV/consolidated/,2026-07-24T13:30:05.610929+00:00
WENDT.NS,3745,consolidated,2026-03-31,66.765,63.9,59.4222,55.5,55.2533,49.1,4.0,1.0,1.0,-32.0,10.0,15.0,-28.66943801112517,2.644201181753192,3.044406748796069,0.0,4.89,14.0,https://www.screener.in/company/WENDT/consolidated/,2026-07-24T13:30:05.610929+00:00
WESTLIFE.NS,3749,consolidated,2026-03-31,519.6861,301.1,417.9923,181.45,435.9565,223.45,5.0,16.0,8.0,-64.0,-3.0,7.0,-33.877016479041565,,27.66439281750919,2.9159935379644586,0.84,13.0,https://www.screener.in/company/WESTLIFE/consolidated/,2026-07-24T13:30:05.610929+00:00
WEWORK.NS,1285729,consolidated,2026-03-31,118.2277,124.0,118.2277,124.0,118.2277,124.0,23.0,,,36.0,,,,,,18.624161073825505,31.6,65.0,https://www.screener.in/company/WEWORK/consolidated/,2026-07-24T13:30:05.610929+00:00
WHEELS.NS,3751,consolidated,2026-03-31,23.1146,22.0,23.2766,21.4,27.3053,25.8,6.0,143.0,14.0,41.0,12.0,9.0,40.24211284944743,142.2757331187537,14.0283828802946,0.7377521613832853,15.8,8.0,https://www.screener.in/company/WHEELS/consolidated/,2026-07-24T13:30:05.610929+00:00
WHIRLPOOL.NS,3752,consolidated,2026-03-31,64.7815,65.4,67.9027,70.5,69.3352,71.4,6.0,-2.0,,13.0,-19.0,-1.0,10.281687090109305,-3.5460039148948685,,0.0170632059601057,7.75,6.0,https://www.screener.in/company/WHIRLPOOL/consolidated/,2026-07-24T13:30:05.610929+00:00
WILLAMAGOR.NS,3755,consolidated,2026-03-31,1.5179,1.4,1.3325,1.3,1.0238,0.7,-20.0,14.0,6.0,25.0,2.0,-9.0,,,,,,-9725.32,https://www.screener.in/company/WILLAMAGOR/consolidated/,2026-07-24T13:30:05.610929+00:00
WINDLAS.NS,1274901,consolidated,2026-03-31,26.5809,26.0,20.505,20.9,20.505,20.9,21.0,16.0,,17.0,,,16.258571174966296,4.985740097478719,,0.0602409638554216,12.2,12.0,https://www.screener.in/company/WINDLAS/consolidated/,2026-07-24T13:30:05.610929+00:00
WINDMACHIN.NS,3757,consolidated,2026-03-31,52.0239,48.55,39.2087,35.5,52.8078,46.9,15.0,-36.0,-9.0,-36.0,49.0,23.0,-54.01793039364799,-46.97553274665407,-17.8490096045123,0.1740890688259109,0.2,6.0,https://www.screener.in/company/WINDMACHIN/consolidated/,2026-07-24T13:30:05.610929+00:00
WIPL.NS,1274054,consolidated,2026-03-31,48.9618,47.5,51.4886,45.5,53.0568,39.75,3.0,29.0,-15.0,-50.0,20.0,,-50.27216713259151,,-14.265051436724296,0.2045454545454545,1.0,3.0,https://www.screener.in/company/WIPL/consolidated/,2026-07-24T13:30:05.610929+00:00
WIPRO.NS,3763,consolidated,2026-03-31,20.8688,20.7,21.6598,20.3,19.4483,18.9,1.0,4.0,4.0,5.0,-10.0,6.0,6.754625358156718,5.014406468289345,6.407782934162287,0.2305297719810495,15.5,19.0,https://www.screener.in/company/WIPRO/consolidated/,2026-07-24T13:30:05.610929+00:00
WOCKPHARMA.NS,3767,consolidated,2026-03-31,244.7368,205.05,244.7368,205.05,174.2636,110.15,8.0,-19.0,1.0,43.0,30.0,8.0,,-22.745072770821963,-2.819142681736242,0.4520242914979757,6.11,19.0,https://www.screener.in/company/WOCKPHARMA/consolidated/,2026-07-24T13:30:05.610929+00:00
WORTHPERI.NS,1274149,consolidated,2026-03-31,13.3618,13.3,11.7732,12.0,10.5274,10.7,1.0,3.0,,-7.0,7.0,,-6.785365998456527,-1.755118229285968,,0.2234042553191489,8.14,11.0,https://www.screener.in/company/WORTHPERI/consolidated/,2026-07-24T13:30:05.610929+00:00
WPIL.NS,3770,consolidated,2026-03-31,27.4962,26.9,21.1023,19.1,24.7183,18.2,5.0,13.0,83.0,-6.0,35.0,28.0,-5.786349460609596,13.435219717234892,66.31242072193398,0.3155248271527341,10.7,17.0,https://www.screener.in/company/WPIL/consolidated/,2026-07-24T13:30:05.610929+00:00
WSI.NS,3719,consolidated,2026-03-31,71.6193,30.0,71.6193,30.0,56.1066,23.45,5.0,19.0,8.0,-44.0,63.0,20.0,-58.33286052545972,,,0.1734112823627666,0.8,9.91,https://www.screener.in/company/WSI/consolidated/,2026-07-24T13:30:05.610929+00:00
WSTCSTPAPR.NS,3747,consolidated,2026-03-31,10.0465,7.6,9.6954,7.5,9.7512,7.4,-5.0,115.0,,-46.0,17.0,20.0,-45.72687795430773,,,0.095620842572062,4.25,10.0,https://www.screener.in/company/WSTCSTPAPR/consolidated/,2026-07-24T13:30:05.610929+00:00
XCHANGING.NS,572,consolidated,2026-03-31,40.8923,25.45,31.5185,20.0,25.7438,18.4,5.0,-1.0,7.0,10.0,-13.0,-4.0,9.83617582582401,-0.9463129050985232,9.027454827432058,0.1792929292929292,15.8,34.0,https://www.screener.in/company/XCHANGING/consolidated/,2026-07-24T13:30:05.610929+00:00
XELPMOC.NS,1274619,consolidated,2026-03-31,247.5262,127.6,247.5262,127.6,247.5262,127.6,-37.0,,,17.0,-28.0,,,,,0.0092221331194867,-10.5,-190.11,https://www.screener.in/company/XELPMOC/consolidated/,2026-07-24T13:30:05.610929+00:00
XPROINDIA.NS,3775,consolidated,2026-03-31,90.9108,63.5,65.7218,49.0,64.5886,45.25,0.0,18.0,10.0,-25.0,47.0,45.0,-30.98077822957364,11.6524817118143,,0.4281949934123847,2.8,6.0,https://www.screener.in/company/XPROINDIA/consolidated/,2026-07-24T13:30:05.610929+00:00
XTGLOBAL.NS,1049,consolidated,2026-03-31,44.3981,43.9,39.4533,40.4,45.2358,43.6,15.0,4.0,,-3.0,-7.0,47.0,-2.921393755498425,-12.53428838047338,,0.2463054187192118,5.97,7.0,https://www.screener.in/company/XTGLOBAL/consolidated/,2026-07-24T13:30:05.610929+00:00
YASHO.NS,1274312,consolidated,2026-03-31,105.4497,70.2,80.1785,42.4,80.1785,42.4,7.0,3.0,,-28.0,48.0,,-29.40210819637199,1.2277259359208204,,1.2567567567567568,5.85,17.0,https://www.screener.in/company/YASHO/consolidated/,2026-07-24T13:30:05.610929+00:00
YATHARTH.NS,1284424,consolidated,2026-03-31,38.9381,38.5,38.9381,38.5,38.9381,38.5,36.0,57.0,,39.0,,,21.930557183449608,10.414972435274894,,0.148314606741573,10.4,24.0,https://www.screener.in/company/YATHARTH/consolidated/,2026-07-24T13:30:05.610929+00:00
YATRA.NS,1284491,consolidated,2026-03-31,137.0032,49.65,137.0032,49.65,137.0032,49.65,38.0,22.0,,89.0,,,64.45502715839883,,,0.1239470517448856,6.23,8.0,https://www.screener.in/company/YATRA/consolidated/,2026-07-24T13:30:05.610929+00:00
YESBANK.NS,3783,consolidated,2026-03-31,39.9204,30.4,40.6407,35.2,30.9373,24.2,10.0,25.0,3.0,69.0,12.0,-21.0,62.71024220942954,,-21.133014818303465,,7.1,,https://www.screener.in/company/YESBANK/consolidated/,2026-07-24T13:30:05.610929+00:00
YUKEN.NS,3786,consolidated,2026-03-31,75.9395,62.3,64.3931,54.0,71.2909,55.25,7.0,75.0,25.0,21.0,5.0,24.0,10.09871211175819,19.446959530885888,,0.3074866310160428,4.29,11.0,https://www.screener.in/company/YUKEN/consolidated/,2026-07-24T13:30:05.610929+00:00
ZAGGLE.NS,1284492,consolidated,2026-03-31,65.5174,63.9,65.5174,63.9,65.5174,63.9,51.0,,,82.0,,,60.58547263065379,,,0.0391737891737891,10.4,10.0,https://www.screener.in/company/ZAGGLE/consolidated/,2026-07-24T13:30:05.610929+00:00
ZEEL.NS,3788,consolidated,2026-03-31,36.8433,28.2,32.6211,25.3,33.2678,27.7,0.0,-21.0,-10.0,95.0,-13.0,-14.0,78.002609059935,-19.476837839344675,-10.519824207401795,0.0225916453537936,2.4,5.0,https://www.screener.in/company/ZEEL/consolidated/,2026-07-24T13:30:05.610929+00:00
ZEEMEDIA.NS,3790,consolidated,2026-03-31,155.7333,188.85,46.5448,15.6,55.7608,14.5,2.0,-40.0,9.0,29.0,-10.0,-11.0,,-54.91219680830493,,0.3705357142857143,3.0,14.0,https://www.screener.in/company/ZEEMEDIA/consolidated/,2026-07-24T13:30:05.610929+00:00
ZENITHSTL.NS,3792,consolidated,2026-03-31,20.0731,16.95,18.9172,16.45,18.9172,16.45,-31.0,2.0,8.0,30.0,34.0,23.0,,,,,,-30.44,https://www.screener.in/company/ZENITHSTL/consolidated/,2026-07-24T13:30:05.610929+00:00
ZENSARTECH.NS,3800,consolidated,2026-03-31,23.7236,24.4,22.8157,23.5,20.4121,19.95,5.0,18.0,10.0,34.0,6.0,10.0,33.00956150314383,20.6849445021817,10.133062013162796,0.0167408349226531,17.3,16.0,https://www.screener.in/company/ZENSARTECH/consolidated/,2026-07-24T13:30:05.610929+00:00
ZENTEC.NS,3791,consolidated,2026-03-31,69.2618,67.6,154.3931,78.9,123.6614,78.15,46.0,128.0,56.0,67.0,79.0,36.0,58.51850401732577,122.83916005172092,26.514178659449676,0.0100582318687136,10.7,36.0,https://www.screener.in/company/ZENTEC/consolidated/,2026-07-24T13:30:05.610929+00:00
ZFCVINDIA.NS,3720,consolidated,2026-03-31,62.6745,57.8,71.7142,69.0,71.7142,69.0,6.0,,,17.0,14.0,9.0,17.64121341468656,,,0.0149051490514905,14.6,16.0,https://www.screener.in/company/ZFCVINDIA/consolidated/,2026-07-24T13:30:05.610929+00:00
ZFSTEERING.NS,3802,consolidated,2026-03-31,40.607,37.5,31.2441,24.6,26.9628,22.8,8.0,,-4.0,-14.0,6.0,-8.0,-14.410689813962463,-18.902797369769495,,0.2203742203742204,3.29,12.0,https://www.screener.in/company/ZFSTEERING/consolidated/,2026-07-24T13:30:05.610929+00:00
ZOTA.NS,1274070,consolidated,2026-03-31,265.7362,151.1,230.4317,128.0,230.4317,128.0,57.0,,,,39.0,,,,,0.3890489913544668,-15.0,3.0,https://www.screener.in/company/ZOTA/consolidated/,2026-07-24T13:30:05.610929+00:00
ZSARACOM.NS,2894,consolidated,2026-03-31,20.8083,12.4,16.3479,10.8,14.9432,10.5,71.0,34.0,21.0,99.0,38.0,,95.05076725588016,31.635993855153856,,,8.92,,https://www.screener.in/company/ZSARACOM/consolidated/,2026-07-24T13:30:05.610929+00:00
ZUARI.NS,249383,consolidated,2026-03-31,4.2242,3.6,5.6829,4.5,5.9993,5.0,-11.0,31.0,18.0,34.0,10.0,2.0,24.499602479930505,,,0.3073240785064624,15.1,10.0,https://www.screener.in/company/ZUARI/consolidated/,2026-07-24T13:30:05.610929+00:00
ZUARIIND.NS,3808,consolidated,2026-03-31,30.1992,23.35,21.8582,17.0,21.8582,17.0,3.0,28.0,17.0,-28.0,11.0,10.0,-29.69148894789237,,,0.7174813587406794,2.69,7.0,https://www.screener.in/company/ZUARIIND/consolidated/,2026-07-24T13:30:05.610929+00:00
ZYDUSLIFE.NS,567,consolidated,2026-03-31,22.6331,21.4,21.6203,21.3,22.9998,22.0,16.0,19.0,11.0,32.0,13.0,11.0,37.25888616128028,19.171021885015872,10.243224490909752,0.4609029212156978,21.2,31.0,https://www.screener.in/company/ZYDUSLIFE/consolidated/,2026-07-24T13:30:05.610929+00:00
ZYDUSWELL.NS,3810,consolidated,2026-03-31,43.4229,39.7,40.0789,35.9,40.1946,35.9,21.0,-2.0,8.0,-10.0,5.0,14.0,-14.007146983985896,10.69718360117653,1.619201194313313,0.549776862341229,3.98,13.0,https://www.screener.in/company/ZYDUSWELL/consolidated/,2026-07-24T13:30:05.610929+00:00
