symbol,company_name,market_cap,pe,pe_source,peg_ratio,forward_pe,eps,sector,industry,revenue_growth,earnings_growth
RELIANCE.NS,Reliance Industries Limited,,21.33285,yahoo_trailing_pe,4.26657,16.497118,55.22,Energy,Oil & Gas Refining & Marketing,,
BHARTIARTL.NS,Bharti Airtel Limited,11258282639360.0,37.721573,yahoo_trailing_pe,0.8382571777777778,21.956364,47.84,Communication Services,Telecom Services,,
HDFCBANK.NS,HDFC Bank Limited,10673442521088.0,15.131147,yahoo_trailing_pe,0.8406192777777778,11.052473,45.75,Financial Services,Banks - Regional,,
ICICIBANK.NS,ICICI Bank Limited,9683948535808.0,17.437952,yahoo_trailing_pe,1.025761882352941,14.465494,77.36,Financial Services,Banks - Regional,,
SBIN.NS,State Bank of India,8676780802048.0,10.0750265,yahoo_trailing_pe,0.7196447499999999,8.936523,93.3,Financial Services,Banks - Regional,,
TCS.NS,Tata Consultancy Services Limited,,15.080633,yahoo_trailing_pe,1.885079125,12.818464,137.66,Technology,Information Technology Services,,
BAJFINANCE.NS,Bajaj Finance Limited,5946881867776.0,29.35063,yahoo_trailing_pe,1.54477,18.9937,32.57,Financial Services,Credit Services,,
LT.NS,Larsen & Toubro Limited,4987652407296.0,30.07134,yahoo_trailing_pe,1.7689023529411765,20.143492,120.55,Industrials,Engineering & Construction,,
HINDUNILVR.NS,Hindustan Unilever Limited,4333821231104.0,41.356503,yahoo_trailing_pe,2.9540359285714284,34.72462,44.6,Consumer Defensive,Household & Personal Products,,
INFY.NS,Infosys Limited,4038192529408.0,13.583106,yahoo_trailing_pe,1.69788825,12.46418,73.4,Technology,Information Technology Services,,
SUNPHARMA.NS,Sun Pharmaceutical Industries Limited,4222349737984.0,34.916668,yahoo_trailing_pe,2.6858975384615387,27.157467,50.4,Healthcare,Drug Manufacturers - Specialty & Generic,,
TITAN.NS,Titan Company Limited,3868238020608.0,67.19328,yahoo_trailing_pe,3.952545882352941,49.06688,64.88,Consumer Cyclical,Luxury Goods,,
ADANIENT.NS,Adani Enterprises Limited,3514263928832.0,41.84397,yahoo_trailing_pe,,39.42892,62.04,Energy,Thermal Coal,,
KOTAKBANK.NS,Kotak Mahindra Bank Limited,4327328448512.0,21.32353,yahoo_trailing_pe,2.3692811111111114,18.518147,20.4,Financial Services,Banks - Regional,,
MARUTI.NS,Maruti Suzuki India Limited,3530111844352.0,24.628208,yahoo_trailing_pe,1.1727718095238095,18.8975,455.9,Consumer Cyclical,Auto Manufacturers,,
ADANIPOWER.NS,Adani Power Limited,3625522561024.0,25.439783,yahoo_trailing_pe,4.239963833333333,23.699282,7.39,Utilities,Utilities - Independent Power Producers,,
M&M.NS,Mahindra & Mahindra Limited,3303537115136.0,16.748035,yahoo_trailing_pe,0.7281754347826087,17.496994,164.27,Consumer Cyclical,Auto Manufacturers,,
AXISBANK.NS,Axis Bank Limited,3876647337984.0,13.999775,yahoo_trailing_pe,0.3999935714285714,10.313905,88.93,Financial Services,Banks - Regional,,
ADANIPORTS.NS,Adani Ports and Special Economic Zone Limited,3935162073088.0,29.151731,yahoo_trailing_pe,1.0796937407407408,21.844465,58.59,Industrials,Marine Shipping,,
HCLTECH.NS,HCL Technologies Limited,3184416784384.0,18.308962,yahoo_trailing_pe,3.051493666666667,14.692633,64.28,Technology,Information Technology Services,,
ULTRACEMCO.NS,UltraTech Cement Limited,3067012710400.0,35.936855,yahoo_trailing_pe,2.1139326470588236,24.127165,290.12,Basic Materials,Building Materials,,
ITC.NS,ITC Limited,3195281866752.0,16.098484,yahoo_trailing_pe,5.366161333333333,15.179782,15.84,Consumer Defensive,Tobacco,,
BAJAJ-AUTO.NS,Bajaj Auto Limited,2648284594176.0,22.917955,yahoo_trailing_pe,1.0913311904761904,20.27059,420.5,Consumer Cyclical,Auto Manufacturers,,
JSWSTEEL.NS,JSW Steel Limited,2868637335552.0,11.595461,yahoo_trailing_pe,0.33129888571428573,16.118284,101.35,Basic Materials,Steel,,
HAL.NS,Hindustan Aeronautics Limited,3108064722944.0,33.343376,yahoo_trailing_pe,2.083961,26.907028,139.38,Industrials,Aerospace & Defense,,
BAJAJFINSV.NS,Bajaj Finserv Ltd.,2733217939456.0,27.115414,yahoo_trailing_pe,1.694713375,18.026384,62.99,Financial Services,Financial Conglomerates,,
NTPC.NS,NTPC Limited,3003057700864.0,10.817326,yahoo_trailing_pe,0.5408663,11.092058,28.63,Utilities,Utilities - Regulated Electric,,
ETERNAL.NS,Eternal Limited,2936980635648.0,678.8298,yahoo_trailing_pe,24.24392142857143,84.68548,0.47,Consumer Cyclical,Internet Retail,,
BEL.NS,Bharat Electronics Limited,2684881731584.0,43.726192,yahoo_trailing_pe,1.6194885925925926,32.75449,8.4,Industrials,Aerospace & Defense,,
ONGC.NS,Oil and Natural Gas Corporation Limited,2765145505792.0,6.3526015,yahoo_trailing_pe,6.3526015,5.2927547,34.6,Energy,Oil & Gas Integrated,,
NESTLEIND.NS,Nestlé India Limited,2543446654976.0,66.71725,yahoo_trailing_pe,,53.12255,19.77,Consumer Defensive,Packaged Foods,,
LICI.NS,Life Insurance Corporation of India,4797510451200.0,7.9858913,yahoo_trailing_pe,0.46975831176470584,6.4490466,47.49,Financial Services,Insurance - Life,,
HINDZINC.NS,Hindustan Zinc Limited,2246813417472.0,13.165388,yahoo_trailing_pe,1.3165388,11.816667,40.39,Basic Materials,Other Industrial Metals & Mining,,
SHRIRAMFIN.NS,Shriram Finance Limited,2158330511360.0,16.197245,yahoo_trailing_pe,0.8524865789473683,12.803802,56.63,Financial Services,Credit Services,,
ASIANPAINT.NS,Asian Paints Limited,2216002322432.0,46.529793,yahoo_trailing_pe,23.2648965,38.12494,49.68,Basic Materials,Specialty Chemicals,,
DMART.NS,Avenue Supermarts Limited,2338529476608.0,76.422935,yahoo_trailing_pe,9.552866875,52.16588,46.91,Consumer Defensive,Discount Stores,,
POWERGRID.NS,Power Grid Corporation of India Limited,2275392618496.0,14.307017,yahoo_trailing_pe,,12.637827,17.1,Utilities,Utilities - Regulated Electric,,
COALINDIA.NS,Coal India Limited,2522712899584.0,8.085127,yahoo_trailing_pe,,7.210106,50.63,Energy,Thermal Coal,,
DIVISLAB.NS,Divi's Laboratories Limited,2485051457536.0,84.93784,yahoo_trailing_pe,6.5336799999999995,61.97756,110.21,Healthcare,Drug Manufacturers - Specialty & Generic,,
TATASTEEL.NS,Tata Steel Limited,2145083457536.0,19.430508,yahoo_trailing_pe,1.9430508,9.606705,8.85,Basic Materials,Steel,,
HINDALCO.NS,Hindalco Industries Limited,1975988125696.0,12.076381,yahoo_trailing_pe,0.635599,7.998345,73.71,Basic Materials,Aluminum,,
GRASIM.NS,Grasim Industries Limited,1937736990720.0,34.070366,yahoo_trailing_pe,,18.915833,83.85,Basic Materials,Building Materials,,
EICHERMOT.NS,Eicher Motors Limited,1857825538048.0,32.20319,yahoo_trailing_pe,1.3417995833333334,24.862133,210.15,Consumer Cyclical,Auto Manufacturers,,
ADANIGREEN.NS,Adani Green Energy Limited,2035415515136.0,118.36207,yahoo_trailing_pe,6.962474705882353,41.42153,10.44,Utilities,Utilities - Renewable,,
TVSMOTOR.NS,TVS Motor Company Limited,,53.214134,yahoo_trailing_pe,1.6125495151515152,33.40576,72.15,Consumer Cyclical,Auto Manufacturers,,
INDIGO.NS,InterGlobe Aviation Limited,1861064982528.0,,,,20.692448,-124.36,Industrials,Airlines,,
IOC.NS,Indian Oil Corporation Limited,,5.165712,yahoo_trailing_pe,0.08331793548387097,6.7039714,24.44,Energy,Oil & Gas Refining & Marketing,,
ADANIENSOL.NS,Adani Energy Solutions Limited,1530527612928.0,51.50206,yahoo_trailing_pe,2.4524790476190477,34.163773,24.3,Utilities,Utilities - Independent Power Producers,,
TORNTPHARM.NS,Torrent Pharmaceuticals Limited,1756196503552.0,73.75559,yahoo_trailing_pe,3.352526818181818,49.488842,62.6,Healthcare,Drug Manufacturers - Specialty & Generic,,
SOLARINDS.NS,Solar Industries India Limited,1798037438464.0,90.28945,yahoo_trailing_pe,3.0096483333333333,56.814323,220.07,Basic Materials,Specialty Chemicals,,
HYUNDAI.NS,Hyundai Motor India Limited,1556016267264.0,31.429508,yahoo_trailing_pe,6.2859016,20.95186,60.93,Consumer Cyclical,Auto Manufacturers,,
WIPRO.NS,Wipro Limited,1566922637312.0,12.579825,yahoo_trailing_pe,2.515965,11.394737,12.59,Technology,Information Technology Services,,
VAML.NS,Vedanta Aluminium Metal Limited,1461911158784.0,38.092575,yahoo_trailing_pe,,6.456236,9.83,Basic Materials,Aluminum,,
SBILIFE.NS,SBI Life Insurance Company Limited,1688228986880.0,64.91126,yahoo_trailing_pe,,48.588127,25.92,Financial Services,Insurance - Life,,
MOTHERSON.NS,Samvardhana Motherson International Limited,1612120850432.0,36.886745,yahoo_trailing_pe,0.922168625,22.040583,4.15,Consumer Cyclical,Auto Parts,,
TMCV.NS,Tata Motors Limited,1521728618496.0,36.277435,yahoo_trailing_pe,,17.515408,11.39,Consumer Cyclical,Auto Manufacturers,,
DLF.NS,DLF Limited,1576649752576.0,35.464924,yahoo_trailing_pe,1.3135157037037037,25.06141,17.96,Real Estate,Real Estate - Development,,
PIDILITIND.NS,Pidilite Industries Limited,1487170437120.0,56.200924,yahoo_trailing_pe,2.24803696,46.04605,25.98,Basic Materials,Specialty Chemicals,,
ABB.NS,ABB India Limited,1434619609088.0,92.22176,yahoo_trailing_pe,,64.50844,73.41,Industrials,Specialty Industrial Machinery,,
CHOLAFIN.NS,Cholamandalam Investment and Finance Company Limited,1323996676096.0,22.836859,yahoo_trailing_pe,0.91347436,15.739333,67.61,Financial Services,Credit Services,,
IDEA.NS,Vodafone Idea Limited,1386790912000.0,3.710145,yahoo_trailing_pe,0.6183575,-8.835813,3.45,Communication Services,Telecom Services,,
TATACAP.NS,Tata Capital Limited,1327836561408.0,24.698038,yahoo_trailing_pe,1.4528257647058824,14.906508,12.75,Financial Services,Credit Services,,
JIOFIN.NS,Jio Financial Services Limited,1393262854144.0,65.52795,yahoo_trailing_pe,0.2236448805460751,46.612633,3.22,Financial Services,Asset Management,,
ICICIAMC.NS,ICICI Prudential Asset Management Company Limited,1515594317824.0,43.556816,yahoo_trailing_pe,,33.103153,70.4,Financial Services,Asset Management,,
TRENT.NS,Trent Limited,1533735993344.0,84.796585,yahoo_trailing_pe,1.1943180985915491,56.20195,33.92,Consumer Cyclical,Apparel Retail,,
BHEL.NS,Bharat Heavy Electricals Limited,1495894458368.0,61.45923,yahoo_trailing_pe,1.7072008333333333,30.722296,6.99,Industrials,Specialty Industrial Machinery,,
POWERINDIA.NS,Hitachi Energy India Limited,1378846113792.0,119.85664,yahoo_trailing_pe,,61.39553,258.1,Industrials,Electrical Equipment & Parts,,
SIEMENS.NS,Siemens Limited,1295922495488.0,89.21304,yahoo_trailing_pe,3.878827826086957,53.80348,40.79,Industrials,Specialty Industrial Machinery,,
TECHM.NS,Tech Mahindra Limited,1325518684160.0,25.86791,yahoo_trailing_pe,25.86791,17.043398,57.84,Technology,Information Technology Services,,
CUMMINSIND.NS,Cummins India Limited,1314177417216.0,55.520554,yahoo_trailing_pe,2.135405923076923,41.333965,85.39,Industrials,Specialty Industrial Machinery,,
BOSCHLTD.NS,Bosch Limited,,53.859596,yahoo_trailing_pe,3.8471140000000004,37.991344,801.25,Consumer Cyclical,Auto Parts,,
UNIONBANK.NS,Union Bank of India,1309239672832.0,6.340481,yahoo_trailing_pe,0.19814003125,6.327099,27.05,Financial Services,Banks - Regional,,
CGPOWER.NS,CG Power and Industrial Solutions Limited,1358132412416.0,108.70744,yahoo_trailing_pe,10.870744,61.899178,7.93,Industrials,Electrical Equipment & Parts,,
VBL.NS,Varun Beverages Limited,1461237710848.0,43.2,yahoo_trailing_pe,1.8,36.987694,10.0,Consumer Defensive,Beverages - Non-Alcoholic,,
LTM.NS,LTM Limited,1160645705728.0,22.207727,yahoo_trailing_pe,3.1725324285714285,17.083204,176.29,Technology,Information Technology Services,,
BSE.NS,BSE Limited,1354359242752.0,48.51324,yahoo_trailing_pe,0.3850257142857143,37.552334,68.74,Financial Services,Financial Data & Stock Exchanges,,
POLYCAB.NS,Polycab India Limited,1227826397184.0,42.767197,yahoo_trailing_pe,1.527399892857143,32.095776,190.59,Industrials,Electrical Equipment & Parts,,
BPCL.NS,Bharat Petroleum Corporation Limited,1223027458048.0,7.1401844,yahoo_trailing_pe,0.0667306953271028,7.2150855,40.09,Energy,Oil & Gas Refining & Marketing,,
PNB.NS,Punjab National Bank,1325021396992.0,6.0109487,yahoo_trailing_pe,0.0790914302631579,6.7299914,19.18,Financial Services,Banks - Regional,,
BRITANNIA.NS,Britannia Industries Limited,1143064625152.0,43.896034,yahoo_trailing_pe,5.48700425,36.487694,108.11,Consumer Defensive,Packaged Foods,,
LODHA.NS,Lodha Developers Limited,1064801730560.0,25.864077,yahoo_trailing_pe,0.4618585178571429,21.713198,41.2,Real Estate,Real Estate - Development,,
APOLLOHOSP.NS,Apollo Hospitals Enterprise Limited,1102253129728.0,52.774338,yahoo_trailing_pe,1.6491980625,35.187973,145.26,Healthcare,Medical Care Facilities,,
BAJAJHLDNG.NS,Bajaj Holdings & Investment Limited,1179711176704.0,13.318591,yahoo_trailing_pe,0.7009784736842105,,795.88,Financial Services,Asset Management,,
BANKBARODA.NS,Bank of Baroda Limited,1210098778112.0,6.6609735,yahoo_trailing_pe,0.66609735,5.424981,35.13,Financial Services,Banks - Regional,,
MUTHOOTFIN.NS,Muthoot Finance Limited,1027598778368.0,9.0355835,yahoo_trailing_pe,0.21012984883720928,8.018169,283.28,Financial Services,Credit Services,,
JINDALSTEL.NS,Jindal Steel Limited,1027663003648.0,37.7994,yahoo_trailing_pe,37.7994,11.524362,26.72,Basic Materials,Steel,,
HDFCLIFE.NS,HDFC Life Insurance Company Limited,1182680743936.0,59.508198,yahoo_trailing_pe,4.9590165,46.13195,9.15,Financial Services,Insurance - Life,,
INDIANB.NS,Indian Bank,1088077496320.0,8.511221,yahoo_trailing_pe,0.3039721785714286,7.348885,94.91,Financial Services,Banks - Regional,,
ZYDUSLIFE.NS,Zydus Lifesciences Limited,1109224194048.0,24.782705,yahoo_trailing_pe,0.77445953125,22.600422,44.87,Healthcare,Drug Manufacturers - Specialty & Generic,,
GROWW.NS,Billionbrains Garage Ventures Limited,1192497774592.0,49.51157,yahoo_trailing_pe,0.750175303030303,30.55426,3.89,Financial Services,Capital Markets,,
TMPV.NS,Tata Motors Passenger Vehicles Limited,1005456850944.0,,,,5.7448807,-9.17,Consumer Cyclical,Auto Manufacturers,,
CANBK.NS,Canara Bank,1064440954880.0,5.3608956,yahoo_trailing_pe,0.29782753333333334,4.9397507,21.89,Financial Services,Banks - Regional,,
PFC.NS,Power Finance Corporation Limited,1068242960384.0,4.1011024,yahoo_trailing_pe,0.22783902222222224,3.5807524,78.93,Financial Services,Credit Services,,
ENRIN.NS,Siemens Energy India Limited,1132463259648.0,76.09476,yahoo_trailing_pe,,56.48189,41.79,Utilities,Utilities - Renewable,,
CIPLA.NS,Cipla Limited,1055725322240.0,31.33813,yahoo_trailing_pe,3.133813,20.617584,41.7,Healthcare,Drug Manufacturers - Specialty & Generic,,
SBIFUNDS.NS,SBI Funds Management Limited,1018311999488.0,33.197212,yahoo_trailing_pe,1.037412875,25.240479,15.06,Financial Services,Asset Management,,
LGEINDIA.NS,LG Electronics India Limited,1169524916224.0,64.07587,yahoo_trailing_pe,,43.307377,26.89,Technology,Consumer Electronics,,
GAIL.NS,GAIL (India) Limited,1102640840704.0,11.157684,yahoo_trailing_pe,1.1157683999999999,9.117515,15.03,Utilities,Utilities - Regulated Gas,,
VEDL.NS,Vedanta Limited,988305358848.0,10.647876,yahoo_trailing_pe,0.6263456470588236,7.871876,23.77,Basic Materials,Other Industrial Metals & Mining,,
TATAPOWER.NS,The Tata Power Company Limited,1072515710976.0,27.808617,yahoo_trailing_pe,4.6347695,20.382324,12.07,Utilities,Utilities - Independent Power Producers,,
HEROMOTOCO.NS,Hero MotoCorp Limited,971985715200.0,17.849531,yahoo_trailing_pe,0.63748325,14.938534,272.08,Consumer Cyclical,Auto Manufacturers,,
GVT&D.NS,GE Vernova T&D India Limited,1075395428352.0,81.999214,yahoo_trailing_pe,,52.542297,51.22,Industrials,Specialty Industrial Machinery,,
ABCAPITAL.NS,Aditya Birla Capital Limited,1009313906688.0,23.8146,yahoo_trailing_pe,,14.53148,15.48,Financial Services,Financial Conglomerates,,
LENSKART.NS,Lenskart Solutions Limited,1132275302400.0,176.74324,yahoo_trailing_pe,1.6067567272727272,91.718735,3.7,Healthcare,Medical Instruments & Supplies,,
HDFCAMC.NS,HDFC Asset Management Company Limited,963269820416.0,32.754597,yahoo_trailing_pe,1.2597921923076922,25.641186,68.54,Financial Services,Asset Management,,
IRFC.NS,Indian Railway Finance Corporation Limited,970990026752.0,13.509091,yahoo_trailing_pe,,10.178082,5.5,Financial Services,Credit Services,,
MARICO.NS,Marico Limited,1008864854016.0,53.382553,yahoo_trailing_pe,4.852959363636364,39.878033,14.56,Consumer Defensive,Household & Personal Products,,
UNITDSPR.NS,United Spirits Limited,935995047936.0,55.503155,yahoo_trailing_pe,2.413180652173913,43.035255,23.75,Consumer Defensive,Beverages - Wineries & Distilleries,,
OFSS.NS,Oracle Financial Services Software Limited,905860939776.0,26.580112,yahoo_trailing_pe,2.0446239999999998,22.965662,391.27,Technology,Software - Infrastructure,,
PAYTM.NS,One97 Communications Limited,1050408189952.0,163.98601,yahoo_trailing_pe,4.82311794117647,43.580624,10.01,Technology,Software - Infrastructure,,
INDIAMART.NS,IndiaMART InterMESH Limited,96384221184.0,19.583334,yahoo_trailing_pe,1.0307017894736843,15.406873,81.84,Communication Services,Internet Content & Information,,
LAURUSLABS.NS,Laurus Labs Limited,1079489724416.0,98.75927,yahoo_trailing_pe,24.6898175,67.73686,20.23,Healthcare,Drug Manufacturers - Specialty & Generic,,
GMRAIRPORT.NS,GMR Airports Limited,935713767424.0,230.97368,yahoo_trailing_pe,5.499373333333334,55.01993,0.38,Industrials,Airports & Air Services,,
ASHOKLEY.NS,Ashok Leyland Limited,,24.496622,yahoo_trailing_pe,0.5443693777777777,17.80328,5.92,Industrials,Farm & Heavy Construction Machinery,,
MAZDOCK.NS,Mazagon Dock Shipbuilders Limited,802726215680.0,28.08751,yahoo_trailing_pe,0.8777346875,25.840149,70.85,Industrials,Aerospace & Defense,,
TATACONSUM.NS,Tata Consumer Products Limited,942085898240.0,57.621067,yahoo_trailing_pe,4.4323897692307686,39.897614,16.52,Consumer Defensive,Packaged Foods,,
AMBUJACEM.NS,Ambuja Cements Limited,847322677248.0,19.309174,yahoo_trailing_pe,0.9194844761904761,23.499187,17.66,Basic Materials,Building Materials,,
INDHOTEL.NS,The Indian Hotels Company Limited,1029476974592.0,47.22296,yahoo_trailing_pe,2.1464981818181816,38.14701,15.07,Consumer Cyclical,Lodging,,
LLOYDSME.NS,Lloyds Metals and Energy Limited,1010440929280.0,20.900942,yahoo_trailing_pe,0.34834903333333334,12.734752,85.91,Basic Materials,Steel,,
MANIPALHOS.NS,Manipal Health Enterprises Limited,899783720960.0,141.33264,yahoo_trailing_pe,6.424210909090909,48.03388,4.84,Healthcare,Medical Care Facilities,,
INDUSTOWER.NS,Indus Towers Limited,983676485632.0,13.753687,yahoo_trailing_pe,0.2926316382978723,12.206807,27.12,Communication Services,Telecom Services,,
IDBI.NS,IDBI Bank Limited,894384865280.0,9.594003,yahoo_trailing_pe,0.2741143714285714,16.97551,8.67,Financial Services,Banks - Regional,,
LUPIN.NS,Lupin Limited,885725003776.0,16.043236,yahoo_trailing_pe,0.11459454285714286,19.040392,120.73,Healthcare,Drug Manufacturers - Specialty & Generic,,
MAXHEALTH.NS,Max Healthcare Institute Limited,850089213952.0,58.578136,yahoo_trailing_pe,5.8578136,37.450275,14.91,Healthcare,Medical Care Facilities,,
MANKIND.NS,Mankind Pharma Limited,983047340032.0,48.15864,yahoo_trailing_pe,2.832861176470588,33.498535,49.42,Healthcare,Drug Manufacturers - Specialty & Generic,,
DRREDDY.NS,Dr. Reddy's Laboratories Limited,982926557184.0,29.693003,yahoo_trailing_pe,,20.052664,39.74,Healthcare,Drug Manufacturers - Specialty & Generic,,
JSWENERGY.NS,JSW Energy Limited,855443374080.0,42.096485,yahoo_trailing_pe,2.2156044736842104,27.630604,11.09,Utilities,Utilities - Independent Power Producers,,
BHARATFORG.NS,Bharat Forge Limited,875013668864.0,121.23222,yahoo_trailing_pe,3.673703636363636,37.224346,14.77,Consumer Cyclical,Auto Parts,,
MEESHO.NS,Meesho Limited,1074696290304.0,,,,176.12433,-2.69,Consumer Cyclical,Internet Retail,,
NYKAA.NS,FSN E-Commerce Ventures Limited,952129421312.0,373.3708,yahoo_trailing_pe,3.060416393442623,114.015335,0.89,Consumer Cyclical,Internet Retail,,
AUROPHARMA.NS,Aurobindo Pharma Limited,946496667648.0,25.703125,yahoo_trailing_pe,1.1175271739130435,17.606493,64.0,Healthcare,Drug Manufacturers - Specialty & Generic,,
GODREJCP.NS,Godrej Consumer Products Limited,885294694400.0,46.231964,yahoo_trailing_pe,9.246392799999999,31.972263,18.71,Consumer Defensive,Household & Personal Products,,
PERSISTENT.NS,Persistent Systems Limited,854271328256.0,44.764633,yahoo_trailing_pe,1.598736892857143,30.746122,122.15,Technology,Information Technology Services,,
COFORGE.NS,Coforge Limited,803805003776.0,37.155437,yahoo_trailing_pe,1.1259223333333332,25.303856,48.83,Technology,Information Technology Services,,
DIXON.NS,Dixon Technologies (India) Limited,769143930880.0,36.98398,yahoo_trailing_pe,0.9020482926829269,45.481495,342.04,Technology,Consumer Electronics,,
NAUKRI.NS,Info Edge (India) Limited,766144086016.0,47.964317,yahoo_trailing_pe,0.7736180161290322,50.143463,24.66,Communication Services,Internet Content & Information,,
SHREECEM.NS,Shree Cement Limited,779344150528.0,47.810883,yahoo_trailing_pe,4.7810882999999995,31.332476,451.78,Basic Materials,Building Materials,,
FEDERALBNK.NS,The Federal Bank Limited,792959188992.0,17.17496,yahoo_trailing_pe,1.5613599999999999,11.398002,18.69,Financial Services,Banks - Regional,,
MCX.NS,Multi Commodity Exchange of India Limited,,67.99499,yahoo_trailing_pe,0.6295832407407408,39.6821,47.88,Financial Services,Financial Data & Stock Exchanges,,
POLICYBZR.NS,PB Fintech Limited,460251463680.0,61.9403,yahoo_trailing_pe,1.238806,32.03246,16.08,Financial Services,Insurance Brokers,,
RECLTD.NS,REC Limited,,4.8543687,yahoo_trailing_pe,0.3467406214285714,4.4318647,60.77,Financial Services,Credit Services,,
SAIL.NS,Steel Authority of India Limited,686699839488.0,16.078337,yahoo_trailing_pe,0.618397576923077,10.478018,10.34,Basic Materials,Steel,,
AUBANK.NS,AU Small Finance Bank Limited,730680459264.0,25.745974,yahoo_trailing_pe,0.5254280408163265,16.13829,37.87,Financial Services,Banks - Regional,,
JSWINFRA.NS,JSW Infrastructure Limited,772685299712.0,47.07334,yahoo_trailing_pe,1.6232186206896553,29.93499,7.09,Industrials,Marine Shipping,,
LTF.NS,L&T Finance Limited,645147787264.0,20.315706,yahoo_trailing_pe,0.0793582265625,13.392154,12.67,Financial Services,Credit Services,,
OIL.NS,Oil India Limited,727093673984.0,8.703271,yahoo_trailing_pe,,6.7621636,51.36,Energy,Oil & Gas Integrated,,
ICICIGI.NS,ICICI Lombard General Insurance Company Limited,811427233792.0,33.546787,yahoo_trailing_pe,,23.556479,48.41,Financial Services,Insurance - Diversified,,
BHARTIHEXA.NS,Bharti Hexacom Limited,750349975552.0,41.148888,yahoo_trailing_pe,,23.601748,36.47,Communication Services,Telecom Services,,
HINDPETRO.NS,Hindustan Petroleum Corporation Limited,694946824192.0,41.6051,yahoo_trailing_pe,0.630380303030303,5.743252,7.85,Energy,Oil & Gas Refining & Marketing,,
INDUSINDBK.NS,IndusInd Bank Limited,673181007872.0,51.09403,yahoo_trailing_pe,,10.985065,16.91,Financial Services,Banks - Regional,,
SRF.NS,SRF Limited,736628244480.0,34.07651,yahoo_trailing_pe,,27.554697,72.93,Industrials,Conglomerates,,
HAVELLS.NS,Havells India Limited,642434859008.0,39.35794,yahoo_trailing_pe,2.45987125,31.38482,26.01,Industrials,Electrical Equipment & Parts,,
NTPCGREEN.NS,NTPC Green Energy Limited,765110779904.0,127.88733,yahoo_trailing_pe,2.841940666666667,33.277504,0.71,Utilities,Utilities - Renewable,,
NAM-INDIA.NS,Nippon Life India Asset Management Limited,665259671552.0,41.213326,yahoo_trailing_pe,1.4719045000000002,31.06835,25.22,Financial Services,Asset Management,,
NMDC.NS,NMDC Limited,621493551104.0,8.326266,yahoo_trailing_pe,0.4897803529411765,6.8430696,8.49,Basic Materials,Steel,,
WAAREEENER.NS,Waaree Energies Limited,666488143872.0,17.486792,yahoo_trailing_pe,0.17663426262626264,14.135911,132.5,Technology,Solar,,
NHPC.NS,NHPC Limited,719726706688.0,18.955027,yahoo_trailing_pe,,11.1953125,3.78,Utilities,Utilities - Renewable,,
APARINDS.NS,APAR Industries Limited,745997533184.0,60.712215,yahoo_trailing_pe,3.7945134375,47.37542,293.45,Industrials,Electrical Equipment & Parts,,
UNOMINDA.NS,Uno Minda Limited,626551881728.0,52.138397,yahoo_trailing_pe,2.2668868260869566,34.61971,20.81,Consumer Cyclical,Auto Parts,,
SWIGGY.NS,Swiggy Limited,615569424384.0,,,,-41.238903,-15.25,Consumer Cyclical,Internet Retail,,
ICICIPRULI.NS,ICICI Life Insurance Limited,663007395840.0,39.39655,yahoo_trailing_pe,1.515251923076923,31.80168,11.6,Financial Services,Insurance - Life,,
NATIONALUM.NS,National Aluminium Company Limited,575049433088.0,8.517411,yahoo_trailing_pe,0.14436289830508472,8.066494,36.76,Basic Materials,Aluminum,,
IDFCFIRSTB.NS,IDFC First Bank Limited,676546871296.0,30.293436,yahoo_trailing_pe,,11.549648,2.59,Financial Services,Banks - Regional,,
GLENMARK.NS,Glenmark Pharmaceuticals Limited,618692935680.0,34.419846,yahoo_trailing_pe,0.5642597704918033,22.579496,63.69,Healthcare,Drug Manufacturers - Specialty & Generic,,
BAJAJHFL.NS,Bajaj Housing Finance Limited,684116279296.0,25.43034,yahoo_trailing_pe,,18.732382,3.23,Financial Services,Mortgage Finance,,
ATGL.NS,Adani Total Gas Limited,618313220096.0,97.77392,yahoo_trailing_pe,16.295653333333334,,5.75,Utilities,Utilities - Regulated Gas,,
FORTIS.NS,Fortis Healthcare Limited,576033062912.0,54.97118,yahoo_trailing_pe,2.0359696296296295,33.408733,13.88,Healthcare,Medical Care Facilities,,
YESBANK.NS,Yes Bank Limited,641906442240.0,17.184874,yahoo_trailing_pe,0.24905614492753625,11.246399,1.19,Financial Services,Banks - Regional,,
PHOENIXLTD.NS,The Phoenix Mills Limited,633519013888.0,49.337044,yahoo_trailing_pe,4.111420333333333,35.74447,35.9,Real Estate,Real Estate - Diversified,,
DABUR.NS,Dabur India Limited,668426960896.0,33.945942,yahoo_trailing_pe,8.4864855,28.686363,11.1,Consumer Defensive,Household & Personal Products,,
PRESTIGE.NS,Prestige Estates Projects Limited,607760351232.0,53.345936,yahoo_trailing_pe,2.9636631111111114,24.64195,26.45,Real Estate,Real Estate - Diversified,,
OBEROIRLTY.NS,Oberoi Realty Limited,604779642880.0,23.002352,yahoo_trailing_pe,2.555816888888889,15.632229,72.31,Real Estate,Real Estate - Development,,
BIOCON.NS,Biocon Limited,573213900800.0,103.55029,yahoo_trailing_pe,,31.928364,3.38,Healthcare,Biotechnology,,
BANKINDIA.NS,Bank of India,602545586176.0,5.1159644,yahoo_trailing_pe,0.1218086761904762,5.253548,25.87,Financial Services,Banks - Regional,,
ASTERDM.NS,Aster DM Quality Care Limited,590252998656.0,109.74879,yahoo_trailing_pe,,33.96115,6.17,Healthcare,Medical Care Facilities,,
ATHERENERG.NS,Ather Energy Limited,557785677824.0,,,,790.5227,-10.17,Consumer Cyclical,Auto Manufacturers,,
MAHABANK.NS,Bank of Maharashtra,631092084736.0,8.381001,yahoo_trailing_pe,0.21489746153846154,6.564,9.79,Financial Services,Banks - Regional,,
SUZLON.NS,Suzlon Energy Limited,500782170112.0,15.97807,yahoo_trailing_pe,0.09802496932515338,17.214983,2.28,Industrials,Specialty Industrial Machinery,,
ALKEM.NS,Alkem Laboratories Limited,627656491008.0,29.092773,yahoo_trailing_pe,0.90914915625,23.459015,180.44,Healthcare,Drug Manufacturers - Specialty & Generic,,
KALYANKJIL.NS,Kalyan Jewellers India Limited,571627667456.0,39.906273,yahoo_trailing_pe,0.8868060666666666,28.590067,13.87,Consumer Cyclical,Luxury Goods,,
IOB.NS,Indian Overseas Bank,586940874752.0,9.960784,yahoo_trailing_pe,0.2692103783783784,33.86667,3.06,Financial Services,Banks - Regional,,
SCHAEFFLER.NS,Schaeffler India Limited,584059912192.0,46.59227,yahoo_trailing_pe,4.659227,37.125618,80.2,Consumer Cyclical,Auto Parts,,
APLAPOLLO.NS,APL Apollo Tubes Limited,566423126016.0,46.080868,yahoo_trailing_pe,2.0035160000000003,32.036827,44.27,Basic Materials,Steel,,
WELCORP.NS,Welspun Corp Limited,699158233088.0,30.290188,yahoo_trailing_pe,0.2545393949579832,23.645668,87.53,Basic Materials,Steel,,
MOTILALOFS.NS,Motilal Oswal Financial Services Limited,611599777792.0,31.441414,yahoo_trailing_pe,1.209285153846154,17.187077,32.26,Financial Services,Capital Markets,,
GICRE.NS,General Insurance Corporation of India,542285037568.0,6.108696,yahoo_trailing_pe,0.509058,5.4252963,50.6,Financial Services,Insurance - Reinsurance,,
RADICO.NS,Radico Khaitan Limited,591561687040.0,84.04721,yahoo_trailing_pe,2.0499319512195124,55.382065,52.53,Consumer Defensive,Beverages - Wineries & Distilleries,,
TORNTPOWER.NS,Torrent Power Limited,612041228288.0,26.341356,yahoo_trailing_pe,6.585339,20.111038,46.11,Utilities,Utilities - Independent Power Producers,,
GODREJPROP.NS,Godrej Properties Limited,462081458176.0,28.872576,yahoo_trailing_pe,0.5892362448979591,13.892331,53.13,Real Estate,Real Estate - Development,,
SBICARD.NS,SBI Cards and Payment Services Limited,521167732736.0,22.914227,yahoo_trailing_pe,,15.456181,23.9,Financial Services,Credit Services,,
RBLBANK.NS,RBL Bank Limited,621999226880.0,29.163029,yahoo_trailing_pe,,19.385153,13.74,Financial Services,Banks - Regional,,
JSL.NS,Jindal Stainless Limited,581378965504.0,17.922276,yahoo_trailing_pe,1.1948184,13.594066,39.37,Basic Materials,Steel,,
BERGEPAINT.NS,Berger Paints India Limited,545631043584.0,44.8228,yahoo_trailing_pe,4.48228,36.113243,10.44,Basic Materials,Specialty Chemicals,,
COROMANDEL.NS,Coromandel International Limited,492973391872.0,26.94735,yahoo_trailing_pe,,17.322102,62.11,Basic Materials,Agricultural Inputs,,
HDBFS.NS,HDB Financial Services Limited,485805785088.0,17.678627,yahoo_trailing_pe,,12.444118,33.17,Financial Services,Credit Services,,
MRF.NS,MRF Limited,519391576064.0,21.506104,yahoo_trailing_pe,0.41357892307692307,18.324888,5694.43,Consumer Cyclical,Auto Parts,,
ABBOTINDIA.NS,Abbott India Limited,543557156864.0,33.664097,yahoo_trailing_pe,,28.2952,759.86,Healthcare,Drug Manufacturers - Specialty & Generic,,
LINDEINDIA.NS,Linde India Limited,513922727936.0,94.06806,yahoo_trailing_pe,94.06806,70.02905,64.06,Basic Materials,Specialty Chemicals,,
TIINDIA.NS,Tube Investments of India Limited,433795563520.0,71.66613,yahoo_trailing_pe,,30.141224,31.27,Industrials,Conglomerates,,
FACT.NS,The Fertilisers and Chemicals Travancore Limited,464435937280.0,,,,,-1.64,Basic Materials,Agricultural Inputs,,
MFSL.NS,Max Financial Services Limited,453978292224.0,418.48102,yahoo_trailing_pe,,119.40794,3.16,Financial Services,Insurance - Life,,
KEI.NS,KEI Industries Limited,438056812544.0,43.94972,yahoo_trailing_pe,1.8312383333333333,31.21646,104.21,Industrials,Electrical Equipment & Parts,,
GLAXO.NS,GlaxoSmithKline Pharmaceuticals Limited,429342621696.0,40.196667,yahoo_trailing_pe,2.2331481666666666,32.0101,63.05,Healthcare,Drug Manufacturers - General,,
FLUOROCHEM.NS,Gujarat Fluorochemicals Limited,487744995328.0,79.72886,yahoo_trailing_pe,,39.78811,55.69,Basic Materials,Specialty Chemicals,,
M&MFIN.NS,Mahindra & Mahindra Financial Services Limited,431478308864.0,13.269231,yahoo_trailing_pe,1.10576925,10.203699,23.4,Financial Services,Credit Services,,
HINDCOPPER.NS,Hindustan Copper Limited,452083712000.0,39.821125,yahoo_trailing_pe,0.7964225,22.58454,11.74,Basic Materials,Copper,,
PIRAMALFIN.NS,Piramal Finance Limited,461996392448.0,26.341728,yahoo_trailing_pe,,13.198408,74.27,Financial Services,Credit Services,,
SONACOMS.NS,Sona BLW Precision Forgings Limited,494967062528.0,70.80357,yahoo_trailing_pe,3.933531666666666,46.93955,11.2,Consumer Cyclical,Auto Parts,,
ANTHEM.NS,Anthem Biosciences Limited,490123427840.0,85.96552,yahoo_trailing_pe,4.09359619047619,57.72601,10.15,Healthcare,Biotechnology,,
SUNDARMFIN.NS,Sundaram Finance Limited,453060329472.0,20.411142,yahoo_trailing_pe,1.200655411764706,18.56472,201.39,Financial Services,Credit Services,,
VMM.NS,Vishal Mega Mart Limited,454426460160.0,51.32275,yahoo_trailing_pe,1.3159679487179488,35.67908,1.89,Consumer Cyclical,Department Stores,,
COLPAL.NS,Colgate-Palmolive (India) Limited,472085463040.0,35.029263,yahoo_trailing_pe,,29.695526,49.55,Consumer Defensive,Household & Personal Products,,
IPCALAB.NS,Ipca Laboratories Limited,491780276224.0,37.544064,yahoo_trailing_pe,1.0147044324324324,27.53317,51.63,Healthcare,Drug Manufacturers - Specialty & Generic,,
360ONE.NS,360 One Wam Limited,424679473152.0,34.622547,yahoo_trailing_pe,1.5053281304347825,25.532452,30.07,Financial Services,Asset Management,,
TATACOMM.NS,Tata Communications Limited,478202658816.0,50.615574,yahoo_trailing_pe,,21.407932,33.14,Communication Services,Telecom Services,,
UPL.NS,UPL Limited,406623944704.0,19.935764,yahoo_trailing_pe,,10.211897,24.13,Basic Materials,Agricultural Inputs,,
BDL.NS,Bharat Dynamics Limited,385073905664.0,73.92681,yahoo_trailing_pe,,34.59983,14.21,Industrials,Aerospace & Defense,,
GLAND.NS,Gland Pharma Limited,508084912128.0,44.970062,yahoo_trailing_pe,5.62125775,31.915894,68.47,Healthcare,Drug Manufacturers - Specialty & Generic,,
MPHASIS.NS,Mphasis Limited,439527997440.0,23.043217,yahoo_trailing_pe,4.6086434,18.15179,99.96,Technology,Information Technology Services,,
AIIL.NS,Authum Investment & Infrastructure Limited,467158925312.0,22.217285,yahoo_trailing_pe,0.10381908878504673,,24.76,Financial Services,Capital Markets,,
SUPREMEIND.NS,The Supreme Industries Limited,439957159936.0,42.598747,yahoo_trailing_pe,14.199582333333334,32.983875,81.27,Industrials,Building Products & Equipment,,
PREMIERENE.NS,Premier Energies Limited,399372189696.0,23.780914,yahoo_trailing_pe,0.06515318904109589,18.060492,37.2,Technology,Solar,,
AEGISLOG.NS,Aegis Logistics Limited,485187321856.0,38.774193,yahoo_trailing_pe,1.615591375,32.836533,35.65,Energy,Oil & Gas Refining & Marketing,,
BALKRISIND.NS,Balkrishna Industries Limited,386035089408.0,27.463898,yahoo_trailing_pe,27.463898,19.809313,72.71,Consumer Cyclical,Auto Parts,,
RVNL.NS,Rail Vikas Nigam Limited,390315769856.0,43.433876,yahoo_trailing_pe,,34.03636,4.31,Industrials,Engineering & Construction,,
AJANTPHARM.NS,Ajanta Pharma Limited,429309231104.0,37.84117,yahoo_trailing_pe,1.5767154166666666,29.487598,90.79,Healthcare,Drug Manufacturers - Specialty & Generic,,
THERMAX.NS,Thermax Limited,353502822400.0,59.591724,yahoo_trailing_pe,8.513103428571428,35.151394,52.66,Industrials,Conglomerates,,
PETRONET.NS,Petronet LNG Limited,432750034944.0,10.28154,yahoo_trailing_pe,2.056308,10.149974,28.06,Energy,Oil & Gas Refining & Marketing,,
NAVINFLUOR.NS,Navin Fluorine International Limited,431886041088.0,54.66974,yahoo_trailing_pe,2.6033209523809524,41.848766,153.97,Basic Materials,Chemicals,,
INDOMIM.NS,INDO-MIM Limited,612464001024.0,102.70315,yahoo_trailing_pe,12.83789375,54.971462,12.06,Industrials,Metal Fabrication,,
CPPLUS.NS,Aditya Infotech Limited,487098744832.0,97.214874,yahoo_trailing_pe,2.025309875,52.5076,40.86,Industrials,Building Products & Equipment,,
POONAWALLA.NS,Poonawalla Fincorp Limited,383553503232.0,46.191986,yahoo_trailing_pe,9.2383972,17.943954,9.48,Financial Services,Credit Services,,
ENDURANCE.NS,Endurance Technologies Limited,342303047680.0,35.293694,yahoo_trailing_pe,1.3574497692307692,23.907116,68.95,Consumer Cyclical,Auto Parts,,
ASTRAL.NS,Astral Limited,378393788416.0,65.72562,yahoo_trailing_pe,10.954270000000001,41.817513,21.43,Industrials,Building Products & Equipment,,
COCHINSHIP.NS,Cochin Shipyard Limited,315696939008.0,46.40371,yahoo_trailing_pe,1.16009275,26.845636,25.86,Industrials,Aerospace & Defense,,
PAGEIND.NS,Page Industries Limited,406558703616.0,53.788826,yahoo_trailing_pe,,41.822346,677.65,Consumer Cyclical,Apparel Manufacturing,,
JKCEMENT.NS,J.K. Cement Limited,383752765440.0,40.585926,yahoo_trailing_pe,1.2298765454545455,25.499744,122.37,Basic Materials,Building Materials,,
VOLTAS.NS,Voltas Limited,341473034240.0,76.05011,yahoo_trailing_pe,4.473535882352941,32.494007,13.57,Consumer Cyclical,"Furnishings, Fixtures & Appliances",,
MEDANTA.NS,Global Health Limited,343023419392.0,61.726303,yahoo_trailing_pe,3.2487527894736843,37.98387,20.68,Healthcare,Medical Care Facilities,,
AIAENG.NS,AIA Engineering Limited,,27.584198,yahoo_trailing_pe,3.9405997142857143,24.493816,135.69,Industrials,Specialty Industrial Machinery,,
GODREJIND.NS,Godrej Industries Limited,337659494400.0,28.730297,yahoo_trailing_pe,5.7460594,,34.89,Industrials,Conglomerates,,
CONCOR.NS,Container Corporation of India Limited,330542186496.0,26.495728,yahoo_trailing_pe,13.247864,18.602657,16.38,Industrials,Railroads,,
NH.NS,Narayana Hrudayalaya Limited,344315166720.0,41.931736,yahoo_trailing_pe,3.4943113333333335,24.191286,40.43,Healthcare,Medical Care Facilities,,
IRCTC.NS,Indian Railway Catering & Tourism Corporation Limited,359879999488.0,25.823767,yahoo_trailing_pe,2.151980583333333,20.08259,17.42,Consumer Cyclical,Travel Services,,
3MINDIA.NS,3M India Limited,338233720832.0,58.551094,yahoo_trailing_pe,1.1047376226415093,38.63227,512.8,Industrials,Conglomerates,,
KPRMILL.NS,K.P.R. Mill Limited,360779022336.0,39.46422,yahoo_trailing_pe,19.73211,29.287916,26.69,Consumer Cyclical,Textile Manufacturing,,
HFCL.NS,HFCL Limited,395282415616.0,67.26823,yahoo_trailing_pe,67.26823,49.675003,3.84,Technology,Communication Equipment,,
CUPID.NS,Cupid Limited,479573245952.0,356.65,yahoo_trailing_pe,,,1.0,Consumer Defensive,Household & Personal Products,,
PATANJALI.NS,Patanjali Foods Limited,386197291008.0,19.602428,yahoo_trailing_pe,,19.452055,18.11,Consumer Defensive,Packaged Foods,,
LTTS.NS,L&T Technology Services Limited,336993648640.0,25.882832,yahoo_trailing_pe,4.313805333333334,19.496475,122.73,Technology,Information Technology Services,,
EXIDEIND.NS,Exide Industries Limited,335665004544.0,36.03102,yahoo_trailing_pe,18.01551,21.298985,10.96,Consumer Cyclical,Auto Parts,,
NLCINDIA.NS,NLC India Limited,334803435520.0,10.23961,yahoo_trailing_pe,5.119805,8.909594,23.58,Utilities,Utilities - Regulated Electric,,
ANANDRATHI.NS,Anand Rathi Wealth Limited,355145646080.0,76.8283,yahoo_trailing_pe,2.328130303030303,64.41499,27.84,Financial Services,Asset Management,,
PIIND.NS,PI Industries Limited,318582915072.0,27.343748,yahoo_trailing_pe,,19.774012,76.8,Basic Materials,Agricultural Inputs,,
HUDCO.NS,Housing and Urban Development Corporation Limited,314278281216.0,7.3842897,yahoo_trailing_pe,0.22376635454545454,6.54125,21.26,Financial Services,Credit Services,,
EMCURE.NS,Emcure Pharmaceuticals Limited,351249235968.0,34.70478,yahoo_trailing_pe,1.6526085714285714,23.82246,53.35,Healthcare,Drug Manufacturers - Specialty & Generic,,
UBL.NS,United Breweries Limited,307423870976.0,77.72058,yahoo_trailing_pe,38.86029,42.840824,14.96,Consumer Defensive,Beverages - Brewers,,
DELHIVERY.NS,Delhivery Limited,297469870080.0,328.09915,yahoo_trailing_pe,12.619198076923077,36.490414,1.21,Industrials,Integrated Freight & Logistics,,
PWL.NS,Physicswallah Limited,408610340864.0,1756.0,yahoo_trailing_pe,76.34782608695652,67.179955,0.08,Consumer Defensive,Education & Training Services,,
DALBHARAT.NS,Dalmia Bharat Limited,299033198592.0,31.934643,yahoo_trailing_pe,,21.854279,49.88,Basic Materials,Building Materials,,
CRISIL.NS,CRISIL Limited,322064580608.0,36.417763,yahoo_trailing_pe,5.2025375714285715,28.662546,120.93,Financial Services,Financial Data & Stock Exchanges,,
HSCL.NS,Himadri Speciality Chemical Limited,333044187136.0,41.460426,yahoo_trailing_pe,0.8821367234042553,32.04126,15.92,Basic Materials,Specialty Chemicals,,
ITCHOTELS.NS,ITC Hotels Limited,322104262656.0,37.170677,yahoo_trailing_pe,,26.374725,4.16,Consumer Cyclical,Resorts & Casinos,,
HEXT.NS,Hexaware Technologies Limited,311847616512.0,23.458715,yahoo_trailing_pe,1.3032619444444444,18.583748,21.8,Technology,Information Technology Services,,
TATATECH.NS,Tata Technologies Limited,282063929344.0,50.630466,yahoo_trailing_pe,,29.662245,13.72,Technology,Information Technology Services,,
STARHEALTH.NS,Star Health and Allied Insurance Company Limited,320974127104.0,38.093575,yahoo_trailing_pe,,19.914783,14.32,Financial Services,Insurance - Life,,
KARURVYSYA.NS,The Karur Vysya Bank Limited,318226890752.0,11.59155,yahoo_trailing_pe,,9.985507,28.4,Financial Services,Banks - Regional,,
NUVAMA.NS,Nuvama Wealth Management Limited,320577568768.0,29.960337,yahoo_trailing_pe,0.5874575882352941,20.664806,57.99,Financial Services,Asset Management,,
ESCORTS.NS,Escorts Kubota Limited,305171988480.0,22.072258,yahoo_trailing_pe,0.4696225106382979,19.958466,125.66,Industrials,Farm & Heavy Construction Machinery,,
PTCIL.NS,PTC Industries Limited,366867677184.0,292.24887,yahoo_trailing_pe,4.9533706779661015,63.18861,83.73,Industrials,Metal Fabrication,,
GODFRYPHLP.NS,Godfrey Phillips India Limited,276243709952.0,20.198448,yahoo_trailing_pe,0.6312015,15.798394,87.68,Consumer Defensive,Tobacco,,
IREDA.NS,Indian Renewable Energy Development Agency Limited,291598237696.0,14.765291,yahoo_trailing_pe,,10.538071,7.03,Financial Services,Credit Services,,
RRKABEL.NS,R R Kabel Limited,304977674240.0,50.20294,yahoo_trailing_pe,1.2872548717948717,34.34495,53.71,Industrials,Electrical Equipment & Parts,,
MANAPPURAM.NS,Manappuram Finance Limited,285699080192.0,18.716923,yahoo_trailing_pe,,9.951181,16.25,Financial Services,Credit Services,,
HONAUT.NS,Honeywell Automation India Limited,287229509632.0,52.08985,yahoo_trailing_pe,,39.10975,623.25,Industrials,Electrical Equipment & Parts,,
TATAINVEST.NS,Tata Investment Corporation Limited,308277116928.0,103.622444,yahoo_trailing_pe,5.1811222,,5.88,Financial Services,Asset Management,,
LALPATHLAB.NS,Dr. Lal PathLabs Limited,317074112512.0,58.60802,yahoo_trailing_pe,1.9536006666666668,43.510708,32.4,Healthcare,Diagnostics & Research,,
JUBLFOOD.NS,Jubilant FoodWorks Limited,,76.63083,yahoo_trailing_pe,9.57885375,48.425823,5.58,Consumer Cyclical,Restaurants,,
WOCKPHARMA.NS,Wockhardt Limited,329794125824.0,80.571655,yahoo_trailing_pe,1.8737594186046513,,25.19,Healthcare,Drug Manufacturers - Specialty & Generic,,
UCOBANK.NS,UCO Bank,287908265984.0,10.25,yahoo_trailing_pe,0.27702702702702703,16.4,2.24,Financial Services,Banks - Regional,,
NETWEB.NS,Netweb Technologies India Limited,280301142016.0,102.72549,yahoo_trailing_pe,,55.973595,45.9,Technology,Computer Hardware,,
SAILIFE.NS,Sai Life Sciences Limited,319816859648.0,88.930885,yahoo_trailing_pe,0.391766013215859,60.263145,16.93,Healthcare,Diagnostics & Research,,
KIRLOSENG.NS,Kirloskar Oil Engines Limited,314859749376.0,57.71078,yahoo_trailing_pe,2.6232172727272727,37.914112,37.48,Industrials,Specialty Industrial Machinery,,
KIMS.NS,Krishna Institute of Medical Sciences Limited,288607469568.0,134.7353,yahoo_trailing_pe,,40.63781,5.1,Healthcare,Medical Care Facilities,,
NIACL.NS,The New India Assurance Company Limited,260614717440.0,33.7906,yahoo_trailing_pe,0.3413191919191919,8.176835,4.68,Financial Services,Insurance - Diversified,,
SHYAMMETL.NS,Shyam Metalics and Energy Limited,296978317312.0,26.623411,yahoo_trailing_pe,2.958156777777778,15.7019,40.07,Basic Materials,Steel,,
PNBHOUSING.NS,PNB Housing Finance Limited,299924520960.0,12.9709,yahoo_trailing_pe,0.4323633333333333,10.8614,88.66,Financial Services,Mortgage Finance,,
BLUESTARCO.NS,Blue Star Limited,312295227392.0,61.32418,yahoo_trailing_pe,2.271265925925926,39.337635,24.77,Industrials,Building Products & Equipment,,
ABSLAMC.NS,Aditya Birla Sun Life AMC Limited,290793095168.0,28.876438,yahoo_trailing_pe,1.6042465555555556,23.135942,34.8,Financial Services,Asset Management,,
GRSE.NS,Garden Reach Shipbuilders & Engineers Limited,230707724288.0,28.81259,yahoo_trailing_pe,,22.67167,69.9,Industrials,Aerospace & Defense,,
AEGISVOPAK.NS,Aegis Vopak Terminals Limited,315999191040.0,125.63877,yahoo_trailing_pe,0.08535242527173913,37.691616,2.27,Energy,Oil & Gas Equipment & Services,,
RUBICON.NS,Rubicon Research Limited,254157684736.0,88.4447,yahoo_trailing_pe,0.5706109677419354,53.220104,17.36,Healthcare,Drug Manufacturers - General,,
NEULANDLAB.NS,Neuland Laboratories Limited,269620117504.0,54.166557,yahoo_trailing_pe,1.8055519,42.815056,387.97,Healthcare,Drug Manufacturers - Specialty & Generic,,
DHOOTTRANS.NS,Dhoot Transmission Limited,294631047168.0,68.03968,yahoo_trailing_pe,,38.310356,21.17,Consumer Cyclical,Auto Parts,,
CDSL.NS,Central Depository Services (India) Limited,262921994240.0,55.78714,yahoo_trailing_pe,3.0992855555555554,41.792187,22.55,Financial Services,Capital Markets,,
IKS.NS,Inventurus Knowledge Solutions Limited,293760073728.0,39.18326,yahoo_trailing_pe,1.3061086666666666,25.263187,44.69,Healthcare,Health Information Services,,
MRPL.NS,Mangalore Refinery and Petrochemicals Limited,304689315840.0,9.69604,yahoo_trailing_pe,,3.3955078,17.93,Energy,Oil & Gas Refining & Marketing,,
LICHSGFIN.NS,LIC Housing Finance Limited,295383826432.0,5.147129,yahoo_trailing_pe,0.20588515999999998,4.9499655,104.33,Financial Services,Mortgage Finance,,
ZFCVINDIA.NS,ZF Commercial Vehicle Control Systems India Limited,240835198976.0,2.2212892,yahoo_trailing_pe,0.13066407058823531,31.786707,952.69,Consumer Cyclical,Auto Parts,,
CRAFTSMAN.NS,Craftsman Automation Limited,262538182656.0,51.7316,yahoo_trailing_pe,3.233225,28.436865,194.04,Consumer Cyclical,Auto Parts,,
PPLPHARMA.NS,Piramal Pharma Limited,260273373184.0,,,,48.22735,-2.37,Healthcare,Drug Manufacturers - Specialty & Generic,,
SCHNEIDER.NS,Schneider Electric Infrastructure Limited,284868542464.0,154.92848,yahoo_trailing_pe,,49.849373,7.69,Industrials,Electrical Equipment & Parts,,
REDINGTON.NS,Redington Limited,303328460800.0,17.830883,yahoo_trailing_pe,3.5661766,12.688031,21.76,Technology,Information Technology Services,,
SYRMA.NS,Syrma SGS Technology Limited,323783327744.0,87.4103,yahoo_trailing_pe,2.2412897435897436,52.904045,19.23,Technology,Electronic Components,,
CHOLAHLDNG.NS,Cholamandalam Financial Holdings Limited,257330233344.0,9.643234,yahoo_trailing_pe,0.40180141666666663,7.174869,142.11,Financial Services,Credit Services,,
APOLLOTYRE.NS,Apollo Tyres Limited,254107926528.0,14.88329,yahoo_trailing_pe,0.5724342307692308,11.979262,26.99,Consumer Cyclical,Auto Parts,,
IIFL.NS,IIFL Finance Limited,246306455552.0,11.783317,yahoo_trailing_pe,3.9277723333333334,7.4944973,49.15,Financial Services,Credit Services,,
ACMESOLAR.NS,ACME Solar Holdings Limited,296924938240.0,43.384933,yahoo_trailing_pe,0.28923288666666663,17.083118,9.69,Utilities,Utilities - Renewable,,
CENTRALBK.NS,Central Bank of India,271451521024.0,5.950397,yahoo_trailing_pe,0.15257428205128204,,5.04,Financial Services,Banks - Regional,,
TVSHLTD.NS,TVS Holdings Limited,233255927808.0,11.838214,yahoo_trailing_pe,0.29595535,,973.88,Consumer Cyclical,Auto Parts,,
BANDHANBNK.NS,Bandhan Bank Limited,250597851136.0,18.538734,yahoo_trailing_pe,,7.706111,8.39,Financial Services,Banks - Regional,,
AMBER.NS,Amber Enterprises India Limited,231180222464.0,241.70354,yahoo_trailing_pe,30.2129425,34.70826,27.12,Consumer Cyclical,"Furnishings, Fixtures & Appliances",,
ACUTAAS.NS,Acutaas Chemicals Limited,250255441920.0,65.03617,yahoo_trailing_pe,1.0489704838709677,41.644413,47.0,Basic Materials,Specialty Chemicals,,
ANGELONE.NS,Angel One Limited,269805453312.0,26.696833,yahoo_trailing_pe,26.696833,16.941103,11.05,Financial Services,Capital Markets,,
ITI.NS,ITI Limited,228369219584.0,128.90216,yahoo_trailing_pe,8.056385,,1.84,Technology,Communication Equipment,,
KAYNES.NS,Kaynes Technology India Limited,217330302976.0,63.03373,yahoo_trailing_pe,1.2359554901960783,36.02288,51.29,Technology,Electronic Components,,
PGHH.NS,Procter & Gamble Hygiene and Health Care Limited,222583259136.0,28.149761,yahoo_trailing_pe,,23.13428,243.59,Consumer Defensive,Household & Personal Products,,
HATSUN.NS,Hatsun Agro Product Limited,249633980416.0,70.39572,yahoo_trailing_pe,,41.05128,15.92,Consumer Defensive,Packaged Foods,,
DATAPATTNS.NS,Data Patterns (India) Limited,229371920384.0,85.605934,yahoo_trailing_pe,,50.60479,47.86,Industrials,Aerospace & Defense,,
SUMICHEM.NS,Sumitomo Chemical India Limited,205348552704.0,35.43497,yahoo_trailing_pe,17.717485,28.18451,11.61,Basic Materials,Agricultural Inputs,,
METROBRAND.NS,Metro Brands Limited,229155094528.0,56.495296,yahoo_trailing_pe,11.2990592,40.5279,14.88,Consumer Cyclical,Apparel Retail,,
SJVN.NS,SJVN Limited,213152088064.0,33.481483,yahoo_trailing_pe,,11.288994,1.62,Utilities,Utilities - Renewable,,
AWL.NS,AWL Agri Business Limited,236157173760.0,20.448547,yahoo_trailing_pe,0.9294794090909092,17.47171,8.94,Consumer Defensive,Packaged Foods,,
SUNDRMFAST.NS,Sundram Fasteners Limited,232885272576.0,38.112106,yahoo_trailing_pe,5.444586571428571,26.609844,29.08,Consumer Cyclical,Auto Parts,,
MSUMI.NS,Motherson Sumi Wiring India Limited,218645905408.0,34.705265,yahoo_trailing_pe,,22.428116,0.95,Consumer Cyclical,Auto Parts,,
CGCL.NS,Capri Global Capital Limited,232398667776.0,20.679794,yahoo_trailing_pe,0.3086536417910448,12.482687,11.68,Financial Services,Credit Services,,
URBANCO.NS,Urban Company Limited,235974557696.0,,,,-184.28014,-2.22,Technology,Software - Application,,
ACC.NS,ACC Limited,212218380288.0,11.14607,yahoo_trailing_pe,0.3595506451612903,11.644913,101.39,Basic Materials,Building Materials,,
ASAHIINDIA.NS,Asahi India Glass Limited,239325659136.0,54.67676,yahoo_trailing_pe,,40.465515,17.17,Consumer Cyclical,Auto Parts,,
GODIGIT.NS,Go Digit General Insurance Limited,241710284800.0,49.23729,yahoo_trailing_pe,,29.63913,5.31,Financial Services,Insurance - Property & Casualty,,
IFCI.NS,IFCI Limited,178983288832.0,103.796875,yahoo_trailing_pe,2.5316310975609757,18.87216,0.64,Financial Services,Credit Services,,
GABRIEL.NS,Gabriel India Limited,255908347904.0,69.15588,yahoo_trailing_pe,,33.59497,19.31,Consumer Cyclical,Auto Parts,,
SANSERA.NS,Sansera Engineering Limited,257747877888.0,79.54922,yahoo_trailing_pe,2.4105824242424245,45.54089,51.91,Consumer Cyclical,Auto Parts,,
DEEPAKNTR.NS,Deepak Nitrite Limited,216060215296.0,27.578342,yahoo_trailing_pe,,25.532742,57.44,Basic Materials,Chemicals,,
GUJENERGY.NS,Gujarat Energy Limited,206279442432.0,9.832737,yahoo_trailing_pe,0.81939475,7.8622937,22.36,Utilities,Utilities - Regulated Gas,,
GILLETTE.NS,Gillette India Limited,236682723328.0,35.42825,yahoo_trailing_pe,,,205.02,Consumer Defensive,Household & Personal Products,,
TIMKEN.NS,Timken India Limited,226829631488.0,53.754013,yahoo_trailing_pe,,36.023502,56.1,Industrials,Tools & Accessories,,
KPIL.NS,Kalpataru Projects International Limited,239337717760.0,21.059353,yahoo_trailing_pe,0.5849820277777779,15.269012,66.55,Industrials,Engineering & Construction,,
JYOTICNC.NS,Jyoti CNC Automation Limited,229674598400.0,71.4215,yahoo_trailing_pe,0.45491401273885346,41.731403,14.14,Industrials,Specialty Industrial Machinery,,
NBCC.NS,NBCC (India) Limited,199799996416.0,27.0073,yahoo_trailing_pe,2.0774846153846154,26.428572,2.74,Industrials,Engineering & Construction,,
TDPOWERSYS.NS,TD Power Systems Limited,248926388224.0,90.27304,yahoo_trailing_pe,2.5075844444444444,53.34454,8.79,Industrials,Specialty Industrial Machinery,,
KIOCL.NS,KIOCL Limited,213047148544.0,289.71072,yahoo_trailing_pe,,,1.21,Basic Materials,Steel,,
IRB.NS,IRB Infrastructure Developers Limited,211727351808.0,22.189873,yahoo_trailing_pe,2.773734125,13.280303,0.79,Industrials,Infrastructure Operations,,
TATAELXSI.NS,Tata Elxsi Limited,186649477120.0,28.51161,yahoo_trailing_pe,,21.143261,105.08,Technology,Software - Application,,
PFOCUS.NS,Prime Focus Limited,211787563008.0,152.78091,yahoo_trailing_pe,19.09761375,28.036085,1.78,Communication Services,Entertainment,,
FORCEMOT.NS,Force Motors Limited,220043575296.0,17.577097,yahoo_trailing_pe,0.08410094258373205,,950.1,Consumer Cyclical,Auto Manufacturers,,
AFFLE.NS,Affle 3i Limited,197114134528.0,41.38807,yahoo_trailing_pe,1.799481304347826,28.280266,33.86,Communication Services,Advertising Agencies,,
GRINDWELL.NS,Grindwell Norton Limited,222215045120.0,50.939083,yahoo_trailing_pe,16.97969433333333,39.02139,39.4,Industrials,Building Products & Equipment,,
AETHER.NS,Aether Industries Limited,231490633728.0,98.20383,yahoo_trailing_pe,4.9101915,58.998055,17.76,Basic Materials,Specialty Chemicals,,
EMMVEE.NS,Emmvee Photovoltaic Power Limited,209088200704.0,16.141102,yahoo_trailing_pe,0.04107150636132315,10.464311,18.71,Technology,Solar,,
CREDITACC.NS,CreditAccess Grameen Limited,202496360448.0,16.784908,yahoo_trailing_pe,,9.756602,75.27,Financial Services,Credit Services,,
BELRISE.NS,Belrise Industries Limited,227087269888.0,39.264214,yahoo_trailing_pe,2.3096596470588238,25.748436,5.98,Consumer Cyclical,Auto Parts,,
CUB.NS,City Union Bank Limited,218042564608.0,15.574664,yahoo_trailing_pe,,11.3987875,14.13,Financial Services,Banks - Regional,,
ANANTRAJ.NS,Anant Raj Limited,209628315648.0,35.303032,yahoo_trailing_pe,0.6537598518518519,20.517788,16.5,Real Estate,Real Estate - Development,,
CEMPRO.NS,Cemindia Projects Limited,195975282688.0,32.575672,yahoo_trailing_pe,0.479054,20.0,35.02,Industrials,Engineering & Construction,,
HAPPYFORGE.NS,Happy Forgings Limited,183223189504.0,56.09538,yahoo_trailing_pe,4.31502923076923,38.494648,34.6,Industrials,Metal Fabrication,,
TENNIND.NS,Tenneco Clean Air India Limited,189209706496.0,31.484217,yahoo_trailing_pe,1.7491231666666667,23.338453,14.89,Consumer Cyclical,Auto Parts,,
SAGILITY.NS,Sagility Limited,202935582720.0,20.448114,yahoo_trailing_pe,0.23776876744186046,14.435515,2.12,Healthcare,Health Information Services,,
PFIZER.NS,Pfizer Limited,171553996800.0,23.335407,yahoo_trailing_pe,,18.323969,160.7,Healthcare,Drug Manufacturers - General,,
CARBORUNIV.NS,Carborundum Universal Limited,230402949120.0,109.34901,yahoo_trailing_pe,,40.127823,11.06,Industrials,Conglomerates,,
SHRIPISTON.NS,SPR Auto Technologies Limited,198087933952.0,33.378143,yahoo_trailing_pe,1.33512572,22.475788,127.94,Consumer Cyclical,Auto Parts,,
RAMCOCEM.NS,The Ramco Cements Limited,193263550464.0,29.981672,yahoo_trailing_pe,,31.314873,27.28,Basic Materials,Building Materials,,
BRIGADE.NS,Brigade Enterprises Limited,178476056576.0,25.702208,yahoo_trailing_pe,0.7343487999999999,14.638542,21.29,Real Estate,Real Estate - Development,,
GRANULES.NS,Granules India Limited,222329208832.0,30.276745,yahoo_trailing_pe,6.055349,20.822443,26.92,Healthcare,Drug Manufacturers - Specialty & Generic,,
IGL.NS,Indraprastha Gas Limited,198842220544.0,15.573465,yahoo_trailing_pe,,10.366843,9.12,Utilities,Utilities - Regulated Gas,,
AADHARHFC.NS,Aadhar Housing Finance Limited,197518032896.0,17.490294,yahoo_trailing_pe,0.6996117599999999,12.221805,25.76,Financial Services,Mortgage Finance,,
LMW.NS,LMW Limited,174624325632.0,99.902214,yahoo_trailing_pe,,43.289196,163.62,Industrials,Specialty Industrial Machinery,,
CHENNPETRO.NS,Chennai Petroleum Corporation Limited,227983343616.0,5.462005,yahoo_trailing_pe,,3.817955,280.3,Energy,Oil & Gas Refining & Marketing,,
FINCABLES.NS,Finolex Cables Limited,214451535872.0,26.80558,yahoo_trailing_pe,2.233798333333333,19.287483,52.31,Industrials,Electrical Equipment & Parts,,
ELGIEQUIP.NS,Elgi Equipments Limited,182524805120.0,40.88983,yahoo_trailing_pe,3.7172572727272732,31.639345,14.16,Industrials,Specialty Industrial Machinery,,
JINDALSAW.NS,Jindal Saw Limited,172285231104.0,26.412514,yahoo_trailing_pe,1.886608142857143,11.596567,10.23,Basic Materials,Steel,,
CESC.NS,CESC Limited,170640670720.0,11.002563,yahoo_trailing_pe,2.75064075,9.11126,11.7,Utilities,Utilities - Regulated Electric,,
AARTIIND.NS,Aarti Industries Limited,173408518144.0,32.720737,yahoo_trailing_pe,,23.792744,14.61,Basic Materials,Specialty Chemicals,,
INOXINDIA.NS,INOX India Limited,185418170368.0,72.832146,yahoo_trailing_pe,3.833270842105263,44.461483,28.0,Industrials,Specialty Industrial Machinery,,
CAPLIPOINT.NS,Caplin Point Laboratories Limited,193738620928.0,29.202568,yahoo_trailing_pe,1.5369772631578946,23.024391,87.28,Healthcare,Drug Manufacturers - Specialty & Generic,,
GESHIP.NS,The Great Eastern Shipping Company Limited,215233675264.0,5.8405557,yahoo_trailing_pe,,7.588049,261.91,Industrials,Marine Shipping,,
KAJARIACER.NS,Kajaria Ceramics Limited,190237376512.0,35.304752,yahoo_trailing_pe,2.5217680000000002,27.809792,34.29,Industrials,Building Products & Equipment,,
PINELABS.NS,Pine Labs Limited,196064788480.0,152.96396,yahoo_trailing_pe,4.248998888888888,38.481148,1.11,Technology,Software - Infrastructure,,
ATUL.NS,Atul Ltd,174383513600.0,21.922422,yahoo_trailing_pe,2.435824666666667,19.097342,270.18,Basic Materials,Specialty Chemicals,,
CAMS.NS,Computer Age Management Services Limited,164577181696.0,33.32495,yahoo_trailing_pe,1.9602911764705884,25.416698,19.88,Technology,Information Technology Services,,
SUNTV.NS,Sun TV Network Limited,242046763008.0,15.813595,yahoo_trailing_pe,,13.802247,38.84,Communication Services,Broadcasting,,
HBLENGINE.NS,HBL Engineering Limited,201007923200.0,25.751066,yahoo_trailing_pe,0.24524824761904762,,28.16,Industrials,Electrical Equipment & Parts,,
EIHOTEL.NS,EIH Limited,182106046464.0,25.588753,yahoo_trailing_pe,1.0235501200000001,19.609428,11.38,Consumer Cyclical,Lodging,,
FSL.NS,Firstsource Solutions Limited,183924080640.0,27.97794,yahoo_trailing_pe,1.9984242857142858,16.650673,9.52,Technology,Information Technology Services,,
THELEELA.NS,Leela Palaces Hotels & Resorts Limited,196016586752.0,32.392384,yahoo_trailing_pe,0.30558852830188676,31.999142,18.12,Consumer Cyclical,Lodging,,
TRITURBINE.NS,Triveni Turbine Limited,164179689472.0,48.859985,yahoo_trailing_pe,1.9543994,33.37862,10.57,Industrials,Specialty Industrial Machinery,,
AZAD.NS,Azad Engineering Limited,186234372096.0,134.18799,yahoo_trailing_pe,0.8945866000000001,78.01163,21.49,Industrials,Specialty Industrial Machinery,,
CASTROLIND.NS,Castrol India Limited,193947123712.0,18.273998,yahoo_trailing_pe,,16.590292,10.73,Energy,Oil & Gas Refining & Marketing,,
RATNAMANI.NS,Ratnamani Metals & Tubes Limited,175152889856.0,40.494247,yahoo_trailing_pe,,27.9832,61.71,Basic Materials,Steel,,
ERIS.NS,Eris Lifesciences Limited,160256933888.0,24.59753,yahoo_trailing_pe,1.294606842105263,20.014727,46.96,Healthcare,Drug Manufacturers - Specialty & Generic,,
BAYERCROP.NS,Bayer CropScience Limited,151976181760.0,20.758749,yahoo_trailing_pe,,18.023657,162.9,Basic Materials,Agricultural Inputs,,
DEEPAKFERT.NS,Deepak Fertilisers And Petrochemicals Corporation Limited,175673065472.0,17.832222,yahoo_trailing_pe,,11.136449,77.96,Basic Materials,Chemicals,,
WELSPUNLIV.NS,Welspun Living Limited,211891027968.0,77.610344,yahoo_trailing_pe,19.402586,24.411062,2.9,Consumer Cyclical,Textile Manufacturing,,
GMDCLTD.NS,Gujarat Mineral Development Corporation Limited,147345309696.0,15.409046,yahoo_trailing_pe,,13.508747,30.07,Energy,Thermal Coal,,
ECLERX.NS,eClerx Services Limited,169952280576.0,24.11281,yahoo_trailing_pe,1.8548315384615384,18.818016,76.59,Technology,Information Technology Services,,
TBOTEK.NS,TBO Tek Limited,177955504128.0,67.771454,yahoo_trailing_pe,3.5669186315789476,33.296097,24.59,Consumer Cyclical,Travel Services,,
SARDAEN.NS,Sarda Energy & Minerals Limited,173336346624.0,15.347894,yahoo_trailing_pe,0.7673947,10.392985,32.05,Basic Materials,Steel,,
ASTRAZEN.NS,AstraZeneca Pharma India Limited,142987493376.0,84.29624,yahoo_trailing_pe,,,67.85,Healthcare,Drug Manufacturers - Specialty & Generic,,
SHILPAMED.NS,Shilpa Medicare Limited,200530051072.0,72.459366,yahoo_trailing_pe,0.6771903364485982,49.1456,14.15,Healthcare,Drug Manufacturers - Specialty & Generic,,
ONESOURCE.NS,OneSource Specialty Pharma Limited,169510797312.0,,,,19.578808,-4.25,Healthcare,Biotechnology,,
POLYMED.NS,Poly Medicure Limited,162705424384.0,51.68062,yahoo_trailing_pe,3.4453746666666665,32.89344,31.06,Healthcare,Medical Instruments & Supplies,,
CHOICEIN.NS,Choice International Limited,158316118016.0,61.903316,yahoo_trailing_pe,1.1679870943396227,47.282104,11.48,Financial Services,Capital Markets,,
DEVYANI.NS,Devyani International Limited,151935172608.0,,,,116.37549,-0.08,Consumer Cyclical,Restaurants,,
PARADEEP.NS,Paradeep Phosphates Limited,156349235200.0,14.588179,yahoo_trailing_pe,0.30392039583333336,13.148472,10.32,Basic Materials,Agricultural Inputs,,
OLAELEC.NS,Ola Electric Mobility Limited,153018925056.0,,,,-12.214176,-3.93,Consumer Cyclical,Auto Manufacturers,,
COHANCE.NS,Cohance Lifesciences Limited,169261056000.0,162.05128,yahoo_trailing_pe,,44.97347,2.73,Healthcare,Drug Manufacturers - Specialty & Generic,,
INDIACEM.NS,The India Cements Limited,136943403008.0,98.85906,yahoo_trailing_pe,3.5306807142857144,17.535715,2.98,Basic Materials,Building Materials,,
VTL.NS,Vardhman Textiles Limited,152655052800.0,17.71414,yahoo_trailing_pe,,12.026226,29.77,Consumer Cyclical,Textile Manufacturing,,
TRAVELFOOD.NS,Travel Food Services Limited,156234579968.0,32.886055,yahoo_trailing_pe,1.4298284782608695,27.918318,36.07,Consumer Cyclical,Restaurants,,
ABDL.NS,Allied Blenders and Distillers Limited,193964998656.0,88.56322,yahoo_trailing_pe,0.20986545023696682,44.451923,7.83,Consumer Defensive,Beverages - Wineries & Distilleries,,
JSWCEMENT.NS,JSW Cement Limited,152548474880.0,19.85413,yahoo_trailing_pe,0.2919725,19.73875,5.69,Basic Materials,Building Materials,,
THANGAMAYL.NS,Thangamayil Jewellery Limited,149520056320.0,38.23927,yahoo_trailing_pe,,26.392649,125.8,Consumer Cyclical,Luxury Goods,,
CHAMBLFERT.NS,Chambal Fertilisers and Chemicals Limited,151706992640.0,7.867234,yahoo_trailing_pe,0.3278014166666667,7.753926,48.13,Basic Materials,Agricultural Inputs,,
ARE&M.NS,Amara Raja Energy & Mobility Limited,131833167872.0,14.300179,yahoo_trailing_pe,,12.328603,50.37,Industrials,Electrical Equipment & Parts,,
PGEL.NS,PG Electroplast Limited,146285215744.0,71.41259,yahoo_trailing_pe,1.9836830555555554,31.11307,7.15,Technology,Electronic Components,,
GRWRHITECH.NS,Garware Hi-Tech Films Limited,160977256448.0,41.500957,yahoo_trailing_pe,1.5370724814814816,38.02964,166.96,Basic Materials,Specialty Chemicals,,
ZYDUSWELL.NS,Zydus Wellness Limited,157744070656.0,83.75,yahoo_trailing_pe,,30.62857,5.92,Consumer Defensive,Packaged Foods,,
SAMMAANCAP.NS,Sammaan Capital Limited,146825150464.0,,,,,-89.42,Financial Services,Mortgage Finance,,
CENTURYPLY.NS,Century Plyboards (India) Limited,146600837120.0,50.408707,yahoo_trailing_pe,,25.659243,13.09,Basic Materials,Lumber & Wood Production,,
HORIZONIND.NS,Horizon Industrial Parks Limited,139734302720.0,,,,,-0.58,Real Estate,Real Estate - Development,,
TATACHEM.NS,Tata Chemicals Limited,151057727488.0,,,,19.069908,-84.98,Basic Materials,Chemicals,,
BASF.NS,BASF India Limited,144868376576.0,23.209433,yahoo_trailing_pe,,19.234484,144.2,Basic Materials,Specialty Chemicals,,
KPITTECH.NS,KPIT Technologies Limited,128219029504.0,22.133457,yahoo_trailing_pe,1.0539741428571427,15.194054,21.28,Technology,Software - Infrastructure,,
ALIVUS.NS,Alivus Life Sciences Limited,164169973760.0,27.273098,yahoo_trailing_pe,,21.28862,49.03,Healthcare,Drug Manufacturers - Specialty & Generic,,
EMAMILTD.NS,Emami Limited,157623697408.0,21.413994,yahoo_trailing_pe,4.2827988,18.295774,17.15,Consumer Defensive,Household & Personal Products,,
MINDACORP.NS,Minda Corporation Limited,149489483776.0,30.317423,yahoo_trailing_pe,3.789677875,27.333399,20.95,Consumer Cyclical,Auto Parts,,
BEML.NS,BEML Limited,159181930496.0,26.760012,yahoo_trailing_pe,,26.379572,71.42,Industrials,Conglomerates,,
J&KBANK.NS,Jammu and Kashmir Bank Limited,149210218496.0,6.480153,yahoo_trailing_pe,0.24923665384615384,5.376984,20.91,Financial Services,Banks - Regional,,
KFINTECH.NS,KFin Technologies Limited,144901373952.0,42.56983,yahoo_trailing_pe,2.240517368421053,30.285162,19.69,Technology,Software - Application,,
PSB.NS,Punjab & Sind Bank,147588169728.0,10.666666,yahoo_trailing_pe,,,1.95,Financial Services,Banks - Regional,,
ZENTEC.NS,Zen Technologies Limited,136191139840.0,75.558876,yahoo_trailing_pe,1.1277444179104477,28.907978,20.04,Industrials,Aerospace & Defense,,
SYNGENE.NS,Syngene International Limited,139266097152.0,63.02368,yahoo_trailing_pe,,32.46226,5.49,Healthcare,Diagnostics & Research,,
ASTRAMICRO.NS,Astra Microwave Products Limited,154836320256.0,82.11481,yahoo_trailing_pe,2.0528702500000002,50.167953,19.86,Technology,Communication Equipment,,
FINEORG.NS,Fine Organic Industries Limited,164966006784.0,38.18937,yahoo_trailing_pe,,34.455044,140.89,Basic Materials,Specialty Chemicals,,
AEQUS.NS,Aequs Limited,175500918784.0,,,,502.62564,-2.71,Industrials,Aerospace & Defense,,
AGARWALEYE.NS,Dr. Agarwal's Health Care Limited,149319335936.0,101.29032,yahoo_trailing_pe,11.25448,55.944756,4.65,Healthcare,Medical Instruments & Supplies,,
NAVA.NS,Nava Limited,154263715840.0,20.362753,yahoo_trailing_pe,,,26.74,Industrials,Conglomerates,,
APLLTD.NS,Alembic Pharmaceuticals Limited,157348773888.0,22.696342,yahoo_trailing_pe,0.8105836428571429,16.350002,35.27,Healthcare,Drug Manufacturers - Specialty & Generic,,
FIVESTAR.NS,Five-Star Business Finance Limited,148247265280.0,13.431399,yahoo_trailing_pe,,10.069579,37.39,Financial Services,Credit Services,,
KANSAINER.NS,Kansai Nerolac Paints Limited,146200461312.0,24.359838,yahoo_trailing_pe,3.4799768571428573,18.075886,7.42,Basic Materials,Specialty Chemicals,,
DCMSHRIRAM.NS,DCM Shriram Limited,148002488320.0,10.40442,yahoo_trailing_pe,,22.304552,91.86,Industrials,Conglomerates,,
VOGL.NS,Vedanta Oil and Gas Limited,116617134080.0,,,,,-0.22,Basic Materials,Other Industrial Metals & Mining,,
MAHSCOOTER.NS,Maharashtra Scooters Ltd.,137691381760.0,49.435802,yahoo_trailing_pe,,,243.71,Financial Services,Asset Management,,
GPIL.NS,Godawari Power & Ispat Limited,133811453952.0,16.140503,yahoo_trailing_pe,16.140503,9.1391115,12.74,Basic Materials,Steel,,
NATCOPHARM.NS,NATCO Pharma Limited,146353602560.0,12.5516815,yahoo_trailing_pe,0.46487709259259263,16.7924,63.37,Healthcare,Drug Manufacturers - Specialty & Generic,,
BIKAJI.NS,Bikaji Foods International Limited,117507612672.0,45.5,yahoo_trailing_pe,1.8958333333333333,33.60594,10.3,Consumer Defensive,Packaged Foods,,
CONCORDBIO.NS,Concord Biotech Limited,139223252992.0,45.84223,yahoo_trailing_pe,,31.283934,29.03,Healthcare,Biotechnology,,
HONASA.NS,Honasa Consumer Limited,152416321536.0,61.351707,yahoo_trailing_pe,0.519929720338983,44.114513,7.62,Consumer Defensive,Household & Personal Products,,
INGERRAND.NS,Ingersoll-Rand (India) Limited,126309883904.0,47.217373,yahoo_trailing_pe,,33.426903,84.74,Industrials,Specialty Industrial Machinery,,
ABREL.NS,Aditya Birla Real Estate Limited,112568238080.0,,,,17.41822,-31.81,Real Estate,Real Estate Services,,
LTFOODS.NS,LT Foods Limited,140793708544.0,21.987528,yahoo_trailing_pe,1.3742205,13.403306,18.44,Consumer Defensive,Packaged Foods,,
KIRLOSBROS.NS,Kirloskar Brothers Limited,132390559744.0,35.457253,yahoo_trailing_pe,1.866171210526316,,47.02,Industrials,Specialty Industrial Machinery,,
JBMA.NS,JBM Auto Limited,124537880576.0,55.548523,yahoo_trailing_pe,2.524932863636364,26.56912,9.48,Consumer Cyclical,Auto Parts,,
NIVABUPA.NS,Niva Bupa Health Insurance Company Limited,143957852160.0,39.91282,yahoo_trailing_pe,,22.964867,1.95,Financial Services,Insurance - Life,,
VISL.NS,Vedanta Iron and Steel Limited,111289638912.0,,,,,-6.72,Basic Materials,Steel,,
SHAILY.NS,Shaily Engineering Plastics Limited,140423495680.0,79.67119,yahoo_trailing_pe,1.154654927536232,38.529537,38.32,Basic Materials,Specialty Chemicals,,
CROMPTON.NS,Crompton Greaves Consumer Electricals Limited,131577561088.0,,,,18.258188,-3.47,Consumer Cyclical,"Furnishings, Fixtures & Appliances",,
USHAMART.NS,Usha Martin Limited,153402523648.0,28.863117,yahoo_trailing_pe,3.207013,22.127333,17.46,Basic Materials,Steel,,
CCL.NS,CCL Products (India) Limited,140091441152.0,32.395927,yahoo_trailing_pe,2.945084272727273,22.126364,32.43,Consumer Defensive,Packaged Foods,,
VIJAYA.NS,Vijaya Diagnostic Centre Limited,147400015872.0,78.675095,yahoo_trailing_pe,3.2781289583333333,52.096832,18.19,Healthcare,Diagnostics & Research,,
MARKSANS.NS,Marksans Pharma Limited,139483791360.0,26.976336,yahoo_trailing_pe,1.686021,21.88151,11.41,Healthcare,Drug Manufacturers - General,,
AVALON.NS,Avalon Technologies Limited,153963053056.0,115.504265,yahoo_trailing_pe,4.125152321428572,62.953644,19.93,Technology,Electronic Components,,
LALITHAA.NS,Lalithaa Jewellery Mart Limited,210702761984.0,22.118097,yahoo_trailing_pe,,,17.02,Consumer Cyclical,Luxury Goods,,
CIEINDIA.NS,CIE Automotive India Limited,140990021632.0,15.727888,yahoo_trailing_pe,0.12384163779527559,13.141796,23.63,Consumer Cyclical,Auto Parts,,
ARVIND.NS,Arvind Limited,133822291968.0,32.310127,yahoo_trailing_pe,5.385021166666667,19.83074,15.8,Consumer Cyclical,Textile Manufacturing,,
JNPR.NS,Juniper Green Energy Limited,156161638400.0,298.31522,yahoo_trailing_pe,6.48511347826087,21.501207,0.92,Utilities,Utilities - Renewable,,
CLEANMAX.NS,Clean Max Enviro Energy Solutions Limited,158116724736.0,98.776566,yahoo_trailing_pe,,42.53008,13.65,Utilities,Utilities - Renewable,,
IGIL.NS,International Gemological Institute Limited,132694622208.0,22.510996,yahoo_trailing_pe,0.5235115348837209,17.337662,13.64,Basic Materials,Other Precious Metals & Mining,,
RAINBOW.NS,Rainbow Children's Medicare Limited,124854689792.0,43.78157,yahoo_trailing_pe,7.296928333333334,31.111279,28.11,Healthcare,Medical Care Facilities,,
CARTRADE.NS,CarTrade Tech Limited,137964175360.0,61.346737,yahoo_trailing_pe,0.6892891797752809,36.840366,46.26,Consumer Cyclical,Auto & Truck Dealerships,,
CANHLIFE.NS,Canara HSBC Life Insurance Company Limited,137915908096.0,104.71942,yahoo_trailing_pe,,76.61053,1.39,Financial Services,Insurance - Life,,
SKFINDUS.NS,SKF India (Industrial) Limited,129656012800.0,62.502388,yahoo_trailing_pe,,30.225893,41.96,Industrials,Tools & Accessories,,
VGUARD.NS,V-Guard Industries Limited,127506653184.0,35.205067,yahoo_trailing_pe,1.76025335,26.19561,8.29,Industrials,Electrical Equipment & Parts,,
FRACTAL.NS,Fractal Analytics Limited,120487362560.0,37.308308,yahoo_trailing_pe,0.6908945925925926,25.355682,18.78,Technology,Software - Infrastructure,,
NAZARA.NS,Nazara Technologies Limited,144645701632.0,,,,58.294575,-1.46,Communication Services,Electronic Gaming & Multimedia,,
APOLLO.NS,Apollo Micro Systems Limited,146837553152.0,116.563416,yahoo_trailing_pe,1.533729157894737,49.8612,3.39,Industrials,Aerospace & Defense,,
SHADOWFAX.NS,Shadowfax Technologies Limited,167392706560.0,91.11465,yahoo_trailing_pe,2.222308536585366,40.32531,3.14,Industrials,Integrated Freight & Logistics,,
NSLNISP.NS,NMDC Steel Limited,114586681344.0,134.82759,yahoo_trailing_pe,,,0.29,Basic Materials,Steel,,
ANURAS.NS,Anupam Rasayan India Ltd,124972965888.0,71.37191,yahoo_trailing_pe,,27.534279,15.38,Basic Materials,Specialty Chemicals,,
EIDPARRY.NS,E.I.D.- Parry (India) Limited,120502706176.0,26.004225,yahoo_trailing_pe,,9.040721,26.04,Basic Materials,Agricultural Inputs,,
VEDPOWER.NS,Vedanta Power Limited,124503523328.0,,,,,-5.62,Utilities,Utilities - Independent Power Producers,,
ENGINERSIN.NS,Engineers India Limited,162430238720.0,20.716846,yahoo_trailing_pe,0.7968017692307693,20.496454,13.95,Industrials,Engineering & Construction,,
HEG.NS,HEG Limited,,,,,,,Industrials,Electrical Equipment & Parts,,
CEATLTD.NS,CEAT Limited,130500083712.0,22.083647,yahoo_trailing_pe,0.4089564259259259,13.576378,146.09,Consumer Cyclical,Auto Parts,,
JSWDULUX.NS,JSW Dulux Limited,136124547072.0,6.9360714,yahoo_trailing_pe,3.4680357,30.147253,430.95,Basic Materials,Specialty Chemicals,,
PRUDENT.NS,Prudent Corporate Advisory Services Limited,132940292096.0,54.25144,yahoo_trailing_pe,2.260476666666667,38.0478,59.18,Financial Services,Asset Management,,
TMB.NS,Tamilnad Mercantile Bank Limited,135461756928.0,9.378906,yahoo_trailing_pe,,,91.21,Financial Services,Banks - Regional,,
TI.NS,Tilaknagar Industries Ltd.,135860445184.0,,,,32.428993,-1.31,Consumer Defensive,Beverages - Wineries & Distilleries,,
JUBLPHARMA.NS,Jubilant Pharmova Limited,147648512000.0,42.047813,yahoo_trailing_pe,0.8946343191489361,18.441149,22.17,Healthcare,Drug Manufacturers - Specialty & Generic,,
GALLANTT.NS,Gallantt Ispat Limited,121400508416.0,27.952778,yahoo_trailing_pe,0.5480936862745098,,18.0,Basic Materials,Steel,,
INDGN.NS,Indegene Limited,141149601792.0,35.31024,yahoo_trailing_pe,2.20689,21.459465,16.6,Healthcare,Health Information Services,,
SCI.NS,The Shipping Corporation of India Limited,130773073920.0,8.081462,yahoo_trailing_pe,0.5387641333333334,85.07576,34.74,Industrials,Marine Shipping,,
BALRAMCHIN.NS,Balrampur Chini Mills Limited,145885904896.0,37.86107,yahoo_trailing_pe,3.786107,18.953953,18.21,Consumer Defensive,Confectioners,,
KSB.NS,KSB Limited,135176257536.0,55.085106,yahoo_trailing_pe,3.2403003529411767,38.641792,14.1,Industrials,Specialty Industrial Machinery,,
UTLSOLAR.NS,Fujiyama Power Systems Limited,125584203776.0,41.50102,yahoo_trailing_pe,,16.04706,9.86,Technology,Solar,,
VINATIORGA.NS,Vinati Organics Limited,116272521216.0,25.908463,yahoo_trailing_pe,12.9542315,19.946167,43.26,Basic Materials,Specialty Chemicals,,
VENTIVE.NS,Ventive Hospitality Limited,131612377088.0,27.436707,yahoo_trailing_pe,,20.680733,20.54,Consumer Cyclical,Lodging,,
RKFORGE.NS,Ramkrishna Forgings Limited,129785544704.0,120.40378,yahoo_trailing_pe,,34.979206,5.82,Industrials,Metal Fabrication,,
GRAPHITE.NS,Graphite India Limited,156720545792.0,73.45696,yahoo_trailing_pe,,15.454692,10.92,Industrials,Electrical Equipment & Parts,,
SOBHA.NS,Sobha Limited,126622646272.0,54.911877,yahoo_trailing_pe,2.387472913043478,16.366995,21.56,Real Estate,Real Estate - Development,,
ACE.NS,Action Construction Equipment Limited,140429115392.0,32.14714,yahoo_trailing_pe,0.8459773684210526,25.048834,36.7,Industrials,Farm & Heavy Construction Machinery,,
LUMAXTECH.NS,Lumax Auto Technologies Limited,120652767232.0,37.22818,yahoo_trailing_pe,0.8657716279069768,26.468302,47.55,Consumer Cyclical,Auto Parts,,
PRIVISCL.NS,Privi Speciality Chemicals Limited,134621798400.0,38.48035,yahoo_trailing_pe,0.2672246527777778,24.69876,89.56,Basic Materials,Specialty Chemicals,,
LLOYDSENGG.NS,Lloyds Engineering Works Limited,149178925056.0,57.250004,yahoo_trailing_pe,,,1.68,Industrials,Specialty Industrial Machinery,,
ATLANTAELE.NS,Atlanta Electricals Limited,138921443328.0,31.397287,yahoo_trailing_pe,0.98116521875,34.215908,57.54,Industrials,Electrical Equipment & Parts,,
DOMS.NS,DOMS Industries Limited,124860178432.0,57.614113,yahoo_trailing_pe,1.6945327352941177,39.262737,35.71,Industrials,Business Equipment & Supplies,,
MANYAVAR.NS,Vedant Fashions Limited,119035191296.0,30.850126,yahoo_trailing_pe,0.6706549130434782,26.460426,15.88,Consumer Cyclical,Apparel Manufacturing,,
SEDEMAC.NS,SEDEMAC Mechatronics Limited,142753775616.0,119.08991,yahoo_trailing_pe,,56.736668,27.14,Consumer Cyclical,Auto Parts,,
GRAVITA.NS,Gravita India Limited,107966160896.0,27.546925,yahoo_trailing_pe,1.449838157894737,19.762175,53.81,Industrials,Metal Fabrication,,
BBOX.NS,Black Box Limited,152122589184.0,65.68635,yahoo_trailing_pe,0.8210793750000001,29.587217,13.04,Technology,Software - Application,,
UJJIVANSFB.NS,Ujjivan Small Finance Bank Limited,121550815232.0,13.572984,yahoo_trailing_pe,,8.532259,4.59,Financial Services,Banks - Regional,,
SPLPETRO.NS,Supreme Petrochem Limited,147358597120.0,30.385809,yahoo_trailing_pe,,31.221115,25.79,Basic Materials,Specialty Chemicals,,
WABAG.NS,VA Tech Wabag Limited,120909930496.0,29.972107,yahoo_trailing_pe,0.3222807204301075,21.272028,64.53,Industrials,Engineering & Construction,,
SUDEEPPHRM.NS,Sudeep Pharma Limited,125926424576.0,68.35684,yahoo_trailing_pe,1.7089210000000001,57.617573,16.31,Healthcare,Drug Manufacturers - Specialty & Generic,,
JSWHL.NS,JSW Holdings Limited,123836375040.0,90.15837,yahoo_trailing_pe,,,123.76,Financial Services,Asset Management,,
APTUS.NS,Aptus Value Housing Finance India Limited,108640092160.0,11.039186,yahoo_trailing_pe,0.4799646086956522,8.32612,19.65,Financial Services,Mortgage Finance,,
PCBL.NS,PCBL Chemical Limited,125612933120.0,48.152336,yahoo_trailing_pe,,20.64116,6.63,Basic Materials,Specialty Chemicals,,
MOLBIO.NS,Molbio Diagnostics Limited,170463002624.0,102.29598,yahoo_trailing_pe,,41.256977,14.46,Healthcare,Medical Devices,,
SKYGOLD.NS,Sky Gold and Diamonds Limited,136985952256.0,40.8168,yahoo_trailing_pe,0.2814951724137931,22.151264,21.67,Consumer Cyclical,Luxury Goods,,
VARROC.NS,Varroc Engineering Limited,122682580992.0,62.143963,yahoo_trailing_pe,1.94199884375,21.843079,12.92,Consumer Cyclical,Auto Parts,,
PARKHOSPS.NS,Park Medi World Limited,112669171712.0,39.703197,yahoo_trailing_pe,7.9406394,24.60849,6.57,Healthcare,Medical Care Facilities,,
HOMEFIRST.NS,Home First Finance Company India Limited,112081240064.0,19.390377,yahoo_trailing_pe,,13.634669,55.28,Financial Services,Mortgage Finance,,
KTKBANK.NS,The Karnataka Bank Limited,121320611840.0,8.453227,yahoo_trailing_pe,2.11330675,7.7958684,37.95,Financial Services,Banks - Regional,,
ASKAUTOLTD.NS,ASK Automotive Limited,117220982784.0,37.04673,yahoo_trailing_pe,1.0896097058823528,26.583614,16.05,Consumer Cyclical,Auto Parts,,
TEGA.NS,Tega Industries Limited,147107545088.0,516.64905,yahoo_trailing_pe,,22.27645,3.79,Industrials,Specialty Industrial Machinery,,
INOXWIND.NS,Inox Wind Limited,107893891072.0,25.904564,yahoo_trailing_pe,0.6816990526315789,13.006249,2.41,Industrials,Specialty Industrial Machinery,,
TRIDENT.NS,Trident Limited,111236603904.0,27.98718,yahoo_trailing_pe,,18.982609,0.78,Consumer Cyclical,Textile Manufacturing,,
JMFINANCIL.NS,JM Financial Limited,115414794240.0,11.094756,yahoo_trailing_pe,0.4109168888888889,8.04,10.87,Financial Services,Capital Markets,,
AMAGI.NS,Amagi Media Labs Limited,120133009408.0,117.1519,yahoo_trailing_pe,3.905063333333333,36.87251,4.74,Technology,Software - Application,,
METROPOLIS.NS,Metropolis Healthcare Limited,109089619968.0,54.155506,yahoo_trailing_pe,4.923227818181818,33.8385,9.71,Healthcare,Diagnostics & Research,,
BLUESTONE.NS,BlueStone Jewellery and Lifestyle Limited,122122625024.0,235.07352,yahoo_trailing_pe,,87.829666,3.4,Consumer Cyclical,Luxury Goods,,
PVRINOX.NS,PVR INOX Limited,125854703616.0,47.246483,yahoo_trailing_pe,1.0499218444444445,22.225857,27.71,Communication Services,Entertainment,,
TECHNOE.NS,Techno Electric & Engineering Company Limited,109635608576.0,25.437128,yahoo_trailing_pe,0.7065868888888889,16.197594,37.06,Industrials,Engineering & Construction,,
MANORAMA.NS,Manorama Industries Limited,126150098944.0,48.38983,yahoo_trailing_pe,,36.602566,41.3,Consumer Defensive,Packaged Foods,,
SOUTHBANK.NS,The South Indian Bank Limited,121518768128.0,8.053819,yahoo_trailing_pe,0.3501660434782609,6.608262,5.76,Financial Services,Banks - Regional,,
EDELWEISS.NS,Edelweiss Financial Services Limited,120881553408.0,17.096386,yahoo_trailing_pe,0.7433211304347825,8.108571,7.47,Financial Services,Financial Conglomerates,,
BLUEDART.NS,Blue Dart Express Limited,108128198656.0,37.670498,yahoo_trailing_pe,,23.984211,120.97,Industrials,Integrated Freight & Logistics,,
AKUMS.NS,Akums Drugs and Pharmaceuticals Limited,120445394944.0,41.29659,yahoo_trailing_pe,1.4240203448275863,23.049522,19.05,Healthcare,Drug Manufacturers - Specialty & Generic,,
GODREJAGRO.NS,Godrej Agrovet Limited,123133673472.0,27.560295,yahoo_trailing_pe,1.198273695652174,18.810993,23.22,Consumer Defensive,Packaged Foods,,
VIYASH.NS,Viyash Scientific Limited,104065073152.0,57.66748,yahoo_trailing_pe,0.7899654794520548,20.245495,4.09,Healthcare,Drug Manufacturers - Specialty & Generic,,
NUVOCO.NS,Nuvoco Vistas Corporation Limited,114968567808.0,29.77798,yahoo_trailing_pe,,19.073927,10.81,Basic Materials,Building Materials,,
PARAS.NS,Paras Defence and Space Technologies Limited,100081401856.0,105.964165,yahoo_trailing_pe,3.211035303030303,74.813255,11.72,Industrials,Aerospace & Defense,,
JPPOWER.NS,Jaiprakash Power Ventures Limited,98073001984.0,20.15493,yahoo_trailing_pe,0.20778278350515464,-8.417647,0.71,Utilities,Utilities - Independent Power Producers,,
CYIENT.NS,Cyient Limited,112919044096.0,31.86545,yahoo_trailing_pe,,14.954001,34.04,Industrials,Conglomerates,,
IRCON.NS,Ircon International Limited,97145872384.0,15.721461,yahoo_trailing_pe,,13.414287,6.57,Industrials,Engineering & Construction,,
UTIAMC.NS,UTI Asset Management Company Limited,112755482624.0,24.49595,yahoo_trailing_pe,12.247975,15.383464,35.81,Financial Services,Asset Management,,
KEC.NS,KEC International Limited,93063520256.0,16.807693,yahoo_trailing_pe,0.3055944181818182,9.631278,20.8,Industrials,Engineering & Construction,,
AVANTIFEED.NS,Avanti Feeds Limited,95188017152.0,17.474989,yahoo_trailing_pe,0.62410675,15.753101,39.98,Consumer Defensive,Packaged Foods,,
TITAGARH.NS,Titagarh Rail Systems Limited,104776187904.0,55.650932,yahoo_trailing_pe,7.950133142857142,22.882353,13.98,Industrials,Railroads,,
LLOYDSENT.NS,Lloyds Enterprises Limited,113540030464.0,37.0,yahoo_trailing_pe,,,2.01,Basic Materials,Steel,,
VOLTAMP.NS,Voltamp Transformers Limited,105207930880.0,33.18124,yahoo_trailing_pe,,26.134708,313.4,Industrials,Electrical Equipment & Parts,,
QPOWER.NS,Quality Power Electrical Equipments Limited,118659842048.0,89.02963,yahoo_trailing_pe,1.0991312345679012,37.64619,17.21,Industrials,Electrical Equipment & Parts,,
RATEGAIN.NS,RateGain Travel Technologies Limited,98405720064.0,40.57373,yahoo_trailing_pe,0.8452860416666667,22.569014,20.48,Technology,Software - Application,,
TEMBO.NS,Tembo Global Industries Limited,10821491712.0,11.84534,yahoo_trailing_pe,0.08709808823529412,,4.72,Industrials,Metal Fabrication,,
SIGNATURE.NS,Signatureglobal (India) Limited,100062937088.0,9.58558,yahoo_trailing_pe,,12.906425,74.2,Real Estate,Real Estate - Development,,
JKTYRE.NS,JK Tyre & Industries Limited,95207612416.0,14.253345,yahoo_trailing_pe,0.3239396590909091,9.645151,23.17,Consumer Cyclical,Auto Parts,,
SBFC.NS,SBFC Finance Limited,90318544896.0,18.771362,yahoo_trailing_pe,0.2502848266666667,13.21626,4.33,Financial Services,Credit Services,,
BBTC.NS,The Bombay Burmah Trading Corporation Limited,85442674688.0,6.622323,yahoo_trailing_pe,0.21362332258064515,3.278715,184.92,Consumer Defensive,Packaged Foods,,
CANFINHOME.NS,Can Fin Homes Limited,96370638848.0,8.530765,yahoo_trailing_pe,,7.638004,84.84,Financial Services,Mortgage Finance,,
IEX.NS,Indian Energy Exchange Limited,92264906752.0,18.201756,yahoo_trailing_pe,0.9579871578947369,16.555841,5.7,Financial Services,Capital Markets,,
MGL.NS,Mahanagar Gas Limited,103114121216.0,14.414527,yahoo_trailing_pe,,11.154079,72.42,Utilities,Utilities - Regulated Gas,,
JUBLINGREA.NS,Jubilant Ingrevia Limited,97831567360.0,31.908434,yahoo_trailing_pe,,20.79614,19.44,Basic Materials,Specialty Chemicals,,
OLECTRA.NS,Olectra Greentech Limited,85487083520.0,48.19528,yahoo_trailing_pe,1.2357764102564102,24.053118,21.61,Industrials,Farm & Heavy Construction Machinery,,
BLACKBUCK.NS,BlackBuck Limited,107084660736.0,63.800213,yahoo_trailing_pe,1.724330081081081,40.957237,9.21,Technology,Software - Application,,
KWIL.NS,Kwality Walls (India) Limited,86723411968.0,,,,,,Consumer Defensive,Packaged Foods,,
PGIL.NS,Pearl Global Industries Limited,117536464896.0,37.93381,yahoo_trailing_pe,1.5173524,23.714819,33.54,Consumer Cyclical,Apparel Manufacturing,,
ZENSARTECH.NS,Zensar Technologies Limited,100271841280.0,13.094249,yahoo_trailing_pe,0.3851249705882353,11.618671,33.74,Technology,Information Technology Services,,
PCJEWELLER.NS,PC Jeweller Limited,136327823360.0,18.783783,yahoo_trailing_pe,0.24394523376623375,0.6780488,0.74,Consumer Cyclical,Luxury Goods,,
SHREEJISPG.NS,Shreeji Shipping Global Limited,130456797184.0,80.31595,yahoo_trailing_pe,8.031595,,9.97,Industrials,Marine Shipping,,
AFCONS.NS,Afcons Infrastructure Limited,89044336640.0,62.399483,yahoo_trailing_pe,,16.521273,3.88,Industrials,Engineering & Construction,,
KRN.NS,KRN Heat Exchanger and Refrigeration Limited,92591030272.0,91.258064,yahoo_trailing_pe,,34.669117,15.5,Technology,Electronic Components,,
IIFLCAPS.NS,IIFL Capital Services Limited,108544163840.0,19.850058,yahoo_trailing_pe,0.9022753636363636,,17.34,Financial Services,Capital Markets,,
JWL.NS,Jupiter Wagons Limited,92495773696.0,57.56117,yahoo_trailing_pe,3.8374113333333333,22.963394,3.76,Industrials,Railroads,,
ALKYLAMINE.NS,Alkyl Amines Chemicals Limited,93463150592.0,41.567337,yahoo_trailing_pe,0.7697655,39.609108,43.96,Basic Materials,Specialty Chemicals,,
RITES.NS,RITES Limited,94126252032.0,22.58939,yahoo_trailing_pe,,17.777605,8.67,Industrials,Engineering & Construction,,
HCG.NS,HealthCare Global Enterprises Limited,95366782976.0,412.0968,yahoo_trailing_pe,,41.816696,1.55,Healthcare,Medical Care Facilities,,
WHIRLPOOL.NS,Whirlpool of India Limited,104474484736.0,41.61527,yahoo_trailing_pe,3.2011746153846157,23.61289,19.78,Consumer Cyclical,"Furnishings, Fixtures & Appliances",,
SUVEN.NS,Suven Life Sciences Limited,81632362496.0,,,,14.930232,-14.89,Healthcare,Drug Manufacturers - Specialty & Generic,,
ABLBL.NS,Aditya Birla Lifestyle Brands Limited,87393214464.0,49.965275,yahoo_trailing_pe,,23.209677,1.44,Consumer Cyclical,Apparel Retail,,
AAVAS.NS,Aavas Financiers Limited,94401724416.0,13.817316,yahoo_trailing_pe,0.7272271578947368,10.367208,86.16,Financial Services,Mortgage Finance,,
KENNAMET.NS,Kennametal India Limited,90442653696.0,46.143757,yahoo_trailing_pe,5.767969625,56.526096,89.18,Industrials,Tools & Accessories,,
BLUEJET.NS,Blue Jet Healthcare Limited,89950494720.0,38.26937,yahoo_trailing_pe,,26.599686,13.55,Healthcare,Biotechnology,,
KRBL.NS,KRBL Limited,88362942464.0,11.65258,yahoo_trailing_pe,,10.294666,33.13,Consumer Defensive,Packaged Foods,,
SUDARSCHEM.NS,Sudarshan Chemical Industries Limited,93693116416.0,129.31868,yahoo_trailing_pe,,18.421082,9.1,Basic Materials,Specialty Chemicals,,
SANDUMA.NS,The Sandur Manganese & Iron Ores Limited,87085670400.0,12.145762,yahoo_trailing_pe,0.3282638378378378,,14.75,Basic Materials,Steel,,
SGMART.NS,SG Mart Limited,93730013184.0,75.40061,yahoo_trailing_pe,,36.98756,9.86,Industrials,Industrial Distribution,,
JAINREC.NS,Jain Resource Recycling Limited,96986365952.0,26.589403,yahoo_trailing_pe,0.4748107678571429,18.176233,10.57,Basic Materials,Other Industrial Metals & Mining,,
FINPIPE.NS,Finolex Industries Limited,92598689792.0,15.036144,yahoo_trailing_pe,0.45564072727272725,14.095058,9.96,Industrials,Building Products & Equipment,,
JLHL.NS,Jupiter Life Line Hospitals Limited,81006821376.0,44.764496,yahoo_trailing_pe,1.2098512432432433,30.195534,5.52,Healthcare,Medical Care Facilities,,
BLS.NS,BLS International Services Limited,88510201856.0,12.570426,yahoo_trailing_pe,0.25653930612244896,10.003721,17.11,Industrials,Specialty Business Services,,
TEJASNET.NS,Tejas Networks Limited,80263880704.0,,,,,-51.74,Technology,Communication Equipment,,
ZEEL.NS,Zee Entertainment Enterprises Limited,65670717440.0,32.250004,yahoo_trailing_pe,0.3394737263157894,8.568615,2.12,Communication Services,Broadcasting,,
SANOFICONR.NS,Sanofi Consumer Healthcare India Limited,83040092160.0,31.17586,yahoo_trailing_pe,,26.889471,115.49,Healthcare,Drug Manufacturers - General,,
GENUSPOWER.NS,Genus Power Infrastructures Limited,79715762176.0,12.305722,yahoo_trailing_pe,0.0687470502793296,11.127414,23.42,Industrials,Electrical Equipment & Parts,,
JAYNECOIND.NS,Jayaswal Neco Industries Limited,88826929152.0,15.745268,yahoo_trailing_pe,,,5.81,Basic Materials,Steel,,
WEWORK.NS,WeWork India Management Limited,92223700992.0,108.15961,yahoo_trailing_pe,3.004433611111111,34.108887,6.14,Real Estate,Real Estate Services,,
ELECON.NS,Elecon Engineering Company Limited,93563559936.0,39.596394,yahoo_trailing_pe,2.8283138571428568,19.038815,10.53,Industrials,Specialty Industrial Machinery,,
ESABINDIA.NS,ESAB India Limited,82514280448.0,37.179222,yahoo_trailing_pe,,,144.18,Industrials,Tools & Accessories,,
INTELLECT.NS,Intellect Design Arena Limited,79157174272.0,22.8218,yahoo_trailing_pe,2.074709090909091,13.77063,24.86,Technology,Software - Application,,
MMTC.NS,MMTC Limited,81405001728.0,18.211409,yahoo_trailing_pe,,,2.98,Industrials,Conglomerates,,
SAREGAMA.NS,Saregama India Limited,92495683584.0,41.9,yahoo_trailing_pe,10.475,30.789139,11.5,Communication Services,Entertainment,,
PGHL.NS,Procter & Gamble Health Limited,85594710016.0,23.962545,yahoo_trailing_pe,,20.948608,215.19,Healthcare,Drug Manufacturers - Specialty & Generic,,
STAR.NS,Strides Pharma Science Limited,100956774400.0,16.458302,yahoo_trailing_pe,0.2318070704225352,11.4811325,66.55,Healthcare,Drug Manufacturers - Specialty & Generic,,
KIRLPNU.NS,Kirloskar Pneumatic Company Limited,87112105984.0,33.216053,yahoo_trailing_pe,,26.064806,20.18,Industrials,Specialty Industrial Machinery,,
SWANCORP.NS,Swan Corp Limited,81577156608.0,38.328423,yahoo_trailing_pe,,,6.79,Industrials,Conglomerates,,
YATHARTH.NS,Yatharth Hospital & Trauma Care Services Limited,97722589184.0,53.94681,yahoo_trailing_pe,1.419652894736842,35.67986,18.8,Healthcare,Medical Care Facilities,,
NCC.NS,NCC Limited,75297644544.0,10.765709,yahoo_trailing_pe,1.7942848333333332,8.856752,11.14,Industrials,Engineering & Construction,,
THYROCARE.NS,Thyrocare Technologies Limited,79740010496.0,45.46279,yahoo_trailing_pe,1.2628552777777777,31.501509,11.02,Healthcare,Diagnostics & Research,,
RPOWER.NS,Reliance Power Limited,,,,,,-0.77,Utilities,Utilities - Independent Power Producers,,
PRECWIRE.NS,Precision Wires India Limited,90151747584.0,51.801468,yahoo_trailing_pe,,32.022728,9.52,Industrials,Electrical Equipment & Parts,,
TIMETECHNO.NS,Time Technoplast Limited,88696406016.0,17.427738,yahoo_trailing_pe,0.6224192142857143,12.834285,10.31,Consumer Cyclical,Packaging & Containers,,
WAAREERTL.NS,Waaree Renewable Technologies Limited,83080634368.0,16.357378,yahoo_trailing_pe,0.15578455238095237,,48.66,Industrials,Engineering & Construction,,
SHIPROCKET.NS,Shiprocket Limited,93930274816.0,,,,56.736534,-1.03,Technology,Software - Application,,
TARIL.NS,Transformers and Rectifiers (India) Limited,84871888896.0,32.801624,yahoo_trailing_pe,0.37703016091954017,22.032473,8.62,Industrials,Electrical Equipment & Parts,,
ELANTAS.NS,ELANTAS Beck India Limited,107792695296.0,60.700893,yahoo_trailing_pe,,,224.0,Basic Materials,Specialty Chemicals,,
WELENT.NS,Welspun Enterprises Limited,99316768768.0,29.806675,yahoo_trailing_pe,2.483889583333333,19.900814,24.57,Industrials,Engineering & Construction,,
FIRSTCRY.NS,Brainbees Solutions Limited,81791442944.0,,,,49.991398,-2.58,Consumer Cyclical,Internet Retail,,
TSFINV.NS,TSF Investments Limited,87736041472.0,18.144682,yahoo_trailing_pe,0.6978723846153846,,21.91,Financial Services,Asset Management,,
RAILTEL.NS,RailTel Corporation of India Limited,79624822784.0,23.014843,yahoo_trailing_pe,7.671614333333333,16.707071,10.78,Communication Services,Telecom Services,,
BANCOINDIA.NS,Banco Products (India) Limited,84234665984.0,17.149097,yahoo_trailing_pe,0.7145457083333334,,34.34,Consumer Cyclical,Auto Parts,,
CLEAN.NS,Clean Science and Technology Limited,84687183872.0,36.366955,yahoo_trailing_pe,,25.020292,21.91,Basic Materials,Specialty Chemicals,,
RELAXO.NS,Relaxo Footwears Limited,70150889472.0,37.825504,yahoo_trailing_pe,,28.350101,7.45,Consumer Cyclical,Footwear & Accessories,,
MAHSEAMLES.NS,Maharashtra Seamless Limited,86329016320.0,11.709378,yahoo_trailing_pe,,,55.02,Basic Materials,Steel,,
MAXESTATES.NS,Max Estates Limited,86983598080.0,728.4246,yahoo_trailing_pe,,16.880953,0.73,Real Estate,Real Estate - Development,,
PNGJL.NS,P N Gadgil Jewellers Limited,86304874496.0,17.853228,yahoo_trailing_pe,0.23186010389610393,14.00398,32.84,Consumer Cyclical,Luxury Goods,,
BATAINDIA.NS,Bata India Limited,77547085824.0,53.065083,yahoo_trailing_pe,,28.321863,11.37,Consumer Cyclical,Footwear & Accessories,,
WESTLIFE.NS,Westlife Foodworld Limited,89590538240.0,282.9412,yahoo_trailing_pe,,108.95315,2.04,Consumer Cyclical,Restaurants,,
GRINFRA.NS,G R Infraprojects Limited,76382765056.0,7.5180955,yahoo_trailing_pe,,8.116389,105.0,Industrials,Engineering & Construction,,
ICIL.NS,Indo Count Industries Limited,88926396416.0,58.923885,yahoo_trailing_pe,,18.905264,7.62,Consumer Cyclical,Textile Manufacturing,,
LEMONTREE.NS,Lemon Tree Hotels Limited,87142834176.0,37.05387,yahoo_trailing_pe,1.277719655172414,22.357027,2.97,Consumer Cyclical,Lodging,,
VESUVIUS.NS,Vesuvius India Limited,82534006784.0,32.248215,yahoo_trailing_pe,,20.853846,12.61,Industrials,Specialty Industrial Machinery,,
GNFC.NS,Gujarat Narmada Valley Fertilizers & Chemicals Limited,88054210560.0,8.49518,yahoo_trailing_pe,,9.558941,70.54,Basic Materials,Chemicals,,
EQUITASBNK.NS,Equitas Small Finance Bank Limited,76016099328.0,14.896861,yahoo_trailing_pe,,7.3701353,4.46,Financial Services,Banks - Regional,,
SONATSOFTW.NS,Sonata Software Limited,66679783424.0,14.416517,yahoo_trailing_pe,3.60412925,11.62164,16.71,Technology,Information Technology Services,,
BSOFT.NS,Birlasoft Limited,76008062976.0,13.369404,yahoo_trailing_pe,0.7427446666666666,11.188725,20.33,Technology,Information Technology Services,,
TIPSMUSIC.NS,Tips Music Limited,78603739136.0,36.816555,yahoo_trailing_pe,,26.915092,16.79,Communication Services,Entertainment,,
EUREKAFORB.NS,Eureka Forbes Limited,65796603904.0,36.532257,yahoo_trailing_pe,0.5535190454545454,22.200413,9.3,Consumer Cyclical,"Furnishings, Fixtures & Appliances",,
GPPL.NS,Gujarat Pipavav Port Limited,80591405056.0,14.415224,yahoo_trailing_pe,1.1088633846153846,14.357262,11.56,Industrials,Marine Shipping,,
POWERMECH.NS,Power Mech Projects Limited,77330284544.0,19.764847,yahoo_trailing_pe,0.9882423499999999,13.550692,123.75,Industrials,Engineering & Construction,,
ORKLAINDIA.NS,Orkla India Limited,75302985728.0,24.761261,yahoo_trailing_pe,,20.265728,22.2,Consumer Defensive,Packaged Foods,,
TTKPRESTIG.NS,TTK Prestige Limited,70263758848.0,36.357193,yahoo_trailing_pe,,24.818363,14.11,Consumer Cyclical,"Furnishings, Fixtures & Appliances",,
MEDPLUS.NS,MedPlus Health Services Limited,75883364352.0,36.067352,yahoo_trailing_pe,0.5464750303030304,27.857462,17.52,Healthcare,Pharmaceutical Retailers,,
GALAXYSURF.NS,Galaxy Surfactants Limited,85328953344.0,24.170935,yahoo_trailing_pe,,21.821781,99.57,Basic Materials,Specialty Chemicals,,
V2RETAIL.NS,V2 Retail Limited,56471412736.0,30.606718,yahoo_trailing_pe,0.22671642962962962,20.377632,5.06,Consumer Cyclical,Apparel Retail,,
EPL.NS,EPL Limited,74440138752.0,19.20778,yahoo_trailing_pe,0.8730809090909091,13.423227,12.08,Consumer Cyclical,Packaging & Containers,,
KINGFA.NS,Kingfa Science & Technology (India) Limited,92203597824.0,40.855053,yahoo_trailing_pe,,,166.54,Basic Materials,Specialty Chemicals,,
SJS.NS,S.J.S. Enterprises Limited,63863742464.0,30.63109,yahoo_trailing_pe,0.8060813157894737,23.956594,64.65,Consumer Cyclical,Auto Parts,,
RPEL.NS,Raghav Productivity Enhancers Limited,78857175040.0,125.7101,yahoo_trailing_pe,4.489646428571429,,13.66,Basic Materials,Chemicals,,
NEWGEN.NS,Newgen Software Technologies Limited,62555205632.0,20.134212,yahoo_trailing_pe,0.9151914545454546,15.155821,21.98,Technology,Software - Infrastructure,,
RELIGARE.NS,Religare Enterprises Limited,76042780672.0,150.04762,yahoo_trailing_pe,2.1133467605633802,,1.47,Financial Services,Insurance - Life,,
INDIAGLYCO.NS,India Glycols Limited,23921852416.0,7.226159,yahoo_trailing_pe,0.18528612820512821,,49.39,Basic Materials,Chemicals,,
ENTERO.NS,Entero Healthcare Solutions Limited,73501769728.0,58.679638,yahoo_trailing_pe,0.4513818307692308,29.55341,28.78,Healthcare,Medical Distribution,,
MAHLIFE.NS,Mahindra Lifespace Developers Limited,73078390784.0,20.987732,yahoo_trailing_pe,0.19614702803738318,19.405998,16.3,Real Estate,Real Estate - Development,,
MIDHANI.NS,Mishra Dhatu Nigam Limited,82907316224.0,61.380024,yahoo_trailing_pe,,35.785706,7.21,Basic Materials,Steel,,
GARFIBRES.NS,Garware Technical Fibres Limited,74715635712.0,36.074966,yahoo_trailing_pe,5.153566571428572,25.762627,21.21,Consumer Cyclical,Textile Manufacturing,,
SKFINDIA.NS,SKF India Limited,69593817088.0,33.278957,yahoo_trailing_pe,,23.981354,42.3,Industrials,Tools & Accessories,,
DYNAMATECH.NS,Dynamatic Technologies Limited,90944217088.0,214.29028,yahoo_trailing_pe,35.715046666666666,65.38574,62.49,Consumer Cyclical,Auto Parts,,
CELLO.NS,Cello World Limited,82986508288.0,26.835714,yahoo_trailing_pe,3.35446425,19.266666,14.0,Consumer Cyclical,"Furnishings, Fixtures & Appliances",,
BALAMINES.NS,Balaji Amines Limited,67572285440.0,32.9567,yahoo_trailing_pe,,22.731483,63.28,Basic Materials,Specialty Chemicals,,
ETHOSLTD.NS,Ethos Limited,69578031104.0,66.75995,yahoo_trailing_pe,4.172496875,38.14621,38.95,Consumer Cyclical,Luxury Goods,,
HNDFDS.NS,Hindustan Foods Limited,69461532672.0,44.284607,yahoo_trailing_pe,1.5270554137931034,26.570765,12.93,Industrials,Conglomerates,,
GAEL.NS,Gujarat Ambuja Exports Limited,72685543424.0,17.471886,yahoo_trailing_pe,,13.316807,9.07,Consumer Defensive,Packaged Foods,,
UNIMECH.NS,Unimech Aerospace and Manufacturing Limited,89175212032.0,123.89674,yahoo_trailing_pe,3.539906857142857,56.695793,14.14,Industrials,Aerospace & Defense,,
AVL.NS,Aditya Vision Limited,78057496576.0,56.280262,yahoo_trailing_pe,,36.985573,10.74,Consumer Cyclical,Specialty Retail,,
RHIM.NS,RHI Magnesita India Limited,75806670848.0,,,,20.68169,-17.12,Industrials,Metal Fabrication,,
AARTIPHARM.NS,Aarti Pharmalabs Limited,79712092160.0,37.406384,yahoo_trailing_pe,,34.47255,23.5,Healthcare,Drug Manufacturers - Specialty & Generic,,
JYOTHYLAB.NS,Jyothy Labs Limited,68412301312.0,24.068476,yahoo_trailing_pe,0.752139875,19.25478,7.74,Consumer Defensive,Household & Personal Products,,
CORDELIA.NS,Waterways Leisure Tourism Limited,74493984768.0,,,,,-0.94,Industrials,Marine Shipping,,
TTML.NS,Tata Teleservices (Maharashtra) Limited,64414871552.0,173.42107,yahoo_trailing_pe,,,0.19,Communication Services,Telecom Services,,
STARCEMENT.NS,Star Cement Limited,68569206784.0,18.561268,yahoo_trailing_pe,1.091839294117647,16.695303,9.14,Basic Materials,Building Materials,,
KMEW.NS,Knowledge Marine & Engineering Works Limited,82603966464.0,60.522205,yahoo_trailing_pe,3.3623447222222222,32.567,53.81,Industrials,Marine Shipping,,
SMLMAH.NS,SML Mahindra Limited,84666368000.0,54.1312,yahoo_trailing_pe,,,108.08,Consumer Cyclical,Auto Manufacturers,,
TIIL.NS,Technocraft Industries (India) Limited,58538893312.0,17.23795,yahoo_trailing_pe,5.745983333333334,12.99396,149.78,Industrials,Tools & Accessories,,
SAPPHIRE.NS,Sapphire Foods India Limited,65995780096.0,,,,84.38449,-0.5,Consumer Cyclical,Restaurants,,
KIRLFER.NS,Kirloskar Ferrous Industries Limited,76737527808.0,22.264013,yahoo_trailing_pe,3.1805732857142854,11.332927,20.87,Industrials,Metal Fabrication,,
LEAPIND.NS,LEAP India Limited,62300663808.0,91.23871,yahoo_trailing_pe,1.1264038271604937,45.75026,1.55,Industrials,Integrated Freight & Logistics,,
SAFARI.NS,Safari Industries (India) Limited,63173685248.0,38.29225,yahoo_trailing_pe,3.829225,25.98813,33.67,Consumer Cyclical,Footwear & Accessories,,
IMFA.NS,Indian Metals and Ferro Alloys Limited,62861926400.0,11.989092,yahoo_trailing_pe,0.5449587272727272,8.962308,97.18,Basic Materials,Other Industrial Metals & Mining,,
BORORENEW.NS,Borosil Renewables Limited,63303716864.0,15.714286,yahoo_trailing_pe,0.23109244117647057,,27.37,Technology,Solar,,
NESCO.NS,Nesco Limited,72418746368.0,17.38204,yahoo_trailing_pe,1.5801854545454546,19.283302,59.13,Industrials,Conglomerates,,
BALUFORGE.NS,Balu Forge Industries Limited,59415269376.0,20.385256,yahoo_trailing_pe,0.23165063636363634,,24.01,Industrials,Metal Fabrication,,
SANOFI.NS,Sanofi India Limited,68624343040.0,21.194254,yahoo_trailing_pe,,16.609253,140.59,Healthcare,Drug Manufacturers - General,,
CERA.NS,Cera Sanitaryware Limited,63823683584.0,31.453356,yahoo_trailing_pe,1.8501974117647058,21.142673,157.36,Industrials,Building Products & Equipment,,
GMRP&UI.NS,GMR Power And Urban Infra Limited,75844616192.0,12.018564,yahoo_trailing_pe,,8.229661,8.08,Energy,Thermal Coal,,
SETL.NS,Standard Engineering Technology Limited,81462419456.0,95.408875,yahoo_trailing_pe,6.814919642857142,,4.28,Industrials,Specialty Industrial Machinery,,
EBGNG.NS,GNG Electronics Limited,78913077248.0,55.999195,yahoo_trailing_pe,0.9491388983050848,29.898489,12.36,Technology,Computer Hardware,,
GOKULAGRO.NS,Gokul Agro Resources Limited,60652122112.0,11.625565,yahoo_trailing_pe,0.28355036585365856,,17.68,Consumer Defensive,Packaged Foods,,
IXIGO.NS,Le Travenues Technology Limited,67909472256.0,80.60734,yahoo_trailing_pe,2.0151835,38.149426,1.91,Consumer Cyclical,Travel Services,,
RBA.NS,Restaurant Brands Asia Limited,65958539264.0,,,,420.95456,-2.94,Consumer Cyclical,Restaurants,,
TANLA.NS,Tanla Platforms Limited,65147224064.0,12.278497,yahoo_trailing_pe,3.06962425,11.024581,40.18,Technology,Software - Application,,
AEROFLEX.NS,Aeroflex Industries Limited,70002974720.0,102.51939,yahoo_trailing_pe,5.1259695,53.434345,5.16,Industrials,Metal Fabrication,,
BECTORFOOD.NS,Mrs. Bectors Food Specialities Limited,63070240768.0,42.487602,yahoo_trailing_pe,2.655475125,29.112469,4.84,Consumer Defensive,Packaged Foods,,
MBAPL.NS,Madhya Bharat Agro Products Limited,71599972352.0,46.294617,yahoo_trailing_pe,,,3.53,Basic Materials,Agricultural Inputs,,
JKPAPER.NS,JK Paper Limited,66607452160.0,20.095732,yahoo_trailing_pe,,5.9731708,18.28,Basic Materials,Paper & Paper Products,,
INDIASHLTR.NS,India Shelter Finance Corporation Limited,70268248064.0,13.538818,yahoo_trailing_pe,0.2820587083333333,9.258993,47.53,Financial Services,Mortgage Finance,,
SHARDACROP.NS,Sharda Cropchem Limited,65482035200.0,10.456706,yahoo_trailing_pe,0.402181,8.825389,69.41,Basic Materials,Agricultural Inputs,,
INOXGREEN.NS,Inox Green Energy Services Limited,48287858688.0,37.003216,yahoo_trailing_pe,0.5362784927536233,,3.11,Utilities,Utilities - Renewable,,
OMNI.NS,Omnitech Engineering Limited,78713421824.0,73.32949,yahoo_trailing_pe,2.095128285714286,45.14184,8.68,Industrials,Specialty Industrial Machinery,,
REDTAPE.NS,REDTAPE Limited,62555713536.0,25.429214,yahoo_trailing_pe,1.3383796842105264,,4.45,Consumer Cyclical,Footwear & Accessories,,
NEPHROPLUS.NS,Nephrocare Health Services Limited,63045476352.0,73.932785,yahoo_trailing_pe,0.7177940291262136,29.667574,8.48,Healthcare,Medical Care Facilities,,
SFL.NS,Sheela Foam Limited,66182664192.0,30.920918,yahoo_trailing_pe,,21.415194,19.6,Consumer Cyclical,"Furnishings, Fixtures & Appliances",,
SUPRAJIT.NS,Suprajit Engineering Limited,64590893056.0,34.621323,yahoo_trailing_pe,6.924264599999999,18.356726,13.6,Consumer Cyclical,Auto Parts,,
CAMPUS.NS,Campus Activewear Limited,60830261248.0,39.484127,yahoo_trailing_pe,0.940098261904762,28.780973,5.04,Consumer Cyclical,Footwear & Accessories,,
DCBBANK.NS,DCB Bank Limited,63329550336.0,8.035977,yahoo_trailing_pe,,5.7516217,24.46,Financial Services,Banks - Regional,,
SENORES.NS,Senores Pharmaceuticals Limited,61048635392.0,46.692497,yahoo_trailing_pe,0.33591724460431654,26.631842,28.39,Healthcare,Drug Manufacturers - General,,
EMIL.NS,Electronics Mart India Limited,74375782400.0,36.065296,yahoo_trailing_pe,,29.7973,5.36,Consumer Cyclical,Specialty Retail,,
TCI.NS,Transport Corporation of India Limited,67384754176.0,14.760182,yahoo_trailing_pe,1.2300151666666668,12.729318,59.42,Industrials,Integrated Freight & Logistics,,
BIRLACORPN.NS,Birla Corporation Limited,61207695360.0,11.053399,yahoo_trailing_pe,0.08248805223880598,10.168331,71.91,Basic Materials,Building Materials,,
AXISCADES.NS,AXISCADES Technologies Limited,88367579136.0,201.90477,yahoo_trailing_pe,3.15476203125,,10.29,Industrials,Engineering & Construction,,
SPARC.NS,Sun Pharma Advanced Research Company Limited,60925685760.0,3.846343,yahoo_trailing_pe,0.035614287037037035,3.3888087,48.81,Healthcare,Drug Manufacturers - Specialty & Generic,,
JKLAKSHMI.NS,JK Lakshmi Cement Limited,58347880448.0,15.782404,yahoo_trailing_pe,3.1564807999999998,9.325397,29.78,Basic Materials,Building Materials,,
RAIN.NS,Rain Industries Limited,71170744320.0,13.249844,yahoo_trailing_pe,,-139.21053,15.97,Basic Materials,Specialty Chemicals,,
GANESHHOU.NS,Ganesh Housing Limited,57687187456.0,21.761559,yahoo_trailing_pe,0.47307736956521734,,31.79,Real Estate,Real Estate - Development,,
DBL.NS,Dilip Buildcon Limited,64555573248.0,5.0489135,yahoo_trailing_pe,0.1074236914893617,16.102106,78.71,Industrials,Engineering & Construction,,
RCF.NS,Rashtriya Chemicals and Fertilizers Limited,57099722752.0,12.793572,yahoo_trailing_pe,,13.986486,8.09,Basic Materials,Agricultural Inputs,,
KOVAI.NS,Kovai Medical Center and Hospital Limited,64466337792.0,25.515375,yahoo_trailing_pe,1.701025,,230.9,Healthcare,Medical Care Facilities,,
DODLA.NS,Dodla Dairy Limited,60176990208.0,24.581074,yahoo_trailing_pe,0.8778955,18.2275,40.58,Consumer Defensive,Food Distribution,,
POWERICA.NS,Powerica Limited,74032848896.0,26.327633,yahoo_trailing_pe,0.7313231388888889,,22.22,Industrials,Specialty Industrial Machinery,,
AJAXENGG.NS,Ajax Engineering Limited,65357463552.0,28.865587,yahoo_trailing_pe,,19.465462,19.79,Industrials,Farm & Heavy Construction Machinery,,
KSHINTL.NS,KSH International Limited,68954972160.0,51.73869,yahoo_trailing_pe,,28.830029,19.67,Industrials,Electrical Equipment & Parts,,
VMART.NS,V-Mart Retail Limited,64547581952.0,46.887287,yahoo_trailing_pe,,30.892551,17.3,Consumer Cyclical,Department Stores,,
TFCILTD.NS,Tourism Finance Corporation of India Limited,67895611392.0,44.03904,yahoo_trailing_pe,,12.566409,3.33,Financial Services,Credit Services,,
STYL.NS,Seshaasai Technologies Limited,57319714816.0,21.366104,yahoo_trailing_pe,,17.982233,16.58,Technology,Software - Infrastructure,,
CYIENTDLM.NS,Cyient DLM Limited,77880287232.0,94.90328,yahoo_trailing_pe,2.9657275,55.599056,10.34,Industrials,Aerospace & Defense,,
SUPRIYA.NS,Supriya Lifescience Limited,69323857920.0,34.943203,yahoo_trailing_pe,,22.199741,24.65,Healthcare,Biotechnology,,
HCC.NS,Hindustan Construction Company Limited,49115025408.0,26.041666,yahoo_trailing_pe,0.7659313529411764,27.573528,0.72,Industrials,Engineering & Construction,,
PICCADIL.NS,Piccadily Agro Industries Limited,56491327488.0,39.96513,yahoo_trailing_pe,0.4815075903614458,,14.34,Consumer Defensive,Beverages - Wineries & Distilleries,,
PRAJIND.NS,Praj Industries Limited,53259841536.0,176.67683,yahoo_trailing_pe,,27.531261,1.64,Industrials,Engineering & Construction,,
ABFRL.NS,Aditya Birla Fashion and Retail Limited,52540440576.0,,,,-7.627318,-3.97,Consumer Cyclical,Apparel Manufacturing,,
JSLL.NS,Jeena Sikho Lifecare Limited,47389650944.0,20.086935,yahoo_trailing_pe,0.228260625,10.649442,18.98,Healthcare,Medical Care Facilities,,
JAIBALAJI.NS,Jai Balaji Industries Limited,62589571072.0,43.42405,yahoo_trailing_pe,0.34463531746031745,,1.58,Basic Materials,Steel,,
GSFC.NS,Gujarat State Fertilizers & Chemicals Limited,58376957952.0,8.42923,yahoo_trailing_pe,,8.3714285,17.38,Basic Materials,Agricultural Inputs,,
GREENLAM.NS,Greenlam Industries Limited,52779851776.0,56.673973,yahoo_trailing_pe,,22.264774,3.65,Consumer Cyclical,"Furnishings, Fixtures & Appliances",,
SUNFLAG.NS,Sunflag Iron and Steel Company Limited,81224908800.0,39.46585,yahoo_trailing_pe,,,11.42,Basic Materials,Steel,,
VIKRAMSOLR.NS,Vikram Solar Limited,51929001984.0,14.203171,yahoo_trailing_pe,0.06636995794392524,7.4000783,10.09,Technology,Solar,,
TRIVENI.NS,Triveni Engineering & Industries Limited,52415545344.0,18.597342,yahoo_trailing_pe,,11.775248,12.79,Consumer Defensive,Confectioners,,
BAJAJCON.NS,Bajaj Consumer Care Limited,63891951616.0,29.290417,yahoo_trailing_pe,2.9290417,21.548458,16.7,Consumer Defensive,Household & Personal Products,,
KPIGREEN.NS,KPI Green Energy Limited,63897464832.0,13.993506,yahoo_trailing_pe,0.22940173770491804,,23.1,Utilities,Utilities - Renewable,,
PAISALO.NS,Paisalo Digital Limited,76267200512.0,29.288809,yahoo_trailing_pe,0.8368231142857143,21.35,2.77,Financial Services,Credit Services,,
SKIPPER.NS,Skipper Limited,63218126848.0,26.005026,yahoo_trailing_pe,0.30594148235294116,16.911764,19.9,Industrials,Engineering & Construction,,
SMARTWORKS.NS,Smartworks Coworking Spaces Limited,55171710976.0,66.34801,yahoo_trailing_pe,2.3695717857142857,38.993534,7.27,Real Estate,Real Estate Services,,
HAPPSTMNDS.NS,Happiest Minds Technologies Limited,45108633600.0,20.283785,yahoo_trailing_pe,,13.898149,14.8,Technology,Information Technology Services,,
SHAKTIPUMP.NS,Shakti Pumps (India) Limited,52647743488.0,24.819662,yahoo_trailing_pe,0.20683051666666669,13.291278,17.19,Industrials,Specialty Industrial Machinery,,
TRANSRAILL.NS,Transrail Lighting Limited,63388983296.0,15.738333,yahoo_trailing_pe,0.2810416607142857,12.392388,30.0,Industrials,Engineering & Construction,,
SIS.NS,SIS Limited,57237168128.0,40.215054,yahoo_trailing_pe,,11.647293,10.23,Industrials,Security & Protection Services,,
NEOGEN.NS,Neogen Chemicals Limited,71491960832.0,179.05943,yahoo_trailing_pe,,41.17128,13.29,Basic Materials,Specialty Chemicals,,
SBCL.NS,Shivalik Bimetal Controls Limited,60518969344.0,57.035828,yahoo_trailing_pe,8.14797542857143,35.373737,18.42,Industrials,Metal Fabrication,,
INNOVACAP.NS,Innova Captab Limited,64635555840.0,41.973244,yahoo_trailing_pe,1.4990444285714286,24.906286,26.91,Healthcare,Drug Manufacturers - Specialty & Generic,,
ARVINDFASN.NS,Arvind Fashions Limited,52435333120.0,43.373894,yahoo_trailing_pe,0.8183753584905661,22.121298,9.04,Consumer Cyclical,Apparel Retail,,
JUSTDIAL.NS,Just Dial Limited,53721223168.0,10.2390995,yahoo_trailing_pe,10.2390995,8.919783,61.69,Communication Services,Internet Content & Information,,
ACI.NS,Archean Chemical Industries Limited,57062469632.0,58.654823,yahoo_trailing_pe,,14.9096775,7.88,Basic Materials,Chemicals,,
KRISHANA.NS,Krishana Phoschem Limited,58331246592.0,36.710117,yahoo_trailing_pe,,,5.14,Basic Materials,Agricultural Inputs,,
FEDFINA.NS,Fedbank Financial Services Limited,54511853568.0,14.274066,yahoo_trailing_pe,,9.024064,10.18,Financial Services,Credit Services,,
STYLAMIND.NS,Stylam Industries Limited,55010750464.0,32.421787,yahoo_trailing_pe,2.161452466666667,23.158972,100.05,Consumer Cyclical,"Furnishings, Fixtures & Appliances",,
CEIGALL.NS,Ceigall India Limited,65170038784.0,20.276423,yahoo_trailing_pe,0.8448509583333333,15.718488,18.45,Industrials,Engineering & Construction,,
IBULLSLTD.NS,Indiabulls Limited,78173134848.0,18.652407,yahoo_trailing_pe,0.37304814000000003,,1.87,Real Estate,Real Estate - Development,,
MASTEK.NS,Mastek Limited,51197726720.0,12.332512,yahoo_trailing_pe,0.8221674666666666,10.749999,133.89,Technology,Information Technology Services,,
UNIVCABLES.NS,Universal Cables Limited,53774368768.0,26.842743,yahoo_trailing_pe,2.4402493636363634,104.30014,57.74,Industrials,Electrical Equipment & Parts,,
FCL.NS,Fineotex Chemical Limited,65200406528.0,44.792,yahoo_trailing_pe,6.3988571428571435,26.661907,1.25,Basic Materials,Specialty Chemicals,,
DBREALTY.NS,Valor Estate Limited,45952704512.0,368.34784,yahoo_trailing_pe,14.167224615384615,,0.23,Real Estate,Real Estate - Development,,
MOREPENLAB.NS,Morepen Laboratories Limited,74823081984.0,53.339848,yahoo_trailing_pe,2.9633248888888892,,2.56,Healthcare,Drug Manufacturers - Specialty & Generic,,
SENCO.NS,Senco Gold Limited,55251013632.0,9.678438,yahoo_trailing_pe,0.17923033333333332,12.416206,34.83,Consumer Cyclical,Luxury Goods,,
TVSSCS.NS,TVS Supply Chain Solutions Limited,55558897664.0,86.246574,yahoo_trailing_pe,1.2147404788732394,24.690197,1.46,Industrials,Integrated Freight & Logistics,,
ISGEC.NS,Isgec Heavy Engineering Limited,67529506816.0,25.447493,yahoo_trailing_pe,,,36.09,Industrials,Specialty Industrial Machinery,,
NIRLON.NS,Nirlon Limited,55873183744.0,15.652613,yahoo_trailing_pe,,,39.61,Real Estate,Real Estate Services,,
LATENTVIEW.NS,Latent View Analytics Limited,47682981888.0,24.417814,yahoo_trailing_pe,3.05222675,17.849613,9.43,Industrials,Consulting Services,,
MANINDS.NS,Man Industries (India) Limited,64346955776.0,31.480734,yahoo_trailing_pe,0.7321100930232558,11.392429,27.25,Basic Materials,Steel,,
IOLCP.NS,IOL Chemicals and Pharmaceuticals Limited,60334583808.0,35.935318,yahoo_trailing_pe,17.967659,19.764423,5.72,Healthcare,Drug Manufacturers - Specialty & Generic,,
JSFB.NS,Jana Small Finance Bank Limited,51037995008.0,13.423323,yahoo_trailing_pe,,7.092647,35.93,Financial Services,Banks - Regional,,
CSBBANK.NS,CSB Bank Limited,51139862528.0,7.876533,yahoo_trailing_pe,,5.362855,38.31,Financial Services,Banks - Regional,,
KALPATARU.NS,Kalpataru Limited,53520404480.0,42.606556,yahoo_trailing_pe,1.2173301714285714,39.378788,6.1,Real Estate,Real Estate - Development,,
ITDC.NS,India Tourism Development Corporation Limited,56740745216.0,68.83975,yahoo_trailing_pe,5.736645833333333,,9.61,Consumer Cyclical,Lodging,,
VADILALIND.NS,Vadilal Industries Limited,51518771200.0,23.503853,yahoo_trailing_pe,1.5669235333333333,,304.95,Consumer Defensive,Packaged Foods,,
LUMAXIND.NS,Lumax Industries Limited,49486893056.0,26.413212,yahoo_trailing_pe,1.2577720000000001,15.441905,200.43,Consumer Cyclical,Auto Parts,,
GULFOILLUB.NS,Gulf Oil Lubricants India Limited,53980839936.0,14.49887,yahoo_trailing_pe,0.906179375,10.421929,75.13,Basic Materials,Specialty Chemicals,,
GOKEX.NS,Gokaldas Exports Limited,47802662912.0,48.9018,yahoo_trailing_pe,,15.550654,13.34,Consumer Cyclical,Apparel Manufacturing,,
PRSMJOHNSN.NS,Prism Johnson Limited,48760152064.0,35.877777,yahoo_trailing_pe,7.1755554,39.538776,2.7,Basic Materials,Building Materials,,
FDC.NS,FDC Limited,52758605824.0,18.022802,yahoo_trailing_pe,1.5019001666666665,13.907725,17.98,Healthcare,Drug Manufacturers - Specialty & Generic,,
ASHAPURMIN.NS,Ashapura Minechem Limited,44835172352.0,11.020193,yahoo_trailing_pe,0.21608221568627453,,42.59,Basic Materials,Other Industrial Metals & Mining,,
QUESS.NS,Quess Corp Limited,47915532288.0,19.01304,yahoo_trailing_pe,2.11256,15.819976,16.87,Industrials,Staffing & Employment Services,,
RAMRAT.NS,Ram Ratna Wires Limited,57050288128.0,45.003685,yahoo_trailing_pe,1.2858195714285714,,13.58,Industrials,Electrical Equipment & Parts,,
INDIGOPNTS.NS,Indigo Paints Limited,49436688384.0,30.787752,yahoo_trailing_pe,7.696938,23.96067,33.64,Basic Materials,Specialty Chemicals,,
FIEMIND.NS,Fiem Industries Limited,45969915904.0,17.481733,yahoo_trailing_pe,0.7946242272727272,13.0954075,99.91,Consumer Cyclical,Auto Parts,,
LGBBROSLTD.NS,L.G. Balakrishnan & Bros Limited,53471916032.0,16.770708,yahoo_trailing_pe,1.6770707999999999,14.822282,99.96,Consumer Cyclical,Auto Parts,,
RPTECH.NS,Rashi Peripherals Limited,59685482496.0,18.938053,yahoo_trailing_pe,0.6109049354838709,,47.46,Technology,Electronics & Computer Distribution,,
KISSHT.NS,OnEMI Technology Solutions Limited,66285158400.0,19.545692,yahoo_trailing_pe,0.16705719658119658,10.0990505,19.04,Financial Services,Credit Services,,
IFBIND.NS,IFB Industries Limited,48087707648.0,29.977268,yahoo_trailing_pe,0.20673977931034482,18.54375,39.59,Consumer Cyclical,"Furnishings, Fixtures & Appliances",,
MARINE.NS,Marine Electricals (India) Limited,63338844160.0,98.60566,yahoo_trailing_pe,1.8962626923076924,,4.59,Industrials,Electrical Equipment & Parts,,
SAATVIKGL.NS,Saatvik Green Energy Limited,50492465152.0,29.317343,yahoo_trailing_pe,0.09048562654320988,7.488219,13.55,Technology,Solar,,
MASFIN.NS,MAS Financial Services Limited,47713169408.0,12.100783,yahoo_trailing_pe,0.526121,8.191589,21.73,Financial Services,Credit Services,,
EPIGRAL.NS,Epigral Limited,43667660800.0,16.146116,yahoo_trailing_pe,,9.928396,62.69,Basic Materials,Chemicals,,
CCAVENUE.NS,AvenuesAI Limited,52284915712.0,14.871287,yahoo_trailing_pe,0.4957095666666667,13.654546,1.01,Technology,Software - Infrastructure,,
MAPMYINDIA.NS,C. E. Info Systems Limited,47899496448.0,34.988,yahoo_trailing_pe,17.494,21.692158,25.0,Technology,Software - Infrastructure,,
MOIL.NS,MOIL Limited,46716137472.0,15.3874,yahoo_trailing_pe,,8.555778,14.92,Basic Materials,Other Industrial Metals & Mining,,
GOLDIAM.NS,Goldiam International Limited,46032838656.0,22.028097,yahoo_trailing_pe,0.7342698999999999,,13.88,Consumer Cyclical,Luxury Goods,,
YASHO.NS,Yasho Industries Limited,49611329536.0,86.027596,yahoo_trailing_pe,,,47.83,Basic Materials,Specialty Chemicals,,
OPTIEMUS.NS,Optiemus Infracom Limited,73652461568.0,100.35011,yahoo_trailing_pe,6.271881875,,8.14,Technology,Electronics & Computer Distribution,,
PDSL.NS,PDS Limited,47589945344.0,40.64536,yahoo_trailing_pe,,29.818584,8.29,Industrials,Specialty Business Services,,
GUJALKALI.NS,Gujarat Alkalies and Chemicals Limited,43816144896.0,66.00111,yahoo_trailing_pe,,6.8897233,9.04,Basic Materials,Chemicals,,
CRAMC.NS,Canara Robeco Asset Management Company Limited,44029370368.0,20.16347,yahoo_trailing_pe,,15.995415,10.95,Financial Services,Asset Management,,
VRLLOG.NS,VRL Logistics Limited,49699602432.0,18.605108,yahoo_trailing_pe,,15.111703,15.27,Industrials,Trucking,,
BAJAJHIND.NS,Bajaj Hindusthan Sugar Limited,47873277952.0,16.292683,yahoo_trailing_pe,0.3620596222222222,,1.23,Consumer Defensive,Confectioners,,
RENUKA.NS,Shree Renuka Sugars Limited,46039232512.0,,,,-5.030232,-3.66,Consumer Defensive,Confectioners,,
MSTCLTD.NS,MSTC Limited,47055360000.0,20.078102,yahoo_trailing_pe,,,33.29,Industrials,Conglomerates,,
PURVA.NS,Puravankara Limited,47996723200.0,29.983704,yahoo_trailing_pe,14.991852,14.560432,6.75,Real Estate,Real Estate - Development,,
THOMASCOOK.NS,Thomas Cook (India) Limited,46346596352.0,21.008528,yahoo_trailing_pe,0.094633009009009,15.2759695,4.69,Consumer Cyclical,Travel Services,,
CENTUM.NS,Centum Electronics Limited,61145747456.0,381.05798,yahoo_trailing_pe,,41.685005,10.87,Technology,Electronic Components,,
CARERATING.NS,CARE Ratings Limited,46473527296.0,26.17173,yahoo_trailing_pe,0.9693233333333333,19.79846,58.93,Financial Services,Financial Data & Stock Exchanges,,
ELECTCAST.NS,Electrosteel Castings Limited,45906386944.0,37.887756,yahoo_trailing_pe,,17.269768,1.96,Industrials,Building Products & Equipment,,
SHARDAMOTR.NS,Sharda Motor Industries Limited,50771374080.0,15.2931,yahoo_trailing_pe,1.0923642857142857,12.032654,57.83,Consumer Cyclical,Auto Parts,,
AGI.NS,AGI Greenpac Limited,50632167424.0,13.979993,yahoo_trailing_pe,,8.118257,55.98,Consumer Cyclical,Packaging & Containers,,
PNCINFRA.NS,PNC Infratech Limited,34501955584.0,4.7123337,yahoo_trailing_pe,,6.698187,28.54,Industrials,Engineering & Construction,,
BANSALWIRE.NS,Bansal Wire Industries Limited,49033326592.0,34.493393,yahoo_trailing_pe,0.8623348249999999,19.039513,9.08,Basic Materials,Steel,,
MANINFRA.NS,Man Infraconstruction Limited,46618152960.0,21.925512,yahoo_trailing_pe,,,5.37,Industrials,Engineering & Construction,,
ORCHPHARMA.NS,Orchid Pharma Limited,49765584896.0,609.441,yahoo_trailing_pe,11.498886792452831,23.361904,1.61,Healthcare,Drug Manufacturers - Specialty & Generic,,
BANARISUG.NS,Bannari Amman Sugars Limited,41381011456.0,33.989082,yahoo_trailing_pe,,,97.09,Consumer Defensive,Confectioners,,
PILANIINVS.NS,Pilani Investment and Industries Corporation Limited,43718778880.0,,,,,-11.01,Financial Services,Asset Management,,
KDDL.NS,KDDL Limited,47637569536.0,49.09621,yahoo_trailing_pe,2.727567222222222,30.0481,78.89,Consumer Cyclical,Luxury Goods,,
JAMNAAUTO.NS,Jamna Auto Industries Limited,59177795584.0,25.290598,yahoo_trailing_pe,2.107549833333333,18.49375,5.85,Consumer Cyclical,Auto Parts,,
FOSECOIND.NS,Foseco India Limited,48049774592.0,48.792404,yahoo_trailing_pe,,,130.01,Basic Materials,Chemicals,,
RUSTOMJEE.NS,Keystone Realtors Limited,45349105664.0,38.852814,yahoo_trailing_pe,,12.224743,9.24,Real Estate,Real Estate - Development,,
WAKEFIT.NS,Wakefit Innovations Limited,43283013632.0,22.195578,yahoo_trailing_pe,,32.6275,5.88,Consumer Cyclical,"Furnishings, Fixtures & Appliances",,
SURYAROSNI.NS,Surya Roshni Limited,46356447232.0,14.874302,yahoo_trailing_pe,,9.063829,14.32,Basic Materials,Steel,,
JUNIPER.NS,Juniper Hotels Limited,47911440384.0,28.903357,yahoo_trailing_pe,0.291953101010101,15.491367,7.45,Consumer Cyclical,Lodging,,
LXCHEM.NS,Laxmi Organic Industries Limited,50588811264.0,60.879597,yahoo_trailing_pe,,23.951317,2.99,Basic Materials,Specialty Chemicals,,
SOTL.NS,Savita Oil Technologies Limited,52393869312.0,12.658606,yahoo_trailing_pe,,12.585639,60.37,Basic Materials,Specialty Chemicals,,
SUBROS.NS,Subros Limited,43349155840.0,26.069046,yahoo_trailing_pe,0.4918687924528302,18.106266,25.49,Consumer Cyclical,Auto Parts,,
ROLEXRINGS.NS,Rolex Rings Limited,44633358336.0,41.296116,yahoo_trailing_pe,,18.360424,4.12,Industrials,Metal Fabrication,,
ICRA.NS,ICRA Limited,41382174720.0,21.227411,yahoo_trailing_pe,1.9297646363636363,16.479568,202.54,Financial Services,Financial Data & Stock Exchanges,,
DATAMATICS.NS,Datamatics Global Services Limited,44022435840.0,20.360851,yahoo_trailing_pe,2.545106375,14.985915,36.58,Technology,Information Technology Services,,
SHILCTECH.NS,Shilchar Technologies Limited,45120147456.0,32.806522,yahoo_trailing_pe,,,120.22,Industrials,Electrical Equipment & Parts,,
PTC.NS,PTC India Limited,43977957376.0,8.647846,yahoo_trailing_pe,0.7861678181818181,11.255303,17.18,Utilities,Utilities - Independent Power Producers,,
SSWL.NS,Steel Strips Wheels Limited,64557326336.0,30.452524,yahoo_trailing_pe,,19.454975,13.48,Consumer Cyclical,Auto Parts,,
NORTHARC.NS,Northern Arc Capital Limited,45417123840.0,10.407862,yahoo_trailing_pe,0.49561247619047616,6.3440766,26.97,Financial Services,Credit Services,,
GMMPFAUDLR.NS,GMM Pfaudler Limited,60260663296.0,80.84439,yahoo_trailing_pe,,28.398306,16.58,Industrials,Specialty Industrial Machinery,,
BOSCH-HCIL.NS,Bosch Home Comfort India Limited,52853641216.0,1214.875,yahoo_trailing_pe,,,1.6,Consumer Cyclical,"Furnishings, Fixtures & Appliances",,
EMUDHRA.NS,eMudhra Limited,46756610048.0,41.000004,yahoo_trailing_pe,2.157894947368421,26.882076,13.9,Technology,Software - Application,,
ALOKINDS.NS,Alok Industries Limited,44687163392.0,,,,,-1.44,Consumer Cyclical,Textile Manufacturing,,
UFLEX.NS,Uflex Limited,44558098432.0,6.5289383,yahoo_trailing_pe,,10.928976,94.51,Consumer Cyclical,Packaging & Containers,,
DECNGOLD.NS,Deccan Gold Mines Limited,38424064000.0,,,,,-2.02,Basic Materials,Gold,,
LASERPOWER.NS,Laser Power & Infra Limited,38250373120.0,31.142857,yahoo_trailing_pe,0.43253968055555553,,8.75,Industrials,Electrical Equipment & Parts,,
SWSOLAR.NS,Sterling and Wilson Renewable Energy Limited,37387640832.0,,,,8.893888,-12.31,Technology,Solar,,
DEEDEV.NS,DEE Development Engineers Limited,45790720000.0,52.7383,yahoo_trailing_pe,0.5992988636363636,27.414412,11.54,Industrials,Metal Fabrication,,
NRBBEARING.NS,NRB Bearings Limited,49449910272.0,33.54372,yahoo_trailing_pe,2.5802861538461537,25.638191,15.21,Consumer Cyclical,Auto Parts,,
MPSLTD.NS,MPS Limited,43691626496.0,23.197838,yahoo_trailing_pe,1.6569884285714287,19.828968,110.95,Communication Services,Publishing,,
GREAVESCOT.NS,Greaves Cotton Limited,49294856192.0,49.673706,yahoo_trailing_pe,4.967370600000001,24.322989,4.26,Industrials,Specialty Industrial Machinery,,
SGFIN.NS,SG Finserve Limited,42561581056.0,26.22412,yahoo_trailing_pe,,,24.63,Financial Services,Capital Markets,,
ELLEN.NS,Ellenbarrie Industrial Gases Limited,49383833600.0,40.934578,yahoo_trailing_pe,,27.809523,8.56,Basic Materials,Chemicals,,
AYE.NS,Aye Finance Limited,39323398144.0,16.1598,yahoo_trailing_pe,,8.175761,9.95,Financial Services,Credit Services,,
SUNTECK.NS,Sunteck Realty Limited,39882297344.0,18.692362,yahoo_trailing_pe,0.044294696682464454,12.204471,14.53,Real Estate,Real Estate - Development,,
GUJTHEM.NS,Gujarat Themis Biosyn Limited,47889321984.0,82.315445,yahoo_trailing_pe,,,4.47,Healthcare,Drug Manufacturers - Specialty & Generic,,
GOODLUCK.NS,Goodluck India Limited,49538674688.0,23.815914,yahoo_trailing_pe,0.8505683571428572,15.412618,20.86,Basic Materials,Steel,,
TEXRAIL.NS,Texmaco Rail & Engineering Limited,43567058944.0,20.090057,yahoo_trailing_pe,0.21372401063829788,15.98209,5.33,Industrials,Railroads,,
NETWORK18.NS,Network18 Media & Investments Limited,37670051840.0,,,,,-0.22,Communication Services,Entertainment,,
VISHNU.NS,Vishnu Chemicals Limited,44808417280.0,29.876572,yahoo_trailing_pe,14.938286,19.073067,22.28,Basic Materials,Specialty Chemicals,,
GVPIL.NS,GE Power India Limited,44111306752.0,12.8859005,yahoo_trailing_pe,0.3391026447368421,,50.92,Industrials,Engineering & Construction,,
HAWKINCOOK.NS,Hawkins Cookers Limited,42194120704.0,31.110376,yahoo_trailing_pe,,,256.49,Consumer Cyclical,"Furnishings, Fixtures & Appliances",,
DHANUKA.NS,Dhanuka Agritech Limited,39824044032.0,15.021859,yahoo_trailing_pe,1.2518215833333333,12.279725,59.47,Basic Materials,Agricultural Inputs,,
VIPIND.NS,V.I.P. Industries Limited,39093645312.0,,,,97.12953,-27.65,Consumer Cyclical,Footwear & Accessories,,
DEEPINDS.NS,Deep Industries Limited,49766400000.0,24.104155,yahoo_trailing_pe,0.38877669354838706,12.74754,32.26,Energy,Oil & Gas E&P,,
SWARAJENG.NS,Swaraj Engines Limited,42422468608.0,21.017275,yahoo_trailing_pe,,19.369083,166.13,Consumer Cyclical,Auto Parts,,
AHLUCONT.NS,Ahluwalia Contracts (India) Limited,37114458112.0,16.494492,yahoo_trailing_pe,1.499499272727273,11.6478615,33.59,Industrials,Engineering & Construction,,
MOSCHIP.NS,MosChip Technologies Limited,36405829632.0,139.33582,yahoo_trailing_pe,1.6015611494252875,,1.34,Technology,Semiconductor Equipment & Materials,,
SEAMECLTD.NS,Seamec Limited,40125890560.0,15.568204,yahoo_trailing_pe,0.14826860952380952,10.398016,101.02,Industrials,Marine Shipping,,
RTNPOWER.NS,RattanIndia Power Limited,34529779712.0,30.619047,yahoo_trailing_pe,1.1340387777777776,,0.21,Utilities,Utilities - Independent Power Producers,,
MHRIL.NS,Mahindra Holidays & Resorts India Limited,37759942656.0,71.19011,yahoo_trailing_pe,,17.49813,2.63,Consumer Cyclical,Resorts & Casinos,,
HIRECT.NS,Hirect Limited,37675409408.0,89.113815,yahoo_trailing_pe,,,12.3,Industrials,Electrical Equipment & Parts,,
SHOPERSTOP.NS,Shoppers Stop Limited,42396119040.0,,,,46.071857,-3.35,Consumer Cyclical,Department Stores,,
RAYMONDLSL.NS,Raymond Lifestyle Limited,36324212736.0,83.76405,yahoo_trailing_pe,,13.623696,7.12,Consumer Cyclical,Apparel Manufacturing,,
RPGLIFE.NS,RPG Life Sciences Limited,46502748160.0,38.867847,yahoo_trailing_pe,,29.848196,72.34,Healthcare,Drug Manufacturers - Specialty & Generic,,
INDOSTAR.NS,IndoStar Capital Finance Limited,31784345600.0,,,,10.891968,-24.21,Financial Services,Credit Services,,
ROSSTECH.NS,Rossell Techsys Limited,59412996096.0,230.21992,yahoo_trailing_pe,,,6.82,Industrials,Aerospace & Defense,,
RTNINDIA.NS,RattanIndia Enterprises Limited,34563616768.0,,,,,-4.73,Consumer Cyclical,Internet Retail,,
RAYMOND.NS,Raymond Limited,77672177664.0,165.31161,yahoo_trailing_pe,1.5166202752293578,69.05917,7.06,Industrials,Specialty Industrial Machinery,,
AVANTEL.NS,Avantel Limited,38619889664.0,234.37096,yahoo_trailing_pe,,,0.62,Technology,Communication Equipment,,
PITTIENG.NS,Pitti Engineering Limited,39353573376.0,31.75752,yahoo_trailing_pe,1.2214430769230769,21.936214,33.57,Industrials,Metal Fabrication,,
RESPONIND.NS,Responsive Industries Limited,40788443136.0,40.26053,yahoo_trailing_pe,0.4909820731707317,,3.8,Basic Materials,Specialty Chemicals,,
INDIQUBE.NS,IndiQube Spaces Limited,40680226816.0,,,,82.71121,-4.49,Real Estate,Real Estate Services,,
RALLIS.NS,Rallis India Limited,38069231616.0,17.845032,yahoo_trailing_pe,17.845032,13.459669,10.97,Basic Materials,Agricultural Inputs,,
GUFICBIO.NS,Gufic Biosciences Limited,40519143424.0,55.198086,yahoo_trailing_pe,,,7.32,Healthcare,Drug Manufacturers - Specialty & Generic,,
SYMPHONY.NS,Symphony Limited,37003583488.0,,,,19.294027,-18.5,Consumer Cyclical,"Furnishings, Fixtures & Appliances",,
TVSSRICHAK.NS,TVS Srichakra Limited,32582281216.0,35.271885,yahoo_trailing_pe,,27.622202,120.64,Consumer Cyclical,Auto Parts,,
GHCL.NS,GHCL Limited,35570364416.0,6.9642854,yahoo_trailing_pe,,5.2581296,55.72,Basic Materials,Chemicals,,
WSTCSTPAPR.NS,West Coast Paper Mills Limited,47099473920.0,20.503162,yahoo_trailing_pe,,,34.78,Basic Materials,Paper & Paper Products,,
NACLIND.NS,NACL Industries Limited,30240815104.0,258.2,yahoo_trailing_pe,,,0.5,Basic Materials,Agricultural Inputs,,
KSCL.NS,Kaveri Seed Company Limited,34656747520.0,14.142887,yahoo_trailing_pe,3.53572175,10.916399,48.01,Basic Materials,Agricultural Inputs,,
IDEAFORGE.NS,ideaForge Technology Limited,33270839296.0,85.24841,yahoo_trailing_pe,,33.969543,7.85,Technology,Computer Hardware,,
MIDWESTLTD.NS,Midwest Limited,35791974400.0,30.269112,yahoo_trailing_pe,1.1641966153846153,14.884211,32.7,Basic Materials,Building Materials,,
HARSHA.NS,Harsha Engineers International Limited,40277909504.0,26.038847,yahoo_trailing_pe,6.50971175,18.471815,16.99,Industrials,Tools & Accessories,,
INDOTECH.NS,Indo Tech Transformers Limited,33440256000.0,33.673405,yahoo_trailing_pe,,,93.51,Industrials,Electrical Equipment & Parts,,
CAPILLARY.NS,Capillary Technologies India Limited,44011585536.0,104.88636,yahoo_trailing_pe,3.383430967741935,25.95938,5.28,Technology,Software - Infrastructure,,
KOLTEPATIL.NS,Kolte-Patil Developers Limited,37547151360.0,30.156694,yahoo_trailing_pe,,13.927631,14.04,Real Estate,Real Estate - Development,,
SHANTIGEAR.NS,Shanthi Gears Limited,42744352768.0,67.02767,yahoo_trailing_pe,,144.30052,8.31,Industrials,Specialty Industrial Machinery,,
UNICHEMLAB.NS,Unichem Laboratories Limited,37378416640.0,12.283666,yahoo_trailing_pe,0.3509618857142857,,43.22,Healthcare,Drug Manufacturers - Specialty & Generic,,
REFEX.NS,Refex Industries Limited,35501027328.0,12.570457,yahoo_trailing_pe,0.44894489285714284,,20.58,Energy,Thermal Coal,,
UNIPARTS.NS,Uniparts India Limited,35042693120.0,19.453909,yahoo_trailing_pe,,,39.92,Industrials,Farm & Heavy Construction Machinery,,
SANDHAR.NS,Sandhar Technologies Limited,32228118528.0,15.464679,yahoo_trailing_pe,0.5947953461538462,12.809353,34.54,Consumer Cyclical,Auto Parts,,
AURIONPRO.NS,Aurionpro Solutions Limited,32094189568.0,15.920735,yahoo_trailing_pe,0.5306911666666667,11.674169,37.47,Technology,Software - Application,,
KIRLOSIND.NS,Kirloskar Industries Limited,36518551552.0,24.562237,yahoo_trailing_pe,8.187412333333333,,141.4,Industrials,Metal Fabrication,,
MAHLOG.NS,Mahindra Logistics Limited,39254282240.0,106.57682,yahoo_trailing_pe,,23.507729,3.71,Industrials,Integrated Freight & Logistics,,
KSL.NS,Kalyani Steels Limited,41354801152.0,15.602609,yahoo_trailing_pe,,11.177409,60.57,Basic Materials,Steel,,
POCL.NS,Pondy Oxides And Chemicals Limited,32982693888.0,26.97442,yahoo_trailing_pe,0.7492894444444445,13.948387,16.03,Basic Materials,Specialty Chemicals,,
CMSINFO.NS,CMS Info Systems Limited,34309593088.0,12.1033325,yahoo_trailing_pe,,8.438976,17.71,Industrials,Specialty Business Services,,
DALMIASUG.NS,Dalmia Bharat Sugar and Industries Limited,34718916608.0,17.082836,yahoo_trailing_pe,,9.204936,25.11,Consumer Defensive,Confectioners,,
POLYPLEX.NS,Polyplex Corporation Limited,32552314880.0,20.192036,yahoo_trailing_pe,,,49.47,Basic Materials,Specialty Chemicals,,
SINDHUTRAD.NS,Sindhu Trade Links Limited,38708486144.0,58.36111,yahoo_trailing_pe,0.5031130172413792,,0.36,Industrials,Conglomerates,,
SANGHVIMOV.NS,Sanghvi Movers Limited,33695379456.0,16.899696,yahoo_trailing_pe,0.8449848,,23.03,Industrials,Rental & Leasing Services,,
ORIENTELEC.NS,Orient Electric Limited,34771918848.0,31.579458,yahoo_trailing_pe,,19.974602,5.16,Consumer Cyclical,"Furnishings, Fixtures & Appliances",,
BAJAJELEC.NS,Bajaj Electricals Limited,33478623232.0,,,,18.204515,-3.77,Consumer Cyclical,"Furnishings, Fixtures & Appliances",,
AARTIDRUGS.NS,Aarti Drugs Limited,37785780224.0,19.78022,yahoo_trailing_pe,3.956044,14.83871,20.93,Healthcare,Drug Manufacturers - Specialty & Generic,,
TATVA.NS,Tatva Chintan Pharma Chem Limited,43406299136.0,84.46063,yahoo_trailing_pe,,45.406197,21.97,Basic Materials,Specialty Chemicals,,
PACEDIGITK.NS,Pace Digitek Limited,34935537664.0,10.564622,yahoo_trailing_pe,0.0607162183908046,7.4243126,15.32,Technology,Communication Equipment,,
JINDWORLD.NS,Jindal Worldwide Limited,43051728896.0,51.11905,yahoo_trailing_pe,,,0.84,Consumer Cyclical,Textile Manufacturing,,
VSTTILLERS.NS,V.S.T. Tillers Tractors Limited,36441071616.0,33.560444,yahoo_trailing_pe,6.712088799999999,22.053587,125.49,Industrials,Farm & Heavy Construction Machinery,,
JKIL.NS,J. Kumar Infraprojects Limited,32698847232.0,8.58292,yahoo_trailing_pe,0.6602246153846154,6.2477126,50.35,Industrials,Engineering & Construction,,
SANATHAN.NS,Sanathan Textiles Limited,42425696256.0,69.90959,yahoo_trailing_pe,,10.837646,7.19,Consumer Cyclical,Textile Manufacturing,,
WHEELS.NS,Wheels India Limited,59317460992.0,33.007473,yahoo_trailing_pe,0.8050603170731707,59.232834,66.9,Consumer Cyclical,Auto Parts,,
SAMBHV.NS,Sambhv Steel Tubes Limited,46354759680.0,27.695423,yahoo_trailing_pe,0.8145712647058824,,5.68,Basic Materials,Steel,,
TRUALT.NS,TruAlt Bioenergy Limited,36363386880.0,23.021172,yahoo_trailing_pe,0.5902864615384615,,18.42,Energy,Oil & Gas Refining & Marketing,,
ASHIANA.NS,Ashiana Housing Limited,37420376064.0,30.917774,yahoo_trailing_pe,0.5068487540983607,21.64244,12.04,Real Estate,Real Estate - Development,,
RAYMONDREL.NS,Raymond Realty Limited,45248319488.0,15.088771,yahoo_trailing_pe,,9.275579,45.06,Real Estate,Real Estate - Development,,
VAIBHAVGBL.NS,Vaibhav Global Limited,33465055232.0,11.82869,yahoo_trailing_pe,0.3196943243243243,4.122934,16.87,Consumer Cyclical,Luxury Goods,,
HEMIPROP.NS,Hemisphere Properties India Limited,31147026432.0,,,,,-0.41,Real Estate,Real Estate - Diversified,,
SHAREINDIA.NS,Share India Securities Limited,40679665664.0,11.239419,yahoo_trailing_pe,,,16.54,Financial Services,Capital Markets,,
NOVARTIND.NS,Evonile Pharma Limited,49077895168.0,50.18177,yahoo_trailing_pe,,,39.61,Healthcare,Drug Manufacturers - Specialty & Generic,,
HEIDELBERG.NS,HeidelbergCement India Limited,28437698560.0,24.412453,yahoo_trailing_pe,,15.562717,5.14,Basic Materials,Building Materials,,
AGIIL.NS,AGI Infra Limited,31255599104.0,30.23579,yahoo_trailing_pe,1.1629150000000001,,8.27,Real Estate,Real Estate - Development,,
DBCORP.NS,D. B. Corp Limited,29838049280.0,8.479736,yahoo_trailing_pe,0.33918944,7.7976074,19.74,Communication Services,Publishing,,
LUXIND.NS,Lux Industries Limited,33334456320.0,32.56463,yahoo_trailing_pe,,15.926724,34.04,Consumer Cyclical,Apparel Manufacturing,,
ANUP.NS,The Anup Engineering Limited,30011142144.0,35.50237,yahoo_trailing_pe,1.2242196551724138,23.156105,42.2,Industrials,Specialty Industrial Machinery,,
BHAGCHEM.NS,Bhagiradha Chemicals & Industries Limited,28899346432.0,105.127365,yahoo_trailing_pe,,,2.12,Basic Materials,Agricultural Inputs,,
DIVGIITTS.NS,Divgi TorqTransfer Systems Limited,31365851136.0,49.6178,yahoo_trailing_pe,,30.891565,20.67,Consumer Cyclical,Auto Parts,,
63MOONS.NS,63 moons technologies limited,35091107840.0,,,,,-14.13,Technology,Software - Application,,
GREENPLY.NS,Greenply Industries Limited,38182555648.0,38.647285,yahoo_trailing_pe,6.441214166666666,18.26633,7.91,Basic Materials,Lumber & Wood Production,,
VSTIND.NS,VST Industries Limited,34054541312.0,12.240098,yahoo_trailing_pe,,10.043,16.41,Consumer Defensive,Tobacco,,
PREMEXPLN.NS,Premier Explosives Limited,37059964928.0,110.42468,yahoo_trailing_pe,1.213458021978022,45.936665,6.24,Basic Materials,Specialty Chemicals,,
STYRENIX.NS,Styrenix Performance Materials Limited,35025444864.0,12.82952,yahoo_trailing_pe,,15.810166,155.15,Basic Materials,Chemicals,,
NPST.NS,Network People Services Technologies Limited,37349834752.0,82.308044,yahoo_trailing_pe,0.9798576666666666,,21.75,Technology,Software - Application,,
JTLIND.NS,JTL Industries Limited,32944171008.0,27.122978,yahoo_trailing_pe,9.040992666666666,14.703508,3.09,Basic Materials,Steel,,
PSPPROJECT.NS,PSP Projects Limited,29630257152.0,40.35907,yahoo_trailing_pe,,14.904287,18.52,Industrials,Engineering & Construction,,
NITINSPIN.NS,Nitin Spinners Limited,33529610240.0,15.828026,yahoo_trailing_pe,,11.376252,37.68,Consumer Cyclical,Textile Manufacturing,,
JTEKTINDIA.NS,JTEKT India Limited,31373588480.0,43.167942,yahoo_trailing_pe,1.0791985499999999,25.415731,2.62,Consumer Cyclical,Auto Parts,,
FILATEX.NS,Filatex India Limited,48730963968.0,25.52093,yahoo_trailing_pe,,8.257337,4.3,Consumer Cyclical,Textile Manufacturing,,
KNRCON.NS,KNR Constructions Limited,31388592128.0,7.9550962,yahoo_trailing_pe,,13.19988,14.03,Industrials,Engineering & Construction,,
MUTHOOTMF.NS,Muthoot Microfin Limited,28220033024.0,11.584711,yahoo_trailing_pe,,5.533224,14.52,Financial Services,Credit Services,,
EIEL.NS,Enviro Infra Engineers Limited,31763910656.0,17.551891,yahoo_trailing_pe,0.35103782,8.784466,10.31,Industrials,Engineering & Construction,,
NFL.NS,National Fertilizers Limited,30092079104.0,8.25572,yahoo_trailing_pe,,,7.43,Basic Materials,Agricultural Inputs,,
TARC.NS,TARC Limited,34688573440.0,,,,1.6697444,-0.42,Real Estate,Real Estate - Development,,
TCPLPACK.NS,TCPL Packaging Limited,36272766976.0,31.474272,yahoo_trailing_pe,10.491424,,126.91,Consumer Cyclical,Packaging & Containers,,
SAMHI.NS,SAMHI Hotels Limited,31995334656.0,5.579294,yahoo_trailing_pe,0.121289,11.79755,25.79,Consumer Cyclical,Lodging,,
STEELCAS.NS,Steelcast Limited,36457299968.0,40.251396,yahoo_trailing_pe,,,8.95,Basic Materials,Steel,,
GOPAL.NS,Gopal Snacks Limited,31465904128.0,37.503716,yahoo_trailing_pe,,24.211031,6.73,Consumer Defensive,Packaged Foods,,
HERITGFOOD.NS,Heritage Foods Limited,35610464256.0,26.37457,yahoo_trailing_pe,0.7757226470588234,18.44952,14.55,Consumer Defensive,Packaged Foods,,
WONDERLA.NS,Wonderla Holidays Limited,32310730752.0,31.860538,yahoo_trailing_pe,,20.857729,15.99,Consumer Cyclical,Leisure,,
VENUSPIPES.NS,Venus Pipes and Tubes Limited,43914010624.0,42.19347,yahoo_trailing_pe,,25.250746,50.24,Basic Materials,Steel,,
DPABHUSHAN.NS,D. P. Abhushan Limited,51565985792.0,21.511284,yahoo_trailing_pe,,,105.01,Consumer Cyclical,Luxury Goods,,
WEBELSOLAR.NS,Websol Energy System Limited,28828454912.0,9.29972,yahoo_trailing_pe,,,7.14,Technology,Solar,,
INDRAMEDCO.NS,Indraprastha Medical Corporation Limited,29326192640.0,15.597269,yahoo_trailing_pe,,13.110656,20.51,Healthcare,Medical Care Facilities,,
VSSL.NS,Vardhman Special Steels Limited,36368318464.0,25.364126,yahoo_trailing_pe,,16.867714,14.83,Basic Materials,Steel,,
OSWALPUMPS.NS,Oswal Pumps Limited,29122549760.0,8.495178,yahoo_trailing_pe,0.06906648780487805,8.788417,30.07,Industrials,Electrical Equipment & Parts,,
FMGOETZE.NS,Federal-Mogul Goetze (India) Limited,24191631360.0,14.1598835,yahoo_trailing_pe,0.6436310681818181,,30.71,Consumer Cyclical,Auto Parts,,
ADVENZYMES.NS,Advanced Enzyme Technologies Limited,29200674816.0,17.886562,yahoo_trailing_pe,1.4905468333333334,14.396739,14.81,Basic Materials,Specialty Chemicals,,
CMLL.NS,Caliber Mining and Logistics Limited,33678336000.0,22.495634,yahoo_trailing_pe,0.8331716296296295,,22.9,Energy,Thermal Coal,,
MAYURUNIQ.NS,Mayur Uniquoters Limited,32585105408.0,15.727769,yahoo_trailing_pe,0.7148985909090909,12.333882,47.68,Consumer Cyclical,Textile Manufacturing,,
SMSPHARMA.NS,SMS Pharmaceuticals Limited,41839046656.0,39.74644,yahoo_trailing_pe,0.2564286451612903,,11.24,Healthcare,Drug Manufacturers - General,,
SEIL.NS,Shanti Educational Initiatives Limited,28677318656.0,494.77774,yahoo_trailing_pe,24.738887,,0.36,Consumer Defensive,Education & Training Services,,
IMAGICAA.NS,Imagicaaworld Entertainment Limited,27763992576.0,188.44,yahoo_trailing_pe,,27.711763,0.25,Communication Services,Entertainment,,
ZOTA.NS,Zota Health Care Limited,45798133760.0,,,,,-31.41,Healthcare,Biotechnology,,
PRINCEPIPE.NS,Prince Pipes and Fittings Limited,27562625024.0,27.004335,yahoo_trailing_pe,,16.494017,9.23,Industrials,Building Products & Equipment,,
JUBLCPL.NS,Jubilant Agri and Consumer Products Limited,29201883136.0,22.815199,yahoo_trailing_pe,,,84.47,Basic Materials,Specialty Chemicals,,
APCOTEXIND.NS,Apcotex Industries Limited,29909358592.0,18.555807,yahoo_trailing_pe,,20.603573,31.09,Basic Materials,Specialty Chemicals,,
HGINFRA.NS,H.G. Infra Engineering Limited,26263957504.0,14.115587,yahoo_trailing_pe,,6.372549,28.55,Industrials,Engineering & Construction,,
GRAUWEIL.NS,Grauer & Weil (India) Limited,35366096896.0,22.096317,yahoo_trailing_pe,2.008756090909091,,3.53,Basic Materials,Specialty Chemicals,,
FUSION.NS,Fusion Finance Limited,26092298240.0,15.808179,yahoo_trailing_pe,,5.491755,10.27,Financial Services,Credit Services,,
ARSSBL.NS,Anand Rathi Share and Stock Brokers Limited,33901342720.0,21.949776,yahoo_trailing_pe,0.43038776470588236,,24.49,Financial Services,Financial Conglomerates,,
KIRIINDUS.NS,Kiri Industries Limited,35356897280.0,0.58439875,yahoo_trailing_pe,,,928.39,Basic Materials,Specialty Chemicals,,
NIITMTS.NS,NIIT Learning Systems Limited,27564267520.0,10.983526,yahoo_trailing_pe,10.983526,9.281206,18.21,Consumer Defensive,Education & Training Services,,
ROUTE.NS,Route Mobile Limited,26133676032.0,10.519908,yahoo_trailing_pe,,6.867928,39.43,Communication Services,Telecom Services,,
GIPCL.NS,Gujarat Industries Power Company Limited,25601316864.0,5.092313,yahoo_trailing_pe,0.22140491304347826,10.780393,32.39,Utilities,Utilities - Regulated Electric,,
CARRARO.NS,Carraro India Limited,28982913024.0,21.814291,yahoo_trailing_pe,0.519387880952381,,23.37,Consumer Cyclical,Auto Parts,,
CARYSIL.NS,Carysil Limited,28778227712.0,26.952583,yahoo_trailing_pe,1.1230242916666666,20.16542,37.54,Consumer Cyclical,"Furnishings, Fixtures & Appliances",,
ASHOKA.NS,Ashoka Buildcon Limited,28465336320.0,1.1570059,yahoo_trailing_pe,,7.2299466,87.64,Industrials,Engineering & Construction,,
INDSWFTLAB.NS,Ind-Swift Laboratories Limited,31836626944.0,54.72347,yahoo_trailing_pe,,,6.69,Healthcare,Drug Manufacturers - Specialty & Generic,,
DREDGECORP.NS,Dredging Corporation of India Limited,25341399040.0,51.36492,yahoo_trailing_pe,,,17.62,Industrials,Engineering & Construction,,
STYLEBAAZA.NS,Baazar Style Retail Limited,28342296576.0,59.19714,yahoo_trailing_pe,3.2887299999999997,24.989933,6.29,Consumer Cyclical,Apparel Retail,,
KKCL.NS,Kewal Kiran Clothing Limited,29117898752.0,19.794722,yahoo_trailing_pe,3.9589444,13.461539,23.87,Consumer Cyclical,Apparel Manufacturing,,
WINDMACHIN.NS,Windsor Machines Limited,29806657536.0,505.4386,yahoo_trailing_pe,,,0.57,Industrials,Specialty Industrial Machinery,,
RML.NS,Rane (Madras) Limited,35364478976.0,29.84838,yahoo_trailing_pe,0.635071914893617,,42.87,Consumer Cyclical,Auto Parts,,
RELTD.NS,Ravindra Energy Limited,28555186176.0,53.262962,yahoo_trailing_pe,0.8070145757575757,,2.7,Technology,Solar,,
NILKAMAL.NS,Nilkamal Limited,27763128320.0,22.199211,yahoo_trailing_pe,,15.875856,83.53,Consumer Cyclical,"Furnishings, Fixtures & Appliances",,
MMFL.NS,M M Forgings Limited,26733522944.0,15.788424,yahoo_trailing_pe,,13.423031,35.07,Industrials,Metal Fabrication,,
BEPL.NS,Bhansali Engineering Polymers Limited,30719088640.0,15.353234,yahoo_trailing_pe,1.5353234,21.209621,8.04,Basic Materials,Chemicals,,
VINDHYATEL.NS,Vindhya Telelinks Limited,32906291200.0,13.871709,yahoo_trailing_pe,2.3119514999999997,,200.17,Industrials,Engineering & Construction,,
PRABHA.NS,Prabha Energy Limited,33138763776.0,2359.0,yahoo_trailing_pe,,,0.09,Energy,Oil & Gas E&P,,
BALMLAWRIE.NS,Balmer Lawrie & Co. Ltd.,26690279424.0,9.557869,yahoo_trailing_pe,0.5622275882352942,,16.33,Industrials,Conglomerates,,
ARVSMART.NS,Arvind SmartSpaces Limited,27910057984.0,14.969249,yahoo_trailing_pe,0.2878701730769231,18.402216,40.65,Real Estate,Real Estate - Development,,
CRIZAC.NS,Crizac Limited,27991949312.0,12.706116,yahoo_trailing_pe,0.50824464,10.254487,12.59,Consumer Defensive,Education & Training Services,,
KERNEX.NS,Kernex Microsystems (India) Limited,28574558208.0,14.97842,yahoo_trailing_pe,0.17416767441860465,,113.53,Technology,Software - Application,,
BUILDPRO.NS,Shankara Buildpro Limited,30335907840.0,23.038675,yahoo_trailing_pe,0.8532842592592593,,10.86,Consumer Cyclical,Home Improvement Retail,,
ADFFOODS.NS,ADF Foods Limited,31673671680.0,34.444443,yahoo_trailing_pe,1.72222215,,8.37,Consumer Defensive,Packaged Foods,,
SOLARA.NS,Solara Active Pharma Sciences Limited,31599261696.0,,,,20.85669,-0.62,Healthcare,Drug Manufacturers - Specialty & Generic,,
JASH.NS,Jash Engineering Limited,35594862592.0,41.576046,yahoo_trailing_pe,2.9697175714285713,25.897024,13.61,Industrials,Specialty Industrial Machinery,,
PARAGMILK.NS,Parag Milk Foods Limited,38060462080.0,29.995056,yahoo_trailing_pe,0.8106771891891892,19.072327,10.11,Consumer Defensive,Packaged Foods,,
EFCIL.NS,EFC (I) Limited,24717365248.0,8.370241,yahoo_trailing_pe,0.030326960144927535,6.1649446,19.96,Real Estate,Real Estate Services,,
MONARCH.NS,Monarch Networth Capital Limited,26175715328.0,14.475877,yahoo_trailing_pe,0.2334818870967742,,22.8,Financial Services,Capital Markets,,
NAVNETEDUL.NS,Navneet Education Limited,26912796672.0,7.9881816,yahoo_trailing_pe,,13.983909,15.23,Communication Services,Publishing,,
SANGAMIND.NS,Sangam (India) Limited,29731475456.0,24.946215,yahoo_trailing_pe,,,24.17,Consumer Cyclical,Textile Manufacturing,,
ELPROINTL.NS,Elpro International Limited,29579194368.0,22.934296,yahoo_trailing_pe,0.6745381176470588,,7.61,Real Estate,Real Estate Services,,
BLSE.NS,BLS E-Services Limited,28565100544.0,49.234375,yahoo_trailing_pe,1.295641447368421,,3.2,Industrials,Specialty Business Services,,
LCL.NS,Lohia Corp Limited,64309157888.0,26.453716,yahoo_trailing_pe,,,23.01,Industrials,Specialty Industrial Machinery,,
NSIL.NS,Nalwa Sons Investments Limited,26235521024.0,45.84044,yahoo_trailing_pe,,,111.43,Financial Services,Asset Management,,
RSYSTEMS.NS,R Systems International Limited,28776744960.0,15.597303,yahoo_trailing_pe,2.228186142857143,11.414806,15.57,Technology,Information Technology Services,,
MANGLMCEM.NS,Mangalam Cement Limited,26144430080.0,22.784567,yahoo_trailing_pe,,16.197615,41.73,Basic Materials,Building Materials,,
RAMCOIND.NS,Ramco Industries Limited,25249183744.0,7.6938343,yahoo_trailing_pe,0.22628924411764706,25.238714,37.79,Industrials,Building Products & Equipment,,
GSPCROP.NS,GSP Crop Science Limited,22891878400.0,19.260275,yahoo_trailing_pe,0.2874667910447761,,25.55,Basic Materials,Agricultural Inputs,,
CHEMPLASTS.NS,Chemplast Sanmar Limited,33579311104.0,,,,72.40236,-24.63,Basic Materials,Chemicals,,
SASKEN.NS,Sasken Technologies Limited,24277520384.0,35.092224,yahoo_trailing_pe,,27.4682,45.54,Technology,Information Technology Services,,
DDEVPLSTIK.NS,Ddev Plastiks Industries Limited,25263826944.0,11.8404455,yahoo_trailing_pe,,7.6296873,20.62,Basic Materials,Specialty Chemicals,,
GLOBUSSPR.NS,Globus Spirits Limited,24648349696.0,6.7220078,yahoo_trailing_pe,,16.740385,116.55,Consumer Defensive,Beverages - Wineries & Distilleries,,
BOROLTD.NS,Borosil Limited,32187011072.0,46.008545,yahoo_trailing_pe,1.43776703125,30.241573,5.85,Consumer Cyclical,"Furnishings, Fixtures & Appliances",,
INTERARCH.NS,Interarch Building Solutions Limited,28494780416.0,21.26773,yahoo_trailing_pe,,15.761861,79.67,Industrials,Engineering & Construction,,
MAITHANALL.NS,Maithan Alloys Limited,25837955072.0,8.893286,yahoo_trailing_pe,,,99.8,Basic Materials,Steel,,
ADOR.NS,Ador Welding Limited,25862324224.0,22.813938,yahoo_trailing_pe,,18.145298,65.14,Industrials,Specialty Industrial Machinery,,
MARATHON.NS,Marathon Nextgen Realty Limited,24360972288.0,11.80778,yahoo_trailing_pe,,,30.59,Real Estate,Real Estate - Development,,
SPORTKING.NS,Sportking India Limited,24994666496.0,15.4759655,yahoo_trailing_pe,,7.918952,12.69,Consumer Cyclical,Textile Manufacturing,,
RPSGVENT.NS,RPSG Ventures Limited,27946434560.0,,,,,-39.28,Technology,Information Technology Services,,
SUNCLAY.NS,Sundaram-Clayton Limited,24268417024.0,9.675662,yahoo_trailing_pe,,,113.77,Industrials,Metal Fabrication,,
PANAMAPET.NS,Panama Petrochem Limited,30325440512.0,6.334344,yahoo_trailing_pe,,,79.14,Energy,Oil & Gas Refining & Marketing,,
GKENERGY.NS,GK Energy Limited,22952828928.0,9.832319,yahoo_trailing_pe,,,11.51,Utilities,Utilities - Renewable,,
JINDALPOLY.NS,Jindal Poly Films Limited,27806560256.0,,,,,-230.86,Consumer Cyclical,Packaging & Containers,,
DIAMONDYD.NS,Prataap Snacks Limited,24999624704.0,217.19334,yahoo_trailing_pe,,38.90875,4.81,Consumer Defensive,Packaged Foods,,
APOLLOPIPE.NS,Apollo Pipes Limited,22262720512.0,,,,36.79855,-3.26,Industrials,Building Products & Equipment,,
ANTELOPUS.NS,Antelopus Selan Energy Limited,38882537472.0,29.448736,yahoo_trailing_pe,,,37.55,Energy,Oil & Gas E&P,,
VIMTALABS.NS,Vimta Labs Limited,24719022080.0,31.313704,yahoo_trailing_pe,1.3047376666666668,,17.66,Healthcare,Diagnostics & Research,,
ROSSARI.NS,Rossari Biotech Limited,22700507136.0,15.077262,yahoo_trailing_pe,1.88465775,12.196428,27.18,Basic Materials,Specialty Chemicals,,
NOCIL.NS,NOCIL Limited,27686051840.0,41.964554,yahoo_trailing_pe,,23.679998,3.95,Basic Materials,Specialty Chemicals,,
DCAL.NS,Dishman Carbogen Amcis Limited,22993807360.0,142.38835,yahoo_trailing_pe,1.0170596428571428,11.7328005,1.03,Healthcare,Biotechnology,,
MUFIN.NS,Mufin Green Finance Limited,26371424256.0,64.289856,yahoo_trailing_pe,,,2.07,Financial Services,Credit Services,,
GANECOS.NS,Ganesha Ecosphere Limited,25702656000.0,45.710888,yahoo_trailing_pe,,14.3979025,21.03,Consumer Cyclical,Textile Manufacturing,,
POKARNA.NS,Pokarna Limited,21028462592.0,22.157791,yahoo_trailing_pe,3.1653987142857143,,30.61,Industrials,Building Products & Equipment,,
PATELENG.NS,Patel Engineering Limited,23761586176.0,8.549828,yahoo_trailing_pe,0.32883953846153846,5.9238095,2.91,Industrials,Engineering & Construction,,
ORIENTCEM.NS,Orient Cement Limited,22617022464.0,10.792157,yahoo_trailing_pe,,9.698678,10.2,Basic Materials,Building Materials,,
GATEWAY.NS,Gateway Distriparks Limited,25147074560.0,10.271429,yahoo_trailing_pe,3.4238096666666666,9.363721,4.9,Industrials,Integrated Freight & Logistics,,
ORISSAMINE.NS,The Orissa Minerals Development Company Limited,20762398720.0,623.4955,yahoo_trailing_pe,,,5.55,Basic Materials,Steel,,
RISHABH.NS,Rishabh Instruments Limited,24955678720.0,30.85646,yahoo_trailing_pe,1.5428229999999998,18.80175,20.9,Technology,Scientific & Technical Instruments,,
XPROINDIA.NS,Xpro India Limited,25538131968.0,77.334755,yahoo_trailing_pe,,,14.07,Basic Materials,Specialty Chemicals,,
BBL.NS,Bharat Bijlee Limited,23457366016.0,20.97322,yahoo_trailing_pe,,48.84208,98.95,Industrials,Electrical Equipment & Parts,,
CONFIPET.NS,Confidence Petroleum India Limited,28207265792.0,20.962963,yahoo_trailing_pe,4.192592599999999,,4.05,Energy,Oil & Gas Refining & Marketing,,
HUBTOWN.NS,Hubtown Limited,22044076032.0,23.223055,yahoo_trailing_pe,0.43817084905660375,10.481757,6.68,Real Estate,Real Estate - Development,,
STOVEKRAFT.NS,Stove Kraft Limited,26588487680.0,54.33694,yahoo_trailing_pe,0.5224705769230769,29.716928,14.78,Consumer Cyclical,"Furnishings, Fixtures & Appliances",,
EUROPRATIK.NS,Euro Pratik Sales Limited,17780756480.0,20.613745,yahoo_trailing_pe,,,8.44,Basic Materials,Building Materials,,
AUTOAXLES.NS,Automotive Axles Limited,24312145920.0,13.953166,yahoo_trailing_pe,,11.649529,115.3,Consumer Cyclical,Auto Parts,,
FLAIR.NS,Flair Writing Industries Limited,23654938624.0,17.798573,yahoo_trailing_pe,2.9664288333333335,12.186786,12.61,Industrials,Business Equipment & Supplies,,
UTKARSHBNK.NS,Utkarsh Small Finance Bank Limited,24272703488.0,,,,6.0622225,-6.39,Financial Services,Banks - Regional,,
VINCOFE.NS,Vintage Coffee and Beverages Limited,25610565632.0,32.49353,yahoo_trailing_pe,0.19693048484848485,,5.41,Consumer Defensive,Beverages - Non-Alcoholic,,
TASTYBITE.NS,Tasty Bite Eatables Limited,23091433472.0,64.2281,yahoo_trailing_pe,,,140.11,Consumer Defensive,Packaged Foods,,
SIYSIL.NS,Siyaram Silk Mills Limited,24615540736.0,10.373805,yahoo_trailing_pe,,4.8115463,52.3,Consumer Cyclical,Textile Manufacturing,,
SPAL.NS,S.P. Apparels Limited,23198160896.0,22.118887,yahoo_trailing_pe,3.159841,14.694267,41.72,Consumer Cyclical,Apparel Manufacturing,,
ALEMBICLTD.NS,Alembic Limited,25606283264.0,7.990385,yahoo_trailing_pe,0.4993990625,2.0024097,12.48,Real Estate,Real Estate - Development,,
ZAGGLE.NS,Zaggle Prepaid Ocean Services Limited,22422054912.0,17.21096,yahoo_trailing_pe,0.20988975609756097,10.068359,9.67,Technology,Software - Infrastructure,,
KITEX.NS,Kitex Garments Limited,22964445184.0,,,,6.074406,-1.2,Consumer Cyclical,Apparel Manufacturing,,
JGCHEM.NS,J.G. Chemicals Limited,25028139008.0,33.300312,yahoo_trailing_pe,4.757187428571428,,19.18,Basic Materials,Other Industrial Metals & Mining,,
VEEDOL.NS,Veedol Corporation Limited,23075620864.0,10.494667,yahoo_trailing_pe,0.5830370555555555,,129.38,Basic Materials,Specialty Chemicals,,
UEL.NS,Ujaas Energy Limited,26065932288.0,1953.9999,yahoo_trailing_pe,162.833325,,0.1,Technology,Solar,,
RAJRATAN.NS,Rajratan Global Wire Limited,22555017216.0,28.314213,yahoo_trailing_pe,,18.603434,15.69,Basic Materials,Steel,,
HIKAL.NS,Hikal Limited,26165653504.0,,,,23.57889,-2.74,Healthcare,Drug Manufacturers - Specialty & Generic,,
PIXTRANS.NS,PIX Transmissions Limited,23913588736.0,18.148071,yahoo_trailing_pe,1.0082261666666668,,96.71,Industrials,Specialty Industrial Machinery,,
GANDHAR.NS,Gandhar Oil Refinery (India) Limited,29016387584.0,9.625001,yahoo_trailing_pe,,,30.8,Energy,Oil & Gas Refining & Marketing,,
JNKINDIA.NS,JNK India Limited,23847559168.0,31.43068,yahoo_trailing_pe,2.6192233333333332,23.417582,13.56,Industrials,Specialty Industrial Machinery,,
MEDIASSIST.NS,Medi Assist Healthcare Services Limited,22051983360.0,23.299133,yahoo_trailing_pe,2.3299133000000003,16.309393,12.67,Healthcare,Healthcare Plans,,
SIRCA.NS,Sirca Paints India Limited,22898388992.0,33.685093,yahoo_trailing_pe,2.8070910833333333,23.04871,11.94,Basic Materials,Specialty Chemicals,,
RAMKY.NS,Ramky Infrastructure Limited,18669563904.0,7.9097033,yahoo_trailing_pe,0.17577118444444445,,34.11,Industrials,Engineering & Construction,,
TALBROAUTO.NS,Talbros Automotive Components Limited,25021507584.0,22.357971,yahoo_trailing_pe,0.9720856956521738,,18.13,Consumer Cyclical,Auto Parts,,
SUNDROP.NS,Sundrop Brands Limited,28029493248.0,100.47973,yahoo_trailing_pe,14.354247142857144,35.239334,7.4,Consumer Defensive,Packaged Foods,,
ORIENTHOT.NS,Oriental Hotels Limited,24846716928.0,37.297585,yahoo_trailing_pe,4.662198125,,3.73,Consumer Cyclical,Lodging,,
DOLPHIN.NS,Dolphin Offshore Enterprises (India) Limited,24804839424.0,34.44722,yahoo_trailing_pe,0.2995410434782609,,18.0,Energy,Oil & Gas Equipment & Services,,
EVEREADY.NS,Eveready Industries India Limited,23158163456.0,12.993475,yahoo_trailing_pe,0.236245,,24.52,Industrials,Electrical Equipment & Parts,,
SATIN.NS,Satin Creditcare Network Limited,23910295552.0,5.8359733,yahoo_trailing_pe,0.018645282108626197,4.086278,37.25,Financial Services,Credit Services,,
BOMDYEING.NS,The Bombay Dyeing and Manufacturing Company Limited,20184655872.0,100.75258,yahoo_trailing_pe,3.8750992307692305,,0.97,Consumer Cyclical,Textile Manufacturing,,
COSMOFIRST.NS,Cosmo First Limited,21096194048.0,12.786344,yahoo_trailing_pe,,,63.56,Consumer Cyclical,Packaging & Containers,,
FISCHER.NS,Fischer Medical Ventures Limited,22329985024.0,13.65812,yahoo_trailing_pe,0.016435764139590855,,2.34,Healthcare,Medical Devices,,
PANACEABIO.NS,Panacea Biotec Limited,21100881920.0,,,,,-1.16,Healthcare,Biotechnology,,
OMAXE.NS,Omaxe Limited,18075254784.0,,,,14.059999,-27.9,Real Estate,Real Estate - Development,,
ADVAIT.NS,Advait Energy Transitions Limited,20469272576.0,34.898376,yahoo_trailing_pe,0.42046236144578314,,53.63,Industrials,Specialty Industrial Machinery,,
INDNIPPON.NS,India Nippon Electricals Limited,26860679168.0,23.355625,yahoo_trailing_pe,0.9731510416666667,48.485096,50.84,Consumer Cyclical,Auto Parts,,
PARKHOTELS.NS,Apeejay Surrendra Park Hotels Limited,21584939008.0,33.83278,yahoo_trailing_pe,3.0757072727272727,16.583607,2.99,Consumer Cyclical,Lodging,,
ARKADE.NS,Arkade Developers Limited,21847037952.0,,,,,-0.23,Real Estate,Real Estate - Development,,
DYCL.NS,Dynamic Cables Limited,20541618176.0,22.52391,yahoo_trailing_pe,,,18.82,Industrials,Electrical Equipment & Parts,,
KNACK.NS,Knack Packaging Limited,24737343488.0,24.09535,yahoo_trailing_pe,0.39500573770491804,,8.39,Consumer Cyclical,Packaging & Containers,,
ASIANENE.NS,Asian Energy Services Limited,22325307392.0,36.406498,yahoo_trailing_pe,0.7001249615384615,,12.62,Energy,Oil & Gas Equipment & Services,,
GEOJITFSL.NS,Geojit Financial Services Limited,20917411840.0,28.823078,yahoo_trailing_pe,,,2.6,Financial Services,Capital Markets,,
EXICOM.NS,Exicom Tele-Systems Limited,20475578368.0,,,,,-19.48,Industrials,Electrical Equipment & Parts,,
GNA.NS,G N A Axles Limited,23942508544.0,18.107143,yahoo_trailing_pe,,15.072973,30.8,Consumer Cyclical,Auto Parts,,
PRAKASH.NS,Prakash Industries Limited,20649926656.0,6.596682,yahoo_trailing_pe,,3.5589504,17.48,Basic Materials,Steel,,
VERANDA.NS,Veranda Learning Solutions Limited,3161556224.0,2.0539184,yahoo_trailing_pe,0.06846394666666668,,15.95,Consumer Defensive,Education & Training Services,,
SOMANYCERA.NS,Somany Ceramics Limited,24632291328.0,23.216078,yahoo_trailing_pe,3.869346333333333,17.04313,25.87,Industrials,Building Products & Equipment,,
AJMERA.NS,Ajmera Realty & Infra India Limited,22783031296.0,16.975073,yahoo_trailing_pe,0.6062526071428571,5.817588,6.82,Real Estate,Real Estate - Development,,
SAIPARENT.NS,Sai Parenteral's Limited,22109497344.0,172.56897,yahoo_trailing_pe,3.595186875,,2.9,Healthcare,Drug Manufacturers - General,,
NITCO.NS,NITCO Limited,19928256512.0,,,,,-1.25,Industrials,Building Products & Equipment,,
MOLDTKPAC.NS,Mold-Tek Packaging Limited,21668573184.0,28.488422,yahoo_trailing_pe,1.0957085384615384,18.883205,22.89,Consumer Cyclical,Packaging & Containers,,
INDOCO.NS,Indoco Remedies Limited,21835950080.0,740.3125,yahoo_trailing_pe,,19.497942,0.32,Healthcare,Drug Manufacturers - Specialty & Generic,,
MARSONS.NS,Marsons Limited,21820559360.0,49.527344,yahoo_trailing_pe,,,2.56,Industrials,Electrical Equipment & Parts,,
REPCOHOME.NS,Repco Home Finance Limited,21089435648.0,4.401358,yahoo_trailing_pe,0.2934238666666667,4.2563133,76.59,Financial Services,Mortgage Finance,,
RANEHOLDIN.NS,Rane Holdings Limited,21603751936.0,25.585052,yahoo_trailing_pe,6.396263,,59.14,Consumer Cyclical,Auto Parts,,
EPACKPEB.NS,EPack Prefab Technologies Limited,25794744320.0,27.1536,yahoo_trailing_pe,0.47637894736842107,18.179432,9.44,Industrials,Engineering & Construction,,
BRIGHOTEL.NS,Brigade Hotel Ventures Limited,21119246336.0,30.718233,yahoo_trailing_pe,0.42079771232876717,17.935484,1.81,Consumer Cyclical,Lodging,,
KICL.NS,Kalyani Investment Company Limited,20482015232.0,50.40825,yahoo_trailing_pe,,,93.08,Financial Services,Asset Management,,
SILVERTUC.NS,Silver Touch Technologies Limited,15975524352.0,38.291794,yahoo_trailing_pe,0.6837820357142858,,3.29,Technology,Information Technology Services,,
KMCSHIL.NS,KMC Speciality Hospitals (India) Limited,28911708160.0,51.836254,yahoo_trailing_pe,,,3.42,Healthcare,Medical Care Facilities,,
THEJO.NS,Thejo Engineering Limited,22495451136.0,40.174355,yahoo_trailing_pe,2.5108971875,,51.62,Industrials,Specialty Industrial Machinery,,
BAJEL.NS,Bajel Projects Limited,18121611264.0,82.436844,yahoo_trailing_pe,,10.442,1.9,Utilities,Utilities - Regulated Electric,,
EASEMYTRIP.NS,Easy Trip Planners Limited,23031277568.0,,,,,-0.14,Consumer Cyclical,Travel Services,,
BETA.NS,Beta Drugs Limited,19239817216.0,27.952871,yahoo_trailing_pe,2.5411700909090906,,67.9,Healthcare,Drug Manufacturers - Specialty & Generic,,
VENKEYS.NS,Venky's (India) Limited,22655252480.0,13.064176,yahoo_trailing_pe,,29.726433,123.1,Consumer Defensive,Farm Products,,
PENIND.NS,Pennar Industries Limited,23195906048.0,16.30835,yahoo_trailing_pe,0.7765880952380952,11.936806,10.54,Industrials,Specialty Industrial Machinery,,
SIMPLEXINF.NS,Simplex Infrastructures Limited,19247851520.0,41.527306,yahoo_trailing_pe,1.4831180714285714,,5.86,Industrials,Engineering & Construction,,
NELCO.NS,Nelco Limited,19737915392.0,511.8343,yahoo_trailing_pe,,,1.69,Technology,Communication Equipment,,
PROTEAN.NS,Protean eGov Technologies Limited,26045652992.0,31.525173,yahoo_trailing_pe,,19.383915,20.26,Technology,Information Technology Services,,
NIBE.NS,Nibe Limited,18985021440.0,,,,,-8.09,Industrials,Conglomerates,,
HLEGLAS.NS,HLE Glascoat Limited,30976813056.0,85.44061,yahoo_trailing_pe,,,5.22,Industrials,Specialty Industrial Machinery,,
KCP.NS,The KCP Limited,19682394112.0,11.548411,yahoo_trailing_pe,0.1649773,39.146152,13.22,Basic Materials,Building Materials,,
RAMCOSYS.NS,Ramco Systems Limited,20225667072.0,48.550137,yahoo_trailing_pe,1.51719178125,30.02514,11.07,Technology,Software - Application,,
SANSTAR.NS,Sanstar Limited,19510147072.0,40.591663,yahoo_trailing_pe,,,2.4,Basic Materials,Chemicals,,
SPANDANA.NS,Spandana Sphoorty Financial Limited,18534520832.0,,,,4.9785714,-42.49,Financial Services,Credit Services,,
HINDOILEXP.NS,Hindustan Oil Exploration Company Limited,22402013184.0,89.15789,yahoo_trailing_pe,,,1.9,Energy,Oil & Gas E&P,,
ARMANFIN.NS,Arman Financial Services Limited,17969895424.0,15.482962,yahoo_trailing_pe,,,110.05,Financial Services,Credit Services,,
TCIEXP.NS,TCI Express Limited,18345555968.0,21.809874,yahoo_trailing_pe,,16.531303,21.88,Industrials,Integrated Freight & Logistics,,
TAJGVK.NS,Krishna GVK Luxury Hotels Limited,20214962176.0,4.9447856,yahoo_trailing_pe,1.6482618666666669,111.17241,65.2,Consumer Cyclical,Lodging,,
SAGCEM.NS,Sagar Cements Limited,18870249472.0,,,,43.224552,-2.78,Basic Materials,Building Materials,,
SHRINGARMS.NS,Shringar House of Mangalsutra Limited,21079087104.0,16.584976,yahoo_trailing_pe,,8.375095,13.18,Consumer Cyclical,Luxury Goods,,
RATNAVEER.NS,Ratnaveer Precision Engineering Limited,27808997376.0,17.079897,yahoo_trailing_pe,,20.839624,19.4,Basic Materials,Steel,,
KABRAEXTRU.NS,Kabra Extrusiontechnik Limited,29864951808.0,5507.5,yahoo_trailing_pe,,,0.14,Industrials,Specialty Industrial Machinery,,
SHK.NS,S H Kelkar and Company Limited,18843224064.0,21.3036,yahoo_trailing_pe,,13.890817,6.39,Basic Materials,Specialty Chemicals,,
JISLJALEQS.NS,Jain Irrigation Systems Limited,19819448320.0,,,,,-0.74,Industrials,Conglomerates,,
EMSLIMITED.NS,EMS Limited,17864261632.0,26.218418,yahoo_trailing_pe,,,12.27,Industrials,Engineering & Construction,,
HONDAPOWER.NS,Honda India Power Products Limited,18661222400.0,28.339497,yahoo_trailing_pe,,,64.92,Industrials,Specialty Industrial Machinery,,
LANDMARK.NS,Landmark Cars Limited,19432529920.0,43.193546,yahoo_trailing_pe,,14.830696,10.85,Consumer Cyclical,Auto & Truck Dealerships,,
BHARATRAS.NS,Bharat Rasayan Limited,16069252096.0,6.235006,yahoo_trailing_pe,1.2470012000000001,2.8911483,155.06,Basic Materials,Agricultural Inputs,,
SAKSOFT.NS,Saksoft Limited,17068677120.0,13.333334,yahoo_trailing_pe,0.7017544210526316,3.8898654,9.96,Technology,Information Technology Services,,
MSPL.NS,MSP Steel & Power Limited,10735505408.0,52.964912,yahoo_trailing_pe,0.7905210746268656,-1.7450868,0.57,Basic Materials,Steel,,
WINDLAS.NS,Windlas Biotech Limited,20462882816.0,31.721048,yahoo_trailing_pe,1.865944,,31.26,Healthcare,Drug Manufacturers - Specialty & Generic,,
PARACABLES.NS,Paramount Communications Limited,18014533632.0,27.663317,yahoo_trailing_pe,3.457914625,,1.99,Technology,Communication Equipment,,
INA.NS,Insolation Energy Limited,17580355584.0,8.7615385,yahoo_trailing_pe,0.052780352409638555,,9.1,Technology,Solar,,
CANTABIL.NS,Cantabil Retail India Limited,19467589632.0,19.979399,yahoo_trailing_pe,,,11.65,Consumer Cyclical,Apparel Manufacturing,,
INDIANHUME.NS,The Indian Hume Pipe Company Limited,17848582144.0,12.501844,yahoo_trailing_pe,,14.540772,27.1,Industrials,Engineering & Construction,,
GMBREW.NS,G.M. Breweries Limited,20275503104.0,12.018555,yahoo_trailing_pe,,14.627494,73.84,Consumer Defensive,Beverages - Wineries & Distilleries,,
TBZ.NS,Tribhovandas Bhimji Zaveri Limited,37812908032.0,17.691229,yahoo_trailing_pe,0.24917223943661973,190.79126,32.03,Consumer Cyclical,Luxury Goods,,
MACPOWER.NS,Macpower CNC Machines Limited,19818240000.0,50.951645,yahoo_trailing_pe,,,38.88,Industrials,Specialty Industrial Machinery,,
JAYKAY.NS,Jaykay Enterprises Limited,33876885504.0,16.57971,yahoo_trailing_pe,0.13589926229508195,,14.49,Industrials,Specialty Business Services,,
SBC.NS,SBC Exports Limited,30099970048.0,74.3647,yahoo_trailing_pe,1.377124074074074,,0.85,Industrials,Conglomerates,,
CAMLINFINE.NS,Camlin Fine Sciences Limited,17065418752.0,,,,10.900614,-3.0,Basic Materials,Specialty Chemicals,,
HPL.NS,HPL Electric & Power Limited,16489861120.0,18.085333,yahoo_trailing_pe,0.38479431914893614,13.568784,14.18,Industrials,Electrical Equipment & Parts,,
HUHTAMAKI.NS,Huhtamaki India Limited,17043035136.0,12.488655,yahoo_trailing_pe,0.62443275,8.296691,18.07,Consumer Cyclical,Packaging & Containers,,
MUKANDLTD.NS,Mukand Limited,25184131072.0,3.981951,yahoo_trailing_pe,0.1327317,,43.77,Basic Materials,Steel,,
DCXINDIA.NS,DCX Systems Limited,17098929152.0,,,,31.981247,-1.84,Industrials,Aerospace & Defense,,
GREENPANEL.NS,Greenpanel Industries Limited,18905464832.0,285.5,yahoo_trailing_pe,10.98076923076923,13.864208,0.54,Basic Materials,Lumber & Wood Production,,
MVELECTRO.NS,MV Electrosystems Limited,23988338688.0,,,,,-5.05,Industrials,Electrical Equipment & Parts,,
NUCLEUS.NS,Nucleus Software Exports Limited,16316424192.0,15.47952,yahoo_trailing_pe,,10.540816,40.04,Technology,Software - Application,,
VOEPL.NS,Virtuoso Optoelectronics Limited,18242119680.0,95.619385,yahoo_trailing_pe,,,5.57,Technology,Consumer Electronics,,
LAOPALA.NS,La Opala RG Limited,17091779584.0,18.3528,yahoo_trailing_pe,,13.748214,8.39,Consumer Cyclical,"Furnishings, Fixtures & Appliances",,
TEAMLEASE.NS,TeamLease Services Limited,16451336192.0,12.20145,yahoo_trailing_pe,1.52518125,10.2633,88.26,Industrials,Staffing & Employment Services,,
SHUKRAPHAR.NS,Shukra Pharmaceuticals Limited,29435785216.0,85.61539,yahoo_trailing_pe,,,0.78,Healthcare,Drug Manufacturers - Specialty & Generic,,
TIRUMALCHM.NS,Thirumalai Chemicals Limited,17219758080.0,,,,,-12.93,Basic Materials,Specialty Chemicals,,
GOCLCORP.NS,GOCL Corporation Limited,17727121408.0,6.5723214,yahoo_trailing_pe,0.029739010859728507,,54.41,Basic Materials,Specialty Chemicals,,
SAKAR.NS,Sakar Healthcare Limited,22002589696.0,72.90182,yahoo_trailing_pe,2.1441711764705884,24.508556,13.75,Healthcare,Drug Manufacturers - Specialty & Generic,,
BFUTILITIE.NS,BF Utilities Limited,17743335424.0,12.912555,yahoo_trailing_pe,0.2747352127659574,,36.48,Industrials,Infrastructure Operations,,
VIDYAWIRES.NS,Vidya Wires Limited,20850227200.0,33.230507,yahoo_trailing_pe,0.8744870263157896,,2.95,Industrials,Electrical Equipment & Parts,,
PAUSHAKLTD.NS,Paushak Limited,16560815104.0,39.072136,yahoo_trailing_pe,,,17.19,Basic Materials,Specialty Chemicals,,
BLUSPRING.NS,Bluspring Enterprises Limited,20300890112.0,70.35751,yahoo_trailing_pe,,,1.93,Industrials,Specialty Business Services,,
MOTISONS.NS,Motisons Jewellers Limited,19985989632.0,27.88889,yahoo_trailing_pe,,,0.63,Consumer Cyclical,Luxury Goods,,
SCILAL.NS,Shipping Corporation of India Land and Assets Limited,17211273216.0,60.57377,yahoo_trailing_pe,,,0.61,Real Estate,Real Estate Services,,
HGS.NS,Hinduja Global Solutions Limited,16698456064.0,,,,3.331941,-28.8,Industrials,Specialty Business Services,,
HATHWAY.NS,Hathway Cable and Datacom Limited,16302661632.0,21.928572,yahoo_trailing_pe,2.1928571999999997,20.466667,0.42,Communication Services,Entertainment,,
CNL.NS,Creative Newtech Limited,15920677888.0,24.462389,yahoo_trailing_pe,0.6795108055555557,,43.34,Technology,Electronics & Computer Distribution,,
SHANTIGOLD.NS,Shanti Gold International Limited,25294219264.0,12.346831,yahoo_trailing_pe,,12.049828,28.4,Consumer Cyclical,Luxury Goods,,
EPACK.NS,EPACK Durable Limited,15901059072.0,,,,17.026804,-0.82,Consumer Cyclical,"Furnishings, Fixtures & Appliances",,
EIHAHOTELS.NS,EIH Associated Hotels Limited,17735507968.0,20.183771,yahoo_trailing_pe,,,14.42,Consumer Cyclical,Lodging,,
CAPACITE.NS,Capacit'e Infraprojects Limited,14990990336.0,8.135446,yahoo_trailing_pe,0.3389769166666667,5.468827,21.78,Industrials,Engineering & Construction,,
KRSNAA.NS,Krsnaa Diagnostics Limited,17255751680.0,17.940979,yahoo_trailing_pe,0.9967210555555555,11.489202,29.65,Healthcare,Diagnostics & Research,,
SYNCOMF.NS,Syncom Formulations (India) Limited,22155800576.0,25.074469,yahoo_trailing_pe,0.50148938,,0.94,Healthcare,Drug Manufacturers - Specialty & Generic,,
SERVOTECH.NS,Servotech Renewable Power System Limited,15483956224.0,42.061348,yahoo_trailing_pe,0.9346966222222223,,1.63,Industrials,Electrical Equipment & Parts,,
BCG.NS,Brightcom Group Limited,18146510848.0,1.7908366,yahoo_trailing_pe,,,5.02,Communication Services,Advertising Agencies,,
ALLCARGO.NS,Allcargo Logistics Limited,14962805760.0,58.764706,yahoo_trailing_pe,,9.99,0.17,Industrials,Integrated Freight & Logistics,,
JINDRILL.NS,Jindal Drilling & Industries Limited,16687319040.0,8.705775,yahoo_trailing_pe,0.3957170454545454,,66.14,Energy,Oil & Gas Equipment & Services,,
RACLGEAR.NS,RACL Geartech Limited,17736990720.0,35.08526,yahoo_trailing_pe,3.508526,,42.81,Consumer Cyclical,Auto Parts,,
ALGOQUANT.NS,Algoquant Fintech Limited,18973982720.0,41.666668,yahoo_trailing_pe,,,1.62,Financial Services,Capital Markets,,
AWFIS.NS,Awfis Space Solutions Limited,17040624640.0,20.213923,yahoo_trailing_pe,0.3813947735849057,11.424536,11.78,Industrials,Rental & Leasing Services,,
AEROPLANE.NS,Amir Chand Jagdish Kumar (Exports) Limited,22376454144.0,18.052631,yahoo_trailing_pe,0.21750157831325304,,11.97,Consumer Defensive,Farm Products,,
TINNARUBR.NS,Tinna Rubber and Infrastructure Limited,15846658048.0,25.297668,yahoo_trailing_pe,0.702713,,34.77,Basic Materials,Specialty Chemicals,,
GRMOVER.NS,GRM Overseas Limited,16535500800.0,17.435448,yahoo_trailing_pe,3.4870896,,4.57,Consumer Defensive,Packaged Foods,,
AURUM.NS,Aurum PropTech Limited,21956397056.0,29.724182,yahoo_trailing_pe,2.1231558571428573,108.28096,7.65,Real Estate,Real Estate Services,,
VIDHIING.NS,Vidhi Specialty Food Ingredients Limited,16531794944.0,31.050657,yahoo_trailing_pe,3.450073,,10.66,Basic Materials,Specialty Chemicals,,
SURAKSHA.NS,Suraksha Diagnostic Limited,16113786880.0,44.97093,yahoo_trailing_pe,0.7253375806451613,31.571426,6.88,Healthcare,Diagnostics & Research,,
STUDDS.NS,Studds Accessories Limited,16371014656.0,21.917809,yahoo_trailing_pe,0.6088280277777778,14.857142,18.98,Consumer Cyclical,Auto Parts,,
TARSONS.NS,Tarsons Products Limited,17433036800.0,156.77034,yahoo_trailing_pe,,25.203846,2.09,Healthcare,Medical Instruments & Supplies,,
GOCOLORS.NS,Go Fashion (India) Limited,15615747072.0,29.719719,yahoo_trailing_pe,,23.430662,9.99,Consumer Cyclical,Apparel Retail,,
JAICORPLTD.NS,Jai Corp Limited,15184691200.0,8.956522,yahoo_trailing_pe,0.2035573181818182,,9.66,Basic Materials,Specialty Chemicals,,
RICOAUTO.NS,Rico Auto Industries Limited,15947394048.0,51.701756,yahoo_trailing_pe,8.616959333333334,,2.28,Consumer Cyclical,Auto Parts,,
INSECTICID.NS,Insecticides (India) Limited,16629412864.0,13.287608,yahoo_trailing_pe,0.4429202666666667,8.465412,43.01,Basic Materials,Agricultural Inputs,,
NGLFINE.NS,NGL Fine-Chem Limited,18527275008.0,32.389027,yahoo_trailing_pe,0.875379108108108,,92.59,Healthcare,Drug Manufacturers - General,,
PFS.NS,PTC India Financial Services Limited,16949856256.0,7.605187,yahoo_trailing_pe,0.34569031818181817,4.3619833,3.47,Financial Services,Credit Services,,
GOODYEAR.NS,Goodyear India Limited,15617178624.0,28.970901,yahoo_trailing_pe,,,23.37,Consumer Cyclical,Auto Parts,,
5PAISA.NS,5paisa Capital Limited,15854565376.0,25.955488,yahoo_trailing_pe,,21.819355,13.03,Financial Services,Capital Markets,,
YATRA.NS,Yatra Online Limited,15079646208.0,48.53535,yahoo_trailing_pe,0.545341011235955,15.858086,1.98,Consumer Cyclical,Travel Services,,
PNGSREVA.NS,PNGS Reva Diamond Jewellery Limited,22250692608.0,20.264147,yahoo_trailing_pe,,,34.64,Consumer Cyclical,Luxury Goods,,
QUADFUTURE.NS,Quadrant Future Tek Limited,20230000640.0,,,,,-9.61,Industrials,Railroads,,
MTNL.NS,Mahanagar Telephone Nigam Limited,14370299904.0,,,,,-47.72,Communication Services,Telecom Services,,
NDRAUTO.NS,NDR Auto Components Limited,16165504000.0,24.83144,yahoo_trailing_pe,0.856256551724138,,27.29,Consumer Cyclical,Auto Parts,,
KAPSTON.NS,Kapston Services Limited,16506417152.0,54.131737,yahoo_trailing_pe,,,10.02,Industrials,Specialty Business Services,,
PVP.NS,Evervie Health Limited,13085285376.0,251.25,yahoo_trailing_pe,,,0.2,Industrials,Conglomerates,,
ACCELYA.NS,Accelya Solutions India Limited,16335300608.0,17.12676,yahoo_trailing_pe,,17.48243,63.9,Technology,Information Technology Services,,
KPEL.NS,K.P. Energy Limited,14025392128.0,7.6111107,yahoo_trailing_pe,0.12275985,,27.18,Industrials,Engineering & Construction,,
MMWL.NS,Media Matrix Worldwide Limited,22394314752.0,329.5,yahoo_trailing_pe,5.401639344262295,,0.06,Communication Services,Entertainment,,
BFINVEST.NS,BF Investment Limited,16046409728.0,4.1187277,yahoo_trailing_pe,1.3729092333333333,,103.43,Financial Services,Asset Management,,
HITECH.NS,Hi-Tech Pipes Limited,14351885312.0,18.981234,yahoo_trailing_pe,0.9038682857142858,12.530973,3.73,Basic Materials,Steel,,
SHALBY.NS,Shalby Limited,14022628352.0,37.262856,yahoo_trailing_pe,,13.874469,3.5,Healthcare,Medical Care Facilities,,
INDORAMA.NS,Indo Rama Synthetics (India) Limited,23004067840.0,14.255664,yahoo_trailing_pe,0.13323050467289718,,6.18,Consumer Cyclical,Textile Manufacturing,,
AVADHSUGAR.NS,Avadh Sugar & Energy Limited,18808305664.0,28.514414,yahoo_trailing_pe,,,32.95,Consumer Defensive,Confectioners,,
SMCGLOBAL.NS,SMC Global Securities Limited,22579601408.0,22.141685,yahoo_trailing_pe,,,4.87,Financial Services,Capital Markets,,
AEROENTER.NS,Aeroflex Enterprises Limited,14196448256.0,9.43233,yahoo_trailing_pe,0.5548429411764706,,13.3,Basic Materials,Steel,,
IKIO.NS,IKIO Technologies Limited,13991671808.0,29.343597,yahoo_trailing_pe,,,6.17,Technology,Electronic Components,,
WENDT.NS,Wendt (India) Limited,15424000000.0,91.029274,yahoo_trailing_pe,,91.029274,84.72,Industrials,Tools & Accessories,,
OAL.NS,Oriental Aromatics Limited,17230630912.0,324.05063,yahoo_trailing_pe,,,1.58,Basic Materials,Specialty Chemicals,,
SURYODAY.NS,Suryoday Small Finance Bank Limited,15843515392.0,8.257618,yahoo_trailing_pe,,4.2283688,18.05,Financial Services,Banks - Regional,,
IGPL.NS,I G Petrochemicals Limited,17503793152.0,21.440966,yahoo_trailing_pe,,14.918636,26.51,Basic Materials,Chemicals,,
GARUDA.NS,Garuda Construction and Engineering Limited,15390964736.0,11.306904,yahoo_trailing_pe,,,14.63,Industrials,Engineering & Construction,,
RHETAN.NS,Rhetan TMT Limited,14550937600.0,107.411766,yahoo_trailing_pe,,,0.17,Basic Materials,Steel,,
MCLOUD.NS,Magellanic Cloud Limited,14314331136.0,12.925531,yahoo_trailing_pe,0.8078456875,,1.88,Technology,Information Technology Services,,
HINDWAREAP.NS,Hindware Home Innovation Limited,14137070592.0,,,,10.939158,-0.73,Consumer Cyclical,"Furnishings, Fixtures & Appliances",,
TTKHLTCARE.NS,TTK Healthcare Limited,14229244928.0,19.239588,yahoo_trailing_pe,,,52.34,Healthcare,Drug Manufacturers - General,,
BLIL.NS,Balmer Lawrie Investments Limited,14410466304.0,11.040815,yahoo_trailing_pe,0.6494597058823529,,5.88,Industrials,Conglomerates,,
IPL.NS,India Pesticides Limited,14974710784.0,13.906951,yahoo_trailing_pe,,11.019491,9.35,Basic Materials,Agricultural Inputs,,
DELTACORP.NS,Delta Corp Limited,20971833344.0,,,,,-5.85,Consumer Cyclical,Resorts & Casinos,,
INDOBORAX.NS,Indo Borax & Chemicals Limited,15473798144.0,27.460138,yahoo_trailing_pe,,,17.56,Basic Materials,Chemicals,,
JAGSNPHARM.NS,Jagsonpal Pharmaceuticals Limited,15305926656.0,34.530552,yahoo_trailing_pe,,,6.71,Healthcare,Drug Manufacturers - Specialty & Generic,,
DLINKINDIA.NS,D-Link (India) Limited,14439822336.0,13.457975,yahoo_trailing_pe,6.7289875,,30.22,Technology,Communication Equipment,,
JISLDVREQS.NS,Jain Irrigation Systems Limited,13723976704.0,,,,,-0.74,Industrials,Conglomerates,,
SUMMITSEC.NS,Summit Securities Limited,14285576192.0,11.881999,yahoo_trailing_pe,0.2898048536585366,,109.83,Financial Services,Capital Markets,,
IFGLEXPOR.NS,IFGL Refractories Limited,12953970688.0,31.640846,yahoo_trailing_pe,,10.958537,5.68,Basic Materials,Building Materials,,
MBEL.NS,M & B Engineering Limited,15179600896.0,21.109697,yahoo_trailing_pe,0.5026118333333334,10.213846,12.58,Industrials,Engineering & Construction,,
MOL.NS,Meghmani Organics Limited,14684102656.0,22.822136,yahoo_trailing_pe,,,2.53,Basic Materials,Agricultural Inputs,,
GTLINFRA.NS,GTL Infrastructure Limited,13449881600.0,1.2804878,yahoo_trailing_pe,,,0.82,Technology,Communication Equipment,,
VIKRAN.NS,Vikran Engineering Limited,14639029248.0,15.899159,yahoo_trailing_pe,,,3.57,Industrials,Engineering & Construction,,
DIFFNKG.NS,Diffusion Engineers Limited,15862194176.0,29.005432,yahoo_trailing_pe,0.9356590967741936,,14.73,Industrials,Specialty Industrial Machinery,,
SDBL.NS,Som Distilleries & Breweries Limited,14652884992.0,,,,12.047864,-1.5,Consumer Defensive,Beverages - Brewers,,
DOLLAR.NS,Dollar Industries Limited,15854990336.0,14.14011,yahoo_trailing_pe,0.5237077777777778,11.272178,19.77,Consumer Cyclical,Apparel Manufacturing,,
GENESYS.NS,Genesys International Corporation Limited,18695344128.0,55.14793,yahoo_trailing_pe,2.121074230769231,20.558823,5.07,Technology,Software - Application,,
KRISHNADEF.NS,Krishna Defence and Allied Industries Limited,18529347584.0,44.282658,yahoo_trailing_pe,0.4518638571428571,,28.02,Industrials,Specialty Industrial Machinery,,
MOBIKWIK.NS,One MobiKwik Systems Limited,19255197696.0,,,,20.376667,-1.62,Technology,Software - Infrastructure,,
CEINSYS.NS,Ceinsys Tech Limited,13953903616.0,10.017285,yahoo_trailing_pe,0.1590045238095238,,66.53,Industrials,Engineering & Construction,,
SPMLINFRA.NS,SPML Infra Limited,12935525376.0,15.234886,yahoo_trailing_pe,0.032622882226980725,,10.09,Industrials,Engineering & Construction,,
NITTAGELA.NS,Nitta Gelatin India Limited,15000587264.0,14.442307,yahoo_trailing_pe,1.1109466923076923,,114.4,Basic Materials,Specialty Chemicals,,
UDS.NS,Updater Services Limited,14188577792.0,16.210648,yahoo_trailing_pe,0.4631613714285714,10.848019,12.96,Industrials,Specialty Business Services,,
WALCHANNAG.NS,Walchandnagar Industries Limited,14124820480.0,,,,,-0.48,Industrials,Engineering & Construction,,
RGL.NS,Renaissance Global Limited,16715864064.0,19.75,yahoo_trailing_pe,4.9375,,7.88,Consumer Cyclical,Luxury Goods,,
AYMSYNTEX.NS,AYM Syntex Limited,15975607296.0,84.921875,yahoo_trailing_pe,,,3.2,Consumer Cyclical,Textile Manufacturing,,
AMRUTANJAN.NS,Amrutanjan Health Care Limited,14538184704.0,26.944294,yahoo_trailing_pe,0.9979368148148148,,18.67,Healthcare,Drug Manufacturers - Specialty & Generic,,
RSL.NS,Rajputana Stainless Limited,14368622592.0,20.841213,yahoo_trailing_pe,,,8.25,Basic Materials,Steel,,
DIGITIDE.NS,Digitide Solutions Limited,10688734208.0,,,,,-1.61,Industrials,Specialty Business Services,,
SHREEPUSHK.NS,Shree Pushkar Chemicals & Fertilisers Limited,15787261952.0,22.19091,yahoo_trailing_pe,0.9648221739130435,30.229103,22.0,Basic Materials,Specialty Chemicals,,
NAVKARCORP.NS,Navkar Corporation Limited,12542764032.0,31.327066,yahoo_trailing_pe,,6.597783,2.66,Industrials,Integrated Freight & Logistics,,
CLSEL.NS,Chaman Lal Setia Exports Ltd.,14383135744.0,11.482731,yahoo_trailing_pe,,,25.19,Consumer Defensive,Packaged Foods,,
SESHAPAPER.NS,Seshasayee Paper and Boards Limited,14505041920.0,13.989659,yahoo_trailing_pe,,,16.44,Basic Materials,Paper & Paper Products,,
ARFIN.NS,Arfin India Limited,18141040640.0,98.6422,yahoo_trailing_pe,,,1.09,Basic Materials,Aluminum,,
IVALUE.NS,iValue Infosolutions Limited,12429504512.0,11.981043,yahoo_trailing_pe,0.6305812105263158,7.6864867,18.99,Technology,Information Technology Services,,
NIITLTD.NS,NIIT Limited,11203348480.0,127.78125,yahoo_trailing_pe,3.1166158536585367,26.380646,0.64,Consumer Defensive,Education & Training Services,,
ONEPOINT.NS,One Point One Solutions Limited,20627388416.0,45.87719,yahoo_trailing_pe,0.8995527450980392,,1.71,Industrials,Specialty Business Services,,
ASALCBR.NS,Associated Alcohols & Breweries Limited,11509397504.0,13.433327,yahoo_trailing_pe,,10.536765,42.67,Consumer Defensive,Beverages - Wineries & Distilleries,,
BHARATSE.NS,Bharat Seats Limited,12612751360.0,27.251017,yahoo_trailing_pe,,,7.37,Consumer Cyclical,Auto Parts,,
TEXINFRA.NS,Texmaco Infrastructure & Holdings Limited,15296287744.0,166.72221,yahoo_trailing_pe,3.206196346153846,,0.72,Real Estate,Real Estate Services,,
ASIANTILES.NS,Asian Granito India Limited,13575604224.0,60.250004,yahoo_trailing_pe,1.9435485161290322,2.4291778,0.76,Industrials,Building Products & Equipment,,
PNBGILTS.NS,PNB Gilts Ltd.,12310892544.0,12.0617285,yahoo_trailing_pe,,,5.67,Financial Services,Capital Markets,,
GPTINFRA.NS,GPT Infraprojects Limited,15314125824.0,15.557125,yahoo_trailing_pe,0.33819836956521737,,7.79,Industrials,Engineering & Construction,,
SPIC.NS,Southern Petrochemical Industries Corporation Limited,12578864128.0,6.1279764,yahoo_trailing_pe,,,10.08,Basic Materials,Agricultural Inputs,,
SIGNPOST.NS,Signpost India Limited,13937087488.0,18.936092,yahoo_trailing_pe,0.7283112307692308,,13.77,Communication Services,Advertising Agencies,,
JAYBARMARU.NS,Jay Bharat Maruti Limited,13856000000.0,10.023492,yahoo_trailing_pe,0.18224530909090908,,12.77,Consumer Cyclical,Auto Parts,,
PUNJABCHEM.NS,Punjab Chemicals and Crop Protection Limited,12581002240.0,19.235096,yahoo_trailing_pe,9.617548,,53.34,Basic Materials,Chemicals,,
KROSS.NS,Kross Limited,15822458880.0,26.752232,yahoo_trailing_pe,,,8.96,Consumer Cyclical,Auto Parts,,
AGL.NS,Allcargo Global Limited,11940801536.0,,,,,,Industrials,Integrated Freight & Logistics,,
IMPAL.NS,India Motor Parts & Accessories Limited,12436320256.0,12.710459,yahoo_trailing_pe,0.9078899285714286,29.010191,78.4,Consumer Cyclical,Auto Parts,,
DCW.NS,DCW Limited,13075366912.0,18.305784,yahoo_trailing_pe,,,2.42,Basic Materials,Chemicals,,
DSSL.NS,Dynacons Systems & Solutions Limited,13120465920.0,15.4414625,yahoo_trailing_pe,0.4289295138888889,,66.71,Technology,Information Technology Services,,
EXPLEOSOL.NS,Expleo Solutions Limited,13219713024.0,9.597746,yahoo_trailing_pe,,7.2878165,88.75,Technology,Information Technology Services,,
STEELXIND.NS,Steel Exchange India Limited,13163350016.0,39.692307,yahoo_trailing_pe,,,0.26,Basic Materials,Steel,,
DEN.NS,DEN Networks Limited,11966824448.0,8.044872,yahoo_trailing_pe,,-23.904764,3.12,Communication Services,Entertainment,,
YUKEN.NS,Yuken India Limited,15421916160.0,98.20934,yahoo_trailing_pe,4.676635238095238,,11.56,Industrials,Specialty Industrial Machinery,,
SHANKESH.NS,Shankesh Jewellers Limited,13503365120.0,12.650137,yahoo_trailing_pe,,,7.26,Consumer Cyclical,Luxury Goods,,
ASIANHOTNR.NS,Asian Hotels (North) Limited,14047648768.0,,,,,-53.82,Consumer Cyclical,Lodging,,
IGARASHI.NS,Igarashi Motors India Limited,12372841472.0,75.45106,yahoo_trailing_pe,,,5.21,Consumer Cyclical,Auto Parts,,
NINSYS.NS,NINtec Systems Limited,15166375936.0,45.182625,yahoo_trailing_pe,,,18.07,Technology,Information Technology Services,,
ATULAUTO.NS,Atul Auto Limited,11387738112.0,24.124044,yahoo_trailing_pe,0.192992352,,17.01,Consumer Cyclical,Auto Manufacturers,,
SUNSHINE.NS,Sunshine Pictures Limited,13481193472.0,2404.4443,yahoo_trailing_pe,,,0.18,Communication Services,Entertainment,,
WEL.NS,Wonder Electricals Limited,10084102144.0,83.611115,yahoo_trailing_pe,,,0.9,Consumer Cyclical,"Furnishings, Fixtures & Appliances",,
ONIDA.NS,Onida Electronics Limited,10901070848.0,,,,,-2.08,Consumer Cyclical,"Furnishings, Fixtures & Appliances",,
ALLTIME.NS,All Time Plastics Limited,11492028416.0,31.780796,yahoo_trailing_pe,,,5.52,Consumer Defensive,Household & Personal Products,,
JAGRAN.NS,Jagran Prakashan Limited,13368325120.0,7.0923786,yahoo_trailing_pe,0.886547325,6.082236,8.66,Communication Services,Publishing,,
STLNETWORK.NS,STL Networks Limited,23471224832.0,,,,,-2.02,Communication Services,Telecom Services,,
UGROCAP.NS,UGRO Capital Limited,12182452224.0,5.6061883,yahoo_trailing_pe,,4.0262628,14.22,Financial Services,Credit Services,,
PASHUPATI.NS,Pashupati Cotspin Limited,10998291456.0,77.422226,yahoo_trailing_pe,1.9851852820512819,,0.9,Consumer Cyclical,Textile Manufacturing,,
ANDHRSUGAR.NS,The Andhra Sugars Limited,12175144960.0,11.696615,yahoo_trailing_pe,,,7.68,Basic Materials,Chemicals,,
GALAPREC.NS,Gala Precision Engineering Limited,14138830848.0,38.913578,yahoo_trailing_pe,1.1791993333333333,,28.35,Industrials,Specialty Industrial Machinery,,
BLKASHYAP.NS,B.L. Kashyap and Sons Limited,11756652544.0,2607.0,yahoo_trailing_pe,,49.657143,0.02,Industrials,Engineering & Construction,,
MANAKCOAT.NS,Manaksia Coated Metals & Industries Limited,13471079424.0,30.588377,yahoo_trailing_pe,0.3972516493506494,,4.13,Industrials,Metal Fabrication,,
BHAGYANGR.NS,Bhagyanagar India Limited,1386752384.0,2.107943,yahoo_trailing_pe,0.031461835820895526,,19.64,Basic Materials,Copper,,
UNIENTER.NS,Uniphos Enterprises Limited,12016131072.0,29.687284,yahoo_trailing_pe,,,2.91,Basic Materials,Chemicals,,
PLATIND.NS,Platinum Industries Limited,10719686656.0,21.260347,yahoo_trailing_pe,1.932758818181818,,9.18,Basic Materials,Specialty Chemicals,,
AVTNPL.NS,AVT Natural Products Limited,13012667392.0,15.536363,yahoo_trailing_pe,,48.005615,5.5,Basic Materials,Specialty Chemicals,,
SHRIRAMPPS.NS,Shriram Properties Limited,11229060096.0,12.299067,yahoo_trailing_pe,0.946082076923077,5.5294123,5.35,Real Estate,Real Estate - Development,,
EXCELINDUS.NS,Excel Industries Limited,11548694528.0,16.182842,yahoo_trailing_pe,,,56.77,Basic Materials,Specialty Chemicals,,
ASTEC.NS,Astec LifeSciences Limited,15926230016.0,,,,64.97727,-30.27,Basic Materials,Agricultural Inputs,,
ELECTHERM.NS,Electrotherm (India) Limited,8712899584.0,,,,,-28.63,Basic Materials,Steel,,
SOLARWORLD.NS,Solarworld Energy Solutions Limited,10826281984.0,9.137527,yahoo_trailing_pe,0.09047056435643565,,13.67,Technology,Solar,,
BHARATWIRE.NS,Bharat Wire Ropes Limited,11399403520.0,18.394005,yahoo_trailing_pe,,,9.01,Basic Materials,Steel,,
KALAMANDIR.NS,Sai Silks (Kalamandir) Limited,10948103168.0,8.015102,yahoo_trailing_pe,,6.140496,9.27,Consumer Cyclical,Apparel Retail,,
DOLATALGO.NS,Dolat Algotech Limited,10510720000.0,7.3007336,yahoo_trailing_pe,1.8251834,,8.18,Financial Services,Capital Markets,,
GYFTR.NS,Gyftr Limited,13163398144.0,53.55625,yahoo_trailing_pe,3.347265625,,3.2,Industrials,Specialty Business Services,,
CAPITALSFB.NS,Capital Small Finance Bank Limited,12234824704.0,8.125379,yahoo_trailing_pe,,5.2257123,33.1,Financial Services,Banks - Regional,,
DHANBANK.NS,Dhanlaxmi Bank Limited,12886918144.0,11.143345,yahoo_trailing_pe,,,2.93,Financial Services,Banks - Regional,,
IZMO.NS,IZMO Limited,12904048640.0,23.947735,yahoo_trailing_pe,0.7256889393939394,,35.97,Technology,Software - Application,,
SIGACHI.NS,Sigachi Industries Limited,10927606784.0,42.64179,yahoo_trailing_pe,,,0.67,Healthcare,Drug Manufacturers - Specialty & Generic,,
EIMCOELECO.NS,Eimco Elecon (India) Limited,12887725056.0,32.535313,yahoo_trailing_pe,0.6507062600000001,23.517895,68.67,Industrials,Farm & Heavy Construction Machinery,,
GKSL.NS,Gujarat Kidney And Super Speciality Limited,14247694336.0,71.145676,yahoo_trailing_pe,0.06724544045368619,,2.54,Healthcare,Medical Care Facilities,,
MANALIPETC.NS,Manali Petrochemicals Limited,14771293184.0,8.202483,yahoo_trailing_pe,8.202483,,10.47,Basic Materials,Specialty Chemicals,,
GHCLTEXTIL.NS,GHCL Textiles Limited,11957781504.0,12.4230385,yahoo_trailing_pe,,,10.07,Consumer Cyclical,Textile Manufacturing,,
SULA.NS,Sula Vineyards Limited,11027120128.0,44.414967,yahoo_trailing_pe,,19.109278,2.94,Consumer Defensive,Beverages - Wineries & Distilleries,,
GPTHEALTH.NS,GPT Healthcare Limited,11497521152.0,24.326387,yahoo_trailing_pe,,14.011999,5.76,Healthcare,Medical Care Facilities,,
ALLDIGI.NS,Alldigi Tech Limited,11927799808.0,13.957739,yahoo_trailing_pe,0.69788695,,56.08,Industrials,Specialty Business Services,,
ARIS.NS,Arisinfra Solutions Limited,11158317056.0,16.049412,yahoo_trailing_pe,0.20061765,,8.5,Industrials,Engineering & Construction,,
LINCOLN.NS,Lincoln Pharmaceuticals Limited,11250698240.0,11.663206,yahoo_trailing_pe,1.6661722857142858,,48.16,Healthcare,Drug Manufacturers - Specialty & Generic,,
GCSL.NS,Gretex Corporate Services Limited,16386923520.0,45.191063,yahoo_trailing_pe,22.5955315,,15.44,Financial Services,Capital Markets,,
GODAVARIB.NS,Godavari Biorefineries Limited,11310914560.0,7367.3335,yahoo_trailing_pe,409.29630555555553,,0.03,Basic Materials,Chemicals,,
EKC.NS,Everest Kanto Cylinder Limited,11408154624.0,9.102058,yahoo_trailing_pe,0.5056698888888889,6.3943396,11.17,Industrials,Specialty Industrial Machinery,,
ROTO.NS,Roto Pumps Limited,11472575488.0,21.383802,yahoo_trailing_pe,,,2.84,Industrials,Specialty Industrial Machinery,,
ANDHRAPAP.NS,Andhra Paper Limited,13412445184.0,48.525177,yahoo_trailing_pe,,,1.39,Basic Materials,Paper & Paper Products,,
JYOTISTRUC.NS,Jyoti Structures Limited,10444524544.0,16.203703,yahoo_trailing_pe,0.10730929139072848,,0.54,Industrials,Specialty Industrial Machinery,,
FAZE3Q.NS,Faze Three Limited,10293298176.0,33.873802,yahoo_trailing_pe,,,12.52,Consumer Cyclical,Textile Manufacturing,,
ULTRAMAR.NS,Ultramarine & Pigments Limited,11703359488.0,12.691577,yahoo_trailing_pe,2.5383154,,31.58,Basic Materials,Specialty Chemicals,,
PRECAM.NS,Precision Camshafts Limited,10440842240.0,25.50348,yahoo_trailing_pe,,,4.31,Consumer Cyclical,Auto Parts,,
GULPOLY.NS,Gulshan Polyols Limited,9939398656.0,6.7471504,yahoo_trailing_pe,,,23.69,Basic Materials,Chemicals,,
CENTENKA.NS,Century Enka Limited,12139094016.0,8.248701,yahoo_trailing_pe,4.1243505,,67.35,Consumer Cyclical,Textile Manufacturing,,
APEX.NS,Apex Frozen Foods Limited,10331250688.0,20.097263,yahoo_trailing_pe,,19.22093,16.45,Consumer Defensive,Farm Products,,
RUPA.NS,Rupa & Company Limited,9874649088.0,13.136508,yahoo_trailing_pe,1.0105006153846152,11.936539,9.45,Consumer Cyclical,Apparel Manufacturing,,
FINOPB.NS,Fino Payments Bank Limited,12110773248.0,57.98008,yahoo_trailing_pe,,7.1582565,2.51,Financial Services,Banks - Regional,,
STEL.NS,STEL Holdings Limited,10478055424.0,53.41016,yahoo_trailing_pe,3.1417741176470586,,10.63,Financial Services,Asset Management,,
MWL.NS,Mangalam Worldwide Limited,12105994240.0,23.291428,yahoo_trailing_pe,0.43132274074074073,,1.75,Basic Materials,Steel,,
ICEMAKE.NS,Ice Make Refrigeration Limited,10418570240.0,87.104225,yahoo_trailing_pe,,,7.58,Industrials,Specialty Industrial Machinery,,
THEMISMED.NS,Themis Medicare Limited,10097378304.0,25.106236,yahoo_trailing_pe,,,4.33,Healthcare,Drug Manufacturers - Specialty & Generic,,
ONIXSOLAR.NS,Onix Solar Energy Limited,13685374976.0,42.52005,yahoo_trailing_pe,,,8.73,Technology,Solar,,
IRMENERGY.NS,IRM Energy Limited,10511277056.0,14.382023,yahoo_trailing_pe,,10.491803,17.8,Utilities,Utilities - Regulated Gas,,
SHREDIGCEM.NS,Shree Digvijay Cement Company Limited,9229850624.0,51.14754,yahoo_trailing_pe,,,1.22,Basic Materials,Building Materials,,
BIL.NS,Bhartiya International Ltd.,14061487104.0,54.61198,yahoo_trailing_pe,,62.637398,19.2,Consumer Cyclical,Footwear & Accessories,,
RIIL.NS,Reliance Industrial Infrastructure Limited,10307259392.0,85.006226,yahoo_trailing_pe,21.2515565,82.14199,8.03,Industrials,Engineering & Construction,,
WAAREEINDO.NS,Indosolar Limited,8195927552.0,4.925,yahoo_trailing_pe,,,40.0,Technology,Solar,,
BALAJITELE.NS,Balaji Telefilms Limited,10493348864.0,,,,,-1.78,Communication Services,Entertainment,,
UTTAMSUGAR.NS,Uttam Sugar Mills Limited,11119168512.0,12.787281,yahoo_trailing_pe,,,22.8,Consumer Defensive,Confectioners,,
COMSYN.NS,Commercial Syn Bags Limited,10760738816.0,35.824024,yahoo_trailing_pe,0.7463338333333334,,7.16,Consumer Cyclical,Packaging & Containers,,
BUTTERFLY.NS,Butterfly Gandhimathi Appliances Limited,9624562688.0,20.011152,yahoo_trailing_pe,,,26.9,Consumer Cyclical,"Furnishings, Fixtures & Appliances",,
AKCAPIT.NS,A. K. Capital Services Limited,11407439872.0,9.967705,yahoo_trailing_pe,1.245963125,,173.4,Financial Services,Capital Markets,,
DHAMPURSUG.NS,Dhampur Sugar Mills Limited,11762304000.0,16.780735,yahoo_trailing_pe,,,10.9,Consumer Defensive,Confectioners,,
MUNJALAU.NS,Munjal Auto Industries Limited,10151000064.0,20.221115,yahoo_trailing_pe,,,5.02,Consumer Cyclical,Auto Parts,,
ORIENTTECH.NS,Orient Technologies Limited,10761641984.0,1067.909,yahoo_trailing_pe,,,0.22,Technology,Information Technology Services,,
VHL.NS,Vardhman Holdings Limited,11421869056.0,4.541509,yahoo_trailing_pe,,,788.02,Financial Services,Asset Management,,
ALICON.NS,Alicon Castalloy Limited,14033345536.0,38.45121,yahoo_trailing_pe,,10.805032,22.34,Industrials,Metal Fabrication,,
MONTECARLO.NS,Monte Carlo Fashions Limited,10670793728.0,10.177972,yahoo_trailing_pe,,10.111984,50.57,Consumer Cyclical,Apparel Manufacturing,,
BOROSCI.NS,Borosil Scientific Limited,9616549888.0,22.290722,yahoo_trailing_pe,,,4.85,Consumer Cyclical,Packaging & Containers,,
ARIHANTSUP.NS,Arihant Superstructures Limited,9493805056.0,32.71386,yahoo_trailing_pe,10.90462,,6.71,Real Estate,Real Estate - Development,,
GREENPOWER.NS,Orient Green Power Company Limited,9783084032.0,15.163636,yahoo_trailing_pe,0.17839571764705883,,0.55,Utilities,Utilities - Independent Power Producers,,
LAXMIDENTL.NS,Laxmi Dental Limited,10595787776.0,34.134754,yahoo_trailing_pe,0.2752802741935484,15.218973,5.64,Healthcare,Medical Instruments & Supplies,,
AWHCL.NS,Antony Waste Handling Cell Limited,9625092096.0,16.476444,yahoo_trailing_pe,5.492148,10.374618,20.59,Industrials,Waste Management,,
CENTRUM.NS,Centrum Capital Limited,9224425472.0,,,,,-4.8,Financial Services,Financial Conglomerates,,
GANDHITUBE.NS,Gandhi Special Tubes Limited,10736630784.0,15.479095,yahoo_trailing_pe,,,61.47,Industrials,Metal Fabrication,,
HARIOMPIPE.NS,Hariom Pipe Industries Limited,10112367616.0,14.722722,yahoo_trailing_pe,,,22.18,Basic Materials,Steel,,
SALSTEEL.NS,S.A.L. Steel Limited,12874102784.0,70.57937,yahoo_trailing_pe,,,1.26,Basic Materials,Steel,,
BIRLANU.NS,BirlaNu Limited,,,,,10.163765,-144.33,Industrials,Building Products & Equipment,,
MADRASFERT.NS,Madras Fertilizers Limited,9269769216.0,13.04762,yahoo_trailing_pe,,,4.41,Basic Materials,Agricultural Inputs,,
BCLIND.NS,BCL Industries Limited,8819479552.0,7.5645566,yahoo_trailing_pe,0.37822783000000004,,3.95,Consumer Defensive,Beverages - Wineries & Distilleries,,
BAJAJHCARE.NS,Bajaj HealthCare Limited,10599476224.0,45.432903,yahoo_trailing_pe,,,6.93,Healthcare,Drug Manufacturers - Specialty & Generic,,
SEPC.NS,SEPC Limited,9580580864.0,37.923077,yahoo_trailing_pe,1.0534188055555556,,0.13,Industrials,Engineering & Construction,,
JPOLYINVST.NS,Jindal Poly Investment and Finance Company Limited,9231576064.0,1.1416018,yahoo_trailing_pe,0.025368928888888892,,769.27,Financial Services,Asset Management,,
AFSL.NS,Abans Financial Services Limited,10294240256.0,7.5791855,yahoo_trailing_pe,0.5413703928571428,,26.52,Financial Services,Capital Markets,,
GRPLTD.NS,GRP Limited,9219730432.0,162.62463,yahoo_trailing_pe,,11.743886,10.63,Consumer Cyclical,Auto Parts,,
MATRIMONY.NS,Matrimony.com Limited,10704681984.0,24.344145,yahoo_trailing_pe,,15.883436,21.27,Communication Services,Internet Content & Information,,
FINKURVE.NS,Finkurve Financial Services Limited,9447106560.0,32.723305,yahoo_trailing_pe,0.12934112648221346,,2.06,Financial Services,Credit Services,,
JINDALPHOT.NS,Jindal Photo Limited,10515772416.0,,,,,-60.54,Financial Services,Asset Management,,
JYOTIRES.NS,Jyoti Resins and Adhesives Limited,10045776896.0,15.493519,yahoo_trailing_pe,,10.232999,54.0,Basic Materials,Specialty Chemicals,,
SRM.NS,SRM Contractors Limited,9323986944.0,7.9015946,yahoo_trailing_pe,0.09755055061728395,,51.42,Industrials,Engineering & Construction,,
CREST.NS,Crest Ventures Limited,9944954880.0,29.026402,yahoo_trailing_pe,,,12.12,Financial Services,Financial Conglomerates,,
KRISHIVAL.NS,Krishival Foods Limited,9833579520.0,39.273285,yahoo_trailing_pe,0.8181934375000001,,9.77,Consumer Defensive,Packaged Foods,,
HMAAGRO.NS,HMA Agro Industries Limited,11828182016.0,5.5186915,yahoo_trailing_pe,0.5016992272727273,,4.28,Consumer Defensive,Packaged Foods,,
JARO.NS,Jaro Institute of Technology Management and Research Limited,9000053760.0,15.378758,yahoo_trailing_pe,0.16536298924731183,,26.27,Consumer Defensive,Education & Training Services,,
NELCAST.NS,Nelcast Limited,12346723328.0,29.919662,yahoo_trailing_pe,1.7599801176470589,31.945826,4.73,Industrials,Metal Fabrication,,
ARIHANT.NS,Arihant Foundations & Housing Limited,10208031744.0,14.063903,yahoo_trailing_pe,0.1757987875,,66.82,Real Estate,Real Estate - Development,,
NAHARSPING.NS,Nahar Spinning Mills Limited,9066817536.0,11.495198,yahoo_trailing_pe,,,21.87,Consumer Cyclical,Textile Manufacturing,,
SALASAR.NS,Salasar Techno Engineering Limited,7149116928.0,51.125004,yahoo_trailing_pe,,,0.08,Basic Materials,Steel,,
DAMCAPITAL.NS,DAM Capital Advisors Limited,9993586688.0,13.752919,yahoo_trailing_pe,0.1335234854368932,,10.28,Financial Services,Capital Markets,,
XTRANET.NS,Xtranet Technologies Limited,15037367296.0,35.115997,yahoo_trailing_pe,0.3945617640449438,,8.19,Technology,Information Technology Services,,
MMP.NS,MMP Industries Limited,12275812352.0,24.493158,yahoo_trailing_pe,1.1133253636363636,,19.73,Basic Materials,Aluminum,,
UNITECH.NS,Unitech Limited,,,,,,-8.78,Real Estate,Real Estate - Diversified,,
MASTERTR.NS,Master Trust Limited,10038105088.0,7.285714,yahoo_trailing_pe,0.30357141666666665,,11.2,Financial Services,Capital Markets,,
AMNPLST.NS,Amines & Plasticizers Limited,9126167552.0,23.661911,yahoo_trailing_pe,1.3918771176470588,,7.01,Basic Materials,Chemicals,,
ZUARI.NS,Zuari Agro Chemicals Limited,8755636224.0,0.93233013,yahoo_trailing_pe,,48.413948,223.29,Basic Materials,Agricultural Inputs,,
SUBEXLTD.NS,Subex Limited,10214886400.0,34.09259,yahoo_trailing_pe,0.8971734210526316,,0.54,Technology,Software - Application,,
TNPETRO.NS,Tamilnadu Petroproducts Limited,10704805888.0,7.52086,yahoo_trailing_pe,,,15.82,Basic Materials,Specialty Chemicals,,
IRISDOREME.NS,Iris Clothings Limited,11174360064.0,63.815216,yahoo_trailing_pe,,,0.92,Consumer Cyclical,Apparel Manufacturing,,
MAMATA.NS,Mamata Machinery Limited,9491228672.0,106.25344,yahoo_trailing_pe,,,3.63,Industrials,Specialty Industrial Machinery,,
PREMIERPOL.NS,Premier Polyfilm Ltd.,10290948096.0,29.416168,yahoo_trailing_pe,,,3.34,Basic Materials,Specialty Chemicals,,
UNIECOM.NS,Unicommerce eSolutions Limited,8979096576.0,44.14365,yahoo_trailing_pe,,26.876566,1.81,Technology,Software - Application,,
DVL.NS,Dhunseri Ventures Limited,9465439232.0,5.047628,yahoo_trailing_pe,,,53.54,Financial Services,Capital Markets,,
ESTER.NS,Ester Industries Limited,9873610752.0,,,,,-0.24,Basic Materials,Specialty Chemicals,,
TNPL.NS,Tamil Nadu Newsprint and Papers Limited,9547601920.0,3.659151,yahoo_trailing_pe,,3.7083333,37.7,Basic Materials,Paper & Paper Products,,
SALZERELEC.NS,Salzer Electronics Limited,9023500288.0,20.643204,yahoo_trailing_pe,1.720267,,24.72,Industrials,Electrical Equipment & Parts,,
PRIMESECU.NS,Prime Securities Limited,10069235712.0,188.8535,yahoo_trailing_pe,8.584249999999999,,1.57,Financial Services,Capital Markets,,
BSHSL.NS,Bombay Super Hybrid Seeds Limited,8222885376.0,28.703297,yahoo_trailing_pe,,,2.73,Basic Materials,Agricultural Inputs,,
DWARKESH.NS,Dwarikesh Sugar Industries Limited,8153264640.0,56.41026,yahoo_trailing_pe,,,0.78,Consumer Defensive,Confectioners,,
CONTROLPR.NS,Control Print Limited,9810849792.0,25.180624,yahoo_trailing_pe,,,24.36,Industrials,Business Equipment & Supplies,,
HEALTHX.NS,Health X Platform Limited,9317295104.0,,,,,-6.35,Healthcare,Pharmaceutical Retailers,,
GKWLIMITED.NS,GKW Limited,9321462784.0,,,,,-8.95,Industrials,Specialty Business Services,,
REGAAL.NS,Regaal Resources Limited,8583507456.0,13.866887,yahoo_trailing_pe,,,6.01,Consumer Defensive,Packaged Foods,,
SURAJEST.NS,Suraj Estate Developers Limited,9438633984.0,10.043878,yahoo_trailing_pe,0.24497263414634146,6.956184,19.6,Real Estate,Real Estate - Development,,
SGIL.NS,Synergy Green Industries Limited,9419646976.0,,,,,-5.69,Industrials,Metal Fabrication,,
AMBIKCO.NS,Ambika Cotton Mills Limited,8491892736.0,10.439158,yahoo_trailing_pe,,11.929388,142.09,Consumer Cyclical,Textile Manufacturing,,
VADILENT.NS,Vadilal Enterprises Limited,8473124864.0,62.074196,yahoo_trailing_pe,,,158.23,Consumer Defensive,Food Distribution,,
SWELECTES.NS,Swelect Energy Systems Limited,9035875328.0,20.830944,yahoo_trailing_pe,0.10112108737864077,,27.92,Technology,Solar,,
DHARMAJ.NS,Dharmaj Crop Guard Limited,8892068864.0,14.7809,yahoo_trailing_pe,,,17.8,Basic Materials,Agricultural Inputs,,
WEALTH.NS,Wealth First Portfolio Managers Limited,8915038208.0,26.990322,yahoo_trailing_pe,0.6426267142857143,,31.0,Financial Services,Capital Markets,,
KRYSTAL.NS,Krystal Integrated Services Limited,8847040512.0,14.417123,yahoo_trailing_pe,0.758795947368421,,43.92,Industrials,Specialty Business Services,,
PDMJEPAPER.NS,Pudumjee Paper Products Limited,8770531328.0,9.662134,yahoo_trailing_pe,,,9.56,Basic Materials,Paper & Paper Products,,
SUDARCOLOR.NS,Sudarshan Colorants India Limited,8122484736.0,17.008215,yahoo_trailing_pe,,,20.69,Basic Materials,Specialty Chemicals,,
WANBURY.NS,Wanbury Limited,6790577152.0,11.928746,yahoo_trailing_pe,0.14910932500000001,,16.28,Healthcare,Drug Manufacturers - Specialty & Generic,,
HIMATSEIDE.NS,Himatsingka Seide Limited,7584774656.0,13.834862,yahoo_trailing_pe,0.34587154999999997,2.3058105,4.36,Consumer Cyclical,Textile Manufacturing,,
KECL.NS,Kirloskar Electric Company Limited,8604579840.0,108.9646,yahoo_trailing_pe,,,1.13,Industrials,Specialty Industrial Machinery,,
MAFATIND.NS,Mafatlal Industries Limited,8016913408.0,13.88375,yahoo_trailing_pe,0.21359615384615382,,8.0,Consumer Cyclical,Textile Manufacturing,,
UNITEDPOLY.NS,United Polyfab Gujarat Limited,10915758080.0,39.966385,yahoo_trailing_pe,,,1.19,Consumer Cyclical,Textile Manufacturing,,
RITCO.NS,Ritco Logistics Limited,7758213632.0,25.927687,yahoo_trailing_pe,1.8519776428571428,,10.51,Industrials,Integrated Freight & Logistics,,
FEDDERSHOL.NS,Fedders Holding Limited,12439449600.0,14.497651,yahoo_trailing_pe,0.23383308064516128,,4.26,Financial Services,Credit Services,,
HEXATRADEX.NS,Hexa Tradex Limited,8568454144.0,,,,,-1.25,Financial Services,Credit Services,,
ORIRAIL.NS,Oriental Rail Infrastructure Limited,7998797312.0,16.991453,yahoo_trailing_pe,0.12402520437956205,,7.02,Industrials,Railroads,,
ORICONENT.NS,Oricon Enterprises Limited,8013237760.0,58.29885,yahoo_trailing_pe,9.716475,,0.87,Consumer Cyclical,Packaging & Containers,,
GEMAROMA.NS,Gem Aromatics Limited,7655874560.0,,,,,-2.45,Basic Materials,Chemicals,,
SUMEETINDS.NS,Sumeet Industries Limited,7920143872.0,37.999996,yahoo_trailing_pe,1.0857141714285714,,0.3,Consumer Cyclical,Textile Manufacturing,,
WCIL.NS,Western Carriers (India) Limited,9512422400.0,25.916668,yahoo_trailing_pe,,,3.6,Industrials,Integrated Freight & Logistics,,
SUYOG.NS,Suyog Telematics Limited,7537623040.0,13.035461,yahoo_trailing_pe,,,49.35,Communication Services,Telecom Services,,
ARIHANTCAP.NS,Arihant Capital Markets Limited,10481137664.0,25.983696,yahoo_trailing_pe,8.661232,,3.68,Financial Services,Capital Markets,,
LGHL.NS,Laxmi Goldorna House Limited,10713295872.0,,,,,-0.29,Consumer Cyclical,Luxury Goods,,
IFBAGRO.NS,IFB Agro Industries Limited,8120817152.0,13.614164,yahoo_trailing_pe,2.7228328,16.271585,63.68,Consumer Defensive,Beverages - Wineries & Distilleries,,
MAXIND.NS,Max India Limited,8922321920.0,,,,,-25.27,Healthcare,Medical Care Facilities,,
NRAIL.NS,N R Agarwal Industries Limited,11081987072.0,17.839727,yahoo_trailing_pe,,,36.5,Basic Materials,Paper & Paper Products,,
BORANA.NS,Borana Weaves Limited,6922447360.0,10.007704,yahoo_trailing_pe,,,25.96,Consumer Cyclical,Textile Manufacturing,,
AHCL.NS,Anlon Healthcare Limited,14233972736.0,39.382355,yahoo_trailing_pe,,,0.68,Healthcare,Drug Manufacturers - Specialty & Generic,,
PRECOT.NS,Precot Limited,7087800320.0,13.858518,yahoo_trailing_pe,0.288719125,,42.62,Consumer Cyclical,Textile Manufacturing,,
ANUHPHR.NS,Anuh Pharma Limited,8197321216.0,18.546486,yahoo_trailing_pe,,,4.41,Healthcare,Drug Manufacturers - Specialty & Generic,,
NDTV.NS,New Delhi Television Limited,7260270592.0,,,,,-37.36,Communication Services,Broadcasting,,
ROHLTD.NS,Royal Orchid Hotels Limited,8087695872.0,29.226955,yahoo_trailing_pe,,52.380104,10.09,Consumer Cyclical,Lodging,,
MEIL.NS,Mangal Electrical Industries Limited,7355139584.0,15.45877,yahoo_trailing_pe,,,17.22,Industrials,Electrical Equipment & Parts,,
DBOL.NS,Dhampur Bio Organics Limited,9238691840.0,27.918486,yahoo_trailing_pe,,,5.03,Consumer Defensive,Farm Products,,
LIKHITHA.NS,Likhitha Infrastructure Limited,8923991040.0,27.304348,yahoo_trailing_pe,,,8.28,Energy,Oil & Gas Equipment & Services,,
TVSELECT.NS,TVS Electronics Limited,7277719040.0,,,,,-0.97,Technology,Computer Hardware,,
MAGADSUGAR.NS,Magadh Sugar & Energy Limited,7675006464.0,15.028974,yahoo_trailing_pe,,,36.24,Consumer Defensive,Confectioners,,
SOLEX.NS,Solex Energy Limited,7055646208.0,8.838295,yahoo_trailing_pe,0.03876445175438597,,73.9,Technology,Solar,,
JITFINFRA.NS,JITF Infralogistics Limited,6928433664.0,,,,,-16.52,Industrials,Engineering & Construction,,
EXCELSOFT.NS,Excelsoft Technologies Limited,9320666112.0,18.36508,yahoo_trailing_pe,0.6558957142857142,14.998148,4.41,Technology,Software - Application,,
SRHHYPOLTD.NS,Sree Rayalaseema Hi-Strength Hypo Limited,9178887168.0,9.908282,yahoo_trailing_pe,,28.413921,53.97,Basic Materials,Chemicals,,
ZUARIIND.NS,Zuari Industries Limited,8002204672.0,7.3737655,yahoo_trailing_pe,,,36.44,Industrials,Conglomerates,,
RADHIKAJWE.NS,Radhika Jeweltech Limited,8051503616.0,10.112761,yahoo_trailing_pe,,,6.74,Consumer Cyclical,Luxury Goods,,
SUPREMEINF.NS,Supreme Infrastructure India Limited,4867337728.0,0.050915394,yahoo_trailing_pe,,,980.45,Industrials,Engineering & Construction,,
CIFL.NS,Capital India Finance Limited,7887605248.0,20.373737,yahoo_trailing_pe,,,0.99,Financial Services,Credit Services,,
KOKUYOCMLN.NS,Kokuyo Camlin Limited,7348257280.0,33.3,yahoo_trailing_pe,0.7744186046511627,,2.2,Industrials,Business Equipment & Supplies,,
KELLTONTEC.NS,Kellton Tech Solutions Limited,6287179776.0,7.1265063,yahoo_trailing_pe,0.7918340333333334,,1.66,Technology,Software - Application,,
OMINFRAL.NS,Om Infra Limited,6631480320.0,18.610811,yahoo_trailing_pe,0.3877252291666667,,3.7,Industrials,Engineering & Construction,,
NCLIND.NS,NCL Industries Limited,7261671936.0,6.111153,yahoo_trailing_pe,0.19097353125,5.2123375,26.27,Basic Materials,Building Materials,,
DECCANCE.NS,Deccan Cements Limited,7465297408.0,126.89287,yahoo_trailing_pe,,69.21429,4.2,Basic Materials,Building Materials,,
PROSTARM.NS,Prostarm Info Systems Limited,7445280768.0,20.073015,yahoo_trailing_pe,1.1151675,,6.3,Industrials,Electrical Equipment & Parts,,
SCODATUBES.NS,Scoda Tubes Limited,7170496512.0,19.211878,yahoo_trailing_pe,,,6.23,Basic Materials,Steel,,
SEJALLTD.NS,Sejal Glass Limited,7955471872.0,23.585331,yahoo_trailing_pe,0.47170662,,28.77,Industrials,Building Products & Equipment,,
ATL.NS,Allcargo Terminals Limited,7349018112.0,17.246574,yahoo_trailing_pe,,,1.46,Industrials,Integrated Freight & Logistics,,
ARYAMAN.NS,Aryaman Financial Services Limited,7470669824.0,19.152277,yahoo_trailing_pe,0.1995028854166667,,31.85,Financial Services,Capital Markets,,
ELDEHSG.NS,Eldeco Housing and Industries Limited,7502087680.0,20.146555,yahoo_trailing_pe,,,37.87,Real Estate,Real Estate Services,,
SARLAPOLY.NS,Sarla Performance Fibers Limited,7448636416.0,203.67392,yahoo_trailing_pe,4.427693913043479,,0.46,Consumer Cyclical,Textile Manufacturing,,
STANLEY.NS,Stanley Lifestyles Limited,7271525888.0,157.14815,yahoo_trailing_pe,,,0.81,Consumer Cyclical,"Furnishings, Fixtures & Appliances",,
20MICRONS.NS,20 Microns Limited,6874163712.0,10.151641,yahoo_trailing_pe,0.5971553529411765,,19.19,Basic Materials,Other Industrial Metals & Mining,,
PATELRMART.NS,Patel Retail Limited,7669095424.0,17.635176,yahoo_trailing_pe,,,13.02,Consumer Cyclical,Department Stores,,
VISAKAIND.NS,Visaka Industries Limited,6959903744.0,8.103622,yahoo_trailing_pe,,,9.94,Industrials,Building Products & Equipment,,
ASAL.NS,Automotive Stampings and Assemblies Limited,6275162112.0,21.039894,yahoo_trailing_pe,,,18.8,Consumer Cyclical,Auto Parts,,
KOTHARIPET.NS,Kothari Petrochemicals Limited,7126299136.0,9.901881,yahoo_trailing_pe,0.36673633333333333,,12.23,Basic Materials,Specialty Chemicals,,
ADVENTHTL.NS,Advent Hotels International Limited,6389534720.0,61.692707,yahoo_trailing_pe,,,1.92,Consumer Cyclical,Lodging,,
VLSFINANCE.NS,VLS Finance Limited,7175358976.0,14.611502,yahoo_trailing_pe,,,15.65,Financial Services,Capital Markets,,
SANDESH.NS,The Sandesh Limited,7496375808.0,6.9870887,yahoo_trailing_pe,,8.414188,141.74,Communication Services,Publishing,,
GICHSGFIN.NS,GIC Housing Finance Limited,7070644736.0,4.490424,yahoo_trailing_pe,,3.2833207,29.24,Financial Services,Mortgage Finance,,
DENTA.NS,Denta Water and Infra Solutions Limited,6907290112.0,12.909182,yahoo_trailing_pe,2.5818364,8.42671,20.04,Industrials,Engineering & Construction,,
MVGJL.NS,Manoj Vaibhav Gems 'N' Jewellers Limited,10174433280.0,8.344952,yahoo_trailing_pe,,,24.96,Consumer Cyclical,Luxury Goods,,
ADVANCE.NS,Advance Agrolife Limited,7318928896.0,15.200267,yahoo_trailing_pe,,,7.49,Basic Materials,Agricultural Inputs,,
MUKKA.NS,Mukka Proteins Limited,7916999680.0,11.424242,yahoo_trailing_pe,1.9040403333333333,,2.31,Consumer Defensive,Packaged Foods,,
DMCC.NS,DMCC Speciality Chemicals Limited,8407251456.0,21.02932,yahoo_trailing_pe,0.328583125,,16.03,Basic Materials,Chemicals,,
RAJPALAYAM.NS,Rajapalayam Mills Limited,6647763968.0,5.3439074,yahoo_trailing_pe,0.3817076714285714,,134.92,Consumer Cyclical,Textile Manufacturing,,
MODIS.NS,Modi's Navnirman Limited,7351597568.0,23.840534,yahoo_trailing_pe,0.3311185277777778,,15.74,Real Estate,Real Estate - Development,,
MERCURYEV.NS,Mercury Ev-Tech Limited,6930216960.0,152.0,yahoo_trailing_pe,3.3777777777777778,,0.24,Consumer Cyclical,Auto Manufacturers,,
BIRLAMONEY.NS,Aditya Birla Money Limited,6393451008.0,11.785417,yahoo_trailing_pe,0.58927085,,9.6,Financial Services,Capital Markets,,
BAJAJINDEF.NS,Indef Manufacturing Limited,6375680000.0,27.144415,yahoo_trailing_pe,,,7.34,Industrials,Farm & Heavy Construction Machinery,,
PVSL.NS,Popular Vehicles and Services Limited,6554506240.0,,,,,-0.34,Consumer Cyclical,Auto & Truck Dealerships,,
MAANALU.NS,Maan Aluminium Limited,5936701952.0,41.2375,yahoo_trailing_pe,,,2.4,Basic Materials,Aluminum,,
VASCONEQ.NS,Vascon Engineers Limited,7047464448.0,24.272,yahoo_trailing_pe,,,1.25,Industrials,Engineering & Construction,,
GANESHCP.NS,Ganesh Consumer Products Limited,6088614400.0,13.356383,yahoo_trailing_pe,,,11.28,Consumer Defensive,Packaged Foods,,
STCINDIA.NS,The State Trading Corporation of India Limited,6124800000.0,0.9354839,yahoo_trailing_pe,0.06236559333333334,,109.12,Industrials,Conglomerates,,
SGRL.NS,Shree Ganesh Remedies Limited,9066568704.0,58.756237,yahoo_trailing_pe,,,12.02,Healthcare,Drug Manufacturers - Specialty & Generic,,
EMKAY.NS,Emkay Global Financial Services Limited,7418429952.0,38.555878,yahoo_trailing_pe,12.851959333333333,,6.89,Financial Services,Capital Markets,,
AGARIND.NS,Agarwal Industrial Corporation Limited,5521667584.0,13.502194,yahoo_trailing_pe,,33.4375,27.34,Basic Materials,Specialty Chemicals,,
SPELS.NS,SPEL Semiconductor Limited,5471834624.0,,,,,-4.24,Technology,Semiconductors,,
BLAL.NS,BEML Land Assets Limited,6503205376.0,,,,,-0.23,Financial Services,Shell Companies,,
HERANBA.NS,Heranba Industries Limited,6484182528.0,,,,,-18.84,Basic Materials,Agricultural Inputs,,
PROZONER.NS,Prozone Realty Limited,8011651072.0,238.63637,yahoo_trailing_pe,,,0.22,Real Estate,Real Estate - Diversified,,
XCHANGING.NS,Xchanging Solutions Limited,6568363008.0,10.798534,yahoo_trailing_pe,1.0798534,,5.46,Technology,Information Technology Services,,
SOUTHWEST.NS,South West Pinnacle Exploration Limited,6120835584.0,14.320856,yahoo_trailing_pe,0.265201037037037,,13.09,Energy,Oil & Gas Equipment & Services,,
VIRAT.NS,Brahm Virat Industries Corporation Limited,5900106240.0,95.588234,yahoo_trailing_pe,,,4.25,Consumer Cyclical,Apparel Manufacturing,,
ZIMLAB.NS,ZIM Laboratories Limited,7525245952.0,171.37805,yahoo_trailing_pe,,,0.82,Healthcare,Drug Manufacturers - Specialty & Generic,,
KAMATHOTEL.NS,Kamat Hotels (India) Limited,7420723712.0,17.36,yahoo_trailing_pe,,,14.5,Consumer Cyclical,Lodging,,
DCI.NS,DC Infotech and Communication Limited,5661280256.0,25.877062,yahoo_trailing_pe,,,13.34,Technology,Electronics & Computer Distribution,,
JAYAGROGN.NS,Jayant Agro-Organics Limited,6268800000.0,11.538377,yahoo_trailing_pe,11.538377,10.815736,18.11,Basic Materials,Specialty Chemicals,,
TVTODAY.NS,T.V. Today Network Limited,6163768320.0,39.73077,yahoo_trailing_pe,,5.217172,2.6,Communication Services,Broadcasting,,
TREL.NS,Transindia Real Estate Limited,6326659584.0,15.512049,yahoo_trailing_pe,,,1.66,Real Estate,Real Estate Services,,
INDOFARM.NS,Indo Farm Equipment Limited,6470628864.0,25.94605,yahoo_trailing_pe,1.5262382352941177,,5.19,Industrials,Farm & Heavy Construction Machinery,,
CHEVIOT.NS,Cheviot Company Limited,6648053760.0,9.738148,yahoo_trailing_pe,,,116.86,Consumer Cyclical,Textile Manufacturing,,
KANPRPLA.NS,Kanpur Plastipack Limited,5800534016.0,12.597555,yahoo_trailing_pe,0.1415455617977528,,18.81,Consumer Cyclical,Packaging & Containers,,
GLOSTERLTD.NS,Gloster Limited,5934529536.0,46.350426,yahoo_trailing_pe,,,11.7,Consumer Cyclical,Textile Manufacturing,,
LAXMIINDIA.NS,Laxmi India Finance Limited,5588246016.0,9.687557,yahoo_trailing_pe,,,11.01,Financial Services,Credit Services,,
CCCL.NS,Consolidated Construction Consortium Limited,5714053632.0,,,,,-0.08,Industrials,Engineering & Construction,,
MANBA.NS,Manba Finance Limited,7376150016.0,15.1049385,yahoo_trailing_pe,,,9.72,Financial Services,Credit Services,,
FABTECH.NS,Fabtech Technologies Limited,6177771008.0,11.271695,yahoo_trailing_pe,0.5932471052631578,,12.33,Healthcare,Health Information Services,,
DCMSIL.NS,DCM Shriram International Limited,6587048448.0,,,,,-1.95,Industrials,Industrial Distribution,,
KSOLVES.NS,Ksolves India Limited,5732746240.0,15.442811,yahoo_trailing_pe,1.2869009166666667,,15.65,Technology,Software - Application,,
VAKRANGEE.NS,Vakrangee Limited,5461365760.0,63.0,yahoo_trailing_pe,0.5384615384615384,,0.08,Technology,Information Technology Services,,
INNOVANA.NS,Innovana Thinklabs Limited,5850912256.0,20.142248,yahoo_trailing_pe,1.3428165333333333,,14.06,Technology,Software - Application,,
KUANTUM.NS,Kuantum Papers Limited,6463617024.0,17.891304,yahoo_trailing_pe,,,4.14,Basic Materials,Paper & Paper Products,,
ONWARDTEC.NS,Onward Technologies Limited,6463439360.0,15.57906,yahoo_trailing_pe,0.2553944262295082,,18.91,Technology,Information Technology Services,,
ARIES.NS,Aries Agro Limited,6147151360.0,12.873094,yahoo_trailing_pe,0.4022841875,,36.72,Basic Materials,Agricultural Inputs,,
SNOWMAN.NS,Snowman Logistics Limited,5743760896.0,110.80644,yahoo_trailing_pe,,24.535713,0.31,Industrials,Integrated Freight & Logistics,,
SAURASHCEM.NS,Saurashtra Cement Limited,5529460736.0,82.799995,yahoo_trailing_pe,1.8399998888888889,,0.6,Basic Materials,Building Materials,,
DHUNINV.NS,Dhunseri Investments Limited,5690801152.0,6.2049594,yahoo_trailing_pe,,,150.42,Financial Services,Capital Markets,,
BESTAGRO.NS,Best Agrolife Limited,5986847744.0,14.42735,yahoo_trailing_pe,,,1.17,Basic Materials,Agricultural Inputs,,
MALLCOM.NS,Mallcom (India) Limited,5621303808.0,21.008627,yahoo_trailing_pe,,,42.88,Industrials,Security & Protection Services,,
MANAKSTEEL.NS,Manaksia Steels Limited,6955783680.0,12.385064,yahoo_trailing_pe,0.23368045283018868,,8.57,Basic Materials,Steel,,
HARDWYN.NS,Hardwyn India Limited,6243164160.0,48.05263,yahoo_trailing_pe,4.004385833333333,,0.19,Industrials,Building Products & Equipment,,
HTMEDIA.NS,HT Media Limited,5102920192.0,31.514286,yahoo_trailing_pe,1.1671957777777777,1.9927733,0.7,Communication Services,Publishing,,
UGARSUGAR.NS,The Ugar Sugar Works Limited,6247124992.0,21.691406,yahoo_trailing_pe,0.22595214583333334,,2.56,Consumer Defensive,Confectioners,,
ZFSTEERING.NS,ZF Steering Gear (India) Limited,6197970944.0,31.334862,yahoo_trailing_pe,,,21.8,Consumer Cyclical,Auto Parts,,
NAHARPOLY.NS,Nahar Poly Films Limited,5504022016.0,7.613946,yahoo_trailing_pe,0.34608845454545456,,29.4,Consumer Cyclical,Packaging & Containers,,
MANBRO.NS,Manbro Industries Limited,,,,,,,Consumer Cyclical,Footwear & Accessories,,
SHIVAUM.NS,Shiv Aum Steels Limited,7500620800.0,104.25331,yahoo_trailing_pe,,,5.29,Basic Materials,Steel,,
HINDCOMPOS.NS,Hindustan Composites Limited,6158672896.0,24.06232,yahoo_trailing_pe,3.4374742857142855,,17.33,Consumer Cyclical,Auto Parts,,
GTPL.NS,GTPL Hathway Limited,6135983616.0,81.43284,yahoo_trailing_pe,,4.6315794,0.67,Communication Services,Entertainment,,
ADSL.NS,Allied Digital Services Limited,5575552512.0,13.140187,yahoo_trailing_pe,,9.55534,7.49,Technology,Information Technology Services,,
BIGBLOC.NS,Bigbloc Construction Limited,4902768128.0,288.58334,yahoo_trailing_pe,,8.344579,0.12,Industrials,Building Products & Equipment,,
GFLLIMITED.NS,GFL Limited,6029117952.0,9.947464,yahoo_trailing_pe,0.1484696119402985,,5.52,Financial Services,Asset Management,,
INDOTHAI.NS,Indo Thai Securities Limited,5013631488.0,7.1762524,yahoo_trailing_pe,0.05520194153846154,,5.39,Financial Services,Capital Markets,,
GLOTTIS.NS,Glottis Limited,5231857664.0,14.370558,yahoo_trailing_pe,,,3.94,Industrials,Integrated Freight & Logistics,,
PYRAMID.NS,Pyramid Technoplast Limited,5557065728.0,17.480278,yahoo_trailing_pe,,,8.62,Consumer Cyclical,Packaging & Containers,,
SHRJAGP.NS,Shri Jagdamba Polymers Limited,5697078784.0,12.984033,yahoo_trailing_pe,,,50.1,Consumer Cyclical,Textile Manufacturing,,
INNOVISION.NS,Innovision Limited,6021191680.0,15.059559,yahoo_trailing_pe,0.23904061904761906,,16.79,Industrials,Staffing & Employment Services,,
NBIFIN.NS,N.B.I. Industrial Finance Company Limited,5359802368.0,38.60183,yahoo_trailing_pe,,,46.99,Financial Services,Capital Markets,,
NAHARINDUS.NS,Nahar Industrial Enterprises Limited,5411499008.0,7.491029,yahoo_trailing_pe,,,16.72,Consumer Cyclical,Textile Manufacturing,,
VTMLTD.NS,VTM Limited,3175969024.0,37.15294,yahoo_trailing_pe,,,0.85,Consumer Cyclical,Textile Manufacturing,,
ZEEMEDIA.NS,Zee Media Corporation Limited,4620772352.0,,,,,-0.02,Communication Services,Broadcasting,,
RBZJEWEL.NS,RBZ Jewellers Limited,7759199744.0,13.670191,yahoo_trailing_pe,,,14.19,Consumer Cyclical,Luxury Goods,,
MAWANASUG.NS,Mawana Sugars Limited,5676248064.0,20.58298,yahoo_trailing_pe,0.46779499999999996,,7.05,Consumer Defensive,Confectioners,,
SOFTTECH.NS,SoftTech Engineers Limited,6240035840.0,124.18732,yahoo_trailing_pe,15.523415,,3.63,Technology,Software - Application,,
SREEL.NS,Sreeleathers Limited,6441724416.0,19.38676,yahoo_trailing_pe,,35.758354,14.35,Consumer Cyclical,Footwear & Accessories,,
SATIA.NS,Satia Industries Limited,6763999744.0,,,,,-0.78,Basic Materials,Paper & Paper Products,,
HAZOOR.NS,Hazoor Multi Projects Limited,4919095808.0,15.378378,yahoo_trailing_pe,,,1.11,Real Estate,Real Estate - Development,,
TPLPLASTEH.NS,TPL Plastech Limited,5280023040.0,17.53627,yahoo_trailing_pe,0.7306779166666666,,3.86,Consumer Cyclical,Packaging & Containers,,
SHREERAMA.NS,Shree Rama Multi-Tech Limited,5517567488.0,22.714285,yahoo_trailing_pe,,,1.82,Consumer Cyclical,Packaging & Containers,,
VISACHROME.NS,VISA Chrome Limited,4856248832.0,0.39340973,yahoo_trailing_pe,,,84.67,Basic Materials,Steel,,
KSE.NS,KSE Limited,5615360000.0,12.093728,yahoo_trailing_pe,,,14.51,Consumer Defensive,Packaged Foods,,
LINC.NS,Linc Limited,5032389120.0,15.926554,yahoo_trailing_pe,,,5.31,Industrials,Business Equipment & Supplies,,
MINDTECK.NS,Mindteck (India) Limited,4316376064.0,13.882837,yahoo_trailing_pe,0.7712687222222222,,9.73,Technology,Information Technology Services,,
AQYLON.NS,Aqylon Nexus Limited,4001330944.0,14.080358,yahoo_trailing_pe,0.5415522307692308,,1.12,Communication Services,Broadcasting,,
ORIENTBELL.NS,Orient Bell Limited,6075426816.0,28.860935,yahoo_trailing_pe,,,14.31,Industrials,Building Products & Equipment,,
ORIENTCER.NS,Orient Ceratech Limited,5017668096.0,17.84681,yahoo_trailing_pe,0.7759482608695653,,2.35,Basic Materials,Specialty Chemicals,,
DICIND.NS,DIC India Limited,5514270208.0,19.059328,yahoo_trailing_pe,,14.046061,31.52,Basic Materials,Specialty Chemicals,,
GLOBAL.NS,Global Education Limited,7197981184.0,27.619143,yahoo_trailing_pe,5.5238286,,5.12,Consumer Defensive,Education & Training Services,,
CEWATER.NS,Concord Enviro Systems Limited,5273399808.0,,,,,-2.24,Utilities,Utilities - Regulated Water,,
SAYAJIHOTL.NS,Sayaji Hotels Limited,5371011584.0,,,,,-0.5,Consumer Cyclical,Lodging,,
KNAGRI.NS,KN Agri Resources Limited,5064779264.0,15.990529,yahoo_trailing_pe,2.6650881666666666,,12.67,Consumer Defensive,Farm Products,,
KHAICHEM.NS,Khaitan Chemicals and Fertilizers Limited,4616685568.0,7.9201326,yahoo_trailing_pe,,,6.01,Basic Materials,Agricultural Inputs,,
PANSARI.NS,Pansari Developers Limited,4657423360.0,23.603006,yahoo_trailing_pe,0.7152426060606061,,11.31,Real Estate,Real Estate - Development,,
OSWALGREEN.NS,Oswal Greentech Limited,4879373824.0,,,,,-2.37,Financial Services,Asset Management,,
CHEMFAB.NS,Chemfab Alkalis Limited,4708825088.0,,,,,-0.16,Basic Materials,Specialty Chemicals,,
MUNJALSHOW.NS,Munjal Showa Limited,4827396608.0,19.436392,yahoo_trailing_pe,,,6.21,Consumer Cyclical,Auto Parts,,
MANCREDIT.NS,Mangal Credit and Fincorp Limited,4721720832.0,26.186184,yahoo_trailing_pe,0.1968886015037594,,8.54,Financial Services,Credit Services,,
ELIN.NS,Elin Electronics Limited,3756028416.0,,,,,-1.69,Industrials,Electrical Equipment & Parts,,
MCLEODRUSS.NS,McLeod Russel India Limited,4244036608.0,,,,,-8.92,Consumer Defensive,Packaged Foods,,
CSLFINANCE.NS,CSL Finance Limited,4554390016.0,5.339573,yahoo_trailing_pe,,,37.93,Financial Services,Credit Services,,
SILINV.NS,SIL Investments Limited,4896347136.0,9.76749,yahoo_trailing_pe,0.9767490000000001,,47.31,Financial Services,Asset Management,,
DISHTV.NS,Dish TV India Limited,3737750016.0,,,,-1.1277778,-5.2,Communication Services,Entertainment,,
PRIMO.NS,Primo Chemicals Limited,5956796416.0,37.815388,yahoo_trailing_pe,,,0.65,Basic Materials,Chemicals,,
IRIS.NS,IRIS RegTech Solutions Limited,4374454784.0,34.470016,yahoo_trailing_pe,0.1665218164251208,,6.17,Technology,Software - Application,,
ALBERTDAVD.NS,Albert David Limited,4530915840.0,20.083483,yahoo_trailing_pe,,,39.53,Healthcare,Drug Manufacturers - Specialty & Generic,,
INTLCONV.NS,International Conveyors Limited,5047628288.0,3.715493,yahoo_trailing_pe,0.09777613157894736,,21.3,Industrials,Specialty Industrial Machinery,,
URJA.NS,Urja Global Limited,4658242048.0,418.0,yahoo_trailing_pe,,,0.02,Technology,Solar,,
PTL.NS,PTL Enterprises Limited,5002526720.0,10.953624,yahoo_trailing_pe,0.2671615609756097,6.4708905,3.45,Real Estate,Real Estate Services,,
AZADIND.NS,Azad India Mobility Limited,4494826496.0,147.42857,yahoo_trailing_pe,,,0.56,Basic Materials,Steel,,
OSWALAGRO.NS,Oswal Agro Mills Limited,4300120064.0,,,,,-2.57,Real Estate,Real Estate - Development,,
CSM.NS,CSM Technologies Limited,4662373376.0,35.431374,yahoo_trailing_pe,1.9684096666666666,,2.55,Technology,Information Technology Services,,
ENIL.NS,Entertainment Network (India) Limited,4362319872.0,,,,9.151,-1.72,Communication Services,Broadcasting,,
SUKHJITS.NS,The Sukhjit Starch & Chemicals Limited,4582557184.0,13.406765,yahoo_trailing_pe,,,10.94,Basic Materials,Specialty Chemicals,,
MUFTI.NS,Credo Brands Marketing Limited,4463801856.0,10.280121,yahoo_trailing_pe,0.428338375,,6.64,Consumer Cyclical,Apparel Retail,,
THEINVEST.NS,The Investment Trust of India Limited,4739414016.0,14.219436,yahoo_trailing_pe,0.3949843333333333,,6.38,Financial Services,Capital Markets,,
NILASPACES.NS,Nila Spaces Limited,4336720384.0,13.936708,yahoo_trailing_pe,0.13663439215686274,,0.79,Real Estate,Real Estate - Development,,
PLASTIBLEN.NS,Plastiblends India Limited,5184065536.0,12.140596,yahoo_trailing_pe,,,16.43,Basic Materials,Specialty Chemicals,,
RUSHIL.NS,Rushil Décor Limited,4383647232.0,18.911392,yahoo_trailing_pe,,3.0995848,0.79,Consumer Cyclical,"Furnishings, Fixtures & Appliances",,
BMWVENTLTD.NS,BMW Ventures Limited,4311470080.0,9.416667,yahoo_trailing_pe,,,5.28,Basic Materials,Steel,,
SCHAND.NS,S Chand And Company Limited,5003360768.0,7.011864,yahoo_trailing_pe,0.5393741538461538,5.4557695,20.23,Communication Services,Publishing,,
SIGMA.NS,Sigma Solve Limited,4571430912.0,18.155102,yahoo_trailing_pe,0.6724111851851852,,2.45,Technology,Information Technology Services,,
BBTCL.NS,B&B Triplewall Containers Limited,4626104832.0,3.9108722,yahoo_trailing_pe,0.78217444,,57.67,Consumer Cyclical,Packaging & Containers,,
RAMANEWS.NS,Shree Rama Newsprint Limited,4302730240.0,,,,,-2.39,Consumer Defensive,Beverages - Non-Alcoholic,,
RKSWAMY.NS,R K Swamy Limited,4411710976.0,19.422222,yahoo_trailing_pe,,,4.5,Communication Services,Advertising Agencies,,
WSI.NS,W.S. Industries (India) Limited,4014103552.0,188.89285,yahoo_trailing_pe,,,0.28,Industrials,Engineering & Construction,,
ADVANIHOTR.NS,Advani Hotels & Resorts (India) Limited,4365870080.0,19.044355,yahoo_trailing_pe,,,2.48,Consumer Cyclical,Lodging,,
POEL.NS,POCL Enterprises Limited,3954639104.0,10.723244,yahoo_trailing_pe,,,11.96,Basic Materials,Chemicals,,
IGCL.NS,Indogulf Cropsciences Limited,3515886336.0,10.735521,yahoo_trailing_pe,0.5112152857142858,,5.18,Basic Materials,Agricultural Inputs,,
HALEOSLABS.NS,Haleos Labs Limited,4739909632.0,29.99426,yahoo_trailing_pe,1.499713,,52.27,Healthcare,Biotechnology,,
GUJAPOLLO.NS,Gujarat Apollo Industries Limited,4306039808.0,73.77778,yahoo_trailing_pe,,,4.5,Industrials,Specialty Industrial Machinery,,
ABCOTS.NS,A B Cotspin India Limited,4187803392.0,29.74571,yahoo_trailing_pe,0.3342214606741573,,6.41,Consumer Cyclical,Textile Manufacturing,,
KRITINUT.NS,Kriti Nutrients Limited,3620480512.0,10.849851,yahoo_trailing_pe,,,6.66,Consumer Defensive,Packaged Foods,,
RAMAPHO.NS,Rama Phosphates Limited,3895691264.0,7.2523055,yahoo_trailing_pe,,,15.18,Basic Materials,Agricultural Inputs,,
REPRO.NS,Repro India Limited,4245502976.0,4.353486,yahoo_trailing_pe,,,67.98,Industrials,Specialty Business Services,,
DENORA.NS,De Nora India Limited,3808148480.0,31.229864,yahoo_trailing_pe,,,22.97,Industrials,Electrical Equipment & Parts,,
DONEAR.NS,Donear Industries Limited,4157399808.0,9.054359,yahoo_trailing_pe,,26.828857,8.83,Consumer Cyclical,Textile Manufacturing,,
ATALREAL.NS,Atal Realtech Limited,1440913408.0,13.682353,yahoo_trailing_pe,,,0.85,Industrials,Engineering & Construction,,
MIRZAINT.NS,Mirza International Limited,3792260352.0,,,,4.7310343,-1.62,Consumer Cyclical,Footwear & Accessories,,
MANORG.NS,Mangalam Organics Limited,3659156992.0,17.899036,yahoo_trailing_pe,0.41625665116279065,,23.87,Basic Materials,Specialty Chemicals,,
NDL.NS,Nandan Denim Limited,3718996992.0,9.923077,yahoo_trailing_pe,,0.14183617,0.26,Consumer Cyclical,Textile Manufacturing,,
NAHARCAP.NS,Nahar Capital and Financial Services Limited,3862336000.0,3.2434256,yahoo_trailing_pe,,,71.11,Financial Services,Capital Markets,,
XTGLOBAL.NS,XTGlobal Infotech Limited,3601221376.0,31.588234,yahoo_trailing_pe,6.3176468,,0.85,Technology,Software - Application,,
HLVLTD.NS,HLV Limited,3995115008.0,86.57143,yahoo_trailing_pe,0.6460554477611941,,0.07,Consumer Cyclical,Lodging,,
VINYLINDIA.NS,Vinyl Chemicals (India) Limited,3847126272.0,20.588814,yahoo_trailing_pe,,,10.19,Basic Materials,Specialty Chemicals,,
LANCER.NS,Lancer Container Lines Limited,4026401536.0,19.690908,yahoo_trailing_pe,,,0.55,Industrials,Integrated Freight & Logistics,,
SBGLP.NS,Suratwwala Business Group Limited,3901870080.0,9.493671,yahoo_trailing_pe,0.45207957142857147,,2.37,Real Estate,Real Estate - Development,,
GOKUL.NS,Gokul Refoils & Solvent Limited,3742010880.0,18.086124,yahoo_trailing_pe,,,2.09,Consumer Defensive,Packaged Foods,,
RADIANTCMS.NS,Radiant Cash Management Services Limited,3569379584.0,11.377551,yahoo_trailing_pe,,,2.94,Industrials,Specialty Business Services,,
SARVESHWAR.NS,Sarveshwar Foods Limited,4396906496.0,12.75,yahoo_trailing_pe,0.2125,,0.28,Consumer Defensive,Packaged Foods,,
S&SPOWER.NS,S&S Power Switchgear Limited,3396394752.0,42.015266,yahoo_trailing_pe,0.5602035466666666,,6.55,Industrials,Electrical Equipment & Parts,,
SINCLAIR.NS,Sinclairs Hotels Limited,3835785984.0,35.633335,yahoo_trailing_pe,,,2.1,Consumer Cyclical,Lodging,,
BATLIBOI.NS,Batliboi Limited,4438378496.0,48.194874,yahoo_trailing_pe,,,1.95,Industrials,Specialty Industrial Machinery,,
LIBERTSHOE.NS,Liberty Shoes Ltd.,3581467136.0,41.70238,yahoo_trailing_pe,,,5.04,Consumer Cyclical,Footwear & Accessories,,
VRAJ.NS,Vraj Iron and Steel Limited,3952966912.0,11.005509,yahoo_trailing_pe,,,10.89,Basic Materials,Steel,,
THOMASCOTT.NS,Thomas Scott (India) Limited,3956980224.0,18.347107,yahoo_trailing_pe,,,14.52,Consumer Cyclical,Textile Manufacturing,,
DCMSRIND.NS,DCM Shriram Industries Limited,3342239488.0,12.892617,yahoo_trailing_pe,0.8057885625,,2.98,Consumer Defensive,Confectioners,,
MANOMAY.NS,Manomay Tex India Limited,4197052928.0,20.836918,yahoo_trailing_pe,,,11.16,Consumer Cyclical,Textile Manufacturing,,
NICCOPAR.NS,Nicco Parks & Resorts Limited,3598920192.0,60.55118,yahoo_trailing_pe,,,1.27,Consumer Cyclical,Leisure,,
KOTHARIPRO.NS,Kothari Products Limited,3790767616.0,18.624632,yahoo_trailing_pe,0.49012189473684203,,3.41,Industrials,Conglomerates,,
ACL.NS,Andhra Cements Limited,3591948544.0,,,,,-7.98,Basic Materials,Building Materials,,
OMAXAUTO.NS,Omax Autos Limited,4291671040.0,10.5681095,yahoo_trailing_pe,,,18.94,Consumer Cyclical,Auto Parts,,
AUTOIND.NS,Autoline Industries Limited,3632754432.0,9.108077,yahoo_trailing_pe,0.07718709322033898,12.130302,8.79,Consumer Cyclical,Auto Parts,,
NDLVENTURE.NS,NDL Ventures Limited,3956752128.0,510.91306,yahoo_trailing_pe,21.288044166666666,,0.23,Communication Services,Entertainment,,
JKIPL.NS,Jinkushal Industries Limited,3972183296.0,46.612614,yahoo_trailing_pe,,,2.22,Industrials,Farm & Heavy Construction Machinery,,
VPRPL.NS,Vishnu Prakash R Punglia Limited,3428867584.0,,,,8.058824,-15.76,Industrials,Engineering & Construction,,
LORDSCHLO.NS,Lords Chloro Alkali Limited,3897211392.0,11.48733,yahoo_trailing_pe,,,11.84,Basic Materials,Chemicals,,
AFIL.NS,Akme Fintrade (India) Limited,3234764544.0,7.4313726,yahoo_trailing_pe,,,1.02,Financial Services,Credit Services,,
SRGHFL.NS,SRG Housing Finance Limited,1900146944.0,5.5567293,yahoo_trailing_pe,,,21.77,Financial Services,Mortgage Finance,,
BANSWRAS.NS,Banswara Syntex Limited,3497149952.0,9.398344,yahoo_trailing_pe,,,10.87,Consumer Cyclical,Textile Manufacturing,,
MONEYBOXX.NS,Moneyboxx Finance Limited,3595670784.0,286.1111,yahoo_trailing_pe,,,0.18,Financial Services,Credit Services,,
MUTHOOTCAP.NS,Muthoot Capital Services Limited,3415494656.0,14.252574,yahoo_trailing_pe,,,14.57,Financial Services,Credit Services,,
AVONMORE.NS,Avonmore Capital & Management Services Limited,3507556352.0,23.018518,yahoo_trailing_pe,,,0.54,Financial Services,Capital Markets,,
FOODSIN.NS,Foods and Inns Limited,3506720000.0,14.193453,yahoo_trailing_pe,,6.4445944,3.36,Consumer Defensive,Packaged Foods,,
AEPL.NS,Artemis Electricals and Projects Limited,3727898112.0,43.67647,yahoo_trailing_pe,3.6397058333333336,,0.34,Industrials,Electrical Equipment & Parts,,
SURAJLTD.NS,Suraj Limited,3389462016.0,40.834072,yahoo_trailing_pe,,,4.52,Basic Materials,Steel,,
MANAKSIA.NS,Manaksia Limited,3723644672.0,5.9249215,yahoo_trailing_pe,,,9.59,Industrials,Metal Fabrication,,
TARACHAND.NS,Tara Chand Infralogistic Solutions Limited,3634616064.0,15.9,yahoo_trailing_pe,,,2.9,Industrials,Farm & Heavy Construction Machinery,,
MARKOLINES.NS,Markolines Pavement Technologies Limited,3651179776.0,13.545304,yahoo_trailing_pe,0.7525168888888889,,12.14,Industrials,Infrastructure Operations,,
SAHYADRI.NS,Sahyadri Industries Limited,3709701120.0,8.290117,yahoo_trailing_pe,,,40.88,Industrials,Building Products & Equipment,,
TOLINS.NS,Tolins Tyres Limited,3419884288.0,10.54324,yahoo_trailing_pe,,,8.21,Consumer Cyclical,Auto Parts,,
PAKKA.NS,Pakka Limited,3417326080.0,49.44138,yahoo_trailing_pe,,,1.45,Basic Materials,Paper & Paper Products,,
TERASOFT.NS,Tera Software Limited,2717078784.0,10.95661,yahoo_trailing_pe,0.11781301075268817,,19.82,Technology,Information Technology Services,,
RUBFILA.NS,Rubfila International Limited,3457926912.0,13.111111,yahoo_trailing_pe,13.111111,,4.86,Basic Materials,Specialty Chemicals,,
SHAH.NS,Shah Metacorp Limited,3027803904.0,19.666666,yahoo_trailing_pe,0.20701753684210525,,0.15,Basic Materials,Steel,,
VISHAL.NS,Vishal Fabrics Limited,4080612608.0,10.842105,yahoo_trailing_pe,,,1.52,Consumer Cyclical,Textile Manufacturing,,
EUROBOND.NS,Euro Panel Products Limited,3296229888.0,12.862332,yahoo_trailing_pe,,,10.46,Industrials,Building Products & Equipment,,
HALDER.NS,Halder Venture Limited,3206800128.0,9.942924,yahoo_trailing_pe,0.14410034782608694,,25.93,Consumer Defensive,Farm Products,,
ORIENTPPR.NS,Orient Paper & Industries Limited,3337677824.0,,,,4.297814,-3.35,Basic Materials,Paper & Paper Products,,
EMAMIREAL.NS,Emami Realty Limited,3525816320.0,,,,,-34.9,Real Estate,Real Estate - Development,,
HARRMALAYA.NS,Harrisons Malayalam Limited,3122654208.0,11.51804,yahoo_trailing_pe,2.87951,,14.69,Consumer Defensive,Farm Products,,
MBLINFRA.NS,MBL Infrastructure Limited,3722396672.0,,,,,-1.23,Industrials,Engineering & Construction,,
ASHIMASYN.NS,Ashima Limited,2698573824.0,,,,,-0.08,Real Estate,Real Estate - Development,,
DCMNVL.NS,DCM Nouvelle Limited,312368416.0,10.862872,yahoo_trailing_pe,,,15.46,Consumer Cyclical,Textile Manufacturing,,
DREAMFOLKS.NS,Dreamfolks Services Limited,3164762624.0,,,,4.700158,-4.42,Industrials,Airports & Air Services,,
DIGISPICE.NS,DiGiSPICE Technologies Limited,3133221120.0,16.150537,yahoo_trailing_pe,0.31667719607843137,,0.93,Financial Services,Financial Conglomerates,,
TECHNOCRAF.NS,Technocraft Ventures Limited,18713929728.0,41.888298,yahoo_trailing_pe,0.6981383,,11.28,Industrials,Infrastructure Operations,,
HCL-INSYS.NS,HCL Infosystems Limited,3265762304.0,,,,,-1.38,Technology,Electronics & Computer Distribution,,
DAVANGERE.NS,Davangere Sugar Company Limited,3866642432.0,10.857143,yahoo_trailing_pe,,,0.21,Consumer Defensive,Confectioners,,
SHANKARA.NS,Shankara Building Products Limited,2795947264.0,56.243904,yahoo_trailing_pe,,2.0436018,2.05,Consumer Cyclical,Home Improvement Retail,,
IITL.NS,Industrial Investment Trust Limited,2682340864.0,,,,,-3.28,Financial Services,Credit Services,,
MEDICO.NS,Medico Remedies Limited,1811540736.0,13.0718565,yahoo_trailing_pe,,,1.67,Healthcare,Drug Manufacturers - Specialty & Generic,,
MEGASTAR.NS,Megastar Foods Limited,3301261312.0,33.292713,yahoo_trailing_pe,,,8.78,Consumer Defensive,Packaged Foods,,
ESSARSHPNG.NS,Essar Shipping Limited,3338625536.0,3.6583142,yahoo_trailing_pe,,,4.39,Industrials,Marine Shipping,,
TREJHARA.NS,Trejhara Solutions Limited,3000847616.0,23.128252,yahoo_trailing_pe,0.826009,,5.38,Technology,Software - Application,,
KAVDEFENCE.NS,Kavveri Defence & Wireless Technologies Limited,5631238656.0,,,,,-0.26,Technology,Communication Equipment,,
BEDMUTHA.NS,Bedmutha Industries Limited,3500631296.0,20.905588,yahoo_trailing_pe,,,5.19,Basic Materials,Steel,,
PONNIERODE.NS,Ponni Sugars (Erode) Limited,2995258880.0,6.055102,yahoo_trailing_pe,,,57.53,Consumer Defensive,Confectioners,,
DEVX.NS,Dev Accelerator Limited,3692538880.0,31.216,yahoo_trailing_pe,0.8214736842105264,,1.25,Real Estate,Real Estate Services,,
CPEDU.NS,Career Point Edutech Ltd.,3253261568.0,13.713191,yahoo_trailing_pe,,,13.04,Consumer Defensive,Education & Training Services,,
MEDICAMEQ.NS,Medicamen Biotech Limited,4132589824.0,41.12011,yahoo_trailing_pe,,,7.41,Healthcare,Drug Manufacturers - Specialty & Generic,,
MODIRUBBER.NS,Modi Rubber Limited,2971559936.0,11867.0,yahoo_trailing_pe,,,0.01,Real Estate,Real Estate Services,,
EXXARO.NS,Exxaro Tiles Limited,2738153472.0,67.99999,yahoo_trailing_pe,,,0.09,Industrials,Building Products & Equipment,,
GOACARBON.NS,Goa Carbon Limited,3612835328.0,,,,,-51.21,Basic Materials,Specialty Chemicals,,
BELLACASA.NS,Bella Casa Fashion & Retail Limited,3296939776.0,18.22872,yahoo_trailing_pe,,,13.51,Consumer Cyclical,Textile Manufacturing,,
KRITI.NS,Kriti Industries (India) Limited,2927262720.0,,,,,-1.59,Industrials,Building Products & Equipment,,
NIMBSPROJ.NS,Nimbus Projects Limited,3668241664.0,,,,,-25.95,Real Estate,Real Estate - Development,,
HILINFRA.NS,Highway Infrastructure Limited,3420356864.0,12.854447,yahoo_trailing_pe,0.321361175,,3.71,Industrials,Infrastructure Operations,,
BIRLAPREC.NS,Birla Precision Technologies Limited,3841333504.0,27.80693,yahoo_trailing_pe,,,2.02,Industrials,Tools & Accessories,,
HPAL.NS,HP Adhesives Limited,3077803776.0,167.5,yahoo_trailing_pe,,,0.2,Basic Materials,Specialty Chemicals,,
TRACXN.NS,Tracxn Technologies Limited,3535934976.0,,,,,-1.12,Technology,Software - Application,,
APOLSINHOT.NS,Apollo Sindoori Hotels Limited,3014123520.0,36.255863,yahoo_trailing_pe,4.531982875,,31.97,Industrials,Specialty Business Services,,
GENUSPAPER.NS,Genus Paper & Boards Limited,2645825792.0,18.709091,yahoo_trailing_pe,,13.192308,0.55,Basic Materials,Paper & Paper Products,,
TIGERLOGS.NS,Tiger Logistics (India) Limited,2630437888.0,13.376344,yahoo_trailing_pe,,,1.86,Industrials,Integrated Freight & Logistics,,
AXITA.NS,Axita Cotton Limited,2835610880.0,82.33333,yahoo_trailing_pe,,,0.09,Consumer Cyclical,Textile Manufacturing,,
RUCHIRA.NS,Ruchira Papers Limited,2994944000.0,8.991936,yahoo_trailing_pe,,,11.16,Basic Materials,Paper & Paper Products,,
ELGIRUBCO.NS,Elgi Rubber Company Limited,2714712064.0,,,,,-39.54,Consumer Cyclical,Auto Parts,,
REMSONSIND.NS,Remsons Industries Limited,3469988864.0,19.989899,yahoo_trailing_pe,0.6663299666666667,,4.95,Consumer Cyclical,Auto Parts,,
ATLANTAA.NS,Atlantaa Limited,2864725248.0,,,,,-0.62,Industrials,Infrastructure Operations,,
CINELINE.NS,Cineline India Limited,3458717440.0,25.138504,yahoo_trailing_pe,0.8109194838709678,,3.61,Communication Services,Entertainment,,
KMSUGAR.NS,K.M. Sugar Mills Limited,2374524160.0,4.9349904,yahoo_trailing_pe,0.16449968,,5.23,Consumer Defensive,Confectioners,,
VGL.NS,Varvee Global Limited,3215905024.0,,,,,-3.93,Consumer Cyclical,Textile Manufacturing,,
NATHBIOGEN.NS,Nath Bio-Genes (India) Limited,2590040832.0,7.384699,yahoo_trailing_pe,7.384699,,18.43,Basic Materials,Agricultural Inputs,,
AAREYDRUGS.NS,Aarey Drugs & Pharmaceuticals Limited,3311421440.0,70.67347,yahoo_trailing_pe,,,1.47,Healthcare,Drug Manufacturers - Specialty & Generic,,
ALMONDZ.NS,Almondz Global Securities Limited,3600640256.0,9.910526,yahoo_trailing_pe,0.43089243478260875,,1.9,Financial Services,Capital Markets,,
A2ZINFRA.NS,A2Z Infra Engineering Limited,2435606784.0,68.6,yahoo_trailing_pe,,,0.2,Industrials,Engineering & Construction,,
MAHEPC.NS,Mahindra EPC Irrigation Limited,2743645952.0,28.785925,yahoo_trailing_pe,0.6124664893617021,,3.41,Industrials,Farm & Heavy Construction Machinery,,
APCL.NS,Anjani Portland Cement Limited,2728034304.0,,,,,-11.04,Basic Materials,Building Materials,,
SONAMLTD.NS,Sonam Limited,2801039104.0,38.234974,yahoo_trailing_pe,,,1.83,Consumer Cyclical,"Furnishings, Fixtures & Appliances",,
RHL.NS,Robust Hotels Limited,2788977408.0,10.405806,yahoo_trailing_pe,,,15.5,Consumer Cyclical,Lodging,,
VARDMNPOLY.NS,Vardhman Polytex Limited,2669199872.0,0.79545456,yahoo_trailing_pe,,,6.6,Consumer Cyclical,Textile Manufacturing,,
JAYSREETEA.NS,Jay Shree Tea & Industries Limited,2377194752.0,,,,,-7.63,Consumer Defensive,Farm Products,,
DYNPRO.NS,Dynemic Products Limited,2774388736.0,13.653211,yahoo_trailing_pe,0.12760010280373832,,16.35,Basic Materials,Specialty Chemicals,,
AARON.NS,Aaron Industries Limited,2535571200.0,37.36111,yahoo_trailing_pe,,,3.24,Industrials,Specialty Industrial Machinery,,
RNBDENIMS.NS,R & B Denims Limited,2481760000.0,10.999999,yahoo_trailing_pe,0.8461537692307692,,0.79,Consumer Cyclical,Textile Manufacturing,,
NDGL.NS,Naga Dhunseri Group Limited,2324000000.0,,,,,-3.28,Financial Services,Capital Markets,,
KALYANIFRG.NS,Kalyani Forge Limited,3228361216.0,26.054022,yahoo_trailing_pe,,,34.06,Consumer Cyclical,Auto Parts,,
GLOBECIVIL.NS,Globe Civil Projects Limited,2437729536.0,9.695962,yahoo_trailing_pe,0.13656284507042254,,4.21,Industrials,Engineering & Construction,,
COASTCORP.NS,Coastal Corporation Limited,2293970176.0,7.1058087,yahoo_trailing_pe,0.12043743559322034,,4.82,Consumer Defensive,Packaged Foods,,
SPENCERS.NS,Spencer's Retail Limited,2443478784.0,,,,,-27.58,Consumer Cyclical,Department Stores,,
SAKUMA.NS,Sakuma Exports Limited,2335900928.0,21.285715,yahoo_trailing_pe,,1.2627119,0.07,Consumer Defensive,Farm Products,,
NILAINFRA.NS,Nila Infrastructures Limited,2548463104.0,10.269841,yahoo_trailing_pe,0.03400609602649007,,0.63,Real Estate,Real Estate - Development,,
RPPINFRA.NS,R.P.P. Infra Projects Limited,2649871616.0,64.385544,yahoo_trailing_pe,,,0.83,Industrials,Engineering & Construction,,
IVC.NS,IL&FS Investment Managers Limited,2471437568.0,52.466663,yahoo_trailing_pe,,,0.15,Financial Services,Financial Conglomerates,,
PODDARMENT.NS,Poddar Pigments Limited,2654621952.0,17.423399,yahoo_trailing_pe,,,14.36,Basic Materials,Specialty Chemicals,,
GICL.NS,Globe International Carriers Limited,2356644096.0,24.195402,yahoo_trailing_pe,0.33604725,,0.87,Industrials,Integrated Freight & Logistics,,
SOMATEX.NS,Soma Textiles & Industries Limited,2606159104.0,28.202206,yahoo_trailing_pe,,,2.72,Consumer Cyclical,Textile Manufacturing,,
RMC.NS,RMC Switchgears Limited,1973095552.0,9.686234,yahoo_trailing_pe,0.4035930833333334,,19.25,Industrials,Electrical Equipment & Parts,,
DJML.NS,DJ Mediaprint & Logistics Limited,2578283008.0,20.739885,yahoo_trailing_pe,,,3.46,Industrials,Specialty Business Services,,
SHRADHA.NS,Shradha Realty Limited,2432357120.0,7.9444447,yahoo_trailing_pe,0.5674603357142857,,3.78,Real Estate,Real Estate - Development,,
UFO.NS,UFO Moviez India Limited,2131479168.0,8.8691435,yahoo_trailing_pe,0.1739047745098039,1.8794935,6.19,Communication Services,Entertainment,,
MANAKALUCO.NS,Manaksia Aluminium Company Limited,2045972992.0,23.298506,yahoo_trailing_pe,,,1.34,Basic Materials,Aluminum,,
GEEKAYWIRE.NS,Geekay Wires Limited,3305967616.0,11.543796,yahoo_trailing_pe,,,2.74,Industrials,Electrical Equipment & Parts,,
PAVNAIND.NS,Pavna Industries Limited,2104112384.0,11.6,yahoo_trailing_pe,,,1.3,Consumer Cyclical,Auto Parts,,
SRD.NS,Shankar Lal Rampal Dye-Chem Limited,2380203776.0,12.875432,yahoo_trailing_pe,,,2.89,Basic Materials,Specialty Chemicals,,
FCSSOFT.NS,FCS Software Solutions Limited,2342087936.0,68.5,yahoo_trailing_pe,1.670731707317073,,0.02,Technology,Information Technology Services,,
ANNAPURNA.NS,Annapurna Swadisht Limited,2705679872.0,8.623088,yahoo_trailing_pe,0.139082064516129,,14.38,Consumer Defensive,Packaged Foods,,
MKEXIM.NS,M.K. Exim (India) Limited,2331612160.0,12.611354,yahoo_trailing_pe,3.1528385,,4.58,Consumer Defensive,Household & Personal Products,,
TRF.NS,TRF Limited,2110426112.0,,,,,-5.54,Industrials,Specialty Industrial Machinery,,
GENCON.NS,Generic Engineering Construction and Projects Limited,2070879232.0,24.226667,yahoo_trailing_pe,,,1.5,Industrials,Engineering & Construction,,
WORTHPERI.NS,Worth Peripherals Limited,2160722176.0,14.055326,yahoo_trailing_pe,,,9.76,Consumer Cyclical,Packaging & Containers,,
STARTECK.NS,Starteck Finance Limited,2618804736.0,10.737505,yahoo_trailing_pe,0.38348232142857147,,24.61,Financial Services,Credit Services,,
VIKASLIFE.NS,Vikas Lifecare Limited,2192048896.0,11.799999,yahoo_trailing_pe,0.2510638085106383,,0.1,Consumer Defensive,Farm Products,,
LANCORHOL.NS,Lancor Holdings Limited,2205781248.0,3.820382,yahoo_trailing_pe,0.009671853164556961,,7.85,Real Estate,Real Estate - Development,,
BIMETAL.NS,Bimetal Bearings Limited,2440349952.0,21.366377,yahoo_trailing_pe,21.366377,,29.86,Consumer Cyclical,Auto Parts,,
SUMIT.NS,Sumit Woods Limited,2197673728.0,36.15748,yahoo_trailing_pe,,,1.27,Real Estate,Real Estate - Development,,
BPL.NS,BPL Limited,2081469440.0,,,,,-3.01,Technology,Consumer Electronics,,
EMPOWER.NS,Empower India Limited,2129751296.0,11.437501,yahoo_trailing_pe,0.02986292689295039,,0.16,Technology,Electronics & Computer Distribution,,
SAKHTISUG.NS,Sakthi Sugars Limited,2128029184.0,7.7402596,yahoo_trailing_pe,,,2.31,Consumer Defensive,Confectioners,,
NIPPOBATRY.NS,Indo National Limited,2337750016.0,,,,,-33.63,Industrials,Electrical Equipment & Parts,,
DIAMINESQ.NS,Diamines and Chemicals Limited,2370387456.0,,,,,-10.22,Basic Materials,Chemicals,,
SHIVATEX.NS,Shiva Texyarn Limited,2270944256.0,22.27628,yahoo_trailing_pe,0.38407379310344825,,7.42,Consumer Cyclical,Textile Manufacturing,,
NECLIFE.NS,Nectar Lifesciences Limited,2049453312.0,30.142859,yahoo_trailing_pe,,3.5521886,0.35,Healthcare,Drug Manufacturers - Specialty & Generic,,
RVHL.NS,Ravinder Heights Limited,2288063488.0,4.801802,yahoo_trailing_pe,0.04707649019607844,,7.77,Real Estate,Real Estate - Development,,
AHLEAST.NS,Asian Hotels (East) Limited,2295991296.0,,,,7.0515137,-27.64,Consumer Cyclical,Lodging,,
STARPAPER.NS,Star Paper Mills Limited,2326892800.0,7.5216956,yahoo_trailing_pe,,3.5453033,19.82,Basic Materials,Paper & Paper Products,,
SAHLIBHFI.NS,Shalibhadra Finance Limited,2406515456.0,12.154447,yahoo_trailing_pe,,,6.41,Financial Services,Credit Services,,
TAKE.NS,TAKE LIMITED,1859981952.0,32.615387,yahoo_trailing_pe,1.2079772962962962,0.7058824,0.39,Healthcare,Health Information Services,,
PLAZACABLE.NS,Plaza Wires Limited,2470242304.0,23.044897,yahoo_trailing_pe,,,2.45,Industrials,Electrical Equipment & Parts,,
MARALOVER.NS,Maral Overseas Limited,2341466368.0,10.724334,yahoo_trailing_pe,,,5.26,Consumer Cyclical,Textile Manufacturing,,
RANASUG.NS,Rana Sugars Limited,2067022976.0,36.37838,yahoo_trailing_pe,,,0.37,Consumer Defensive,Confectioners,,
CHEMBOND.NS,Chembond Material Technologies Limited,2444360704.0,17.889763,yahoo_trailing_pe,,,10.16,Basic Materials,Specialty Chemicals,,
PKTEA.NS,The Peria Karamalai Tea and Produce Company Limited,2785981696.0,,,,,-14.92,Consumer Defensive,Farm Products,,
RADIOCITY.NS,Music Broadcast Limited,2006175104.0,,,,0.42296296,-1.21,Communication Services,Broadcasting,,
LOTUSEYE.NS,Lotus Eye Hospital and Institute Limited,2369533952.0,1424.2501,yahoo_trailing_pe,,,0.08,Healthcare,Medical Care Facilities,,
VMSTMT.NS,VMS TMT Limited,2216529664.0,12.509804,yahoo_trailing_pe,,,3.57,Basic Materials,Steel,,
GILLANDERS.NS,Gillanders Arbuthnot and Company Limited,2222805248.0,12.747858,yahoo_trailing_pe,0.4903022307692308,,8.17,Consumer Defensive,Farm Products,,
UNITEDTEA.NS,The United Nilgiri Tea Estates Company Limited,2013616128.0,9.921222,yahoo_trailing_pe,,,40.62,Consumer Defensive,Farm Products,,
SSDL.NS,Saraswati Saree Depot Limited,2574383104.0,10.816972,yahoo_trailing_pe,,,6.01,Consumer Cyclical,Apparel Retail,,
RVTH.NS,Revathi Equipment India Limited,2234421248.0,14.6002,yahoo_trailing_pe,,,49.9,Industrials,Farm & Heavy Construction Machinery,,
ROSSELLIND.NS,Rossell India Limited,1931944448.0,16.532259,yahoo_trailing_pe,,,3.1,Industrials,Conglomerates,,
SURANAT&P.NS,Surana Telecom and Power Limited,2119213056.0,7.095454,yahoo_trailing_pe,0.024636993055555556,,2.2,Utilities,Utilities - Independent Power Producers,,
ALANKIT.NS,Alankit Limited,2060801664.0,10.704226,yahoo_trailing_pe,,,0.71,Technology,Information Technology Services,,
CALSOFT.NS,California Software Company Limited,2117623552.0,14.451477,yahoo_trailing_pe,0.054740443181818185,,2.37,Technology,Software - Application,,
SINTERCOM.NS,Sintercom India Limited,2020817664.0,122.35,yahoo_trailing_pe,,,0.6,Consumer Cyclical,Auto Parts,,
IWP.NS,The Indian Wood Products Company Limited,2304297472.0,38.731182,yahoo_trailing_pe,1.1391524117647058,,0.93,Basic Materials,Lumber & Wood Production,,
COMPEAU.NS,Competent Automobiles Company Limited,2224851968.0,9.380669,yahoo_trailing_pe,,,38.59,Consumer Cyclical,Auto & Truck Dealerships,,
JMA.NS,Jullundur Motor Agency (Delhi) Limited,1982375040.0,6.190442,yahoo_trailing_pe,2.0634806666666665,,14.02,Consumer Cyclical,Auto Parts,,
BALAJEE.NS,Shree Tirupati Balajee Agro Trading Company Limited,1938939136.0,20.850878,yahoo_trailing_pe,,,1.14,Consumer Cyclical,Packaging & Containers,,
PIGL.NS,Power & Instrumental (Gujarat) Limited,2036871552.0,12.195184,yahoo_trailing_pe,0.21026179310344825,,7.89,Industrials,Engineering & Construction,,
TEAMGTY.NS,Team India Guaranty Limited,2120134912.0,194.8347,yahoo_trailing_pe,,,1.21,Financial Services,Asset Management,,
SICAGEN.NS,Sicagen India Limited,1971461248.0,9.636363,yahoo_trailing_pe,0.5668448823529412,,5.17,Basic Materials,Steel,,
NATCAPSUQ.NS,Natural Capsules Limited,1641214336.0,,,,,-24.01,Healthcare,Drug Manufacturers - Specialty & Generic,,
ALPINETEX.NS,Alpine Texworld Limited,1725322240.0,8.040998,yahoo_trailing_pe,,,5.61,Consumer Cyclical,Textile Manufacturing,,
CCHHL.NS,Country Club Hospitality & Holidays Limited,2010616320.0,,,,,-1.07,Consumer Cyclical,Lodging,,
AARVI.NS,Aarvi Encon Limited,2047727360.0,10.643572,yahoo_trailing_pe,1.7739286666666667,,12.99,Industrials,Staffing & Employment Services,,
ARCHIDPLY.NS,Archidply Industries Limited,2020299776.0,15.396341,yahoo_trailing_pe,,,6.56,Basic Materials,Lumber & Wood Production,,
VSTL.NS,Vibhor Steel Tubes Limited,1986884864.0,26.195,yahoo_trailing_pe,,,4.0,Basic Materials,Steel,,
RUDRA.NS,Rudra Global Infra Products Limited,1944663168.0,14.681817,yahoo_trailing_pe,3.67045425,,1.32,Basic Materials,Steel,,
AERONEU.NS,Aeroflex Neu Limited,1764446464.0,207.27272,yahoo_trailing_pe,,,0.33,Consumer Cyclical,Packaging & Containers,,
CPCAP.NS,CP Capital Limited,2769342720.0,6.135887,yahoo_trailing_pe,0.11156158181818182,,24.8,Financial Services,Credit Services,,
WATERBASE.NS,The Waterbase Limited,1827749504.0,,,,,-2.46,Consumer Defensive,Packaged Foods,,
NATIONSTD.NS,National Standard (India) Limited,2098000000.0,18.698751,yahoo_trailing_pe,,,5.61,Real Estate,Real Estate - Development,,
ASPINWALL.NS,Aspinwall and Company Limited,1888272896.0,12.009945,yahoo_trailing_pe,,,20.11,Consumer Defensive,Farm Products,,
NITIRAJ.NS,Nitiraj Engineers Limited,2088026240.0,86.6766,yahoo_trailing_pe,,,2.35,Technology,Scientific & Technical Instruments,,
GLOBALVECT.NS,Global Vectra Helicorp Limited,1738800000.0,,,,,-24.79,Industrials,Airports & Air Services,,
SHAHALLOYS.NS,Shah Alloys Limited,1583803136.0,3.8004751,yahoo_trailing_pe,,,21.05,Basic Materials,Steel,,
BCONCEPTS.NS,Brand Concepts Limited,1778292992.0,182.65385,yahoo_trailing_pe,,,0.78,Consumer Cyclical,Footwear & Accessories,,
AUSOMENT.NS,AuSom Enterprise Limited,1952118656.0,7.8687534,yahoo_trailing_pe,0.051768114473684214,,18.21,Financial Services,Capital Markets,,
VIKASECO.NS,Vikas Ecotech Limited,1402239488.0,50.5,yahoo_trailing_pe,,,0.02,Basic Materials,Specialty Chemicals,,
ZODIACLOTH.NS,Zodiac Clothing Company Limited,1817453824.0,,,,,-13.12,Consumer Cyclical,Apparel Manufacturing,,
TAINWALCHM.NS,Tainwala Chemicals and Plastics (India) Limited,1904141568.0,23.783627,yahoo_trailing_pe,,,8.55,Basic Materials,Specialty Chemicals,,
SILGO.NS,Silgo Retail Limited,2231015680.0,29.430382,yahoo_trailing_pe,,,2.37,Consumer Cyclical,Luxury Goods,,
INTENTECH.NS,Intense Technologies Limited,1925497728.0,,,,,-6.97,Technology,Software - Infrastructure,,
ABANSENT.NS,ABans Enterprises Limited,1984355712.0,6.198257,yahoo_trailing_pe,,,4.59,Financial Services,Capital Markets,,
SUPERHOUSE.NS,Superhouse Limited,1677012736.0,20.444893,yahoo_trailing_pe,,,7.44,Consumer Cyclical,Footwear & Accessories,,
TRIGYN.NS,Trigyn Technologies Limited,1588236160.0,15.776758,yahoo_trailing_pe,,2.744149,3.27,Technology,Information Technology Services,,
COMFINTE.NS,Comfort Intech Limited,1993214208.0,89.0,yahoo_trailing_pe,,,0.07,Industrials,Conglomerates,,
ESSENTIA.NS,Integra Essentia Limited,1755283200.0,,,,,0.0,Consumer Defensive,Food Distribution,,
AIRAN.NS,Airan Limited,1869048960.0,12.458333,yahoo_trailing_pe,,,1.2,Technology,Information Technology Services,,
SPCENET.NS,Spacenet Enterprises India Limited,1856496768.0,7.266667,yahoo_trailing_pe,0.08971193827160494,,0.45,Financial Services,Capital Markets,,
PILITA.NS,Pil Italica Lifestyle Limited,1724900096.0,61.166668,yahoo_trailing_pe,,,0.12,Consumer Cyclical,"Furnishings, Fixtures & Appliances",,
ARVEE.NS,Arvee Laboratories (India) Ltd.,2337121536.0,57.630436,yahoo_trailing_pe,,,3.68,Basic Materials,Specialty Chemicals,,
MODTHREAD.NS,Modern Threads (India) Limited,1606612480.0,8.901734,yahoo_trailing_pe,,,5.19,Consumer Cyclical,Textile Manufacturing,,
MURUDCERA.NS,Murudeshwar Ceramics Ltd.,1637143936.0,16.487806,yahoo_trailing_pe,0.8677792631578947,,1.64,Industrials,Building Products & Equipment,,
IPRINGLTD.NS,IP Rings Limited,1752184704.0,56.651638,yahoo_trailing_pe,3.7767758666666666,,2.44,Consumer Cyclical,Auto Parts,,
VIPCLOTHNG.NS,VIP Clothing Limited,1799886464.0,19.201923,yahoo_trailing_pe,,,1.04,Consumer Cyclical,Apparel Manufacturing,,
DRCSYSTEMS.NS,DRC Systems India Limited,1811102208.0,8.493243,yahoo_trailing_pe,0.19302824999999998,,1.48,Technology,Information Technology Services,,
CENTEXT.NS,Century Extrusions Limited,1488000000.0,13.19149,yahoo_trailing_pe,,,1.41,Basic Materials,Aluminum,,
UMIYA-MRO.NS,MRO-TEK Networks Limited,1732249472.0,20.198256,yahoo_trailing_pe,6.7327520000000005,,4.59,Real Estate,Real Estate - Development,,
DTIL.NS,Dhunseri Tea & Industries Limited,1588302720.0,,,,,-11.75,Consumer Defensive,Packaged Foods,,
NIRAJ.NS,Niraj Cement Structurals Limited,1630849408.0,6.8643217,yahoo_trailing_pe,0.159635388372093,,3.98,Industrials,Engineering & Construction,,
RACE.NS,Race Eco Chain Limited,1744012544.0,22.162281,yahoo_trailing_pe,0.3035928904109589,,4.56,Industrials,Waste Management,,
SHREYANIND.NS,Shreyans Industries Limited,1783643520.0,,,,4.6984706,-10.14,Basic Materials,Paper & Paper Products,,
METROGLOBL.NS,MetroGlobal Limited,1557584896.0,6.3681293,yahoo_trailing_pe,,,19.83,Industrials,Conglomerates,,
AVANCE.NS,Avance Technologies Limited,1545895552.0,11.142857,yahoo_trailing_pe,0.05111402293577982,,0.07,Technology,Information Technology Services,,
TTL.NS,T.T. Limited,1836590848.0,237.00002,yahoo_trailing_pe,,,0.03,Consumer Cyclical,Textile Manufacturing,,
VIRINCHI.NS,Virinchi Limited,1438146176.0,,,,,-2.52,Technology,Software - Application,,
SECMARK.NS,SecMark Consultancy Limited,1532326528.0,45.686275,yahoo_trailing_pe,1.2690631944444446,,3.06,Industrials,Consulting Services,,
INDOUS.NS,Indo Us Bio-Tech Limited,1458782976.0,12.763159,yahoo_trailing_pe,,,5.7,Basic Materials,Agricultural Inputs,,
VASWANI.NS,Vaswani Industries Limited,1431150336.0,,,,,-0.04,Basic Materials,Steel,,
MCL.NS,M Tek Copper Limited,1458925440.0,32.57576,yahoo_trailing_pe,,,1.65,Basic Materials,Copper,,
AMJLAND.NS,AMJ Land Holdings Limited,1503059968.0,10.32676,yahoo_trailing_pe,1.290845,,3.55,Real Estate,Real Estate - Development,,
BAIDFIN.NS,Baid Finserv Limited,1648477824.0,9.416666,yahoo_trailing_pe,,,1.08,Financial Services,Credit Services,,
LAL.NS,Lorenzini Apparels Limited,1473442688.0,26.65625,yahoo_trailing_pe,,,0.32,Consumer Cyclical,Apparel Manufacturing,,
BTML.NS,Bodhi Tree Multimedia Limited,1250080768.0,15.28889,yahoo_trailing_pe,0.4496732352941177,,0.45,Communication Services,Entertainment,,
MKPL.NS,M. K. Proteins Limited,1478730624.0,30.153849,yahoo_trailing_pe,,,0.13,Consumer Defensive,Packaged Foods,,
SHBAJRG.NS,Shri Bajrang Alliance Limited,1454940032.0,3.2094502,yahoo_trailing_pe,0.3566055777777778,,50.37,Basic Materials,Steel,,
ISFT.NS,IntraSoft Technologies Limited,1604253568.0,11.694411,yahoo_trailing_pe,0.6879065294117648,7.641803,8.41,Consumer Cyclical,Internet Retail,,
MAHAPEXLTD.NS,Maha Rashtra Apex Corporation Limited,1430891136.0,,,,,-0.85,Financial Services,Credit Services,,
SADBHAV.NS,Sadbhav Engineering Limited,1152955776.0,3.862069,yahoo_trailing_pe,0.15448276,1.4608696,1.74,Industrials,Engineering & Construction,,
INDTERRAIN.NS,Indian Terrain Fashions Limited,1476953728.0,323.8889,yahoo_trailing_pe,,2.6621006,0.09,Consumer Cyclical,Apparel Retail,,
SRTL.NS,Shree Ram Twistex Limited,1471079936.0,7.3599997,yahoo_trailing_pe,,,5.0,Consumer Cyclical,Textile Manufacturing,,
INCREDIBLE.NS,Incredible Industries Limited,1402912512.0,11.494253,yahoo_trailing_pe,,,2.61,Basic Materials,Steel,,
SUPREME.NS,Supreme Holdings & Hospitality (India) Limited,1162524672.0,157.6842,yahoo_trailing_pe,,,0.19,Real Estate,Real Estate - Development,,
FILATFASH.NS,Filatex Fashions Limited,1500133120.0,,,,,0.0,Consumer Cyclical,Apparel Manufacturing,,
PML.NS,Paul Merchants Limited,1398594048.0,6.825707,yahoo_trailing_pe,,,66.44,Financial Services,Capital Markets,,
GVPTECH.NS,GVP Infotech Limited,1321361280.0,,,,,-5.2,Technology,Information Technology Services,,
BRIGHTBR.NS,Bright Brothers Limited,1295093632.0,22.619047,yahoo_trailing_pe,0.46161320408163264,,10.08,Basic Materials,Specialty Chemicals,,
KAMOPAINTS.NS,Kamdhenu Ventures Limited,1342320000.0,,,,,-0.16,Basic Materials,Steel,,
INDOWIND.NS,Indowind Energy Limited,1350808320.0,119.85715,yahoo_trailing_pe,,,0.07,Utilities,Utilities - Renewable,,
TARMAT.NS,Tarmat Limited,1382293760.0,19.21603,yahoo_trailing_pe,4.8040075,,2.87,Industrials,Engineering & Construction,,
KRITIKA.NS,Kritika Wires Limited,1294120832.0,20.250002,yahoo_trailing_pe,,,0.24,Basic Materials,Steel,,
BRNL.NS,Bharat Road Network Limited,1309620096.0,,,,,-19.23,Industrials,Infrastructure Operations,,
TIPSFILMS.NS,Tips Films Limited,1375542400.0,,,,,-115.68,Communication Services,Entertainment,,
PRAENG.NS,Prajay Engineers Syndicate Limited,1270733312.0,,,,,-2.61,Real Estate,Real Estate - Development,,
RELIABLE.NS,Reliable Data Services Limited,1442323200.0,15.917995,yahoo_trailing_pe,0.79589975,,8.78,Technology,Information Technology Services,,
LAMBODHARA.NS,Lambodhara Textiles Limited,1329266688.0,10.691987,yahoo_trailing_pe,,,11.98,Consumer Cyclical,Textile Manufacturing,,
SALONA.NS,Salona Cotspin Limited,1457684736.0,63.67816,yahoo_trailing_pe,,,4.35,Consumer Cyclical,Textile Manufacturing,,
HPIL.NS,Hindprakash Industries Limited,1330680320.0,37.94137,yahoo_trailing_pe,,,3.07,Basic Materials,Specialty Chemicals,,
WIPL.NS,The Western India Plywoods Limited,1363830656.0,945.2353,yahoo_trailing_pe,,,0.17,Basic Materials,Lumber & Wood Production,,
KEYFINSERV.NS,Keynote Financial Services Limited,1324859648.0,23.31048,yahoo_trailing_pe,0.27750571428571424,,10.21,Financial Services,Capital Markets,,
DEVIT.NS,Dev Information Technology Limited,1109549696.0,1.4705437,yahoo_trailing_pe,,,13.24,Technology,Information Technology Services,,
INDBANK.NS,Indbank Merchant Banking Services Limited,1115667968.0,15.329268,yahoo_trailing_pe,,,1.64,Financial Services,Capital Markets,,
DGCONTENT.NS,Digicontent Limited,1375423744.0,182.15385,yahoo_trailing_pe,5.6923078125,,0.13,Communication Services,Internet Content & Information,,
RUCHINFRA.NS,Ruchi Infrastructure Limited,1130559488.0,31.933332,yahoo_trailing_pe,0.887037,,0.15,Industrials,Specialty Business Services,,
LAGNAM.NS,Lagnam Spintex Limited,1256972672.0,6.8667955,yahoo_trailing_pe,,,10.36,Consumer Cyclical,Textile Manufacturing,,
BALPHARMA.NS,Bal Pharma Limited,1531747072.0,21.19163,yahoo_trailing_pe,0.6054751428571429,,4.54,Healthcare,Drug Manufacturers - Specialty & Generic,,
TEXMOPIPES.NS,Texmo Pipes and Products Limited,1501206784.0,10.062622,yahoo_trailing_pe,0.32460070967741933,,5.11,Industrials,Building Products & Equipment,,
ALPA.NS,Alpa Laboratories Limited,1186269056.0,33.559525,yahoo_trailing_pe,5.593254166666667,10.6578455,1.68,Healthcare,Drug Manufacturers - Specialty & Generic,,
CORALFINAC.NS,Coral India Finance and Housing Limited,1219545344.0,8.452515,yahoo_trailing_pe,,,3.58,Real Estate,Real Estate Services,,
SAMPANN.NS,Sampann Utpadan India Limited,1215395840.0,16.51389,yahoo_trailing_pe,0.20138890243902438,,1.44,Basic Materials,Specialty Chemicals,,
AIROLAM.NS,Airo Lam Limited,1297972992.0,24.72,yahoo_trailing_pe,,,3.5,Consumer Cyclical,"Furnishings, Fixtures & Appliances",,
VGCL.NS,Vibrant Global Capital Limited,1101386880.0,4.036944,yahoo_trailing_pe,0.06617940983606557,,11.91,Financial Services,Capital Markets,,
VISHWARAJ.NS,Vishwaraj Sugar Industries Limited,1165378176.0,,,,,-1.63,Consumer Defensive,Confectioners,,
MAGNUM.NS,Magnum Ventures Limited,1219089664.0,,,,,-0.2,Basic Materials,Paper & Paper Products,,
HECPROJECT.NS,HEC Infra Projects Limited,1199350784.0,9.506873,yahoo_trailing_pe,,,11.64,Industrials,Engineering & Construction,,
ANIKINDS.NS,Anik Industries Limited,1171197184.0,,,,,-0.34,Consumer Defensive,Food Distribution,,
KOHINOOR.NS,Kohinoor Foods Limited,1070625728.0,1.2627896,yahoo_trailing_pe,,,22.87,Consumer Defensive,Packaged Foods,,
LATTEYS.NS,Latteys Industries Limited,1202237696.0,33.725807,yahoo_trailing_pe,0.8431451750000001,,0.62,Industrials,Specialty Industrial Machinery,,
KREBSBIO.NS,Krebs Biochemicals & Industries Limited,1249651584.0,,,,,-6.54,Healthcare,Drug Manufacturers - Specialty & Generic,,
STEELCITY.NS,Steel City Securities Limited,1208114432.0,7.039613,yahoo_trailing_pe,0.879951625,,11.36,Financial Services,Capital Markets,,
SURANASOL.NS,Surana Solar Limited,1167672576.0,18.253847,yahoo_trailing_pe,,,1.3,Technology,Solar,,
BSL.NS,BSL Limited,1230634496.0,33.87252,yahoo_trailing_pe,,114.97116,3.53,Consumer Cyclical,Textile Manufacturing,,
CHEMCRUX.NS,Chemcrux Enterprises Limited,1274004480.0,30.835125,yahoo_trailing_pe,,,2.79,Basic Materials,Specialty Chemicals,,
INDIANCARD.NS,The Indian Card Clothing Company Limited,1075045632.0,17.95139,yahoo_trailing_pe,,,10.08,Consumer Cyclical,Textile Manufacturing,,
BALAXI.NS,Balaxi Pharmaceuticals Limited,1219533696.0,49.08889,yahoo_trailing_pe,,,0.45,Healthcare,Drug Manufacturers - Specialty & Generic,,
SIL.NS,Standard Industries Limited,1017040576.0,1.6417446,yahoo_trailing_pe,,,9.63,Consumer Cyclical,Textile Manufacturing,,
PAR.NS,Par Drugs and Chemicals Limited,1494644096.0,11.405634,yahoo_trailing_pe,,,10.65,Healthcare,Drug Manufacturers - Specialty & Generic,,
ISHANCH.NS,Ishan Dyes and Chemicals Limited,1269090304.0,,,,,-3.07,Basic Materials,Chemicals,,
AAATECH.NS,AAA Technologies Limited,1326804224.0,62.313255,yahoo_trailing_pe,,,1.66,Technology,Information Technology Services,,
RAJSREESUG.NS,Rajshree Sugars & Chemicals Limited,903276608.0,,,,,-2.43,Consumer Defensive,Confectioners,,
XELPMOC.NS,Xelpmoc Design and Tech Limited,1340548864.0,,,,,-5.37,Technology,Information Technology Services,,
USK.NS,Udayshivakumar Infra Limited,1036285696.0,15.864407,yahoo_trailing_pe,,,1.18,Industrials,Engineering & Construction,,
MAKERSL.NS,Makers Laboratories Limited,1059117504.0,31.001728,yahoo_trailing_pe,0.8857636571428571,,5.79,Healthcare,Drug Manufacturers - Specialty & Generic,,
HINDCON.NS,Hindcon Chemicals Limited,1533159168.0,35.654762,yahoo_trailing_pe,,,0.84,Basic Materials,Specialty Chemicals,,
GANGESSECU.NS,Ganges Securities Limited,1137919360.0,39.35986,yahoo_trailing_pe,,,2.89,Consumer Defensive,Packaged Foods,,
OBCL.NS,OBCL Limited,1156180224.0,,,,,-4.03,Industrials,Trucking,,
SAMBHAAV.NS,Sambhaav Media Limited,1072131904.0,,,,,-0.09,Communication Services,Publishing,,
GTL.NS,GTL Limited,1055461440.0,0.118719034,yahoo_trailing_pe,,,56.52,Communication Services,Telecom Services,,
ZENITHEXPO.NS,Zenith Exports Limited,971594816.0,333.4259,yahoo_trailing_pe,,,0.54,Consumer Cyclical,Textile Manufacturing,,
BCPL.NS,BCPL Railway Infrastructure Limited,1085531392.0,13.166329,yahoo_trailing_pe,,,4.93,Industrials,Infrastructure Operations,,
CROWN.NS,Crown Lifters Limited,1252994944.0,14.769125,yahoo_trailing_pe,,,7.32,Industrials,Rental & Leasing Services,,
GROBTEA.NS,The Grob Tea Company Limited,1035287360.0,13.505687,yahoo_trailing_pe,,,65.95,Consumer Defensive,Farm Products,,
WEIZMANIND.NS,Weizmann Limited,1101148032.0,17.94697,yahoo_trailing_pe,1.4955808333333334,,3.96,Consumer Cyclical,Textile Manufacturing,,
GSLSU.NS,Global Surfaces Limited,1162957056.0,,,,,-7.04,Basic Materials,Building Materials,,
TOTAL.NS,Total Transport Systems Limited,1129049472.0,12.546596,yahoo_trailing_pe,0.8961854285714285,,5.58,Industrials,Integrated Freight & Logistics,,
SOMICONVEY.NS,Somi Conveyor Beltings Limited,1007281984.0,22.031914,yahoo_trailing_pe,,,3.76,Industrials,Specialty Industrial Machinery,,
CUBEXTUB.NS,Cubex Tubings Limited,2366497024.0,31.360533,yahoo_trailing_pe,,,5.27,Basic Materials,Copper,,
LOVABLE.NS,Lovable Lingerie Limited,995004032.0,17.64567,yahoo_trailing_pe,,3.8069086,3.81,Consumer Cyclical,Apparel Manufacturing,,
OSWALSEEDS.NS,ShreeOswal Seeds and Chemicals Limited,1089407744.0,8.954886,yahoo_trailing_pe,1.11936075,,1.33,Basic Materials,Agricultural Inputs,,
SURYALAXMI.NS,Suryalakshmi Cotton Mills Limited,1045574080.0,26.103285,yahoo_trailing_pe,,,2.13,Consumer Cyclical,Textile Manufacturing,,
LOYALTEX.NS,Loyal Textile Mills Limited,994836928.0,,,,,-98.91,Consumer Cyclical,Textile Manufacturing,,
VAISHALI.NS,Vaishali Pharma Limited,1042392384.0,,,,,0.0,Healthcare,Drug Manufacturers - Specialty & Generic,,
NORBTEAEXP.NS,Norben Tea & Exports Limited,963578816.0,,,,,-0.17,Consumer Defensive,Farm Products,,
NARMADA.NS,Narmada Agrobase Limited,845981696.0,23.229166,yahoo_trailing_pe,,,0.48,Basic Materials,Agricultural Inputs,,
COMPUSOFT.NS,Compucom Software Limited,1020714816.0,34.864864,yahoo_trailing_pe,,,0.37,Consumer Defensive,Education & Training Services,,
JETFREIGHT.NS,Jet Freight Logistics Limited,969073280.0,11.746914,yahoo_trailing_pe,0.07119341818181818,,1.62,Industrials,Integrated Freight & Logistics,,
DIGJAMLMTD.NS,Digjam Limited,951000000.0,24.637306,yahoo_trailing_pe,,,1.93,Consumer Cyclical,Textile Manufacturing,,
BEARDSELL.NS,Beardsell Limited,858543488.0,7.974359,yahoo_trailing_pe,0.7249417272727272,,2.73,Industrials,Building Products & Equipment,,
MUKESHB.NS,Mukesh Babu Financial Services Limited,857420672.0,22.527472,yahoo_trailing_pe,7.5091573333333335,,5.46,Financial Services,Capital Markets,,
BHANDARI.NS,Bhandari Hosiery Exports Limited,918959808.0,10.615385,yahoo_trailing_pe,,,0.26,Consumer Cyclical,Apparel Manufacturing,,
INVENTURE.NS,Inventure Growth & Securities Limited,850500032.0,27.0,yahoo_trailing_pe,,,0.03,Financial Services,Capital Markets,,
AMDIND.NS,AMD Industries Limited,970604096.0,29.614035,yahoo_trailing_pe,,,1.71,Consumer Cyclical,Packaging & Containers,,
HILTON.NS,Hilton Metal Forging Limited,840963456.0,10.27673,yahoo_trailing_pe,,,1.59,Industrials,Metal Fabrication,,
ARTNIRMAN.NS,Art Nirman Limited,948328000.0,74.5098,yahoo_trailing_pe,,,0.51,Real Estate,Real Estate - Development,,
LANDSMILL.NS,Landsmill Green Limited,1199090816.0,42.500004,yahoo_trailing_pe,1.287878909090909,,0.02,Industrials,Conglomerates,,
BVCL.NS,Barak Valley Cements Limited,911884032.0,44.72826,yahoo_trailing_pe,,,0.92,Basic Materials,Building Materials,,
SPLIL.NS,SPL Industries Limited,880619392.0,10.526316,yahoo_trailing_pe,,,2.85,Consumer Cyclical,Apparel Manufacturing,,
BAGFILMS.NS,B.A.G. Films and Media Limited,886926720.0,15.653848,yahoo_trailing_pe,0.2698939310344828,,0.26,Communication Services,Broadcasting,,
LPDC.NS,Landmark Property Development Company Limited,833029056.0,9.703125,yahoo_trailing_pe,,,0.64,Real Estate,Real Estate Services,,
PRAXIS.NS,Praxis Home Retail Limited,810141248.0,,,,,-2.43,Consumer Cyclical,Specialty Retail,,
SELMC.NS,SEL Manufacturing Company Limited,790992960.0,,,,,-50.94,Consumer Cyclical,Textile Manufacturing,,
SMLT.NS,Sarthak Metals Limited,1043980352.0,21.301678,yahoo_trailing_pe,,,3.58,Industrials,Metal Fabrication,,
PALASHSECU.NS,Palash Securities Limited,871270144.0,5.3831887,yahoo_trailing_pe,0.11962641555555555,,16.18,Consumer Defensive,Packaged Foods,,
GRADIENTE.NS,Gradiente Infotainment Limited,817704000.0,,,,,,Communication Services,Entertainment,,
GLOBE.NS,Globe Enterprises (India) Limited,932366848.0,9.0,yahoo_trailing_pe,,,0.23,Consumer Cyclical,Textile Manufacturing,,
SEMAC.NS,Semac Construction Limited,678980864.0,10.116581,yahoo_trailing_pe,,,21.53,Industrials,Engineering & Construction,,
MOKSH.NS,Moksh Ornaments Limited,767978048.0,6.693431,yahoo_trailing_pe,,,1.37,Consumer Cyclical,Luxury Goods,,
GOYALALUM.NS,Goyal Aluminiums Limited,799303552.0,16.969696,yahoo_trailing_pe,1.4141413333333333,,0.33,Basic Materials,Aluminum,,
KAKATCEM.NS,Kakatiya Cement Sugar and Industries Limited,795498880.0,,,,2.0900736,-35.0,Basic Materials,Building Materials,,
AAKASH.NS,Aakash Exploration Services Limited,830249984.0,23.428572,yahoo_trailing_pe,,,0.35,Energy,Oil & Gas Equipment & Services,,
REGENCERAM.NS,Regency Ceramics Limited,815987392.0,,,,,-9.25,Industrials,Building Products & Equipment,,
RELCHEMQ.NS,Reliance Chemotex Industries Limited,839824896.0,15.105835,yahoo_trailing_pe,,,7.37,Consumer Cyclical,Textile Manufacturing,,
RAJMET.NS,Rajnandini Metal Limited,846028800.0,,,,,0.0,Basic Materials,Copper,,
BANKA.NS,Banka BioLoo Limited,746548224.0,244.10713,yahoo_trailing_pe,,,0.28,Industrials,Pollution & Treatment Controls,,
BLBLIMITED.NS,BLB Limited,882321152.0,3.222008,yahoo_trailing_pe,,,5.18,Financial Services,Capital Markets,,
HISARMETAL.NS,Hisar Metal Industries Limited,779003968.0,16.100445,yahoo_trailing_pe,,,8.96,Basic Materials,Steel,,
CINEVISTA.NS,Cinevista Limited,838572544.0,,,,,0.0,Communication Services,Entertainment,,
RTSPOWR.NS,RTS Power Corporation Limited,1042000064.0,39.05498,yahoo_trailing_pe,,,2.91,Industrials,Electrical Equipment & Parts,,
RSSOFTWARE.NS,R S Software (India) Limited,740322560.0,,,,,-12.37,Technology,Information Technology Services,,
NOIDATOLL.NS,Noida Toll Bridge Company Limited,713126848.0,2.503268,yahoo_trailing_pe,0.06258169999999999,,1.53,Industrials,Infrastructure Operations,,
FIBERWEB.NS,Fiberweb (India) Limited,737931520.0,14.160221,yahoo_trailing_pe,,,1.81,Consumer Cyclical,Textile Manufacturing,,
ZENITHSTL.NS,Zenith Steel Pipes & Industries Limited,727053120.0,18.25,yahoo_trailing_pe,0.6083333333333333,,0.28,Basic Materials,Steel,,
ENERGYDEV.NS,Energy Development Company Limited,671650048.0,,,,,-0.79,Utilities,Utilities - Regulated Electric,,
BANARBEADS.NS,Banaras Beads Limited,727574720.0,38.968197,yahoo_trailing_pe,,,2.83,Consumer Cyclical,Footwear & Accessories,,
NIBL.NS,NRB Industrial Bearings Limited,750423232.0,,,,,-12.77,Industrials,Tools & Accessories,,
VINEETLAB.NS,Vineet Laboratories Limited,701028736.0,36.5,yahoo_trailing_pe,,,1.0,Basic Materials,Chemicals,,
PARASPETRO.NS,Paras Petrofils Limited,675126400.0,,,,,-0.02,Consumer Cyclical,Textile Manufacturing,,
NGIL.NS,Nakoda Group of Industries Limited,662061440.0,40.159576,yahoo_trailing_pe,,,0.94,Consumer Defensive,Packaged Foods,,
FMNL.NS,Future Market Networks Limited,544118080.0,6.7355366,yahoo_trailing_pe,0.2494643185185185,,1.21,Real Estate,Real Estate Services,,
TOKYOPLAST.NS,Tokyo Plast International Limited,664052864.0,188.89189,yahoo_trailing_pe,,,0.37,Consumer Cyclical,Packaging & Containers,,
JHS.NS,JHS Svendgaard Laboratories Limited,841717568.0,,,,6.3774834,-0.23,Consumer Defensive,Household & Personal Products,,
ODIGMA.NS,Odigma Consultancy Solutions Limited,646112192.0,,,,,-0.33,Communication Services,Advertising Agencies,,
KHAITANLTD.NS,Khaitan (India) Limited,748066624.0,10.176912,yahoo_trailing_pe,,,14.64,Industrials,Industrial Distribution,,
NAGREEKEXP.NS,Nagreeka Exports Limited,665609024.0,20.882353,yahoo_trailing_pe,,,1.02,Consumer Cyclical,Textile Manufacturing,,
CURAA.NS,Cura Technologies Limited,686861952.0,,,,,-1.77,Technology,Software - Application,,
TFL.NS,Transwarranty Finance Limited,654780352.0,,,,,-0.67,Financial Services,Mortgage Finance,,
PRAKASHSTL.NS,Prakash Steelage Limited,596751296.0,113.66667,yahoo_trailing_pe,,,0.03,Basic Materials,Steel,,
DIGIDRIVE.NS,Digidrive Distributors Limited,675218816.0,11.7516775,yahoo_trailing_pe,1.9586129166666666,,1.49,Consumer Cyclical,Internet Retail,,
PIONEEREMB.NS,Pioneer Embroideries Limited,633257280.0,,,,,-0.11,Consumer Cyclical,Textile Manufacturing,,
DUCON.NS,Ducon Infratechnologies Limited,827810432.0,6.545455,yahoo_trailing_pe,0.1678321794871795,,0.22,Industrials,Specialty Industrial Machinery,,
TOUCHWOOD.NS,Touchwood Entertainment Limited,648696128.0,15.994535,yahoo_trailing_pe,0.6664389583333333,,3.66,Communication Services,Advertising Agencies,,
BONLON.NS,Bonlon Industries Limited,644357504.0,122.90626,yahoo_trailing_pe,,,0.32,Basic Materials,Other Industrial Metals & Mining,,
AJOONI.NS,Ajooni Biotech Limited,518453248.0,12.04,yahoo_trailing_pe,,,0.25,Consumer Defensive,Packaged Foods,,
ATAM.NS,Atam Valves Limited,629433344.0,34.753162,yahoo_trailing_pe,,,1.58,Industrials,Specialty Industrial Machinery,,
ROML.NS,Raj Oil Mills Limited,616934208.0,14.144329,yahoo_trailing_pe,,,2.91,Consumer Defensive,Packaged Foods,,
ATLASCYCLE.NS,Atlas Cycles (Haryana) Limited,595296256.0,,,,,-11.97,Consumer Cyclical,Leisure,,
DELTAMAGNT.NS,Delta Manufacturing Limited,614498944.0,,,,,-2.67,Consumer Cyclical,Textile Manufacturing,,
AGRITECH.NS,Agri-tech (India) Limited,552360576.0,,,,,-1.34,Consumer Defensive,Farm Products,,
SUNDARAM.NS,Sundaram Multi Pap Limited,497571616.0,13.125,yahoo_trailing_pe,,,0.08,Basic Materials,Paper & Paper Products,,
ADROITINFO.NS,Adroit Infotech Limited,631505728.0,20.280703,yahoo_trailing_pe,,,0.57,Technology,Information Technology Services,,
MOHITE.NS,Mohite Industries Limited,492442624.0,,,,,-0.04,Consumer Cyclical,Textile Manufacturing,,
HGM.NS,Handson Global Management (HGM) Limited,501657760.0,,,,,-5.44,Technology,Information Technology Services,,
SECURKLOUD.NS,SecureKloud Technologies Limited,506838880.0,,,,,-5.66,Technology,Software - Application,,
KSR.NS,KSR Footwear Limited,659783936.0,,,,,-4.13,Consumer Cyclical,Footwear & Accessories,,
ANMOL.NS,Anmol India Limited,721102336.0,6.2722774,yahoo_trailing_pe,,,2.02,Energy,Thermal Coal,,
MALUPAPER.NS,Malu Paper Mills Limited,536117792.0,,,,,-7.08,Basic Materials,Paper & Paper Products,,
BALKRISHNA.NS,Balkrishna Paper Mills Limited,506813216.0,,,,,-2.16,Consumer Cyclical,Packaging & Containers,,
RAJTV.NS,Raj Television Network Limited,519652576.0,,,,,-0.11,Communication Services,Broadcasting,,
ICDSLTD.NS,ICDS Limited,566400896.0,85.254906,yahoo_trailing_pe,1.3750791290322582,,0.51,Real Estate,Real Estate Services,,
RKEC.NS,RKEC Projects Limited,491087552.0,2.7112582,yahoo_trailing_pe,,,7.55,Industrials,Engineering & Construction,,
BIOFILCHEM.NS,Biofil Chemicals and Pharmaceuticals Limited,480402592.0,173.64706,yahoo_trailing_pe,,,0.17,Healthcare,Drug Manufacturers - Specialty & Generic,,
SHIVAMILLS.NS,Shiva Mills Limited,519459072.0,15.452442,yahoo_trailing_pe,,,3.89,Consumer Cyclical,Textile Manufacturing,,
AGROPHOS.NS,Agro Phos (India) Limited,443800384.0,5.418317,yahoo_trailing_pe,0.45152641666666665,,4.04,Basic Materials,Agricultural Inputs,,
LEMERITE.NS,Le Merite Exports Limited,2349403392.0,85.318184,yahoo_trailing_pe,2.187645743589744,,0.22,Consumer Cyclical,Textile Manufacturing,,
MANGALAM.NS,Mangalam Drugs & Organics Limited,498273248.0,,,,,-24.16,Healthcare,Drug Manufacturers - Specialty & Generic,,
ORCHASP.NS,Orchasp Limited,453817216.0,43.666664,yahoo_trailing_pe,0.9924241818181817,,0.03,Technology,Software - Application,,
AHLADA.NS,Ahlada Engineers Limited,475234368.0,262.71426,yahoo_trailing_pe,,,0.14,Industrials,Building Products & Equipment,,
TRU.NS,TruCap Finance Limited,522161792.0,,,,,-9.59,Financial Services,Credit Services,,
VINNY.NS,Vinny Overseas Limited,414069504.0,44.5,yahoo_trailing_pe,,,0.02,Consumer Cyclical,Textile Manufacturing,,
SUVIDHAA.NS,Suvidhaa Infoserve Limited,440451392.0,,,,,-0.36,Technology,Information Technology Services,,
WEWIN.NS,We Win Limited,521868960.0,18.676363,yahoo_trailing_pe,0.8120157826086956,,2.75,Technology,Information Technology Services,,
SVPGLOB.NS,SVP Global Textiles Limited,395945024.0,0.5883459,yahoo_trailing_pe,,,5.32,Consumer Cyclical,Textile Manufacturing,,
BANG.NS,Bang Overseas Limited,456972000.0,9.941003,yahoo_trailing_pe,0.11169666292134832,,3.39,Consumer Cyclical,Apparel Manufacturing,,
LCCINFOTEC.NS,LCC Infotech Limited,571531456.0,,,,,-0.03,Consumer Defensive,Education & Training Services,,
JAIPURKURT.NS,Nandani Creation Limited,618539136.0,31.153849,yahoo_trailing_pe,0.249230792,,1.04,Consumer Cyclical,Apparel Manufacturing,,
DHATRE.NS,Dhatre Udyog Limited,423832992.0,,,,,-0.2,Basic Materials,Steel,,
ARCHIES.NS,Archies Limited,405697792.0,,,,,-1.76,Consumer Cyclical,Specialty Retail,,
GAYAHWS.NS,Gayatri Highways Limited,431373408.0,,,,,-0.09,Industrials,Infrastructure Operations,,
KARMAENG.NS,Karma Energy Limited,399277856.0,44.81818,yahoo_trailing_pe,,,0.77,Utilities,Utilities - Renewable,,
RKDL.NS,Ravi Kumar Distilleries Limited,388800032.0,202.50002,yahoo_trailing_pe,,,0.08,Consumer Defensive,Beverages - Wineries & Distilleries,,
MASKINVEST.NS,Mask Investments Limited,440026304.0,576.8,yahoo_trailing_pe,,,0.25,Financial Services,Capital Markets,,
DHRUV.NS,Dhruv Consultancy Services Limited,397159936.0,,,,,-18.63,Industrials,Engineering & Construction,,
DANGEE.NS,Dangee Dums Limited,481941792.0,,,,,-0.09,Consumer Cyclical,Restaurants,,
CELEBRITY.NS,Celebrity Fashions Limited,387290048.0,,,,,-1.91,Consumer Cyclical,Apparel Manufacturing,,
AMBICAAGAR.NS,Ambica Agarbathies Aroma & Industries Limited,400405184.0,11.772727,yahoo_trailing_pe,,,1.98,Consumer Defensive,Household & Personal Products,,
21STCENMGM.NS,Twentyfirst Century Management Services Limited,431235008.0,,,,,-16.41,Financial Services,Capital Markets,,
AKI.NS,AKI India Limited,632652480.0,21.137932,yahoo_trailing_pe,1.1743295555555555,,0.29,Consumer Cyclical,Footwear & Accessories,,
ADL.NS,Archidply Decor Limited,409898656.0,,,,,-0.2,Consumer Cyclical,"Furnishings, Fixtures & Appliances",,
LFIC.NS,Lakshmi Finance & Industrial Corporation Limited,378660000.0,27.49891,yahoo_trailing_pe,,,4.59,Financial Services,Asset Management,,
AKASH.NS,Akash Infra-Projects Limited,412288960.0,64.34211,yahoo_trailing_pe,,,0.38,Industrials,Engineering & Construction,,
TNTELE.NS,Tamilnadu Telecommunications Limited,431137984.0,,,,,-3.26,Technology,Communication Equipment,,
SAGARDEEP.NS,Sagardeep Alloys Limited,382085760.0,17.23077,yahoo_trailing_pe,0.44181461538461536,,1.3,Basic Materials,Copper,,
VIVOBIOT.NS,Vivo Bio Tech Limited,321986016.0,,,,,-1.43,Healthcare,Biotechnology,,
CYBERMEDIA.NS,Cyber Media (India) Limited,370352448.0,7.2276425,yahoo_trailing_pe,1.4455285,,2.46,Communication Services,Publishing,,
AROGRANITE.NS,Aro Granite Industries Limited,348228000.0,,,,,-12.62,Industrials,Building Products & Equipment,,
HBSL.NS,HB Stockholdings Limited,388574464.0,,,,,-14.45,Financial Services,Capital Markets,,
MITTAL.NS,Mittal Life Style Limited,306291520.0,13.8,yahoo_trailing_pe,,,0.05,Consumer Cyclical,Textile Manufacturing,,
ORIENTALTL.NS,Oriental Trimex Limited,352099776.0,11.404762,yahoo_trailing_pe,,,0.42,Industrials,Building Products & Equipment,,
NKIND.NS,N.K. Industries Limited,342564288.0,,,,,-5.97,Consumer Defensive,Household & Personal Products,,
LASA.NS,Lasa Supergenerics Limited,266538608.0,,,,,-0.8,Healthcare,Drug Manufacturers - Specialty & Generic,,
MOHITIND.NS,Mohit Industries Limited,311608224.0,,,,,-0.46,Consumer Cyclical,Textile Manufacturing,,
ASHOKAMET.NS,Ashoka Metcast Limited,364941600.0,2.119013,yahoo_trailing_pe,0.047089177777777776,,6.89,Basic Materials,Steel,,
AKSHAR.NS,Akshar Spintex Limited,330736736.0,,,,,-0.07,Consumer Cyclical,Textile Manufacturing,,
MEDICAPQ.NS,Medi-Caps Limited,302895232.0,,,,,-1.42,Real Estate,Real Estate - Diversified,,
GSS.NS,GSS Infotech Limited,264004000.0,,,,,-18.55,Technology,Information Technology Services,,
GKB.NS,GKB Ophthalmics Limited,317102880.0,9.783826,yahoo_trailing_pe,0.07089728985507246,,6.43,Healthcare,Medical Instruments & Supplies,,
NEXTMEDIA.NS,Next Mediaworks Limited,233456256.0,,,,,-0.75,Communication Services,Broadcasting,,
MADHAV.NS,Madhav Marbles and Granites Limited,287198688.0,,,,,-0.26,Industrials,Building Products & Equipment,,
DNAMEDIA.NS,Diligent Media Corporation Limited,287207552.0,,,,,-0.56,Communication Services,Publishing,,
KEEPLEARN.NS,DSJ Keep Learning Limited,286510240.0,,,,,-0.07,Consumer Defensive,Education & Training Services,,
KANANIIND.NS,Kanani Industries Limited,257228384.0,10.833333,yahoo_trailing_pe,1.8055554999999999,,0.12,Consumer Cyclical,Luxury Goods,,
AKG.NS,AKG Exim Limited,298699808.0,78.33333,yahoo_trailing_pe,,,0.12,Industrials,Industrial Distribution,,
NAGREEKCAP.NS,Nagreeka Capital & Infrastructure Ltd.,343893088.0,4.659829,yahoo_trailing_pe,,,5.85,Financial Services,Asset Management,,
TARAPUR.NS,Tarapur Transformers Limited,269490144.0,,,,,-1.22,Industrials,Specialty Industrial Machinery,,
BURNPUR.NS,Burnpur Cement Limited,235291744.0,,,,,-47.5,Basic Materials,Building Materials,,
LIBAS.NS,Libas Consumer Products Limited,300064768.0,8.761539,yahoo_trailing_pe,,,1.3,Consumer Cyclical,Apparel Manufacturing,,
SGL.NS,STL Global Limited,248807232.0,,,,,-0.51,Consumer Cyclical,Textile Manufacturing,,
TGBHOTELS.NS,TGB Banquets and Hotels Limited,263284736.0,17.98,yahoo_trailing_pe,0.62,,0.5,Consumer Cyclical,Lodging,,
GANGAFORGE.NS,Ganga Forging Limited,508878400.0,,,,,-0.14,Industrials,Metal Fabrication,,
KSHITIJPOL.NS,Kshitij Polyline Limited,567621184.0,12.689655,yahoo_trailing_pe,0.10487318181818182,,0.29,Industrials,Business Equipment & Supplies,,
INFOMEDIA.NS,Infomedia Press Limited,273558240.0,,,,,-0.4,Financial Services,Shell Companies,,
TREEHOUSE.NS,Tree House Education & Accessories Limited,239055600.0,,,,,-2.19,Consumer Defensive,Education & Training Services,,
LEXUS.NS,Lexus Granito (India) Limited,195850016.0,11.547619,yahoo_trailing_pe,,,0.84,Industrials,Building Products & Equipment,,
WILLAMAGOR.NS,Williamson Magor & Co. Limited,218141120.0,,,,,-14.21,Financial Services,Credit Services,,
KHANDSE.NS,Khandwala Securities Limited,262517968.0,,,,,-0.39,Financial Services,Capital Markets,,
PEARLPOLY.NS,Pearl Polymers Limited,287708992.0,,,,,-3.16,Consumer Cyclical,Packaging & Containers,,
PNC.NS,PNC Media and Entertainment Limited,242466928.0,,,,,-9.63,Communication Services,Entertainment,,
LAXMICOT.NS,Laxmi Cotspin Limited,216403600.0,,,,,-1.72,Consumer Cyclical,Textile Manufacturing,,
HAVISHA.NS,Sri Havisha Hospitality and Infrastructure Limited,427711904.0,,,,,-0.17,Consumer Cyclical,Lodging,,
MFML.NS,Mahalaxmi Fabric Mills Limited,194351024.0,,,,,-2.42,Consumer Cyclical,Textile Manufacturing,,
TECILCHEM.NS,Tecil Chemicals and Hydro Power Ltd.,179586240.0,,,,,-0.3,Financial Services,Shell Companies,,
ACEINTEG.NS,Ace Integrated Solutions Limited,167790000.0,,,,,-0.93,Industrials,Staffing & Employment Services,,
NIRAJISPAT.NS,Niraj Ispat Industries Limited,171300000.0,11.161063,yahoo_trailing_pe,,,25.58,Consumer Cyclical,Apparel Manufacturing,,
TIJARIA.NS,Tijaria Polypipes Limited,184826672.0,,,,,-0.48,Industrials,Building Products & Equipment,,
RADAAN.NS,Radaan Mediaworks India Limited,152735536.0,,,,,-0.68,Communication Services,Entertainment,,
SILLYMONKS.NS,Silly Monks Entertainment Limited,,,,,,,Communication Services,Entertainment,,
SHYAMTEL.NS,Shyam Telecom Limited,127514352.0,,,,,-2.71,Technology,Communication Equipment,,
GLFL.NS,Gujarat Lease Financing Limited,151904304.0,,,,,0.0,Financial Services,Shell Companies,,
HEADSUP.NS,Heads UP Ventures Limited,143316128.0,,,,,-1.35,Consumer Cyclical,Apparel Retail,,
VIVIDHA.NS,Visagar Polytex Limited,146350272.0,,,,,-0.04,Consumer Cyclical,Textile Manufacturing,,
RETAIL.NS,JHS Svendgaard Retail Ventures Limited,233667008.0,,,,,-0.27,Consumer Defensive,Grocery Stores,,
UMESLTD.NS,Usha Martin Education & Solutions Limited,122160272.0,32.642857,yahoo_trailing_pe,0.4080357125,,0.14,Consumer Defensive,Education & Training Services,,
BOHRAIND.NS,Bohra Industries Limited,301279712.0,,,,,-1.34,Basic Materials,Agricultural Inputs,,
AVROIND.NS,Avro India Limited,78758608.0,26.681818,yahoo_trailing_pe,,,0.22,Consumer Cyclical,"Furnishings, Fixtures & Appliances",,
CREATIVEYE.NS,Creative Eye Limited,120349504.0,,,,,-2.28,Communication Services,Entertainment,,
GLOBALE.NS,Globale Tessile Limited,122451768.0,,,,,-1.09,Consumer Cyclical,Textile Manufacturing,,
ORTINGLOBE.NS,Ortin Global Limited,116929416.0,,,,,-1.12,Healthcare,Drug Manufacturers - Specialty & Generic,,
ARENTERP.NS,Rajdarshan Industries Limited,106296352.0,,,,,-0.21,Basic Materials,Other Industrial Metals & Mining,,
DCMFINSERV.NS,DCM Financial Services Limited,107970264.0,,,,,-0.43,Financial Services,Credit Services,,
BLUECHIP.NS,Blue Chip India Limited,107843464.0,,,,,-0.07,Financial Services,Capital Markets,,
UNIINFO.NS,Uniinfo Telecom Services Limited,119335216.0,,,,,-1.02,Communication Services,Telecom Services,,
ANTGRAPHIC.NS,Antarctica Limited,106956624.0,,,,,-0.02,Consumer Cyclical,Packaging & Containers,,
SHANTI.NS,Shanti Overseas (India) Limited,61749360.0,,,,,-2.5,Consumer Defensive,Farm Products,,
3BBLACKBIO.NS,3B Blackbio Dx Limited,,23.248747,yahoo_trailing_pe,0.7499595806451613,,65.81,Healthcare,Biotechnology,,
3PLAND.NS,3P Land Holdings Limited,553860032.0,24.420635,yahoo_trailing_pe,2.035052916666667,,1.26,Real Estate,Real Estate Services,,
AASTHA.NS,Aastha Spintex Limited,2531996160.0,10.66171,yahoo_trailing_pe,,,2.69,Consumer Cyclical,Textile Manufacturing,,
ABMKNO.NS,ABM Knowledgeware Limited,3225754880.0,36.486427,yahoo_trailing_pe,,,4.42,Technology,Software - Application,,
ACGL.NS,Automobile Corporation of Goa Limited,,17.732662,yahoo_trailing_pe,,,95.31,Consumer Cyclical,Auto Parts,,
ADDIND.NS,Addi Industries Limited,782319744.0,32.204445,yahoo_trailing_pe,,,2.25,Consumer Cyclical,Textile Manufacturing,,
ADVIKCA.NS,Advik Capital Limited,596350080.0,,,,,-0.39,Financial Services,Credit Services,,
ALFREDHE.NS,Alfred Herbert (India) Limited,,5.7455597,yahoo_trailing_pe,,,476.89,Industrials,Specialty Industrial Machinery,,
ALUFLUOR.NS,Alufluoride Limited,,20.347002,yahoo_trailing_pe,0.782577,,31.7,Basic Materials,Chemicals,,
AMAL.NS,Amal Ltd,,32.243027,yahoo_trailing_pe,0.6448605399999999,,24.03,Basic Materials,Chemicals,,
AMARJOTHI.NS,Amarjothi Spinning Mills Limited,994275008.0,7.720126,yahoo_trailing_pe,,,19.08,Consumer Cyclical,Textile Manufacturing,,
ANDREWYU.NS,Andrew Yule & Company Limited,11881507840.0,,,,,-0.85,Consumer Defensive,Farm Products,,
ANSALBU.NS,Ansal Buildwell Limited,608576320.0,13.272141,yahoo_trailing_pe,0.41475440625,,6.21,Real Estate,Real Estate - Development,,
APOORVA.NS,Apoorva Leasing Finance and Investment Company Limited,656974464.0,219.26665,yahoo_trailing_pe,,,0.15,Financial Services,Capital Markets,,
ARCL.NS,ARCL Organics Ltd.,1774960000.0,17.36072,yahoo_trailing_pe,,,12.78,Basic Materials,Specialty Chemicals,,
ARDEE.NS,Ardee Industries Limited,15432239104.0,18.0,yahoo_trailing_pe,,,2.72,Industrials,Metal Fabrication,,
ARTEMISMED.NS,Artemis Medicare Services Limited,,134.69434,yahoo_trailing_pe,3.285227804878049,24.824951,2.29,,,,
ASIANTNE.NS,Asian Tea & Exports Limited,204772176.0,63.15385,yahoo_trailing_pe,,,0.13,Consumer Defensive,Food Distribution,,
ASSAMENT.NS,Assam Entrade Limited,1136786176.0,60.27099,yahoo_trailing_pe,6.027099,,13.1,Financial Services,Capital Markets,,
ASTAR.NS,Asian Star Company Limited,10269962240.0,32.289883,yahoo_trailing_pe,,,19.87,Consumer Cyclical,Luxury Goods,,
AURUS.NS,Aurus Gem Corporation Limited,126486360.0,7.032787,yahoo_trailing_pe,,,0.61,Consumer Cyclical,Luxury Goods,,
AUSTENG.NS,Austin Engineering Company Limited,,12.388707,yahoo_trailing_pe,3.09717675,,12.22,Industrials,Tools & Accessories,,
AXTEL.NS,Axtel Industries Limited,,22.401655,yahoo_trailing_pe,,,19.32,Industrials,Specialty Industrial Machinery,,
BAJAJST.NS,Bajaj Steel Industries Limited,,22.61506,yahoo_trailing_pe,,,14.34,Industrials,Specialty Industrial Machinery,,
BEEKAY.NS,Beekay Steel Industries Limited,,18.655294,yahoo_trailing_pe,,,22.57,Basic Materials,Steel,,
BENARAS.NS,Benares Hotels Limited,13260000256.0,30.200747,yahoo_trailing_pe,,,337.74,Consumer Cyclical,Lodging,,
BENGALASM.NS,Bengal & Assam Company Limited,67300110336.0,8.8266535,yahoo_trailing_pe,,,668.6,Consumer Cyclical,Auto Parts,,
BHARATCOAL.NS,Bharat Coking Coal Limited,,,,,,-0.25,Basic Materials,Coking Coal,,
BLEL.NS,Behari Lal Engineering Limited,,30.11441,yahoo_trailing_pe,,,16.17,Basic Materials,Steel,,
BLUECLOUDS.NS,Blue Cloud Softech Solutions Limited,,17.981981,yahoo_trailing_pe,,,1.11,Technology,Information Technology Services,,
BNAGROCHEM.NS,BN Agrochem Limited,19494946816.0,114.59195,yahoo_trailing_pe,0.25984569160997734,,1.74,Consumer Defensive,Packaged Foods,,
BPLPHARMA.NS,Bharat Parenterals Limited,13045107712.0,,,,,-38.41,Healthcare,Drug Manufacturers - Specialty & Generic,,
BRAHMINFRA.NS,Brahmaputra Infrastructure Limited,,6.6836348,yahoo_trailing_pe,0.08680045194805194,,21.02,Industrials,Engineering & Construction,,
CFEL.NS,Confidence Futuristic Energetech Limited,1100880000.0,15.438597,yahoo_trailing_pe,,,2.85,Utilities,Utilities - Regulated Gas,,
CGVAK.NS,CG-VAK Software and Exports Limited,695564032.0,8.068542,yahoo_trailing_pe,,,17.07,Technology,Software - Application,,
CHALET.NS,Chalet Hotels Limited,,34.255184,yahoo_trailing_pe,0.5709197333333333,26.23248,24.1,Consumer Cyclical,Lodging,,
CMPDI.NS,Central Mine Planning & Design Institute Limited,,22.560043,yahoo_trailing_pe,,,9.16,Basic Materials,Other Industrial Metals & Mining,,
CMRGREEN.NS,CMR Green Technologies Limited,,17.746733,yahoo_trailing_pe,0.5915577666666666,12.001104,12.24,Basic Materials,Aluminum,,
COCKERILL.NS,John Cockerill India Limited,,,,,,-29.7,Industrials,Metal Fabrication,,
CORONA.NS,CORONA Remedies Limited,,61.24424,yahoo_trailing_pe,1.8558860606060605,38.016354,32.55,Healthcare,Drug Manufacturers - General,,
CPL.NS,Captain Polyplast Limited,,12.724577,yahoo_trailing_pe,0.1927966212121212,,4.72,Industrials,Farm & Heavy Construction Machinery,,
CRAVATEX.NS,Cravatex Limited,,10.35607,yahoo_trailing_pe,0.35710586206896555,,33.28,Consumer Cyclical,Leisure,,
DAICHI.NS,Dai-ichi Karkaria Limited,,111.01724,yahoo_trailing_pe,,,2.9,Basic Materials,Specialty Chemicals,,
DEEP.NS,Deep Polymers Limited,950999424.0,5.2650604,yahoo_trailing_pe,,,7.47,Basic Materials,Specialty Chemicals,,
DISAQ.NS,DISA India Limited,,,,,,,,,,
DRAGARWQ.NS,Dr. Agarwal's Eye Hospital Limited,,32.500946,yahoo_trailing_pe,,,158.78,Healthcare,Medical Care Facilities,,
EASTWEST.NS,East West Freight Carriers Limited,295973984.0,,,,,-0.26,Industrials,Integrated Freight & Logistics,,
EBIX.NS,EBIX Limited,,,,,,-21.21,Technology,Software - Application,,
ECORECO.NS,Eco Recycling Limited,7949296640.0,33.41038,yahoo_trailing_pe,0.42291620253164564,,12.33,Industrials,Waste Management,,
EKI.NS,EKI Energy Services Limited,,,,,,-11.28,Industrials,Consulting Services,,
ELCIDIN.NS,Elcid Investments Limited,,,,,,,,,,
ELITECON.NS,Elitecon International Limited,,6.206897,yahoo_trailing_pe,,,1.16,Consumer Defensive,Tobacco,,
EMBDL.NS,Embassy Developments Limited,,,,,,-4.58,Real Estate,Real Estate - Diversified,,
EMPIND.NS,Empire Industries Limited,,10.927273,yahoo_trailing_pe,,,93.5,Industrials,Conglomerates,,
ENKEIWHEL.NS,Enkei Wheels (India) Limited,,32.18647,yahoo_trailing_pe,,,12.12,Consumer Cyclical,Auto Parts,,
FERMENTA.NS,Fermenta Biotech Limited,15470702592.0,26.04247,yahoo_trailing_pe,0.40065338461538463,,20.72,Healthcare,Drug Manufacturers - Specialty & Generic,,
FREDUN.NS,Fredun Pharmaceuticals Limited,26164602880.0,55.63748,yahoo_trailing_pe,,,27.53,Healthcare,Drug Manufacturers - Specialty & Generic,,
FRONTSP.NS,Frontier Springs Limited,16493302784.0,27.047085,yahoo_trailing_pe,,,51.61,Industrials,Metal Fabrication,,
GAJA.NS,GAJA ALT ASSET MGT LTD,,25.681417,yahoo_trailing_pe,1.0700590416666667,,5.65,Financial Services,Asset Management,,
GNRL.NS,Gujarat Natural Resources Limited,12265019392.0,70.755554,yahoo_trailing_pe,1.10555553125,,1.35,Energy,Oil & Gas E&P,,
GRANDOAK.NS,Grand Oak Canyons Distillery Limited,18679808000.0,,,,,-0.01,Financial Services,Mortgage Finance,,
GRAVISSHO.NS,Graviss Hospitality Limited,2116279296.0,,,,,0.0,Consumer Cyclical,Lodging,,
GUJRAFFIA.NS,Gujarat Raffia Industries Limited,,21.000002,yahoo_trailing_pe,,,2.07,,,,
HAMPTON.NS,Hampton Sky Realty Limited,,,,,,-0.63,Financial Services,Capital Markets,,
HBESD.NS,HB Estate Developers Limited,,12.871972,yahoo_trailing_pe,0.29254481818181816,,5.78,Consumer Cyclical,Lodging,,
HBPOR.NS,HB Portfolio Limited,667274624.0,17.968117,yahoo_trailing_pe,,,3.45,Financial Services,Capital Markets,,
HESTERBIO.NS,Hester Biosciences Limited,,12.860516,yahoo_trailing_pe,0.49463523076923077,,160.95,Healthcare,Drug Manufacturers - Specialty & Generic,,
HINDADH.NS,Hindustan Adhesives Limited,1978729088.0,7.9333334,yahoo_trailing_pe,0.16190476326530612,,48.75,Basic Materials,Specialty Chemicals,,
HINDALUMI.NS,Hind Aluminium Industries Limited,,15.289116,yahoo_trailing_pe,0.15289116,,5.88,Basic Materials,Aluminum,,
HRYNSHP.NS,Hariyana Ship Breakers Limited,592000000.0,14.371258,yahoo_trailing_pe,1.1054813846153846,,6.68,Industrials,Waste Management,,
INDOKEM.NS,Indokem Limited,19320983552.0,855.30865,yahoo_trailing_pe,20.861186585365854,,0.81,Basic Materials,Specialty Chemicals,,
INDPRUD.NS,Industrial And Prudential Investment Company Limited,,17.3377,yahoo_trailing_pe,1.3336692307692308,,363.37,Financial Services,Asset Management,,
INFOBEAN.NS,InfoBeans Technologies Limited,,16.705143,yahoo_trailing_pe,0.49132773529411766,,8.75,Technology,Software - Application,,
IONEXCHANG.NS,Ion Exchange (India) Limited,,47.418377,yahoo_trailing_pe,,,8.27,Industrials,Pollution & Treatment Controls,,
ISTLTD.NS,IST Limited,7327978496.0,4.451885,yahoo_trailing_pe,0.18549520833333333,,141.12,Consumer Cyclical,Auto Parts,,
ITL.NS,ITL Industries Limited,,13.209631,yahoo_trailing_pe,3.30240775,,27.62,Industrials,Specialty Industrial Machinery,,
JENBURPH.NS,Jenburkt Pharmaceuticals Limited,,12.826993,yahoo_trailing_pe,,,74.39,Healthcare,Drug Manufacturers - Specialty & Generic,,
KAMAHOLD.NS,KAMA Holdings Limited,,6.538112,yahoo_trailing_pe,,,340.71,Industrials,Conglomerates,,
KAMANWALA.NS,Kamanwala Housing Construction Limited,239583712.0,,,,,-1.88,Real Estate,Real Estate - Development,,
KANCHI.NS,Kanchi Karpooram Limited,1590950016.0,20.809658,yahoo_trailing_pe,,,17.6,Basic Materials,Specialty Chemicals,,
KANCOTEA.NS,Kanco Tea & Industries Limited,,,,,,-10.11,Consumer Defensive,Farm Products,,
KIRANVYPAR.NS,Kiran Vyapar Limited,,82.995834,yahoo_trailing_pe,,,2.4,Financial Services,Capital Markets,,
KJMCFIN.NS,KJMC Financial Services Limited,276089344.0,11.538,yahoo_trailing_pe,0.20242105263157895,,5.0,Financial Services,Capital Markets,,
KLBRENG-B.NS,Kilburn Engineering Limited,,28.77733,yahoo_trailing_pe,,27.632595,17.38,Industrials,Specialty Industrial Machinery,,
KOTIC.NS,Kothari Industrial Corporation Limited,16758498304.0,,,,,-7.97,Basic Materials,Agricultural Inputs,,
KPL.NS,Kwality Pharmaceuticals Limited,,45.24072,yahoo_trailing_pe,1.560024827586207,,78.1,Healthcare,Drug Manufacturers - Specialty & Generic,,
KUSUMGAR.NS,Kusumgar Limited,,47.574337,yahoo_trailing_pe,1.2519562368421053,34.74286,12.78,Consumer Cyclical,Textile Manufacturing,,
LADDERUP.NS,Ladderup Finance Limited,550268544.0,9.700935,yahoo_trailing_pe,0.1405932608695652,,5.35,Financial Services,Capital Markets,,
LAHOTIOV.NS,Lahoti Overseas Limited,1123102720.0,7.0902395,yahoo_trailing_pe,,,5.43,Consumer Cyclical,Textile Manufacturing,,
LAKSHMIMIL.NS,The Lakshmi Mills Company Limited,,55.35896,yahoo_trailing_pe,,,137.9,Consumer Cyclical,Textile Manufacturing,,
LEENEE.NS,Lee & Nee Softwares (Exports) Ltd.,390417984.0,87.5,yahoo_trailing_pe,5.833333333333333,,0.08,Technology,Information Technology Services,,
LKPSEC.NS,LKP Securities Limited,,15.477273,yahoo_trailing_pe,0.386931825,,0.88,Financial Services,Capital Markets,,
LOTUSCHO.NS,Lotus Chocolate Company Limited,8460967424.0,,,,,-2.23,Consumer Defensive,Confectioners,,
MADHAVIPL.NS,Madhav Infra Projects Limited,1943683072.0,7.510417,yahoo_trailing_pe,0.5006944666666667,,0.96,Industrials,Engineering & Construction,,
MCCHRLS-B.NS,Mac Charles (India) Limited,,,,,,-87.6,Industrials,Conglomerates,,
MENNPIS.NS,Menon Pistons Limited,,13.723529,yahoo_trailing_pe,1.9605041428571428,,5.1,Consumer Cyclical,Auto Parts,,
MERCANTILE.NS,Mercantile Ventures Limited,,32.857143,yahoo_trailing_pe,,,0.63,Real Estate,Real Estate Services,,
MIIL.NS,Meghna Infracon Infrastructure Limited,14573377536.0,320.98087,yahoo_trailing_pe,,,2.09,Real Estate,Real Estate - Development,,
MILKYMIST.NS,Milky Mist Dairy Food Limited,252778086400.0,136.24481,yahoo_trailing_pe,2.0335046268656716,64.382355,2.41,Consumer Defensive,Packaged Foods,,
MLKFOOD.NS,Milkfood Limited,,4.8629355,yahoo_trailing_pe,0.6078669375,,17.51,Consumer Defensive,Packaged Foods,,
MSL.NS,Mangalam Seeds Limited,1500877824.0,18.032982,yahoo_trailing_pe,,,7.58,Basic Materials,Agricultural Inputs,,
NEAGI.NS,Neelamalai Agro Industries Limited,,5.4076104,yahoo_trailing_pe,2.7038052,,590.76,Consumer Defensive,Farm Products,,
NILE.NS,Nile Limited,3651511296.0,7.6589847,yahoo_trailing_pe,0.2188281342857143,,158.82,Basic Materials,Other Industrial Metals & Mining,,
NTCIND.NS,ntc industries limited,,9.274038,yahoo_trailing_pe,0.2016095217391304,,14.56,Consumer Defensive,Tobacco,,
ODYCORP.NS,Odyssey Corporation Limited,613959616.0,4.1077847,yahoo_trailing_pe,0.08383234081632653,,1.67,Financial Services,Capital Markets,,
OMPOWER.NS,Om Power Transmission Limited,5688436736.0,13.363636,yahoo_trailing_pe,,,12.43,Industrials,Engineering & Construction,,
ONEGLOBAL.NS,One Global Service Provider Limited,11365804032.0,14.833509,yahoo_trailing_pe,,,37.84,Healthcare,Pharmaceutical Retailers,,
OPTIFIN.NS,Optimus Finance Limited,1067791680.0,18.802631,yahoo_trailing_pe,2.350328875,,0.76,Basic Materials,Chemicals,,
PACIFICI.NS,Pacific Industries Limited,916791360.0,33.33584,yahoo_trailing_pe,,,3.99,Basic Materials,Building Materials,,
PANCHMAHQ.NS,Panchmahal Steel Limited,,128.70815,yahoo_trailing_pe,,,2.09,Basic Materials,Steel,,
PANORAMA.NS,Panorama Studios International Limited,16583093248.0,69.184784,yahoo_trailing_pe,,,0.92,Communication Services,Entertainment,,
PARNAXLAB.NS,Parnax Lab Limited,,14.514763,yahoo_trailing_pe,1.0367687857142858,,7.79,Healthcare,Drug Manufacturers - Specialty & Generic,,
PBMPOLY.NS,PBM Polytex Limited,414392192.0,22.394053,yahoo_trailing_pe,,,2.69,Consumer Cyclical,Textile Manufacturing,,
PERMAGN.NS,Permanent Magnets Limited,,57.860043,yahoo_trailing_pe,,,14.79,Industrials,Electrical Equipment & Parts,,
PHOENXINTL.NS,Phoenix International Limited,467421344.0,17.509434,yahoo_trailing_pe,3.5018868,,1.59,Consumer Cyclical,Footwear & Accessories,,
POLYSPIN.NS,Polyspin Exports Limited,,5.2932863,yahoo_trailing_pe,5.2932863,,5.66,Consumer Cyclical,Packaging & Containers,,
PRAVEG.NS,Praveg Limited,6107512320.0,,,,,-7.12,Communication Services,Advertising Agencies,,
PREMCO.NS,Premco Global Limited,,54.723373,yahoo_trailing_pe,,,7.23,Consumer Cyclical,Textile Manufacturing,,
PRICOLLTD.NS,Pricol Limited,,29.590351,yahoo_trailing_pe,1.05679825,19.8171,21.97,Consumer Cyclical,Auto Parts,,
PRISMX.NS,Prismx Global Ventures Limited,215158704.0,4.4545455,yahoo_trailing_pe,0.022384650753768845,,0.11,Financial Services,Capital Markets,,
QUINT.NS,Quint Digital Limited,2644120576.0,8.212609,yahoo_trailing_pe,0.41063045000000004,,6.82,Communication Services,Entertainment,,
RAMBHAJO.NS,Advit Jewels Limited,,44.56875,yahoo_trailing_pe,,,8.0,Consumer Cyclical,Luxury Goods,,
RIR.NS,Rir Power Electronics Limited,13793079296.0,138.672,yahoo_trailing_pe,46.224,,1.25,Technology,Semiconductors,,
RRECL.NS,RDB Real Estate Constructions Limited,3524273408.0,,,,,-8.84,Real Estate,Real Estate Services,,
RRIL.NS,RRIL Limited,1935792256.0,19.71605,yahoo_trailing_pe,,,0.81,Consumer Cyclical,Textile Manufacturing,,
SAB.NS,SAB Industries Limited,2600923392.0,,,,,-13.06,Industrials,Engineering & Construction,,
SAICAPI.NS,Sai Capital Limited,,3.20668,yahoo_trailing_pe,0.04715705882352941,,44.61,Financial Services,Capital Markets,,
SAMBANDAM.NS,Sambandam Spinning Mills Limited,,,,,,-13.59,Consumer Cyclical,Textile Manufacturing,,
SAPPL.NS,Shree Ajit Pulp and Paper Limited,2921189120.0,7.03664,yahoo_trailing_pe,0.54128,,46.67,Basic Materials,Paper & Paper Products,,
SAYAJIIND.NS,Sayaji Industries Limited,2917564928.0,3.9510443,yahoo_trailing_pe,0.24694026875,,29.21,Consumer Defensive,Farm Products,,
SEKURITIND.NS,Saint-Gobain Sekurit India Limited,9785663488.0,22.010246,yahoo_trailing_pe,,,4.88,Consumer Cyclical,Auto Parts,,
SGLRES.NS,SGL Resources Limited,566084352.0,,,,,-0.03,Technology,Software - Application,,
SHERVANI.NS,Shervani Industrial Syndicate Limited,810486464.0,308.82355,yahoo_trailing_pe,,,1.02,Real Estate,Real Estate - Development,,
SHILGRAVQ.NS,Shilp Gravures Limited,873210112.0,13.1472225,yahoo_trailing_pe,3.286805625,,10.8,Industrials,Specialty Industrial Machinery,,
SHINDL.NS,Sharat Industries Limited,,36.920746,yahoo_trailing_pe,1.054878457142857,,4.29,Consumer Defensive,Farm Products,,
SHIVAAGRO.NS,Shiva Global Agro Industries Limited,390026784.0,,,,,-0.38,Basic Materials,Agricultural Inputs,,
SHIVACEM.NS,Shiva Cement Limited,3820249856.0,,,,,-3.95,Basic Materials,Building Materials,,
SHRADDHA.NS,Shraddha Prime Projects Limited,,12.249036,yahoo_trailing_pe,0.03257722340425532,,12.97,Real Estate,Real Estate - Development,,
SHRIKRISH.NS,Shri Krishna Devcon Limited,980000000.0,24.13793,yahoo_trailing_pe,,,1.45,Real Estate,Real Estate - Development,,
SIEL.NS,Superior Industrial Enterprises Limited,414807520.0,34.42529,yahoo_trailing_pe,,,0.87,Consumer Cyclical,Packaging & Containers,,
SIKA.NS,Sika Interplant Systems Limited,,62.917427,yahoo_trailing_pe,1.0486237833333334,,16.35,Industrials,Aerospace & Defense,,
SIMPLXREA.NS,Simplex Realty Limited,,,,,,-9.22,Real Estate,Real Estate - Development,,
SINGERIND.NS,Singer India Limited,,,,,,,,,,
SKMEGGPROD.NS,SKM Egg Products Export (India) Limited,,9.791963,yahoo_trailing_pe,0.8901784545454546,,21.15,Consumer Defensive,Packaged Foods,,
SONAL.NS,Sonal Mercantile Limited,1252774656.0,5.2926526,yahoo_trailing_pe,0.4071271230769231,,16.06,Financial Services,Credit Services,,
SRIKPRIND.NS,Sri KPR Industries Limited,,7.462236,yahoo_trailing_pe,0.41456866666666664,,3.31,Industrials,Building Products & Equipment,,
STLSTRINF.NS,Steel Strips Infrastructures Limited,190146000.0,,,,,-15.43,Real Estate,Real Estate Services,,
SUMEDHA.NS,Sumedha Fiscal Services Limited,334946592.0,11.917614,yahoo_trailing_pe,3.972538,,3.52,Financial Services,Capital Markets,,
SUNLOC.NS,Sunil Healthcare Limited,,20.893372,yahoo_trailing_pe,,,3.47,Healthcare,Drug Manufacturers - Specialty & Generic,,
SUNRAKSHAK.NS,Sunrakshakk Industries India Limited,,25.235376,yahoo_trailing_pe,,,14.02,Consumer Cyclical,Textile Manufacturing,,
SUNSHIEL.NS,Sunshield Chemicals Limited,,24.311226,yahoo_trailing_pe,,,43.12,Basic Materials,Specialty Chemicals,,
SURYALA.NS,Suryalata Spinning Mills Limited,,4.5218067,yahoo_trailing_pe,2.26090335,,83.23,Consumer Cyclical,Textile Manufacturing,,
SVGLOBAL.NS,S V Global Mill Limited,,,,,,-2.8,Real Estate,Real Estate Services,,
SWARNSAR.NS,Swarnsarita Jewels India Limited,,6.6496596,yahoo_trailing_pe,0.26598638399999996,,5.88,Consumer Cyclical,Luxury Goods,,
SWISSMLTRY.NS,Swiss Military Consumer Goods Limited,3287044864.0,46.399998,yahoo_trailing_pe,5.79999975,,0.3,Consumer Cyclical,Apparel Manufacturing,,
TAALTECH.NS,TAAL Tech Limited,16228350976.0,25.992014,yahoo_trailing_pe,2.5992014,,40.07,Industrials,Airports & Air Services,,
TANAA.NS,Taneja Aerospace and Aviation Limited,,44.342285,yahoo_trailing_pe,2.9561523333333333,,7.45,Industrials,Aerospace & Defense,,
TCC.NS,TCC Concept Limited,,,,,,,,,,
TECHNVISN.NS,TechNVision Ventures Limited,27512737792.0,915.3445,yahoo_trailing_pe,,,4.79,Technology,Software - Application,,
TEMPSENS.NS,TEMPSENS INST (INDIA) LTD,,69.863014,yahoo_trailing_pe,2.495107642857143,,8.03,Technology,Scientific & Technical Instruments,,
TERAI.NS,Terai Tea Company Limited,802676736.0,11.644711,yahoo_trailing_pe,0.16401001408450702,,10.02,Consumer Defensive,Farm Products,,
TGVSL.NS,TGV SRAAC Limited,12938589184.0,9.322531,yahoo_trailing_pe,,,12.96,Basic Materials,Chemicals,,
THAKDEV.NS,Thakkers Developers Limited,1196999936.0,8.761528,yahoo_trailing_pe,,,15.18,Real Estate,Real Estate - Development,,
TIMEX.NS,Timex Group India Limited,71598784512.0,84.434525,yahoo_trailing_pe,,45.17516,8.4,Consumer Cyclical,Luxury Goods,,
TOYAMSL.NS,Toyam Sports Limited,421804928.0,,,,,-0.87,Industrials,Conglomerates,,
TRANSCOR.NS,Transcorp International Limited,,8.074074,yahoo_trailing_pe,0.02946742335766423,,2.97,Financial Services,Capital Markets,,
TRITONV.NS,Triton Valves Limited,,29.358608,yahoo_trailing_pe,0.6246512340425532,,35.08,Consumer Cyclical,Auto Parts,,
TURTLEMINT.NS,Turtlemint Fintech Solutions Limited,,,,,12.438282,-6.14,Financial Services,Insurance Brokers,,
TUTIALKA.NS,Tuticorin Alkali Chemicals and Fertilizers Limited,6385416192.0,19.127737,yahoo_trailing_pe,,,2.74,Basic Materials,Agricultural Inputs,,
UDAYJEW.NS,Uday Jewellery Industries Limited,,14.014119,yahoo_trailing_pe,,,12.04,Consumer Cyclical,Luxury Goods,,
UPHOT.NS,U.P. Hotels Limited,,27.220045,yahoo_trailing_pe,,,58.67,Consumer Cyclical,Lodging,,
VASUPRADA.NS,Shri Vasuprada Plantations Limited,,,,,,-4.8,Consumer Defensive,Farm Products,,
VEDAVAAG.NS,Vedavaag Systems Limited,521374496.0,12.553672,yahoo_trailing_pe,,,1.77,Technology,Information Technology Services,,
VIJSOLX.NS,Vijay Solvex Limited,,8.880828,yahoo_trailing_pe,1.268689714285714,,74.43,Consumer Defensive,Packaged Foods,,
VIRTUALG.NS,Virtual Global Education Limited,,,,,,-0.01,Consumer Defensive,Education & Training Services,,
VOITHPAPR.NS,Voith Paper Fabrics India Limited,,14.799491,yahoo_trailing_pe,,,94.51,Basic Materials,Paper & Paper Products,,
WARDINMOBI.NS,Wardwizard Innovations & Mobility Limited,,123.75,yahoo_trailing_pe,,,0.04,Consumer Cyclical,Auto Manufacturers,,
WELSPLSOL.NS,Welspun Specialty Solutions Limited,,116.47619,yahoo_trailing_pe,,,0.42,Basic Materials,Steel,,
WHBRADY.NS,W. H. Brady & Company Limited,1202962560.0,19.56657,yahoo_trailing_pe,,,24.11,Industrials,Industrial Distribution,,
WPIL.NS,WPIL Limited,,24.223246,yahoo_trailing_pe,,12.953846,17.38,Industrials,Specialty Industrial Machinery,,
YOGI.NS,Yogi Limited,,54.859653,yahoo_trailing_pe,,,2.85,Real Estate,Real Estate - Development,,
ZODIAC.NS,Zodiac Energy Limited,,55.549595,yahoo_trailing_pe,,,3.73,,,,
ZSARACOM.NS,Saraswati Commercial (India) Limited,10850783232.0,7.7371507,yahoo_trailing_pe,0.07815303737373737,,1279.67,Financial Services,Asset Management,,
